{"type": "FeatureCollection", "features": [{"type": "Feature", "id": 1, "geometry": {"type": "Polygon", "coordinates": [[[12.743374646993562, 63.30103006070074], [12.743290476180501, 63.301052135889684], [12.743182025875354, 63.30111490561173], [12.742952761780098, 63.30122346710927], [12.742756164158502, 63.30120864381056], [12.742692477579293, 63.30119388785848], [12.742636110150796, 63.301164665855154], [12.742568516677162, 63.30112639464826], [12.74246816426996, 63.30105662658756], [12.742440826952196, 63.30104535569363], [12.742155412614805, 63.30096487002926], [12.742086709869373, 63.300952252129164], [12.741798779209498, 63.30092559122742], [12.741587357180792, 63.30085315511782], [12.741308326122262, 63.300836466352685], [12.741076787408563, 63.300861384780895], [12.74089837242359, 63.300932695987754], [12.740601793887263, 63.30098153516288], [12.740216883782633, 63.300979174820085], [12.739966408424458, 63.300958698237324], [12.739713726447349, 63.30091392476224], [12.739503718838854, 63.300822490269844], [12.739333514519037, 63.30071160983704], [12.738984102678845, 63.300576227753254], [12.738577939617299, 63.30046422338549], [12.737836913159969, 63.30023760789354], [12.73778333004741, 63.30023861574747], [12.737486843073512, 63.30034481719202], [12.737167169400568, 63.30040643679829], [12.73708940412141, 63.30042263003194], [12.736774748014149, 63.30039205945921], [12.736365282264888, 63.30031489786814], [12.736011907294296, 63.300222607743486], [12.735693665741248, 63.30008141831545], [12.735606025661465, 63.30004621914487], [12.735463995570164, 63.30003247740256], [12.735159711891319, 63.30004880419804], [12.735082124282329, 63.30004291061267], [12.734990383561051, 63.29994863530962], [12.734939084621475, 63.29988880019901], [12.734722935575636, 63.29978411535451], [12.734191326804957, 63.299705220673474], [12.734062867056005, 63.299685919773964], [12.733531151806208, 63.29956499874256], [12.73330911020804, 63.299521419411114], [12.733029774049477, 63.29944230466256], [12.732815504602168, 63.299426809114216], [12.732719474123346, 63.299427076687174], [12.7325179819734, 63.29944705391959], [12.73206120663186, 63.29948254164661], [12.731789055595808, 63.29948770886807], [12.731483691563808, 63.29946935124479], [12.731359411559225, 63.29945580717694], [12.730891099996857, 63.29935051269279], [12.730747661383822, 63.29931644199509], [12.730706539204519, 63.29930163591255], [12.730684607635478, 63.29928463931304], [12.73096802901365, 63.2991848972648], [12.731167109391727, 63.299099677593226], [12.731281576764255, 63.29904234618916], [12.731394006259691, 63.29898174079175], [12.731622456257245, 63.2988211956141], [12.731727653045926, 63.298611475632775], [12.73179480169113, 63.298165143158336], [12.731799104492579, 63.29808352879553], [12.731883666986203, 63.29794177522652], [12.73193299829712, 63.29788896437741], [12.732038587907955, 63.29774650391784], [12.732068719341232, 63.29769220212308], [12.731837243887867, 63.29735364134838], [12.731639431090958, 63.29712578971156], [12.73150304524704, 63.29707067718184], [12.731392954509367, 63.29705699082316], [12.73115905647951, 63.297047986134764], [12.730811237539609, 63.2970293456699], [12.730666013817485, 63.29699908936422], [12.730542630386438, 63.29695476039873], [12.730450170962893, 63.29684887836827], [12.730187548717504, 63.29663030898961], [12.729797113557346, 63.29622374491782], [12.729781256412608, 63.296101205722294], [12.729905137237017, 63.295957610585404], [12.730063321451574, 63.29580838434382], [12.730026228293148, 63.29570720031552], [12.729965588941315, 63.29567347822573], [12.729815881483558, 63.29563082118864], [12.729726440139162, 63.2956033024855], [12.729703683094518, 63.29558466731251], [12.729657666843048, 63.295559609520396], [12.729650812157464, 63.29555847665418], [12.729591631756522, 63.295535381977615], [12.729449757239964, 63.295497922579905], [12.72932723216999, 63.29547929537514], [12.728918531956547, 63.295429518744065], [12.728673559108659, 63.295380403120404], [12.728638204608117, 63.29534336623932], [12.728595938865286, 63.29533176472821], [12.728521549002785, 63.295329527991996], [12.72833334868864, 63.2952813798866], [12.728192010984682, 63.295227765352124], [12.72804666994339, 63.29517811844462], [12.727610088531028, 63.29515763213666], [12.727492002382284, 63.29514043895764], [12.72707543412259, 63.2950652641765], [12.726947320951492, 63.295041122330524], [12.726758785428627, 63.29498487655165], [12.726565511493117, 63.29490572098232], [12.726401687591304, 63.294836714681786], [12.726300691348781, 63.29477714242075], [12.726300146931317, 63.294777214543124], [12.726300045877661, 63.2947772308884], [12.726120771046672, 63.29467036407308], [12.725987537855225, 63.29458667085708], [12.725871926215921, 63.29454825322784], [12.725803688141434, 63.294533309023066], [12.725705588760203, 63.294533700268275], [12.725533331678976, 63.294496039091676], [12.725437147256889, 63.29446252860512], [12.72522179752868, 63.29439672076885], [12.725102273031492, 63.29435202645012], [12.725053935090001, 63.294337507431806], [12.724898527935535, 63.29429822894619], [12.724679961034173, 63.294080980738926], [12.724271452772285, 63.29394311719322], [12.72358221945395, 63.2938962595193], [12.722969088184595, 63.293807928203364], [12.722564181875349, 63.29378861488439], [12.722281330553907, 63.2937467390939], [12.722021486060685, 63.293637132856766], [12.72184550089955, 63.2935651969457], [12.721522187337676, 63.293434425458685], [12.721324252069163, 63.293371143843856], [12.721251307368872, 63.29337593907273], [12.72110219068721, 63.29338420274873], [12.720998080867663, 63.29337081032994], [12.720914068224177, 63.29335785611883], [12.720552339265634, 63.29327953445211], [12.720391171868354, 63.29318023189424], [12.72032546849135, 63.29312116610652], [12.720287494608991, 63.29308083460896], [12.720179764059122, 63.29297820272502], [12.720054760150381, 63.292923233944784], [12.720002789917048, 63.29291106142346], [12.719881455852926, 63.29290206161648], [12.71985359714822, 63.29289759300822], [12.719807762684992, 63.29289336641012], [12.719592492796888, 63.29287657719754], [12.719110720392925, 63.292993368382184], [12.719039341262205, 63.29300789400448], [12.718847435202692, 63.29303929179252], [12.718794023535198, 63.293049893813176], [12.718412557772556, 63.29319148223648], [12.718339710019537, 63.29322330478389], [12.718151706096291, 63.293298420819156], [12.718030735112471, 63.29332139106016], [12.717820938951926, 63.293376367495306], [12.717576169124833, 63.29346156378921], [12.71728423407261, 63.293588574034366], [12.717179965099707, 63.29362132913852], [12.717005979480621, 63.29364000090797], [12.716851032149238, 63.29363744559674], [12.716550965845112, 63.293615045511764], [12.716340495744326, 63.29352724034473], [12.716318619596924, 63.29350970350693], [12.715845102943554, 63.29343396831784], [12.715458706359492, 63.293330940377295], [12.715206369681766, 63.29329493623776], [12.714991231811787, 63.29327697490105], [12.714615790742283, 63.29329513261238], [12.714509257918134, 63.29332092652483], [12.71437248305511, 63.293346145308504], [12.714339449088012, 63.29336016149753], [12.714225542857035, 63.29340850031343], [12.714188122976811, 63.29350430918239], [12.714273226229711, 63.29356289907454], [12.714267045799144, 63.293650221095746], [12.714261775224495, 63.293701380642], [12.714239050248363, 63.293749467581115], [12.714000616140588, 63.29382024921882], [12.713919603785243, 63.29386311761911], [12.713844422987371, 63.293901886296524], [12.713429949433136, 63.293950706947705], [12.712954354116807, 63.29413046709777], [12.712759662311049, 63.29438304102458], [12.712512872385831, 63.29457996922526], [12.712449076605589, 63.29464269689023], [12.712434726037577, 63.29467973899158], [12.712338460709669, 63.294782791448625], [12.712105472805636, 63.29481014443831], [12.71198791778361, 63.29482159936119], [12.711917490585767, 63.29484942598052], [12.711837664591233, 63.29489788838828], [12.71173400126504, 63.294971414826634], [12.711630778073838, 63.295048189749046], [12.711444103228112, 63.295112462789845], [12.711296438005427, 63.29514050283125], [12.711195440143733, 63.29515374960035], [12.710997486056218, 63.29518563252564], [12.710383245811975, 63.295229025531825], [12.710347104024422, 63.29523488268628], [12.71024252561085, 63.295236919091586], [12.710075878348414, 63.2951963930129], [12.709990844401338, 63.29517065652816], [12.709915204941293, 63.295157785546834], [12.709296355220225, 63.295454196101225], [12.708977935257229, 63.29553005860026], [12.708775399226491, 63.29553741447578], [12.708620513069713, 63.29554526716766], [12.708459583167606, 63.2955965445993], [12.708291430482069, 63.29561641318104], [12.707811075929474, 63.29561699927383], [12.707622020747985, 63.295588285525206], [12.707568513882759, 63.295568083276514], [12.70735228419495, 63.295444946626155], [12.707163064513509, 63.295406523092176], [12.706769823126633, 63.29545615137168], [12.706626722819053, 63.2954861727034], [12.70638050607789, 63.295536209412845], [12.706148374769517, 63.29555539551861], [12.705840231663103, 63.29556539255041], [12.70579610004803, 63.29556757310591], [12.70556651920037, 63.29558529084136], [12.705380676338084, 63.29558043866939], [12.705074562689019, 63.295515759781736], [12.704960842437279, 63.29550251509063], [12.704903043095513, 63.2955001741267], [12.704859569686901, 63.295496088533675], [12.70458032192984, 63.295595325782436], [12.704427324966547, 63.295678459085295], [12.704217731404945, 63.29577922217399], [12.704085184896076, 63.29583352923592], [12.703944523528694, 63.29590579848326], [12.70382637232693, 63.29595046021501], [12.703510959680107, 63.295983276964634], [12.703285800736005, 63.29596920413536], [12.703164516013942, 63.29593917962968], [12.703087059686508, 63.295908038943], [12.702600603860171, 63.295731861127976], [12.702442303911619, 63.2956915953367], [12.702177338811083, 63.29567477755262], [12.70196415750412, 63.29568296671072], [12.70117656299458, 63.29586091460258], [12.700950563975981, 63.29588794931381], [12.700691280428293, 63.29586092130962], [12.700639869863195, 63.29585477578189], [12.700439433601094, 63.29583172317666], [12.700164788165194, 63.29579341075487], [12.699993686598024, 63.29576283062666], [12.699882725374952, 63.29573526863765], [12.699694860550744, 63.29572874218062], [12.699422718957024, 63.29573411673905], [12.699159558318794, 63.295709699105636], [12.699087472146806, 63.29570660422609], [12.69862333791413, 63.29565490185699], [12.69848746614521, 63.29560470374543], [12.698440478796362, 63.29555563633882], [12.698434897669605, 63.29538150180824], [12.69839608624644, 63.29527873601203], [12.698184838552628, 63.29515793718367], [12.698057008440681, 63.29514427933849], [12.697952916925729, 63.295130699715656], [12.69786034672868, 63.295101017892804], [12.697630403886302, 63.29494999726099], [12.697563787228978, 63.2948979005337], [12.697517906097335, 63.29485900617635], [12.697436569508366, 63.294791595323545], [12.697342476639218, 63.294705768331234], [12.697236647178626, 63.294601002900315], [12.697126836335434, 63.294464637948394], [12.697041016569647, 63.29432619148233], [12.697021915073877, 63.29428303375794], [12.696920860510563, 63.29411749298348], [12.69682564637028, 63.294025263232925], [12.696793349149935, 63.29398244882005], [12.696718478144184, 63.29387934183326], [12.696644808811229, 63.29378543100948], [12.696591928841285, 63.29365030939857], [12.696574451227047, 63.29358482853839], [12.696557740229824, 63.29351774380917], [12.696556130469915, 63.293305260069566], [12.696558657269986, 63.2932781118033], [12.696543324141876, 63.29319077423319], [12.696513180157888, 63.29314099973154], [12.696286533350547, 63.29307216301006], [12.696247164389055, 63.29306021244327], [12.69622169186077, 63.293055885514015], [12.696051336206823, 63.29306293546692], [12.695879318058896, 63.29308530384416], [12.69581414784922, 63.29310686833663], [12.695744864765166, 63.293208901065945], [12.695672302165827, 63.29331576541852], [12.69562171628663, 63.2933962810152], [12.695523665438111, 63.29347477160437], [12.69533753854617, 63.29376486960031], [12.695142357158538, 63.293917016469024], [12.695027764728962, 63.29403043771734], [12.69499537407455, 63.294077225202805], [12.694943818174053, 63.29412414253048], [12.694778981592574, 63.29423358085613], [12.694723627519764, 63.29427134067158], [12.694680040632546, 63.2942906859172], [12.694438302423748, 63.29440437457581], [12.69416625185437, 63.29444044944076], [12.693848637288403, 63.29441600231726], [12.693700700935688, 63.29440207783459], [12.693162547015149, 63.29433195459384], [12.69278989747074, 63.29416513674745], [12.692750777977542, 63.29412262389084], [12.69278465833095, 63.293997382358], [12.692974702951222, 63.29390813582294], [12.692974784810453, 63.29390811021099], [12.692992623048575, 63.29390361318024], [12.693043177894637, 63.29387598569655], [12.69336670571123, 63.29376426138945], [12.69342174054455, 63.29371652995502], [12.693453800238784, 63.29365419436263], [12.693461300057502, 63.29359033866655], [12.693339173336028, 63.293477763637036], [12.6931983575352, 63.29342924908143], [12.69297664065448, 63.29339638590619], [12.692832039538299, 63.29338299036999], [12.69262972509903, 63.29336823778761], [12.692616649442375, 63.293367325595916], [12.692460004432418, 63.2933583319571], [12.692010794843451, 63.29322243524163], [12.69182912891867, 63.293179048999086], [12.691624679139581, 63.29313963924573], [12.691397403733177, 63.293123178374174], [12.691317292571105, 63.293118728228485], [12.691252393189371, 63.29311542252486], [12.690906430692523, 63.2930674504137], [12.690720272183361, 63.29304532461298], [12.690399934516865, 63.29301299551114], [12.690073789869887, 63.2930235462523], [12.689971075086754, 63.29304150018848], [12.689679401651315, 63.29306358172674], [12.689204810419037, 63.29306468291885], [12.689061323072437, 63.293052118694206], [12.688993234356104, 63.29304703619352], [12.688699662007505, 63.29305146760601], [12.688337086405596, 63.29305924126867], [12.688240422805675, 63.29306565504494], [12.687993595242062, 63.29308978991111], [12.687791483686647, 63.29317462277201], [12.687756523867968, 63.29323042712453], [12.687750456172555, 63.29327725428967], [12.687753174627504, 63.293361083981964], [12.687849088888015, 63.293487012784716], [12.687870818557112, 63.29350940063161], [12.687909275097384, 63.29354490033831], [12.687943851054468, 63.2935830128673], [12.687956712455492, 63.29363564259679], [12.687909969654237, 63.29369531436051], [12.687804450944009, 63.29372828847836], [12.687716894029839, 63.29373705865183], [12.687682781160202, 63.29373523881181], [12.687640378510585, 63.29371212923132], [12.687492987434771, 63.293589926053365], [12.687365236308995, 63.293464916789915], [12.687267499379308, 63.29337792807807], [12.687181943126895, 63.293292816194125], [12.686922280566646, 63.29314776888034], [12.6868566934577, 63.29312890687876], [12.686636021409718, 63.29305699982134], [12.686579609196635, 63.29303071716849], [12.68650243294086, 63.29299166992833], [12.68643339744927, 63.292862558053926], [12.68650451525642, 63.29280647029303], [12.686870641562535, 63.29270486272772], [12.687017828746322, 63.29264262907392], [12.687131041988602, 63.29258108275868], [12.68718699557333, 63.29253966301754], [12.687226874879697, 63.29240333174724], [12.687221913288573, 63.292310917326006], [12.687162516864618, 63.292243973184206], [12.687051140510457, 63.292209210715605], [12.686913770561606, 63.29218635458036], [12.686786630036899, 63.29218671423679], [12.686639943890802, 63.29219445157219], [12.686498971363706, 63.29220483167437], [12.686439378850908, 63.29221897586048], [12.686267328936125, 63.29233399827386], [12.686236464025159, 63.292394196810555], [12.686225664171872, 63.292479351437564], [12.68618883106003, 63.29255226644459], [12.686141270546688, 63.292595492299725], [12.685984827476391, 63.29265096595158], [12.685684203205923, 63.29270031659944], [12.68560693986826, 63.29270267088416], [12.68545945420757, 63.29268452474587], [12.685391566474312, 63.29265556786766], [12.685348791855052, 63.2926157500565], [12.685367421661967, 63.29251360819718], [12.68540172901126, 63.2924251989945], [12.6854311127652, 63.29233623387603], [12.68546312499827, 63.29227443786711], [12.685459050337316, 63.292207098895126], [12.685451966362283, 63.29219517603047], [12.685398720355098, 63.29217273357958], [12.685353417243364, 63.292123159089925], [12.685300759168205, 63.292086179720215], [12.68518325372698, 63.29205846365999], [12.685026532511309, 63.29204829318476], [12.684779521058369, 63.292042967376815], [12.684371351821001, 63.29201488967489], [12.683884629609954, 63.29195133138139], [12.683586940961321, 63.29190179151671], [12.683499459077902, 63.291876878962135], [12.683453538468676, 63.29183106507905], [12.68333239109063, 63.29163257400363], [12.683261591085897, 63.29146651780512], [12.683263622322132, 63.2913758779893], [12.683349806161548, 63.29134463108906], [12.683462251776444, 63.2913470974843], [12.683560803289083, 63.291402593979846], [12.683687259827606, 63.29146364444319], [12.683848934850248, 63.29151271444654], [12.683969877306104, 63.291525159898725], [12.684068582639856, 63.29154967998952], [12.684215714213217, 63.29156718436546], [12.684412860624883, 63.291594669549596], [12.684602760415814, 63.29158392857802], [12.68470611703399, 63.29154875772221], [12.684710064951743, 63.29149011534506], [12.684675749936908, 63.29143118322354], [12.684572044067995, 63.291342434263136], [12.684326050231514, 63.29120046840438], [12.684189703457383, 63.29110355606527], [12.684017399995893, 63.291018154019895], [12.683863759330675, 63.29096297422052], [12.683719645495557, 63.29091015808231], [12.683448434472442, 63.29084108741873], [12.683202500215762, 63.2907998680877], [12.683003413572328, 63.29078867393215], [12.682788749864486, 63.29077767503818], [12.682674005202454, 63.290790695872985], [12.682612942117004, 63.290853464323234], [12.682543116417222, 63.2909180207242], [12.682385783359491, 63.2910332780126], [12.682320589421007, 63.291126840961134], [12.682209526339616, 63.29125891493419], [12.682103685506394, 63.29134261257204], [12.682017971777993, 63.291446957831525], [12.681950878618812, 63.291543273304825], [12.681880162334833, 63.29158634542918], [12.68181653901845, 63.29160470521545], [12.68172230598331, 63.29163280316393], [12.681562261316534, 63.29160370026258], [12.681537736359296, 63.291568506293146], [12.681543726171222, 63.29149123818783], [12.681550598685137, 63.29142781256428], [12.68159655759305, 63.291329599842975], [12.681628018143648, 63.29122882548324], [12.681688836232176, 63.29118130925628], [12.681722578480908, 63.29113680036087], [12.681730723568103, 63.29109477514508], [12.681685145771006, 63.29105318648664], [12.681621071202862, 63.29103149117316], [12.681490257338691, 63.29102349835917], [12.681417624038838, 63.29104946940279], [12.681303262625523, 63.29106465042323], [12.68114345325418, 63.2910609622464], [12.680904286380123, 63.291058675590186], [12.680748808485198, 63.29107034924027], [12.680610430054015, 63.291087958132685], [12.680505452330907, 63.291126870964675], [12.680410798154945, 63.2911701362014], [12.680337384894235, 63.29122886845188], [12.680284197289897, 63.291329342603376], [12.680239704985116, 63.29139759695927], [12.680187101429519, 63.29142454910461], [12.680104620210521, 63.29141788996007], [12.68004857407912, 63.29139932378585], [12.680052394850923, 63.29136421409805], [12.680088393606601, 63.29128051174727], [12.680209942762286, 63.29117694876833], [12.68027166594124, 63.29105492864884], [12.680299169699056, 63.29095577819222], [12.68031854419374, 63.290841356235454], [12.680317298864804, 63.290751632744076], [12.680364273298085, 63.29066241621413], [12.68042077611431, 63.290557165170426], [12.680428321250355, 63.290518901540594], [12.680375356182465, 63.29047741660131], [12.680296333749302, 63.2904334779325], [12.680192554066279, 63.2904061517623], [12.68003321472611, 63.290376070801706], [12.679845801880893, 63.290354718173504], [12.67958233613388, 63.290344805057146], [12.679345858131745, 63.29036025772518], [12.67914738009083, 63.29036362349332], [12.678965483144863, 63.29036869588206], [12.678832214456342, 63.290372414488345], [12.678753193768058, 63.29035774749879], [12.67870867903023, 63.290323098188594], [12.67869702338301, 63.29027058580419], [12.67871038135427, 63.2902228360542], [12.678710769171792, 63.2901860272163], [12.678655882980626, 63.29015878738651], [12.678554189102815, 63.2901214371612], [12.678396652031656, 63.29010792358971], [12.678197493672537, 63.29012868780521], [12.677987969693975, 63.29015479605108], [12.677840978824696, 63.29018748174331], [12.677774794616091, 63.29025328056164], [12.677695026803054, 63.29030441914042], [12.677536325289848, 63.290410202726505], [12.677376897386823, 63.290491290175375], [12.677219918556888, 63.29060142057448], [12.677133751261584, 63.290623235813335], [12.677015736057086, 63.29060771639358], [12.676937926325598, 63.290543322748405], [12.676864109505695, 63.29048459727537], [12.676855805128405, 63.29039372585878], [12.676804660798052, 63.29036314317273], [12.676669601590655, 63.29036134419156], [12.676561607366834, 63.2903950687784], [12.676463359801156, 63.29040512118732], [12.676320605644609, 63.29042999960209], [12.676133465532264, 63.290487026962474], [12.675988042789456, 63.29057326208065], [12.675819935709505, 63.2906681600909], [12.675690071566432, 63.29075985681454], [12.675559441041266, 63.2908385209102], [12.675365560357733, 63.290922698516674], [12.675127686606547, 63.291007621419055], [12.675061785236071, 63.29103589012797], [12.674953892359568, 63.29115123722194], [12.674754346539007, 63.291265554936395], [12.67466998493193, 63.29130006803019], [12.674563639270763, 63.2913184634439], [12.674435761946915, 63.29133864430191], [12.674260184998756, 63.2913387316582], [12.674131844500735, 63.291319117303146], [12.674047932463255, 63.29128889645843], [12.673947741207156, 63.29124332444347], [12.673854220126277, 63.29121351225126], [12.673717940696164, 63.291200816626706], [12.673618593407138, 63.291209861430595], [12.673389156806637, 63.291248451311645], [12.673155582186517, 63.29127006515702], [12.67301039139911, 63.29129884245673], [12.672867345782208, 63.29138709781144], [12.672808758202873, 63.291421366470104], [12.672748206690393, 63.29147552814632], [12.672640706985822, 63.29146418171258], [12.672503119521641, 63.291463486882215], [12.672315110390898, 63.29144381171417], [12.672208521351603, 63.29146445522826], [12.672134756475806, 63.29149147169833], [12.672017217546754, 63.291499212399835], [12.671886114852851, 63.29149381004333], [12.671796565432881, 63.29150998170588], [12.671697435459691, 63.29152817868129], [12.67154224930886, 63.291548018317776], [12.671393122623757, 63.2915671846301], [12.67127437163461, 63.29159141790366], [12.671127655733175, 63.29159949796304], [12.670984806612255, 63.29158117900085], [12.670860810142901, 63.29155447618637], [12.670777454391649, 63.29151196078887], [12.670584927061878, 63.291502787097784], [12.670389248348643, 63.29149137962239], [12.67024676614745, 63.29151374230856], [12.670011089856038, 63.29152327538124], [12.669777686657017, 63.291519483996844], [12.669598809597428, 63.29150755114847], [12.6694763121689, 63.291489231401414], [12.669320441979279, 63.291460470225154], [12.669210609484281, 63.29143380915242], [12.669092460240162, 63.29141773322346], [12.668981799276873, 63.29142256692487], [12.668839551883902, 63.291431642627536], [12.668735286593964, 63.29145287832358], [12.668540695776555, 63.29151961537531], [12.668431020892076, 63.291559394446004], [12.6683070402171, 63.29158584735899], [12.668169089049142, 63.29162321481825], [12.668075106759888, 63.29166926669609], [12.66800853289484, 63.29173289985489], [12.667986326058555, 63.29180128214473], [12.667976009688262, 63.2918923793107], [12.667979744160165, 63.29197354190579], [12.668013588754366, 63.292042078651924], [12.668105839945428, 63.29216605827894], [12.668154857739989, 63.29222164375542], [12.668153906298143, 63.29226328335999], [12.66812063789377, 63.292292271776056], [12.668023255122282, 63.2923272952128], [12.667913419953653, 63.29236654152172], [12.667781598436948, 63.292454149682655], [12.667683318595746, 63.292517532944196], [12.66761918073632, 63.29258974519585], [12.667545210160696, 63.29267548093238], [12.66753332691788, 63.29270943479523], [12.667486073033905, 63.292795401475544], [12.667455102426354, 63.29283790537778], [12.667411944858756, 63.29286407381189], [12.667357241430413, 63.29287732941739], [12.667298478398386, 63.292848998015714], [12.667196497562772, 63.2927831793754], [12.667066965877362, 63.29271387439149], [12.6670099713286, 63.29266565563257], [12.666906314052017, 63.29258974345784], [12.6667633825841, 63.29246016479691], [12.666518465353883, 63.29232186641626], [12.666458480850515, 63.29228103333288], [12.666432301300892, 63.29219892824591], [12.666325353361191, 63.29213487729275], [12.666247934479856, 63.29210560222824], [12.666159241579015, 63.29209188319646], [12.666085946155375, 63.292090807917276], [12.665985430397622, 63.29210879868962], [12.665888469008001, 63.292148945828096], [12.665721859397658, 63.292237131421736], [12.665625550261225, 63.29234096168197], [12.66554825087173, 63.292420428179305], [12.665451654807645, 63.29249031167076], [12.665385263896946, 63.292535808392465], [12.665269637328212, 63.292565942517605], [12.665148982687919, 63.29255268669669], [12.665031626467483, 63.29253097241356], [12.664922397634799, 63.29248797550484], [12.664859602133243, 63.29241780497898], [12.664834921289502, 63.29235692437869], [12.664848013561956, 63.29229525328891], [12.6648041366279, 63.292187077969835], [12.664769242576773, 63.292054940331475], [12.664704268721355, 63.29198113328023], [12.664577730596948, 63.29195777747212], [12.664435390305487, 63.29195661083164], [12.664314929212104, 63.29197451581943], [12.664250665285952, 63.29202059464236], [12.664196370504394, 63.29209410724112], [12.664135573838653, 63.29218138630577], [12.663952421707918, 63.29225277658296], [12.663928912928677, 63.292327503372505], [12.663951059073936, 63.29251970164988], [12.663929021063538, 63.292610265215295], [12.663895312429831, 63.292668778597125], [12.663800865613688, 63.29271895964056], [12.663713240736318, 63.29276496936509], [12.663588342376482, 63.292779721081175], [12.66339627993923, 63.292789851003946], [12.663241628792504, 63.292771887403696], [12.663145323793026, 63.29271813733143], [12.663115771241102, 63.29266522197732], [12.663057511095545, 63.29259748659129], [12.662930415394987, 63.29259207891871], [12.662729444936394, 63.29257426165377], [12.662541432209267, 63.29256938948756], [12.662455347532763, 63.29261607024795], [12.662474114951495, 63.29268535773206], [12.66249735584612, 63.292735879915774], [12.662507350456282, 63.29275756747506], [12.66242340818245, 63.29287235595521], [12.662413345115622, 63.292920706321894], [12.662438374992778, 63.293024254089616], [12.66239689995987, 63.29307515091049], [12.66230668988794, 63.29312667560952], [12.662202452505964, 63.293178697358435], [12.662019645968998, 63.29316074624602], [12.66191564141804, 63.29309541127879], [12.661811040946985, 63.29303177252693], [12.661779169257438, 63.29292699886633], [12.661800392091344, 63.29282393186811], [12.661876882709434, 63.29273538483099], [12.661946981423203, 63.29259029750779], [12.661985910573415, 63.29250877529677], [12.662011094061375, 63.292456039789705], [12.662074562578894, 63.29235705141201], [12.662073569989865, 63.292276481209704], [12.662047908278112, 63.29221719125882], [12.661943319372305, 63.29218471116103], [12.66178724210297, 63.292159530044835], [12.661699138626654, 63.29216243870064], [12.661517906782503, 63.29220341737927], [12.661376061807545, 63.29223796678395], [12.661254936687202, 63.29226746864491], [12.660937497417036, 63.29237728177747], [12.660695123484553, 63.29246287954929], [12.660639855766467, 63.292574348699695], [12.660527869756091, 63.2926554788159], [12.660367097590854, 63.29271720224543], [12.660189745859382, 63.29273339710121], [12.660027522227528, 63.29274633830994], [12.659908048364521, 63.292722232382296], [12.6598192584866, 63.29265831308338], [12.659776890907649, 63.29259496788259], [12.659746128253579, 63.292511053019794], [12.659743552875609, 63.29242129775307], [12.659598494056363, 63.29233359227513], [12.65960613796899, 63.2922617481649], [12.659538237993567, 63.292183831843495], [12.659531676340809, 63.29213412194009], [12.65958722762428, 63.29209691728499], [12.659549624372497, 63.29204642793606], [12.659454169842029, 63.292007146023025], [12.659347854600677, 63.29196106776378], [12.659250072935617, 63.29191014610635], [12.659046536168571, 63.29186650158212], [12.658879232670726, 63.29184546975823], [12.658777658105297, 63.29185310281775], [12.658685908887508, 63.29186750613935], [12.658546577923216, 63.291943084951974], [12.65837590291704, 63.2920407763848], [12.658250909688617, 63.29203433051319], [12.65807055302664, 63.29201408882823], [12.65782197095493, 63.2919755474673], [12.657612351797127, 63.29192009173523], [12.657255349017232, 63.29180003831569], [12.657112502624502, 63.29169774811526], [12.65673478588376, 63.291436807199545], [12.656595655963889, 63.29132786099087], [12.656579472074448, 63.291254951452736], [12.656616536539623, 63.29119704258668], [12.656490352521875, 63.291132110716], [12.65633653906925, 63.29109539528721], [12.65619050733539, 63.29107537472017], [12.655857214789442, 63.29104160462864], [12.655552525819575, 63.29101995084984], [12.65526280154304, 63.29100024885423], [12.655128392600485, 63.290946718848595], [12.65505781536358, 63.29091714608206], [12.654982104657204, 63.29089427718293], [12.65485553125384, 63.290880340364424], [12.654771026645344, 63.290839502451185], [12.654751223605405, 63.29080332163999], [12.654572563206598, 63.290698526375685], [12.654399236709168, 63.29065599207148], [12.654320845703742, 63.29063395864552], [12.65429721554651, 63.290610995263876], [12.65430246303059, 63.2905849785722], [12.654342187787822, 63.290568257669115], [12.654409432521966, 63.29057180750734], [12.654485594335853, 63.2905687426735], [12.654779115395913, 63.29063028098672], [12.654883680156216, 63.290628285237226], [12.654968661211717, 63.29059919041239], [12.655049687586988, 63.29056425667664], [12.655167375178182, 63.29045847740933], [12.655237862722696, 63.29037572539343], [12.655268192922147, 63.29031551501491], [12.655291690433527, 63.29027383337416], [12.655312735486843, 63.29026576613302], [12.655345697698555, 63.29020139671247], [12.655366527213095, 63.29016234700019], [12.655312024585546, 63.29009873766317], [12.655289780436387, 63.290074180974855], [12.655239261491449, 63.29001433669841], [12.655222891544677, 63.28994671274518], [12.655261104261058, 63.2898344259294], [12.655268918719427, 63.2897080707966], [12.655272348744823, 63.28965849813896], [12.655268498321613, 63.28962805745039], [12.655272502405346, 63.28961315471488], [12.655002331139096, 63.28950965490913], [12.654984551847958, 63.28944416276493], [12.654898226086349, 63.28940884415365], [12.65474555486791, 63.289394782733844], [12.654699139211793, 63.289395913065576], [12.65460759229592, 63.289375746335786], [12.654545938554158, 63.28933020218281], [12.654530565104357, 63.2892535343156], [12.654558422666176, 63.289236016320864], [12.654593269792342, 63.289225527562365], [12.654629588535462, 63.28921460508024], [12.654689431394177, 63.28919456078354], [12.65477905587898, 63.28918854780137], [12.654792439570066, 63.28917385340245], [12.654749506903027, 63.28915422685121], [12.654711563088467, 63.2891544640552], [12.654629315600914, 63.28915856913138], [12.654553538814637, 63.289147372070666], [12.654506737646395, 63.28912478139014], [12.654411063102115, 63.289144603651295], [12.654290166166929, 63.28916964950236], [12.65417306079204, 63.28917872947191], [12.654085108639032, 63.28916932504849], [12.65404745355923, 63.28914343677192], [12.654033427996344, 63.28912013766189], [12.653935368270757, 63.28912856137483], [12.653806755497623, 63.289166302307606], [12.653745924019972, 63.2891916278018], [12.653702560471292, 63.28920871060824], [12.653471682255804, 63.28921482914256], [12.653395913077105, 63.28920354179352], [12.65338902930711, 63.289178779909044], [12.653456723349956, 63.28910341765789], [12.653491110743344, 63.28905344813057], [12.653671599446334, 63.28898471217519], [12.65382596415772, 63.28888468344416], [12.653977505847886, 63.288859846470366], [12.654175122521826, 63.28885326910005], [12.654270561837984, 63.28883068645607], [12.654451661451322, 63.288796359696754], [12.654603054650533, 63.28877824519461], [12.654948649335584, 63.28877395991306], [12.655009566687937, 63.28878069179503], [12.655090315033387, 63.28880115640243], [12.655262293787954, 63.28874624134571], [12.655287137113849, 63.2887360995562], [12.655301491908872, 63.2886851443353], [12.655310436514078, 63.28865068499255], [12.655491280827563, 63.28856201840481], [12.655564801754707, 63.28851552114028], [12.655748816929886, 63.2884251285204], [12.656050716241287, 63.28835333264063], [12.656084867427248, 63.28827820737559], [12.656210017843039, 63.288127787918064], [12.656348706223334, 63.28807249436547], [12.656404121934587, 63.288050912894626], [12.656694954362035, 63.28785567347056], [12.656776923683335, 63.2878230082037], [12.656903717818661, 63.287772654654205], [12.657033086012728, 63.28770951179241], [12.657087680365173, 63.28768279830366], [12.657145874972395, 63.28760830182226], [12.657102981796672, 63.28727592438992], [12.657076563510392, 63.287243819461565], [12.65712614347884, 63.2872117795097], [12.657313130564502, 63.28716176933468], [12.657320149891895, 63.28711757150227], [12.65735910434371, 63.28708593136982], [12.657585285886634, 63.28704602984792], [12.65764017268045, 63.28703117377239], [12.65774363266587, 63.287006251489906], [12.657801838979996, 63.28698293748738], [12.657829234828851, 63.286949427992006], [12.657864021817602, 63.28687917067148], [12.657900229999006, 63.286766823378436], [12.657893923934326, 63.28661987970798], [12.65789655316381, 63.286566594350575], [12.657887544627105, 63.28646277913911], [12.657875386914194, 63.28635475467586], [12.657867026542256, 63.2863326625713], [12.657799567730228, 63.286309257294285], [12.657758132908944, 63.28629774668183], [12.657704543983673, 63.28628802958053], [12.657960095912728, 63.286282364129235], [12.658032938492218, 63.286267453015185], [12.658098401107095, 63.286221315899574], [12.658091060485347, 63.286179036951985], [12.65783595029465, 63.286102099497505], [12.657825990194167, 63.2860837434435], [12.65772013587218, 63.28601360644895], [12.657589252269842, 63.28596823589879], [12.657489428029708, 63.28593612685649], [12.657539795608532, 63.28590958615283], [12.657577140860713, 63.28579404300938], [12.657520252355534, 63.285730377240554], [12.65747138296462, 63.2856993936515], [12.657398541895837, 63.28567228093159], [12.657235386992966, 63.28561730998501], [12.657065364636354, 63.28557592841554], [12.656942505214355, 63.28552094660238], [12.656445452886523, 63.2852577169733], [12.656340971225505, 63.28520072035716], [12.656286168908604, 63.28518190454976], [12.65623856970727, 63.28516109711125], [12.656233530828267, 63.28513054708408], [12.656266304482259, 63.2851062225197], [12.656325600020791, 63.28482630486653], [12.656327010667502, 63.284780443359196], [12.656310489151315, 63.28471444226063], [12.65629168073193, 63.28454691836226], [12.656237498178168, 63.28442027912164], [12.656193322998591, 63.28436273042763], [12.656157648233629, 63.28432037109857], [12.656107850837486, 63.28428514241794], [12.656050335906894, 63.284230983827115], [12.655713103336149, 63.28404779316943], [12.65560357987609, 63.28399302063924], [12.655436667969479, 63.28393804846619], [12.655350328107334, 63.283903097833694], [12.655315617076562, 63.28387934150054], [12.655233915153737, 63.2838567868983], [12.655075577474996, 63.2839258353159], [12.654861613906695, 63.28396536811467], [12.654636894372494, 63.283972065354014], [12.654483975487985, 63.28397146831923], [12.654152296008698, 63.28392550775059], [12.654083286145564, 63.283869021850485], [12.654077431368323, 63.283824001424534], [12.654134509943091, 63.28378360052329], [12.654408591319077, 63.28373767799268], [12.654596672248358, 63.28373044055073], [12.654631936326064, 63.283721610935736], [12.654666390299122, 63.2836326716737], [12.654680666267922, 63.283598865868605], [12.654688877525558, 63.28356752828899], [12.654651208196345, 63.28353257063738], [12.654388881343893, 63.283534759968035], [12.654284398624382, 63.28353630742125], [12.654108094213727, 63.28349216970119], [12.654072579025966, 63.283450351187774], [12.654060567219943, 63.28342709418502], [12.65386773021195, 63.28341213625422], [12.653717480680513, 63.28337604183605], [12.653528538513102, 63.28329821990656], [12.653449029715592, 63.28326467366313], [12.65341554977451, 63.28322065263407], [12.653404612662257, 63.28318197767012], [12.653386507231664, 63.283130397897445], [12.653406765214845, 63.283096627924195], [12.653466212295834, 63.28305260272425], [12.653550808903118, 63.28300320019434], [12.65359965491059, 63.28279344687092], [12.653573486078052, 63.28254198726388], [12.653507451828073, 63.2823942474], [12.65347503114559, 63.282285690835266], [12.653459555255614, 63.282191960137446], [12.653385830211546, 63.28210546773905], [12.653371457435506, 63.28200700509453], [12.653332451822733, 63.28190414066402], [12.653291621066963, 63.28181784009404], [12.65306203139134, 63.28160084004937], [12.653019117576848, 63.2815593033465], [12.652935952334671, 63.281500886355246], [12.652844659650551, 63.28145657669422], [12.652727150263964, 63.28132925112608], [12.65269836126986, 63.28128963528273], [12.65264516079248, 63.28125442997847], [12.652458261397495, 63.281145319872955], [12.651699536406154, 63.280859305107185], [12.651655218131081, 63.280841441479026], [12.651626741321534, 63.28083012469388], [12.651007375257041, 63.28063778791186], [12.650764909130752, 63.28047689033026], [12.650675309029568, 63.28041357971735], [12.650674557650891, 63.28018880335099], [12.650659563585377, 63.280161806253254], [12.650474715446698, 63.280117837007566], [12.650341303885998, 63.28006845765428], [12.64974554988501, 63.27971330358699], [12.649443898416303, 63.2796232890008], [12.649284290645019, 63.27957458061932], [12.649109942523445, 63.27953129470209], [12.649029620946264, 63.27947608295607], [12.648876582107365, 63.27938200173501], [12.648855555964872, 63.27934632945748], [12.648891922278647, 63.27929478638692], [12.648823673152345, 63.279196654617564], [12.648808439199284, 63.2791190093326], [12.648963843680837, 63.27904029360193], [12.649065724089205, 63.27903132618931], [12.649208395669598, 63.27893948754792], [12.649235602506838, 63.278905877751086], [12.649261254538148, 63.27884458563204], [12.649264793508227, 63.2787976995931], [12.649247873123235, 63.278735363389664], [12.649122798657993, 63.278538902638886], [12.648986539013581, 63.27847931014615], [12.64883143531223, 63.27845692241726], [12.648581797414172, 63.27844025565966], [12.64841628058837, 63.278403714521], [12.648244490857284, 63.278335246454134], [12.648242590829382, 63.27811745477337], [12.648156146054536, 63.278001862361464], [12.648095170995163, 63.27797410542457], [12.64803137809927, 63.27791558325899], [12.648040661502966, 63.27788535019529], [12.648076192441248, 63.277863147308594], [12.648327236208724, 63.27779958004153], [12.648462068229195, 63.27775937914123], [12.648516131221513, 63.277700864085475], [12.648560347024182, 63.27764303044998], [12.648590414305598, 63.2775833558207], [12.648690964948017, 63.27752650638803], [12.64887147568842, 63.27747878941087], [12.648980114323521, 63.27744994550519], [12.649161219476634, 63.2774096101018], [12.6492438643525, 63.277379654375665], [12.649327424443198, 63.277363191842014], [12.649470476458976, 63.27735522720825], [12.649544836809428, 63.27734619131119], [12.649643753543225, 63.27732064350015], [12.649710302360214, 63.27728287907895], [12.649803962522702, 63.27720701345255], [12.649919345392671, 63.277180300550064], [12.650122833229643, 63.27717412299789], [12.650180619852737, 63.27716535200111], [12.650309363886125, 63.27708595250565], [12.65044700591162, 63.27695601984355], [12.65049206040381, 63.2767300237854], [12.650501661357573, 63.276682375741856], [12.650502154179453, 63.276566549242425], [12.6504690571973, 63.27650277891031], [12.65046216677405, 63.27633776696426], [12.650489096855503, 63.27622836601563], [12.650496393067735, 63.276106860049204], [12.650482665653092, 63.27600086481446], [12.650430139509231, 63.27576273451923], [12.650419179092541, 63.27564234600893], [12.650404683180502, 63.27556148047703], [12.650387029538804, 63.27548952430049], [12.650377147860283, 63.27538308067932], [12.650173076606388, 63.274946284468655], [12.650163762362471, 63.27480887113885], [12.650228696605925, 63.274701929290025], [12.650276563878679, 63.27465449977208], [12.650368012690084, 63.274556678584844], [12.650213989398448, 63.27441713732535], [12.650200741510208, 63.2743084561045], [12.650214472255412, 63.2742558746897], [12.650335575163233, 63.27408571079874], [12.650369839653967, 63.27399298898578], [12.650544276088569, 63.273829218522984], [12.650545801749185, 63.27376783336771], [12.65047848126905, 63.273603000380994], [12.650459184681365, 63.27354977510391], [12.650416892536125, 63.27349711314724], [12.65036596940622, 63.27345593709264], [12.650274290458745, 63.27337703920746], [12.650226752740217, 63.27331950456944], [12.6501765134956, 63.273191777986185], [12.65016934593348, 63.27303313675482], [12.650189273095757, 63.2730004482911], [12.650249716169183, 63.272921690608534], [12.650254411355544, 63.27287330610049], [12.650197715148094, 63.27278817912336], [12.650129372697428, 63.27272219260462], [12.649937316332368, 63.27259320248408], [12.649812249604764, 63.27254265788746], [12.649749676464161, 63.27252951161754], [12.64929457919787, 63.2724739756192], [12.649207347083012, 63.27245857216305], [12.649116018117693, 63.27241120603281], [12.649066854918695, 63.272372213589826], [12.648906382233996, 63.27233193063104], [12.648786930922196, 63.27225188160062], [12.648726315745563, 63.2722227838008], [12.648675870726633, 63.27220639823054], [12.648676993948454, 63.2721487777537], [12.648695582557423, 63.272093609792904], [12.64868786939947, 63.27204387098758], [12.648607018877147, 63.271957221907606], [12.648518677786024, 63.271908207597036], [12.64845194246515, 63.27187862245819], [12.648350268947132, 63.27186577250362], [12.648249834342398, 63.27184162884442], [12.648222590831171, 63.271829981416225], [12.648193221099396, 63.271772225335674], [12.6481058336039, 63.271725471366715], [12.648022973445817, 63.271689962566995], [12.64793608435806, 63.27159132451465], [12.647919761083175, 63.2715200274139], [12.647918835313227, 63.27144107382415], [12.647692273287777, 63.27118300546337], [12.647514527327266, 63.27103817504833], [12.647401455367051, 63.27095090292253], [12.647303157700119, 63.27088540758746], [12.6472513792093, 63.2707865681052], [12.647248515478799, 63.2707470830417], [12.64720569657369, 63.270590159895704], [12.647174211761557, 63.27054249741552], [12.647098591639063, 63.27046296471202], [12.646719086762552, 63.27005055997012], [12.646659194554775, 63.26999481316278], [12.646568696847043, 63.269905345353735], [12.646487416739022, 63.269817511485364], [12.646448428142802, 63.269763852192106], [12.646408109231732, 63.269738258616286], [12.646396982862344, 63.26973118741537], [12.646382974950773, 63.26972229063876], [12.64632391207523, 63.26968475873356], [12.64627337984042, 63.269669268738625], [12.646221870130537, 63.269640823171095], [12.646301400105056, 63.26959356832914], [12.646423219711853, 63.26954796448011], [12.64645416600709, 63.26951659010147], [12.646417835929538, 63.26946774283595], [12.646164123460146, 63.269235918634706], [12.646096467906624, 63.26913994991784], [12.646268617835583, 63.268907795255636], [12.646275403212757, 63.26888764980593], [12.646136437328426, 63.26882764097744], [12.64609630932989, 63.268793609761055], [12.646094858520842, 63.268763226235805], [12.645393483646865, 63.268280986011376], [12.645034430290522, 63.268031819663875], [12.64496769833012, 63.26798229837953], [12.644523265595321, 63.26768992762241], [12.644487380929647, 63.267666238626994], [12.644168511002922, 63.26744884868591], [12.64408804121082, 63.26738815361603], [12.64376410315784, 63.267144261217915], [12.643668320037243, 63.26707972061133], [12.643488892580192, 63.26697974505254], [12.643332909427759, 63.266886119777524], [12.643170144566627, 63.26678498294679], [12.643053150808083, 63.26669385268308], [12.642991141129961, 63.266657626356015], [12.642943572249928, 63.266600537381834], [12.642867521455534, 63.266557810812465], [12.642798479894887, 63.26652763684108], [12.642696480249274, 63.26645065478334], [12.642518333701782, 63.26634630815629], [12.64243497008858, 63.266288419605424], [12.64223126593406, 63.26619193732609], [12.641903467052938, 63.26599446307755], [12.641827052458465, 63.265927664894484], [12.641782748565058, 63.265888247304574], [12.641776489045522, 63.26571246917198], [12.641696317405184, 63.26567656090416], [12.641599672040304, 63.26568348110865], [12.641439087101789, 63.26565539933788], [12.641323331384214, 63.265642229880264], [12.641235230084183, 63.26559114931553], [12.641212952543201, 63.265567128191506], [12.640919387727545, 63.26523939680832], [12.640830677203782, 63.2651157516861], [12.640811212025833, 63.26506243216911], [12.640687065028827, 63.264983887159694], [12.640557206929596, 63.26481567705244], [12.640511237588392, 63.26475862265102], [12.64042315148828, 63.264676661346854], [12.64033419727184, 63.26459728065887], [12.64030711772902, 63.26457691522435], [12.640126958389855, 63.26442035219393], [12.639995252614789, 63.26421456764054], [12.6399064295843, 63.26401944329075], [12.63985321184822, 63.26392110649617], [12.639782933558369, 63.263818607626526], [12.639763224685916, 63.263776598031534], [12.6396938867254, 63.2636218630837], [12.639594110198713, 63.26333032368969], [12.63955289279876, 63.26322273036726], [12.63954192115238, 63.26309380952555], [12.639503222952152, 63.262945149875264], [12.639481467626434, 63.26290721888799], [12.639445752694185, 63.262844012581304], [12.63939683358036, 63.26280287434281], [12.639316949916074, 63.2627499173174], [12.639214841048524, 63.262699420125095], [12.63913518603242, 63.26266074416676], [12.639095400887783, 63.26262735397471], [12.639075773143608, 63.26258632436611], [12.63905289394405, 63.26253508501628], [12.639008625836642, 63.262440712563226], [12.638807421495825, 63.262094654496686], [12.63872374622539, 63.26200155872968], [12.638702080335293, 63.26195572713048], [12.638652114367895, 63.26166799443491], [12.638672639175642, 63.26159904025158], [12.638673519305723, 63.261541945296834], [12.638618937134208, 63.26139822985842], [12.638621407907701, 63.26114685409374], [12.63867787876056, 63.26079369381995], [12.638669698144454, 63.260737481165364], [12.638679656682749, 63.26042862618748], [12.638716185833738, 63.260335513328954], [12.63873162036133, 63.26028566385511], [12.638716649373066, 63.26019670706245], [12.638748127699426, 63.25984083332741], [12.638744552201132, 63.2598006985313], [12.63875768902877, 63.259451964460894], [12.638760564029322, 63.25942581000494], [12.63876577588901, 63.25938910750079], [12.638751009059543, 63.25904235285783], [12.638758006769297, 63.25896941181371], [12.638765654301796, 63.25887242549017], [12.638778271231473, 63.25878461784495], [12.638754410896135, 63.25863520726406], [12.638748131926032, 63.25846526494852], [12.638757731291005, 63.258401454316264], [12.638763574037867, 63.258289972078586], [12.638662516256018, 63.25804491504414], [12.638649007337875, 63.257946374405755], [12.638662165884552, 63.25791362902766], [12.638706346420813, 63.25772344012156], [12.638688772513271, 63.25759660948152], [12.63868619090008, 63.25755650911972], [12.638657362123753, 63.25729429644202], [12.638494739108387, 63.2569474766318], [12.638442889766326, 63.256846018892006], [12.638387738244418, 63.25672572121898], [12.638384192206411, 63.25653456072468], [12.638401747405839, 63.256445335466125], [12.638407196901472, 63.25632477738725], [12.63841782646496, 63.2559935744399], [12.638407095130285, 63.255913245351934], [12.638391873575525, 63.2558322670536], [12.638328898748593, 63.25563070971734], [12.638315125681956, 63.25552372387911], [12.638352494776193, 63.255460984745184], [12.638385134508294, 63.25537955261381], [12.638423487819512, 63.25524795705073], [12.638431330307178, 63.25516004322938], [12.638425976502141, 63.25509267099856], [12.638444697285296, 63.25500184876672], [12.63845111586551, 63.25497792615347], [12.638465786115344, 63.254885950177005], [12.638495617457066, 63.25483911432184], [12.638808401871799, 63.254523530326765], [12.63909422016732, 63.25435012861924], [12.639396399361443, 63.2543110616638], [12.639554605285422, 63.254303808724615], [12.639702329157627, 63.254286809598526], [12.639793313319915, 63.2542765287017], [12.640132129614907, 63.254225074572595], [12.640466780608588, 63.25412773721748], [12.64059518678104, 63.25406154148097], [12.641010747444815, 63.25383733531447], [12.641129895714833, 63.253641887527], [12.641432633005703, 63.25340518708795], [12.641552628548002, 63.25320076457063], [12.641770399284404, 63.25301629860065], [12.641624478632638, 63.25287847839919], [12.641383829542201, 63.25289162238205], [12.641094436675317, 63.25299370787828], [12.64082586575301, 63.2530872214089], [12.640614314385607, 63.253208851883805], [12.64031333618727, 63.25342761185226], [12.64008634876504, 63.2535039714088], [12.639812095304725, 63.25345349247664], [12.639467119186358, 63.25331164970333], [12.63913194411709, 63.25307109542392], [12.638784897578633, 63.252749357174636], [12.638587000139056, 63.2523317139574], [12.63867524170157, 63.25204572665384], [12.63837098389991, 63.25189570288221], [12.638068236273421, 63.25213241475049], [12.637967518734696, 63.25194153569548], [12.638022480600585, 63.25178976960707], [12.638114586432092, 63.25166572023208], [12.63815675880346, 63.25144175312309], [12.638237859319569, 63.251227564339835], [12.638506731548784, 63.25072939054492], [12.638570303584757, 63.25029002802101], [12.638620191599792, 63.24978744714317], [12.639002811551494, 63.2491476769762], [12.639167922901086, 63.248287711213635], [12.639149764005673, 63.24766684543109], [12.639401354760937, 63.24714134627947], [12.639189508003291, 63.24646262618552], [12.639180567883136, 63.24594986485548], [12.639214377843423, 63.2450063117742], [12.639254410692931, 63.243999933495566], [12.638838239497566, 63.24337106080382], [12.638902365805336, 63.242724873200316], [12.638718770330776, 63.24216362345523], [12.63837955678141, 63.24156327013033], [12.638177878485303, 63.24098367932685], [12.637955123965863, 63.240214809105886], [12.637553276090111, 63.23944232630885], [12.636665307189782, 63.238947808314684], [12.636139650964704, 63.23882030110802], [12.635375523864406, 63.23888582044444], [12.634540718298357, 63.23885998787563], [12.634077460859436, 63.238706751620064], [12.633493921923163, 63.238560079069266], [12.632699553715874, 63.23832820837086], [12.631603537385358, 63.237721541904236], [12.630780658946044, 63.23777686295219], [12.63033080054018, 63.23748899133646], [12.629742364580526, 63.236991488983], [12.628895929011517, 63.236281931986625], [12.628388668995221, 63.23557024034868], [12.628266789182817, 63.23499224110351], [12.628377173147985, 63.234284050229284], [12.628837343630362, 63.23346602600583], [12.629277841153314, 63.23284542936631], [12.629997484614432, 63.23202366352749], [12.630473017009429, 63.23125090533102], [12.63052656412357, 63.23071242268372], [12.629864937100065, 63.2301504920985], [12.629337430361034, 63.229843056857845], [12.629162649414091, 63.2295967250401], [12.629537654739426, 63.22943344270467], [12.629737446794561, 63.2294284939107], [12.629554614372884, 63.229262916239506], [12.629181150356112, 63.22921040952616], [12.628566317483225, 63.22917998035307], [12.628400458000282, 63.22884389283184], [12.628015835581333, 63.228503383809155], [12.627325696771374, 63.228228633896585], [12.62643757977622, 63.22794087795091], [12.625414699101016, 63.22760542014857], [12.62424549331142, 63.22733892456618], [12.623060877252534, 63.22702715579834], [12.622037393289618, 63.22689848960891], [12.621160468124012, 63.22689869164526], [12.620330529992827, 63.226827900720004], [12.619458993641185, 63.226774241957344], [12.61858745989344, 63.22672058683453], [12.617343440638322, 63.226605397665004], [12.61621515764198, 63.22652852323493], [12.614649213549258, 63.226244896823374], [12.613645669070086, 63.22611657574034], [12.61239168176892, 63.22590221985107], [12.611716378043496, 63.225879492315975], [12.610498722835539, 63.22589966718122], [12.609203294673108, 63.22590027731258], [12.607681895170787, 63.22596819260745], [12.606926160920956, 63.225952790288446], [12.605876673809615, 63.22608427503374], [12.604929309662534, 63.22619085668829], [12.603704436386899, 63.22628277909906], [12.602486739450772, 63.226302893901135], [12.601167809145897, 63.22633890854786], [12.599923025256615, 63.226430390858276], [12.598419702757125, 63.22671441130804], [12.597655814139019, 63.22677973811645], [12.596535751568974, 63.22681977037433], [12.59570131360544, 63.22679371117253], [12.594840706915093, 63.22683005330396], [12.594385069990777, 63.226802742675225], [12.593912268329472, 63.22655025249334], [12.59329480818441, 63.22634876833247], [12.592888929867582, 63.22602569535333], [12.592051862861588, 63.22582869501266], [12.591276230714312, 63.22581279155406], [12.590244794529495, 63.22576467566016], [12.589277470341935, 63.22606859365137], [12.58843942482966, 63.22627622636325], [12.587425148183032, 63.2262554101763], [12.586742655638949, 63.226106510169984], [12.586099955946501, 63.22595841706792], [12.585377711659405, 63.22580870075188], [12.584664486720081, 63.22576707033558], [12.583777704042905, 63.22566791715453], [12.582598966627653, 63.22549980517505], [12.581404821475124, 63.225484256516495], [12.57981020472564, 63.225487429081944], [12.578625961516504, 63.22557097360034], [12.57748876229875, 63.225583525629126], [12.575934815944144, 63.225578502660554], [12.574988273814839, 63.22567591124287], [12.573945058497996, 63.22574434762416], [12.572807831358947, 63.225756861845035], [12.57200428948757, 63.22562337898004], [12.571264041956494, 63.22545522412775], [12.570449600924947, 63.22542942934341], [12.56959901070697, 63.22536690419218], [12.569213878050602, 63.22543089259358], [12.568652475724999, 63.22546426191814], [12.567918479760328, 63.22543110882695], [12.567202549079509, 63.22541631942391], [12.566548103404001, 63.225384807698184], [12.565662310412508, 63.22527657770016], [12.565087417250437, 63.22524669959163], [12.564085770175359, 63.22529792371538], [12.563360714020865, 63.2253728645375], [12.56246946301726, 63.22531844480616], [12.561603580186192, 63.22521059349269], [12.560975428789165, 63.22511663911554], [12.560228646095634, 63.22520909709256], [12.559347219098468, 63.22525378404354], [12.558734170872905, 63.22540296567694], [12.558163356879922, 63.225723873231246], [12.55772011413574, 63.22596649262711], [12.556922306615546, 63.22636364137571], [12.556230303085119, 63.22670001486874], [12.555718215545228, 63.22703113588963], [12.555297283459971, 63.227445081193885], [12.554872708269285, 63.227894918072174], [12.55456742253706, 63.22834722749078], [12.554320890992322, 63.228809751269786], [12.554352812708792, 63.22927805194391], [12.554776362098227, 63.22961959308675], [12.5552632777023, 63.22992646450452], [12.55607000982846, 63.23041982885457], [12.556755581597551, 63.230928662160686], [12.55735639106883, 63.23129185556178], [12.557632779674533, 63.231513412107766], [12.557632716999885, 63.231513446950665], [12.557160228063381, 63.23184544254418], [12.556687959061122, 63.232177296795015], [12.556687827458566, 63.23217720473545], [12.556684255253277, 63.2321749432982], [12.556351004754315, 63.23196347995706], [12.55611531281434, 63.231733757162395], [12.555735138998838, 63.23135715463514], [12.555047482328275, 63.23106411117238], [12.554301335039122, 63.23056299180228], [12.55324468037402, 63.230370201088974], [12.552681347249575, 63.23042146222538], [12.552371976842844, 63.23052295290756], [12.55216911358315, 63.230752560190666], [12.551728519998033, 63.230968232491584], [12.550968405754245, 63.231384111763916], [12.550235830049589, 63.23153076926889], [12.549427341791942, 63.231639872161196], [12.549045422793432, 63.231865752045834], [12.548259577224972, 63.23194833501911], [12.547780963562701, 63.23214522774889], [12.547101579581827, 63.23235592432123], [12.546536356479756, 63.232425106859516], [12.545650447492275, 63.232316734110846], [12.544891209842692, 63.23213906282286], [12.543969208935907, 63.231993957115634], [12.543018687329186, 63.23212704362128], [12.542266156461103, 63.23227325317143], [12.541168104824468, 63.23248418374252], [12.540304122001965, 63.232744961336905], [12.539512308112274, 63.23307919001746], [12.538684784226426, 63.23317883381701], [12.537930752975516, 63.233145118382005], [12.537377982810494, 63.23328647258869], [12.536869257460083, 63.23358162338817], [12.536496816882098, 63.23351988269371], [12.53601796845595, 63.23333003067034], [12.535937865487625, 63.23313949861016], [12.536116379219317, 63.23295436347175], [12.53583328797204, 63.232993415075526], [12.535541899478288, 63.23311324044133], [12.535401326597242, 63.233317153959185], [12.535194101877781, 63.233393762142796], [12.534687578079373, 63.23347311102786], [12.534251395198606, 63.2336438632303], [12.533866075897047, 63.2337077550001], [12.533056542249557, 63.233825737144954], [12.532233166326407, 63.23407832628522], [12.531212252259301, 63.234506640535564], [12.531474123285365, 63.234673992648254], [12.531072145997202, 63.234899415472746], [12.530101095606566, 63.23484313211866], [12.529240647956616, 63.23506794132051], [12.528421355921326, 63.23547347284686], [12.527435520389133, 63.235947459256245], [12.526066568342827, 63.236269533473966], [12.525234271593135, 63.23641397141046], [12.52448940937755, 63.23629043772693], [12.523261083772057, 63.23640859149035], [12.523045473156953, 63.23656594615321], [12.522895058076044, 63.237057413439246], [12.523072189282596, 63.23746582742485], [12.523571866779124, 63.23764716873922], [12.52434589560895, 63.237681387909674], [12.525098192891651, 63.23773312174978], [12.525632582632136, 63.23777129944532], [12.526220164181677, 63.2378735383998], [12.526796191919253, 63.23789459272012], [12.52678416218624, 63.23801125765002], [12.526705057322667, 63.23819846110665], [12.52637563316513, 63.23829947681255], [12.525366979699784, 63.238413244502055], [12.524560082676901, 63.23850425941176], [12.523491734680455, 63.23861675947789], [12.523204425856758, 63.2385028294386], [12.523237298901098, 63.23837760151059], [12.523410338980984, 63.23824632831603], [12.523355298504462, 63.23820020961657], [12.523045311508673, 63.238112770311645], [12.522856990876575, 63.238198760340154], [12.52268114450889, 63.23835695086532], [12.522464160378151, 63.238334412070095], [12.521938120100783, 63.238215458455926], [12.521097878600358, 63.238242806426236], [12.520492701157899, 63.238311038643545], [12.519656601517942, 63.23849134356193], [12.51873586145733, 63.23852596646594], [12.5177697601027, 63.23861359987636], [12.517648005256977, 63.238826886918545], [12.517795518788681, 63.239135750974775], [12.517484903035061, 63.239632850026744], [12.517061917077221, 63.23986678587254], [12.516975304853203, 63.24012576548719], [12.517071482671426, 63.24035261778929], [12.517243941194305, 63.240805902972106], [12.517060627947446, 63.24103587752094], [12.516759799771828, 63.24124540026999], [12.516242876016456, 63.24142339195446], [12.505266473515, 63.24062332067289], [12.502812866349679, 63.24044434179337], [12.476061238411205, 63.23849017909579], [12.443312844111265, 63.236090775666916], [12.44331274548683, 63.23609076491352], [12.443312979201067, 63.23609037398208], [12.443314350504687, 63.23608815356059], [12.44427865612649, 63.23452140725715], [12.44508080426547, 63.23398206929004], [12.445644290380692, 63.23343700347665], [12.44561863951666, 63.23281477419317], [12.445213472289788, 63.23203033176756], [12.444983814649676, 63.23178160012004], [12.444488635262411, 63.23141839304203], [12.444139067956892, 63.23100463805915], [12.444568224594152, 63.23058248233773], [12.444839168232786, 63.2298142105354], [12.445267056210918, 63.22890225374251], [12.44491554651082, 63.22847936834749], [12.444139589544166, 63.227077471158644], [12.443094025628604, 63.226405022059076], [12.442171996710016, 63.22565783480511], [12.441745795744723, 63.22521695595742], [12.44147072287998, 63.224347704238966], [12.440588428254623, 63.223577170875764], [12.440376459378255, 63.22311684882738], [12.43994510214934, 63.22296579161447], [12.439662702717179, 63.222888548998235], [12.438685286280256, 63.22255881309818], [12.43786477035105, 63.22225084655175], [12.437080210048865, 63.22180861161092], [12.436772666053136, 63.22104448828738], [12.436879193925014, 63.22021397627953], [12.436346490231669, 63.2199298680617], [12.435540283053692, 63.219270411410584], [12.434824906734693, 63.218688005798114], [12.433988699184951, 63.21810548942093], [12.433160486592607, 63.21771997946637], [12.43274788914758, 63.21752791885001], [12.431996815164744, 63.217270417998286], [12.430831339829943, 63.21683462569753], [12.430010956744857, 63.2166749056293], [12.428696339930069, 63.21637455253663], [12.427370510278488, 63.21611533863576], [12.426270086416174, 63.21574511003712], [12.425276339011246, 63.215261909792986], [12.424508361462513, 63.21449864452159], [12.424325260562185, 63.214126052442424], [12.424251494165135, 63.21397596426276], [12.424102147359086, 63.21230219326065], [12.423630353301974, 63.211546651309135], [12.423531225701659, 63.21144396838881], [12.422928795205824, 63.21137077558042], [12.42251386657185, 63.2112692171341], [12.42107252392831, 63.210657896479944], [12.419756271622457, 63.210500026007374], [12.417139859535471, 63.2103828283698], [12.416984003503378, 63.21036318432281], [12.416975205939032, 63.21036500011836], [12.416966408373604, 63.21036681591336], [12.415211972997357, 63.210174113317606], [12.413169686492733, 63.21008871937327], [12.411206889083351, 63.210005228880064], [12.409776003676932, 63.209475118476675], [12.408360965901469, 63.20864808214781], [12.407577025730818, 63.2077101770546], [12.407385927717455, 63.20681365392548], [12.406963814742852, 63.20535298179034], [12.406507398202228, 63.2038464287945], [12.406366955563676, 63.20375066582054], [12.40538420775163, 63.20308047082367], [12.403659463399688, 63.202678313225356], [12.402114632389832, 63.20227147593246], [12.400963092997419, 63.20157686906978], [12.400607930131768, 63.20072139892401], [12.400816884029673, 63.19997872544512], [12.399997337460563, 63.19917504298432], [12.399566523292906, 63.198811242244545], [12.39909730610377, 63.198378413172], [12.39923944408572, 63.19736383631569], [12.39843731726418, 63.19641642323057], [12.397373832213505, 63.19548968556365], [12.395490409452728, 63.19442588957065], [12.393844348957751, 63.193376847990955], [12.3920810741376, 63.1921447561947], [12.390555085125868, 63.19142292884027], [12.389375472230892, 63.19014193496603], [12.388367081690776, 63.188928154531965], [12.388480366421314, 63.18766062620445], [12.387884030314268, 63.18616860040918], [12.387634874068413, 63.18509945023805], [12.38717419715258, 63.18413324989705], [12.385861498877922, 63.18280393406785], [12.38486682519474, 63.18164451880588], [12.38462977116083, 63.180476563510105], [12.384413952957006, 63.17946226155929], [12.383291663333138, 63.178371796714075], [12.38227089271026, 63.17726577991379], [12.382462481096281, 63.17650467534653], [12.382479763772219, 63.17570327639587], [12.38242064941698, 63.17471082525532], [12.382021483038624, 63.17406142320274], [12.380988169695447, 63.1732253626878], [12.3802807886466, 63.172163024316134], [12.379932257077455, 63.171424761044186], [12.380148321791172, 63.17079038716442], [12.380810979817431, 63.170247997534986], [12.381445563484046, 63.16944366123128], [12.381368293730407, 63.16876608447297], [12.38040475824941, 63.168012802759115], [12.379592628144263, 63.167488450121134], [12.378109256075039, 63.16692064102806], [12.376381602743473, 63.166563073149526], [12.374742298088076, 63.16629774143487], [12.374015387066073, 63.1658925505016], [12.373888829453403, 63.16529484510987], [12.373814782561128, 63.164428143270875], [12.374042632092175, 63.16353279247787], [12.374488939435604, 63.162804966553274], [12.375179535324772, 63.161866884815126], [12.37526489362634, 63.16149057507022], [12.375612720375903, 63.161246832669235], [12.37609531009852, 63.16120458334176], [12.37720963148771, 63.16136697498849], [12.378425063575628, 63.16135165724776], [12.379946134167735, 63.16094738002586], [12.381331310473291, 63.160350576493336], [12.3822022951111, 63.15939885491429], [12.38261614524702, 63.15827545780708], [12.382616750946209, 63.15827380756047], [12.382440021807776, 63.15743164011505], [12.382135631471478, 63.156658423629395], [12.382155075638321, 63.1558390566603], [12.382518774176049, 63.15529838649529], [12.383188895195643, 63.15485527414028], [12.384373833939724, 63.15459590899575], [12.38550035171709, 63.15432610009477], [12.386793062341201, 63.15399726901227], [12.387763795481112, 63.15353445422704], [12.38824125729727, 63.15320373954936], [12.388547156879762, 63.15248146364994], [12.388579730915811, 63.15171647471791], [12.388526510979355, 63.1510034492251], [12.388746550800885, 63.150333126348485], [12.388855950411248, 63.149425870221314], [12.389413705696306, 63.14908810753412], [12.390247895390106, 63.14926160171633], [12.391281465849655, 63.14943093459308], [12.392180200546084, 63.149398762567415], [12.39382339966025, 63.149294639824284], [12.394929792895027, 63.149024264537225], [12.395603894117139, 63.14854516770397], [12.395890450037625, 63.14765122796519], [12.395964268914414, 63.1467070615751], [12.395765898079057, 63.14521573193938], [12.39629428344413, 63.144624978725], [12.398161586453238, 63.14377169387825], [12.39816717395086, 63.14376516868066], [12.399869862134986, 63.142684374147876], [12.401209838729203, 63.14141142298176], [12.401005128833223, 63.14100084378162], [12.401234894162544, 63.140662399342695], [12.401719686729063, 63.13987936387241], [12.402081152197, 63.13917352854743], [12.402607040133722, 63.138622627553694], [12.4028257739804, 63.13773532010643], [12.402772842151988, 63.13714363603102], [12.40267370559618, 63.13703221293285], [12.40242315992213, 63.13680090148956], [12.40262552450853, 63.13627427754991], [12.403590272987088, 63.13552292537317], [12.40466848548911, 63.13481936349725], [12.406180495522007, 63.134144356163276], [12.406846098241479, 63.13356590259116], [12.406784469332782, 63.13275358905487], [12.407081698240356, 63.131931967881584], [12.407681511974024, 63.13107264491291], [12.408062706729435, 63.1303791737055], [12.408612068932056, 63.12960871296597], [12.408826097811447, 63.12898326654218], [12.411466177957342, 63.12801122703825], [12.412852341808485, 63.127387148336915], [12.414249664714266, 63.12683540991594], [12.415167115452524, 63.12630806834877], [12.415558705898873, 63.125858087793816], [12.4160219942306, 63.12547290512206], [12.416756796948546, 63.124977169033166], [12.416848028095359, 63.12421360955871], [12.417213291602462, 63.12381703757664], [12.418373638329063, 63.12358384860083], [12.419446658106835, 63.12358277003441], [12.420348344086046, 63.12335232049097], [12.420821707459133, 63.12304845459077], [12.421069677688928, 63.12246885460979], [12.420998538748027, 63.121899561529226], [12.421052149223682, 63.12111707702057], [12.421539438458161, 63.12036309006393], [12.422297032051024, 63.1198408638076], [12.423245186195132, 63.119386289832875], [12.42410443602187, 63.11901064977653], [12.42468902750805, 63.11877250968872], [12.425110325942535, 63.11807097182705], [12.424966837659499, 63.1172747144341], [12.42440957485771, 63.11678378495427], [12.423632841199503, 63.11613439116988], [12.422878655916657, 63.115629683337644], [12.42235891871666, 63.114824327797436], [12.42234312418075, 63.11432499364111], [12.422338109755017, 63.11416616295366], [12.422175950901181, 63.1136937760636], [12.421664845352872, 63.11314989803949], [12.421483441008196, 63.11250586566949], [12.421066541361133, 63.1121714628104], [12.420060348025402, 63.111948936799074], [12.41909643147117, 63.111871562074796], [12.417860575799944, 63.112075895043], [12.417035293092443, 63.1120018666738], [12.416620009787515, 63.11182064244403], [12.41630439922852, 63.11113732662154], [12.416506303840483, 63.11061067879579], [12.416968935789601, 63.109729982690666], [12.418895274119619, 63.108398209065776], [12.420470410235852, 63.10701289045405], [12.421190267887765, 63.1058050693568], [12.421854922495754, 63.104893209001155], [12.422185680331246, 63.10411740800114], [12.421742707494479, 63.10316976293332], [12.420850381014244, 63.10166169927007], [12.419877236587443, 63.100998518632146], [12.420021218662063, 63.10062362521635], [12.420765975498034, 63.10037136713318], [12.421814074629866, 63.10007238460956], [12.42225173488127, 63.099731614517246], [12.42250855123732, 63.099242320985866], [12.422459890912187, 63.09881772572199], [12.42282208721231, 63.09827692332979], [12.422209562680498, 63.09758645011903], [12.421683753500895, 63.09683498430129], [12.421654394220736, 63.09624868591995], [12.421943293379224, 63.09548990575266], [12.422377683720576, 63.094842750658], [12.423870044454292, 63.094311257514455], [12.424997054076801, 63.0940141652604], [12.425687556674845, 63.093382198517915], [12.426432052759743, 63.092796579072946], [12.426872714057902, 63.09209549901732], [12.426810567552945, 63.09128318735009], [12.426523816456115, 63.09069068024866], [12.426795442395692, 63.09007561691988], [12.427431791477918, 63.08939729002844], [12.428500649791602, 63.08825192233868], [12.429918075570772, 63.08684469573118], [12.430529532827775, 63.08570629170568], [12.432239324274764, 63.08467545749137], [12.43497581244896, 63.082849539598506], [12.436848690905713, 63.081444211085426], [12.437600109205745, 63.08079564849825], [12.43849759869685, 63.080420862615654], [12.43882393974226, 63.079843131633424], [12.438521536765958, 63.07921422934782], [12.437949687658895, 63.07851578399192], [12.436818076997318, 63.07768673356918], [12.434923498419641, 63.07643388829897], [12.433732370509128, 63.076107871286794], [12.43250491057817, 63.07575394735356], [12.431513264757037, 63.07558588421741], [12.43052219348309, 63.07557999457006], [12.42878432927979, 63.075348852887096], [12.427424404931818, 63.07510880343179], [12.426190050716974, 63.074313214759414], [12.425355082685307, 63.073662403888825], [12.424147066267984, 63.07348004407478], [12.422684112339539, 63.073273492594716], [12.42149910828228, 63.073064640762624], [12.420593669068305, 63.073006688507185], [12.419807977937277, 63.072609291609325], [12.418875855522433, 63.072442581209685], [12.418192821420327, 63.072182787216214], [12.417565407017443, 63.07178920564061], [12.417491706837387, 63.07140904300336], [12.417963729907422, 63.070943000249684], [12.418380178607276, 63.070277400439046], [12.418187322715657, 63.06973218510274], [12.417469030245114, 63.06930447149781], [12.416348632969841, 63.0681629780466], [12.415659663803696, 63.067216675523966], [12.41611766738517, 63.06614841468169], [12.417007586384141, 63.065416084645705], [12.418576937662875, 63.06449505478337], [12.418779609210427, 63.0637080549501], [12.41774461044166, 63.06313060739094], [12.41740562645204, 63.06223884883832], [12.416754832879535, 63.06145568686213], [12.415494896567662, 63.060628973166224], [12.4156834399728, 63.059949656488186], [12.415697041079756, 63.0595447632274], [12.414163178311503, 63.058539484887426], [12.4126706759733, 63.05782349131734], [12.412966668829913, 63.05693094794654], [12.4127880294452, 63.05617861041494], [12.412011285692792, 63.05514885671055], [12.410321093506017, 63.05458056182609], [12.408910119682709, 63.05445210962722], [12.407407925737182, 63.054564332785915], [12.407900623207878, 63.05413645746801], [12.40875136108748, 63.05370030870985], [12.408659159268055, 63.05334657105767], [12.407789548428964, 63.05287261735065], [12.40749806897175, 63.05222527112365], [12.406922560433822, 63.051777326566096], [12.405751219779123, 63.05163736209584], [12.404368454424356, 63.051446595678364], [12.403441799874022, 63.051556441361555], [12.402824978319511, 63.051872846145486], [12.402095818979793, 63.051537768103145], [12.402727660297304, 63.0512577982261], [12.403251603645026, 63.05089382576996], [12.404799037724542, 63.05073786272057], [12.405943835200814, 63.05077805017038], [12.407518594645087, 63.05086595172693], [12.408851870509949, 63.05083018797341], [12.409548299776654, 63.05020972107138], [12.409900368514265, 63.049192633328126], [12.40982451023794, 63.04826297117841], [12.408741265916401, 63.0477561844851], [12.406867131053414, 63.047534053582744], [12.40502485207877, 63.04661931895246], [12.404468052647363, 63.04618088340322], [12.404879602371215, 63.04561570776664], [12.404922205138407, 63.04529265562122], [12.40466458228666, 63.045141546395584], [12.404116546632652, 63.04493749420031], [12.40326117832171, 63.04495922318638], [12.40237311144418, 63.045529397700975], [12.400583723158636, 63.04541756429055], [12.400597855611979, 63.04440929435587], [12.400209461286495, 63.04404746761138], [12.398059091520638, 63.04381767981675], [12.397043780266305, 63.04324961364289], [12.396310982058083, 63.04264422359968], [12.39567652916406, 63.0421946134223], [12.395002225508682, 63.04189701019704], [12.395218749767967, 63.04130853055483], [12.396429618926415, 63.03994567839354], [12.39613378642972, 63.039334208167666], [12.39528612293721, 63.03869865026317], [12.394760450115076, 63.03802685163146], [12.39505755095774, 63.03727847275047], [12.395663506046072, 63.036592564007854], [12.395087666960237, 63.0360004533687], [12.393839620065593, 63.03569617494731], [12.390278018159155, 63.035202536188145], [12.389912750554727, 63.03496739097764], [12.390969391519667, 63.03432084376791], [12.391389674484648, 63.033990110575694], [12.390975850458885, 63.03367259052698], [12.389514309002262, 63.0333354164487], [12.388775818117045, 63.03322515462953], [12.38865110199642, 63.03296956889725], [12.389095146766225, 63.03245936996685], [12.38954823539153, 63.03203047762832], [12.38997323434635, 63.03166385900834], [12.390016830707264, 63.03103462917739], [12.389755530594078, 63.03061320965915], [12.39030136057404, 63.030231882236066], [12.390589651202225, 63.03014971024397], [12.392254072037712, 63.030150192243745], [12.393461486264439, 63.028210895005486], [12.393442234204786, 63.02760697299949], [12.393682928160693, 63.025785340430986], [12.394959054033444, 63.02497366991006], [12.394788552078355, 63.024464672604104], [12.396788303056624, 63.02390299158057], [12.40126081169124, 63.024010790353515], [12.401979847386734, 63.02371540565585], [12.402348471634523, 63.02302299402252], [12.402961476322877, 63.02258042164103], [12.404105418028404, 63.02201722945744], [12.405202617473966, 63.021056485498896], [12.404523140155812, 63.02065070827986], [12.404884563153091, 63.0200121418461], [12.406402879398096, 63.01916194558116], [12.407445248095629, 63.01876706765846], [12.407134864613768, 63.01841638465343], [12.406310174935, 63.01806069636869], [12.407733041438057, 63.017784263139106], [12.408526358063233, 63.01762575476819], [12.408697063029146, 63.01708104428853], [12.408706325115338, 63.01655896126901], [12.409029825324223, 63.01620753926063], [12.409594528202359, 63.01597975366849], [12.410125983747951, 63.01555293825375], [12.409817983837305, 63.01518431636941], [12.409560049792578, 63.01473600042801], [12.41012313472156, 63.013616601112645], [12.411128791387192, 63.01289649257709], [12.41137158284778, 63.01225468040103], [12.4136667588373, 63.01211900831413], [12.415132244596728, 63.01181665726677], [12.416502332941931, 63.01163776543511], [12.417803674496911, 63.010322264156834], [12.417791253988742, 63.0095114001695], [12.418363449467911, 63.009526950407924], [12.419615338525368, 63.00979510976228], [12.420967124432847, 63.010056970456], [12.42275585231296, 63.01000647159224], [12.424475299183595, 63.00972891565875], [12.42511449984004, 63.0092329292664], [12.425899736624629, 63.00883095883176], [12.426972716477021, 63.008499815584514], [12.42819764126264, 63.00821782231428], [12.429226604698771, 63.007768404741704], [12.429696097007366, 63.00735786176907], [12.430098825694586, 63.006549251590926], [12.43081974123882, 63.0055781450749], [12.430981950691402, 63.004943138929974], [12.431154694580885, 63.004227355103694], [12.432137228583212, 63.00367759701371], [12.433073224338258, 63.00318061054709], [12.435097843311295, 63.002532959409635], [12.437541660567945, 63.00155441155526], [12.43850423737672, 63.00100407046833], [12.439333900527583, 63.00101749476319], [12.44340950717263, 62.999362493623366], [12.444163859518245, 62.999193740786794], [12.4446391500974, 62.99964784944354], [12.445697133200785, 62.99988352831282], [12.446562974955395, 62.99961871892358], [12.447207394740785, 62.999077759866054], [12.447359856961452, 62.998514506668684], [12.44843115141186, 62.998039094555175], [12.449385962016809, 62.99793757813216], [12.450458256142452, 62.997823572210415], [12.451943456414401, 62.997665472264515], [12.452489221384367, 62.99696873261322], [12.453112681686205, 62.99628309015117], [12.453187293418901, 62.995708739360886], [12.454211685471396, 62.99574533511206], [12.455122320381886, 62.995895930144236], [12.45574536654214, 62.99582265855967], [12.45625823906135, 62.99568336156534], [12.456065831208269, 62.9953359726065], [12.455486909953827, 62.995374423208396], [12.454344099805194, 62.99548774360448], [12.454136660695053, 62.99510391647617], [12.454116055837927, 62.994653083346904], [12.454322861029977, 62.99412732703559], [12.455292873842128, 62.99382024038424], [12.4564495706976, 62.993599217600405], [12.457994934030083, 62.993280581058414], [12.45935811901235, 62.992993048421184], [12.459806182498973, 62.99228464869663], [12.460234501740677, 62.99157572232527], [12.460343795281554, 62.9908852285457], [12.461310132955486, 62.9906050320161], [12.462507314808896, 62.99022295083124], [12.464073361758711, 62.989742704525234], [12.465902571123156, 62.989674756948475], [12.46703002085728, 62.98952492496637], [12.467899994796346, 62.98922407160759], [12.469255922643432, 62.988990280621906], [12.46938355390598, 62.988462387673074], [12.469528561335581, 62.9877998656118], [12.470284788859392, 62.98776612344189], [12.471793739425912, 62.9875724340888], [12.472604460339303, 62.98742307056314], [12.473403534285016, 62.98705724546441], [12.473713190538819, 62.98665128950097], [12.474141108792516, 62.986248506649396], [12.475107162882159, 62.98596820534534], [12.47591896418089, 62.98565673728594], [12.476872255325581, 62.98547515162774], [12.47796938970645, 62.98555854383679], [12.479122123391738, 62.98536426622405], [12.480783947065056, 62.985057506927134], [12.481520256390201, 62.98471698423692], [12.482393382298685, 62.984389124398824], [12.484105082202039, 62.984308803272086], [12.485501335484564, 62.984220037458556], [12.486049818415243, 62.98410860671023], [12.486231647963326, 62.98361817207419], [12.487187914837559, 62.98279719535447], [12.488364383468559, 62.98180199260462], [12.489819632098802, 62.981714764388656], [12.49212592769447, 62.98147010808284], [12.492309156756766, 62.98127200261742], [12.492654264467829, 62.98089885090461], [12.493531789156869, 62.98053501899934], [12.49388025711843, 62.97982387666302], [12.494163144500344, 62.97977739196177], [12.494824148594853, 62.97986704562756], [12.4954621236271, 62.98013619124943], [12.495813862913822, 62.98063185498143], [12.496301558802124, 62.980068512983024], [12.496751508729693, 62.98010751289092], [12.497639862460009, 62.98027525993033], [12.499770001497145, 62.9803229666166], [12.50075074340453, 62.98007891029623], [12.501177193849673, 62.979838111362994], [12.501123190434447, 62.979179275424976], [12.501251179148936, 62.97848928162281], [12.501862080594222, 62.978352448508296], [12.502634450946983, 62.97849906633135], [12.50309011203436, 62.97849317377327], [12.503564170941248, 62.978343677279696], [12.504182926494707, 62.97799091566413], [12.504932939069379, 62.977848759085], [12.505359877523876, 62.97806721907947], [12.506215694168414, 62.97818001597995], [12.507017942475416, 62.97809327190336], [12.507321841620474, 62.97819140068063], [12.507757980690267, 62.97833806527538], [12.508495551531505, 62.97844770249876], [12.509310804250596, 62.97856841300484], [12.509784852760868, 62.97841889585217], [12.509890088683608, 62.97821457216591], [12.510329276792394, 62.97802811357632], [12.510255756088025, 62.97767496111754], [12.509131276919884, 62.977807194179256], [12.508849366803709, 62.977691658103055], [12.508344715503833, 62.977462121648486], [12.508046557843306, 62.97731913191358], [12.508137846801741, 62.9770694104329], [12.508862367479711, 62.97697157762372], [12.509564664844149, 62.976738079203], [12.509892659627587, 62.97664772680315], [12.510368194972099, 62.976795428125115], [12.511474293174546, 62.976806771124345], [12.512494468709733, 62.976716767741465], [12.51339334120671, 62.976956739744885], [12.513904242722214, 62.97667311790615], [12.514153141886851, 62.976427567629756], [12.514378910463517, 62.97620842509941], [12.5152450256765, 62.97624039160359], [12.516406792173605, 62.976280190877006], [12.517445014609129, 62.9758934561445], [12.525725379199326, 62.974698782934766], [12.526285811290395, 62.974335379258896], [12.526757119741504, 62.97405066950932], [12.527598298053798, 62.97381174766074], [12.528363230177012, 62.97370588498031], [12.529073595529033, 62.97356255917908], [12.532499262589836, 62.97243730183009], [12.53400243654965, 62.97227884614765], [12.53747347256241, 62.97188409345535], [12.537988694903781, 62.97109622624744], [12.538876657754678, 62.971110613589865], [12.53985635157692, 62.971181443924294], [12.540747745347339, 62.97116890275723], [12.541279475047059, 62.971029806614304], [12.541569812294835, 62.97076730465465], [12.541561849055451, 62.97083012606665], [12.542295196840538, 62.97066032963321], [12.54189574094285, 62.97037965418866], [12.54256126596212, 62.96996493643314], [12.542839813791252, 62.96963907844198], [12.543206296570618, 62.96924350080604], [12.543651949176786, 62.969003084529085], [12.54384368538559, 62.968737974583966], [12.54382209483207, 62.96844023882977], [12.543203631114595, 62.96817182374176], [12.542579494886333, 62.96794828878984], [12.542587075645313, 62.967732357696214], [12.542828845182786, 62.96754061650838], [12.543350282962717, 62.96748229068415], [12.544196467853846, 62.96751356533999], [12.544731909305623, 62.96750063919223], [12.54484861332994, 62.9673596227871], [12.54406838156172, 62.9672760667987], [12.543676169526567, 62.9670946449834], [12.543736407056514, 62.96661896224819], [12.543458634298156, 62.96631448990468], [12.543762930240716, 62.966097370248484], [12.54430970600525, 62.9659946977688], [12.545049383882667, 62.96608618689846], [12.545394224504864, 62.96632939142646], [12.545893321902064, 62.966603661691465], [12.54630182636808, 62.96681251631316], [12.546255259435583, 62.96718050455031], [12.546584563861883, 62.967234188076965], [12.547938117726096, 62.96716170430966], [12.55058483672733, 62.967807564764094], [12.5515348738269, 62.96753761525228], [12.55177426015918, 62.96746959145151], [12.552160713022523, 62.96722760252763], [12.551843720199948, 62.966606942024384], [12.552616297743679, 62.966438115261305], [12.552717380253213, 62.9661075837877], [12.553166322073958, 62.965840219685035], [12.554179182797824, 62.96580376554895], [12.554845706106793, 62.965848263267176], [12.555303899536655, 62.965977345791075], [12.555216442576684, 62.966200182459886], [12.555697744094163, 62.96630284894603], [12.556410953411774, 62.96644761984259], [12.556586480404292, 62.966623317289915], [12.55672531770622, 62.966933135484474], [12.557159729453774, 62.96725069702648], [12.55743582424837, 62.96772619161196], [12.558294958765376, 62.96781173756302], [12.559192141174709, 62.96822246785539], [12.560047234286762, 62.96849700017631], [12.560722244427065, 62.96863174913195], [12.561196993636496, 62.96847309672669], [12.561562532570987, 62.96823953130167], [12.561677074885612, 62.96780128627621], [12.561776918148837, 62.967479717305416], [12.56185432336023, 62.96702250270401], [12.561624353827069, 62.966494193682706], [12.562436771055731, 62.9664794446653], [12.562911963275019, 62.96647387835404], [12.563395052163623, 62.96640546927866], [12.563662523178378, 62.96632242860833], [12.563510048312834, 62.96612033255937], [12.563248882959462, 62.96599642767394], [12.56330023138303, 62.96574563743175], [12.563445602791324, 62.96553331457178], [12.563783485185208, 62.96536206468566], [12.564691164954125, 62.965061637285245], [12.566024501418047, 62.964520205218136], [12.566976574943032, 62.96433799724075], [12.56743777026184, 62.963971849309715], [12.567470611546735, 62.96227148880646], [12.567470669369037, 62.962268894558676], [12.567470664577543, 62.96226871487451], [12.567470762327781, 62.96226872553831], [12.64265034434738, 62.97119676078828], [12.649702659145868, 62.972031951042354], [12.651079146917798, 62.972199096104106], [12.653048527601964, 62.97243821862748], [12.65998981549424, 62.973280759321064], [12.660526979736776, 62.97334435126507], [12.660948153042712, 62.973343486003486], [12.664258797695712, 62.97333668793255], [12.66461191627888, 62.973335961659444], [12.667334055820804, 62.97333030790821], [12.669557277835052, 62.9733256484184], [12.676888239504509, 62.973310042889025], [12.677461211612092, 62.973308804910644], [12.706176951016714, 62.973243902106944], [12.707795581786748, 62.97324006551687], [12.755500137700544, 62.97311879402249], [12.756602993015374, 62.97311580211023], [12.758390216227163, 62.973110929186944], [12.76245791582901, 62.97309715656108], [12.763045934717253, 62.97309516332705], [12.781541713012361, 62.973031030669055], [12.837845581853669, 62.97282091150348], [12.838115597894962, 62.9728198446517], [12.83812886154758, 62.972819796196895], [12.83814417835016, 62.97281973426226], [12.846946288841107, 62.9727848384813], [12.919357786028872, 62.97260046180484], [12.919871045255508, 62.97259902262271], [13.041831020689136, 62.97220413424194], [13.043683247837489, 62.972197326374484], [13.04430624887703, 62.972195024345], [13.095037569792472, 62.97201260926565], [13.144333979985142, 62.994778921846724], [13.144976238214095, 62.995075177881084], [13.152544674846311, 62.99856573113988], [13.153097444713953, 62.998819462351165], [13.171701448755906, 63.00739532228378], [13.171701526020836, 63.00739535021651], [13.171700757478122, 63.00739563655379], [13.171696896149806, 63.00739705004362], [13.171667762513929, 63.00740774323742], [13.171607368437044, 63.00741829264409], [13.171417385498216, 63.007444107958946], [13.171313725963362, 63.007443701344634], [13.17129328628574, 63.007436048185404], [13.171217154784324, 63.007410841194705], [13.171198239081535, 63.00741039907724], [13.17114888361059, 63.00742320983179], [13.171114306935772, 63.00745174356551], [13.17108305924119, 63.00753311975076], [13.171054697160937, 63.00758259862782], [13.17092627188103, 63.00766413654769], [13.170731404304115, 63.007733224425984], [13.170721512790731, 63.00776185290711], [13.170695780053649, 63.00778857067411], [13.170639369125675, 63.00782729018604], [13.170639838941236, 63.0078459704311], [13.170642792840438, 63.007892173337616], [13.170588924077174, 63.00795275114826], [13.170436240053348, 63.00805350192539], [13.170285413627264, 63.00814665428585], [13.170220599847998, 63.008177588768014], [13.170153153312647, 63.00818306355727], [13.170109937228268, 63.00818045742812], [13.16973537747705, 63.00816135360739], [13.16960666876018, 63.00813633619009], [13.169390190411686, 63.00807071545724], [13.16930182604531, 63.008016906890894], [13.169253909915735, 63.00796574066739], [13.169231968790362, 63.00796156020317], [13.16912753722326, 63.0079586281782], [13.169092735261552, 63.007969911844285], [13.16904055301446, 63.007996592159984], [13.169056499129095, 63.008001556926516], [13.169058296016797, 63.008023315854324], [13.169082155985228, 63.00806748212987], [13.169171039510514, 63.00812435006579], [13.169174942183021, 63.00813142135924], [13.169162527281253, 63.008181375668755], [13.1691173492992, 63.00822236779137], [13.168839901790976, 63.008370252079914], [13.168762011032193, 63.00838854619532], [13.168619650925624, 63.00840545780344], [13.16854167306152, 63.00841379410195], [13.168416004927314, 63.00843164887818], [13.16839340090452, 63.0084238595349], [13.168293949859363, 63.008381165128874], [13.168233225176124, 63.00835156833022], [13.168111960863872, 63.00827273324439], [13.167986663858049, 63.008175054912186], [13.167940856321993, 63.00816621076998], [13.167907583687688, 63.008177980816406], [13.167846171896949, 63.00820187468435], [13.167799432649742, 63.008223004857186], [13.167760953751928, 63.008251011422544], [13.167644170956454, 63.00831050375112], [13.167425335818882, 63.00842168860639], [13.167404959904353, 63.008424360379514], [13.167338045338095, 63.008452195885866], [13.16723479984729, 63.00849739979203], [13.16708314945708, 63.00854932926879], [13.16706995486024, 63.00854899666286], [13.166943262559036, 63.00854537053174], [13.166862152802931, 63.008533716257794], [13.166680572190518, 63.00848400375], [13.166628215527933, 63.00846462392368], [13.166523373156402, 63.008424776202574], [13.166360438613813, 63.008339231484285], [13.166323888739406, 63.008310988719934], [13.16626526162944, 63.0082974170077], [13.166234118120155, 63.008296654083004], [13.166176496727381, 63.00830923026747], [13.165964509282112, 63.00842987471527], [13.165960598293335, 63.00844245601348], [13.165983833449877, 63.00845213931155], [13.166173515060745, 63.00851690610172], [13.166169319457252, 63.00853056107169], [13.16611244417577, 63.008624388630366], [13.166102095181579, 63.008636311860585], [13.16600190060167, 63.00872412802286], [13.165873504395197, 63.00874605710434], [13.165753313891695, 63.00874489339663], [13.165411918320903, 63.00876759676821], [13.165422607641887, 63.008780457224034], [13.165440100835037, 63.00882495455596], [13.16543473245526, 63.00888212851739], [13.165386209716894, 63.00890770581721], [13.165353778284649, 63.008918947512846], [13.165368865420442, 63.00893349901327], [13.165441235439962, 63.00900254472914], [13.1655691745302, 63.00909928102339], [13.165679150716814, 63.009171902797526], [13.165675341796058, 63.00930145949299], [13.165687243899855, 63.009313886755415], [13.165719627951775, 63.00937293295738], [13.165728408882897, 63.009448596525296], [13.165675730341604, 63.00947616701043], [13.165595143139816, 63.00949799768977], [13.165456233022056, 63.00953346351958], [13.165445952728927, 63.00953579013799], [13.165452715869087, 63.009546058891985], [13.165441360521028, 63.00960608201236], [13.165445971697762, 63.00968616254828], [13.165529255495768, 63.00986393840275], [13.165593730116317, 63.009898002155005], [13.165736024540001, 63.009930103436574], [13.16574759097603, 63.00993749866958], [13.165798396053146, 63.00998728504137], [13.165846395848986, 63.01002669238388], [13.166033926737315, 63.0101110841521], [13.166112152776408, 63.01013947232797], [13.166165304027835, 63.010185257867306], [13.166212030105656, 63.01024968813601], [13.16621147807958, 63.010404182960066], [13.166198193228844, 63.01046821221683], [13.166212401435143, 63.01047916102667], [13.166359176802965, 63.010575260879776], [13.166398227802729, 63.010584790013134], [13.16642432156153, 63.01060215053416], [13.166561644831337, 63.010737127945696], [13.16660731479577, 63.01079795318256], [13.166605301485928, 63.01084199098036], [13.166616628289736, 63.01094606682845], [13.166659246630145, 63.010988160345285], [13.166676790406312, 63.01100168412835], [13.166670925697385, 63.01101423114024], [13.16653094006882, 63.011306256665186], [13.16653499641174, 63.011329131255955], [13.166575988661087, 63.01137164363338], [13.166644064049429, 63.01144472691278], [13.166644678674004, 63.01144878394542], [13.166658146631544, 63.011535748582205], [13.166680158819927, 63.01157629113237], [13.166702822895534, 63.011594486976016], [13.166727894118987, 63.01163822941394], [13.166731858204377, 63.011666669143345], [13.166720012363585, 63.01171250077878], [13.166736263164081, 63.01175544656132], [13.166737120045283, 63.01175690312122], [13.166722948240672, 63.01177180242811], [13.16669991200396, 63.011781882378976], [13.166690682875586, 63.011831348095996], [13.166703087033799, 63.01186255470253], [13.166722034647215, 63.011871347321815], [13.1668467200916, 63.01192134566013], [13.16686747335153, 63.011916793461225], [13.16695009585693, 63.01189221419271], [13.167067581209848, 63.01184476189957], [13.167138503055309, 63.01182938594072], [13.167231406277162, 63.011826720291815], [13.16728307380321, 63.01183199548143], [13.167317932040202, 63.011839737264246], [13.167362028549167, 63.01187216246516], [13.167383896714025, 63.01194052575603], [13.167281515211727, 63.011984672609664], [13.167291593476438, 63.012006673533904], [13.167321432903913, 63.01206764351481], [13.167333510313604, 63.01211760978169], [13.167323829361955, 63.01213304316735], [13.167296242293666, 63.01217597748895], [13.167269385617688, 63.01222395791106], [13.167295417982048, 63.01223099278749], [13.167340669310006, 63.012252578585574], [13.167342758296162, 63.01229517020813], [13.167341351971626, 63.012319473307066], [13.167333080093199, 63.01239777971809], [13.167353232992674, 63.01243271375593], [13.167374224838916, 63.012460575042155], [13.167406598227398, 63.01251549076366], [13.167479801356473, 63.01259729478364], [13.167502240682486, 63.01263326395145], [13.167517204481944, 63.012673131461824], [13.16750943556149, 63.012739333112], [13.167476595500661, 63.01281654912208], [13.167402611405876, 63.01294650732589], [13.167354257369487, 63.013090228616775], [13.167264173733788, 63.01336118365767], [13.167263917903902, 63.01340776702369], [13.167235124053077, 63.0134182752344], [13.167154330584573, 63.01347062930692], [13.167045939860898, 63.01356825175706], [13.16704697755794, 63.013571865369855], [13.167065006842764, 63.01373540826269], [13.166968060326711, 63.01396862060344], [13.166959741147224, 63.013973046669356], [13.166794462728094, 63.01408361414919], [13.166717563296775, 63.01411701209853], [13.166609191759619, 63.01413778306869], [13.166554664895823, 63.01416414488877], [13.166556602207418, 63.01417325570573], [13.166538958487578, 63.01424375545806], [13.166517648260799, 63.01427414798032], [13.166508244690494, 63.01428860631357], [13.166490045800082, 63.01430846311279], [13.166354265680878, 63.01451653615334], [13.166353865623833, 63.01452101995248], [13.166352667948514, 63.01460870124041], [13.1663412034581, 63.014680843240214], [13.166306916680647, 63.0147256297836], [13.166267014719395, 63.01474750356949], [13.166232586945476, 63.01476337920385], [13.166222412900964, 63.01477531369998], [13.166228222749975, 63.01479417991086], [13.16627767324975, 63.014882993622], [13.16629072279886, 63.01490047231668], [13.166274285334724, 63.01491838575046], [13.166204419474402, 63.01506817525013], [13.166211034612742, 63.0150779931285], [13.166274832877608, 63.0151570093341], [13.166213663461377, 63.015239091990665], [13.166201143236115, 63.01524433441676], [13.16611905136989, 63.01529334029261], [13.166132940295666, 63.015303746263875], [13.166176627780114, 63.015349355117394], [13.166203880449121, 63.015419440313636], [13.166228894069963, 63.01547924363506], [13.16619727515116, 63.015546976521755], [13.166188059786553, 63.015559372343716], [13.166159912414269, 63.0155733901458], [13.166104115235287, 63.015583117126255], [13.166024785505245, 63.015575534708766], [13.16596850201823, 63.01557098035845], [13.165962271654505, 63.01557643000791], [13.16593556827937, 63.01562691704825], [13.16588385019664, 63.01570729061305], [13.165907180015093, 63.015729086368744], [13.166016065537622, 63.01580312092724], [13.16596465961496, 63.01580332529626], [13.165907974783822, 63.01582938060065], [13.165814209719198, 63.01586129353262], [13.165757856694132, 63.015877028415325], [13.16574541549653, 63.01588792795027], [13.165738546058678, 63.01594193114639], [13.165775794352687, 63.01595825128185], [13.165950009230546, 63.01602874275169], [13.165950813212454, 63.016030728329106], [13.165908164312825, 63.01617464884773], [13.165828136017883, 63.01622944519113], [13.165728081858761, 63.01625639251526], [13.165676834675077, 63.016279223330834], [13.165676501968195, 63.01628074527147], [13.165696778866058, 63.01630553602289], [13.165686348681033, 63.01633569244343], [13.165627228784578, 63.016423457571506], [13.165562435736641, 63.01647350447752], [13.165547307086015, 63.01648786157659], [13.165568273967917, 63.01650512877619], [13.165582083700446, 63.01654039376902], [13.165557852276896, 63.016607180884826], [13.165594326668673, 63.01662985640427], [13.16569664717077, 63.01676346465009], [13.16569162146825, 63.01689758421528], [13.16565901160458, 63.016976329093026], [13.165597197273602, 63.0171399949419], [13.165585966730326, 63.01722031884848], [13.165619340829405, 63.01724895143199], [13.165722213622185, 63.01734360240346], [13.165909630458183, 63.01763725081301], [13.165911254464765, 63.01766519334928], [13.165942978283505, 63.01774496988927], [13.166039912280414, 63.017898672493665], [13.166110351639613, 63.018054841655704], [13.166110487780958, 63.018191119980145], [13.166108878141129, 63.01819566889838], [13.16608051491264, 63.01828419205327], [13.166082367809729, 63.01828772645897], [13.166150679517065, 63.018572504301154], [13.166122097251105, 63.018615425532296], [13.16608716345625, 63.0186672872753], [13.16608987752102, 63.01868763061939], [13.16613242803953, 63.018859347146844], [13.16620011274151, 63.018958730787844], [13.16621502223093, 63.01897525497511], [13.166209648074558, 63.019012686273854], [13.166192394382822, 63.01907250725222], [13.166204623032936, 63.01910119774373], [13.16622834984065, 63.01921017459822], [13.166225683785413, 63.019224307268686], [13.166242811796112, 63.01923603006333], [13.166361084976954, 63.01928509246367], [13.166361980088679, 63.019301363159975], [13.16637927464903, 63.01934379273508], [13.166437248692786, 63.019399902276824], [13.16648891626161, 63.01943811777575], [13.16651371439909, 63.019452319104666], [13.166792147769076, 63.01957673491474], [13.166912470785713, 63.019607346744905], [13.166919909513908, 63.01961036097022], [13.167133053199812, 63.01970078343744], [13.167137154813767, 63.019716664724754], [13.167167762565567, 63.0197538619387], [13.167224949518157, 63.01979011963973], [13.16726804329615, 63.01980313035725], [13.16746330821056, 63.01987051666082], [13.167851390708957, 63.01998638506583], [13.167952524862296, 63.02003279108439], [13.167961915583794, 63.02003808399885], [13.168102742543624, 63.02014826261803], [13.16812403605604, 63.02019031278623], [13.16824028399286, 63.02036879151755], [13.168248373475365, 63.0203822285267], [13.168331254910774, 63.02050793364576], [13.168407130662183, 63.02053646037746], [13.168466940344713, 63.02053946123371], [13.16860048305167, 63.020522291446746], [13.168841047083871, 63.02048637823925], [13.168980044849777, 63.020509526881824], [13.169061294661837, 63.020548483371314], [13.169290861082642, 63.02066937069619], [13.169310019195251, 63.02074172953831], [13.169336320809833, 63.02081583275691], [13.169363993980058, 63.02086617111572], [13.169361224454233, 63.02096235201273], [13.169319244624957, 63.021020102653395], [13.169363737365144, 63.021078927349706], [13.169332464433152, 63.021136430486536], [13.16927631953691, 63.021204502027096], [13.169235982992621, 63.02124612257139], [13.169202074970249, 63.021313180037765], [13.169237304816654, 63.02137380618253], [13.16923802950844, 63.021446716546045], [13.169182411941915, 63.02154828264648], [13.169163520313356, 63.02163492680955], [13.169170474200666, 63.021678146889364], [13.169245351439498, 63.02172864721668], [13.16943392307303, 63.0215881672369], [13.169532574508763, 63.02148264193072], [13.169642323143211, 63.02138135407964], [13.169736549159353, 63.021305102358625], [13.169832116048319, 63.02124906831765], [13.169931072044513, 63.02123197054394], [13.170000662039257, 63.021128771366214], [13.170058063813258, 63.021014129220084], [13.1701871080655, 63.02098771529328], [13.170354825662574, 63.02083517638494], [13.170538687397478, 63.02082109752559], [13.170751293095003, 63.02069866711417], [13.170831218169335, 63.02061244382796], [13.17083340124407, 63.02054668163533], [13.170621644187019, 63.02047800949415], [13.170728239198322, 63.02034776210103], [13.170887088249362, 63.02014236247876], [13.171044643805676, 63.020168011474105], [13.17120189248268, 63.020043643764446], [13.171262468125423, 63.02001389280966], [13.17135747165762, 63.019880909489046], [13.171441932019514, 63.019742079860045], [13.171557425664547, 63.01973660573222], [13.171681514140044, 63.01964026005641], [13.171787664192419, 63.019617992939615], [13.171930926648932, 63.01964211854382], [13.172202755338006, 63.01958578386407], [13.172277375844994, 63.01952325590884], [13.172588156942039, 63.01952589711389], [13.172755087331709, 63.01944749421764], [13.172910002710136, 63.01945845504982], [13.173179420050117, 63.019325945434865], [13.173380652286705, 63.01927914721543], [13.173554384881948, 63.01923031480379], [13.173567213049678, 63.01929187160206], [13.173653027317194, 63.01934383055787], [13.173671617863649, 63.01942479124665], [13.173810692631069, 63.019510512411856], [13.173840019093184, 63.01954463008552], [13.173818104622505, 63.019634351073236], [13.173866026834459, 63.019698802847266], [13.173846905176548, 63.01979252813891], [13.173949271457564, 63.01982316246961], [13.17390110224094, 63.0199212801134], [13.174063618534968, 63.01994441309696], [13.174153829629764, 63.019945379893905], [13.17432355696132, 63.01987752443472], [13.17446268097951, 63.01976781374629], [13.174673290277202, 63.01958841379758], [13.174925016804497, 63.01948779573219], [13.175023238878056, 63.01941969031561], [13.175199035396073, 63.019297640504035], [13.175322768324127, 63.019207392173364], [13.17541674772605, 63.01919513739789], [13.175589995331821, 63.01918246837913], [13.17583692129279, 63.019174403238765], [13.176025099242391, 63.01915618033], [13.176216924393865, 63.019127966859976], [13.176336254146031, 63.0190426616226], [13.176607139991297, 63.0189945481995], [13.176797555304368, 63.0190325639636], [13.177058322731, 63.01903319515072], [13.177135040585753, 63.01905463544536], [13.177185261664702, 63.01908932687836], [13.177360123801149, 63.01913118153729], [13.177525969544012, 63.019191809389824], [13.177520042740037, 63.01910408148554], [13.177530582108618, 63.01903748429033], [13.177406123566074, 63.01897358300909], [13.177355562111144, 63.018835120320446], [13.177364394218651, 63.01878321596861], [13.177571072026936, 63.01874144684123], [13.177713322478905, 63.018667164392674], [13.177777436634058, 63.018597971369715], [13.177675980147653, 63.018577146445786], [13.177699589495534, 63.01851895934431], [13.177895991059199, 63.01849711408796], [13.178031735984323, 63.0185783710059], [13.178063822345944, 63.018665232748766], [13.178092420709937, 63.01879754971437], [13.178195505680458, 63.018881608909176], [13.178378991849803, 63.01886473201475], [13.178783601292107, 63.018885266783315], [13.178900797495324, 63.018913565633994], [13.179096045842424, 63.01893083863771], [13.179225721255145, 63.01887310075979], [13.179469903589453, 63.01888679240567], [13.1797271283496, 63.01877083063649], [13.1797934246832, 63.01871918075607], [13.179961618601453, 63.018628674612], [13.180242349607806, 63.01865104097833], [13.180352188067493, 63.01869087038799], [13.180406711961114, 63.01874376935708], [13.180455955272437, 63.018822429871285], [13.180518786590811, 63.01889487284656], [13.180402374484991, 63.01892817399439], [13.180510142912443, 63.01900853890123], [13.180597398566682, 63.01905118401241], [13.180748873928362, 63.01905202775924], [13.180926491659703, 63.01894472726471], [13.181093632252795, 63.01885491550982], [13.181280728213972, 63.018721036118535], [13.18137305280915, 63.01862391479202], [13.181577988383681, 63.01856621757934], [13.181707944652718, 63.01841754373719], [13.181781249356073, 63.018349427758736], [13.182111110266074, 63.01829360471964], [13.182170823460224, 63.018150177682664], [13.182144476598207, 63.0179509333063], [13.18231878017669, 63.01786493806559], [13.182530836551992, 63.01770826867243], [13.182586688607694, 63.01784082696968], [13.182629723264323, 63.017938036111836], [13.18263723035983, 63.01803046146836], [13.182845083201103, 63.01804580838463], [13.183029053774833, 63.017988620905804], [13.183185214731521, 63.01799664176569], [13.18320235710779, 63.017906912174304], [13.183381829170566, 63.017950281985925], [13.183569285671886, 63.01797934453208], [13.183824656345559, 63.017875005056275], [13.184078205291213, 63.01784155829688], [13.184228925609284, 63.01785952752151], [13.184416875672566, 63.017892096663694], [13.184500818753488, 63.017951826694315], [13.184440804150386, 63.01802369676986], [13.184594993963207, 63.018099985751796], [13.18469086757937, 63.01815885425806], [13.18481012515817, 63.01814894669181], [13.185020648360341, 63.01820052359498], [13.185187392580353, 63.01816132850859], [13.185281004485418, 63.018119884325436], [13.185584591922481, 63.01806823212016], [13.185657527876177, 63.018136286426916], [13.185747890078993, 63.018163993009324], [13.185909156094933, 63.018108629435865], [13.186052866103578, 63.018130062046424], [13.186119414393414, 63.01818326553721], [13.186228888770055, 63.018200739645906], [13.186435323888661, 63.01814827988057], [13.18661301483402, 63.01810587471092], [13.186754769667862, 63.01809611025016], [13.186928527799706, 63.0179785900103], [13.18714456535209, 63.01785448292854], [13.18718750011664, 63.017761285842795], [13.186877825836785, 63.017770721126446], [13.1869545166872, 63.01772645539868], [13.187054739674021, 63.01761124255199], [13.187150127129273, 63.01752584614314], [13.187211905566398, 63.01753111779941], [13.187229043257195, 63.01760423800462], [13.187405647098894, 63.01759359973181], [13.187541475374461, 63.01749143877578], [13.187718141596212, 63.01736993277926], [13.187849109270003, 63.017253084269434], [13.188128977352743, 63.01723477205563], [13.188351143611818, 63.01722415058537], [13.18859526671865, 63.017235446669424], [13.188789945692493, 63.017271040910174], [13.188975851251408, 63.01733691275341], [13.18920473903596, 63.01741802239189], [13.189475421175223, 63.01758772179734], [13.189502747105152, 63.017615804258], [13.189613987424003, 63.01773005316211], [13.189784982424204, 63.017862169517095], [13.189943121038949, 63.01795816467138], [13.189956561312147, 63.018084036178344], [13.189946032408358, 63.01821309339767], [13.18994741575322, 63.018219467448645], [13.189963270859941, 63.0182923553671], [13.190137223714212, 63.01829169906789], [13.190271750102411, 63.018252211550404], [13.190380171248886, 63.018220398255416], [13.190528084091053, 63.01816959901093], [13.190775694567893, 63.01821628182505], [13.190868960134893, 63.01823579846791], [13.191092598231565, 63.01820726259978], [13.191286419951798, 63.018156672531276], [13.19135015005731, 63.018150565389355], [13.19160417194193, 63.01823381486631], [13.191618226116601, 63.01844944597399], [13.191545420217365, 63.01856667330099], [13.191544773353765, 63.018574565576536], [13.191537789544801, 63.01865989196034], [13.191604457367275, 63.01871485395563], [13.19187107822437, 63.01874088624874], [13.192138877868004, 63.01865564317525], [13.192178580527614, 63.01864665193879], [13.192493211716284, 63.01857544657008], [13.192841374047706, 63.01847360536972], [13.193105937904726, 63.01842779494802], [13.193417595910903, 63.01838636515088], [13.193678315376914, 63.01837967509549], [13.193813722486833, 63.01837507458208], [13.19413177081041, 63.01835170751807], [13.19450480999381, 63.01833284821332], [13.194559592836338, 63.01832634712167], [13.195087436945546, 63.01826365673029], [13.195332453447097, 63.01826418799771], [13.195554324390727, 63.01825714255102], [13.195763929071168, 63.01830374474942], [13.195938483252254, 63.018392822889645], [13.195995778885752, 63.01846559204891], [13.196020354250365, 63.018712958705116], [13.196021850744023, 63.01872807858015], [13.196224446457851, 63.018957631650736], [13.19629755718242, 63.01912758134491], [13.196563908658858, 63.01935103376273], [13.196780857740373, 63.01940493721777], [13.197026448436608, 63.01949521561634], [13.197049527314842, 63.01950741440667], [13.19723111620587, 63.019602757263215], [13.197328481527979, 63.01966899777027], [13.197679363208373, 63.0199225864082], [13.198160313931998, 63.020034768399626], [13.198470228175186, 63.02011175919236], [13.199048643397196, 63.020338749224194], [13.199052369055675, 63.02034050244666], [13.199757569933796, 63.02062544848245], [13.199886564353607, 63.02067757239819], [13.200354677985423, 63.02085055205445], [13.200706726244729, 63.020992858020755], [13.2011757130515, 63.02105815652289], [13.201797619903493, 63.02118703917114], [13.203018958502225, 63.02143005629046], [13.203406950138849, 63.02151912430208], [13.203851402361282, 63.02159475894322], [13.204195878581071, 63.02173335074024], [13.204567572715206, 63.021926234977556], [13.204937813211886, 63.022137055441675], [13.205210947631313, 63.0222780343371], [13.20552328539313, 63.02242752713693], [13.205576214977494, 63.022452869582935], [13.20564235094831, 63.02247331599554], [13.205817076150954, 63.02252736995011], [13.206116025873328, 63.022619834911566], [13.206555551772782, 63.0227564207632], [13.207166728706149, 63.0229209917247], [13.207191188016987, 63.02292723601764], [13.20793346677506, 63.02311687899667], [13.208601077232501, 63.02326803625926], [13.20921133547159, 63.02334644420869], [13.209625364400416, 63.02351536788917], [13.209902781089896, 63.02369183603985], [13.21029971227278, 63.02396410061744], [13.210629212918665, 63.02438601557762], [13.210977010475398, 63.02458208133182], [13.211349941015813, 63.02476060700586], [13.211669292080613, 63.024819776570766], [13.211977773719097, 63.02481182448934], [13.212176328092808, 63.024806702349785], [13.21254824517914, 63.024802127199344], [13.212711173747744, 63.02484074308957], [13.21311047491949, 63.025084327190136], [13.213420539545199, 63.02525821076132], [13.213717437440279, 63.02539958030589], [13.214052675367395, 63.02555593231541], [13.214244318377999, 63.02572784336473], [13.214595358692774, 63.025884465279304], [13.214830536153656, 63.02600683756162], [13.215128190393575, 63.026334880263995], [13.215237718857866, 63.02654491522964], [13.215494272627916, 63.026696365753224], [13.215812649674849, 63.02696371783046], [13.215997095286355, 63.0272252508045], [13.216174778645396, 63.02747231579773], [13.216014498154397, 63.027792724211274], [13.21587549901504, 63.028045286141605], [13.215713611462784, 63.02818977174276], [13.215417526056859, 63.02842894158581], [13.215211010975715, 63.02873423100403], [13.214960857714605, 63.028992114475], [13.214813286342494, 63.0291547892036], [13.214855890639495, 63.02941036836203], [13.214975933331099, 63.029588269742405], [13.215088357216295, 63.029762447867995], [13.215394958706, 63.02988242487006], [13.215612001215106, 63.02993629949236], [13.215853767011044, 63.03017365970914], [13.215824347186109, 63.03034189201849], [13.215701645489508, 63.03049061548316], [13.215664241249728, 63.03056178676056], [13.215692164771852, 63.03070583764627], [13.215822766767023, 63.03094853846809], [13.215834872473199, 63.031092327032994], [13.215822126197352, 63.03125005902283], [13.215878512672651, 63.03153100318], [13.216172881441766, 63.031704628031235], [13.216566432824838, 63.031922972732076], [13.216547308480758, 63.03215957516568], [13.21637208026227, 63.032468968384705], [13.216416431645717, 63.03270304901568], [13.216723348422123, 63.032819426629295], [13.217035840711276, 63.0329646386731], [13.216859074077187, 63.0331950263786], [13.216717364395658, 63.03338292378409], [13.216945340536558, 63.03388928932237], [13.217305596225279, 63.03412861515525], [13.217727449284329, 63.03419306512216], [13.218451223448117, 63.0343379223363], [13.218880684295238, 63.03440609160925], [13.2194889001583, 63.0345131289836], [13.220039315192574, 63.03474842067711], [13.220221147090802, 63.034945292065714], [13.220373446963835, 63.035080168301434], [13.220396951665643, 63.03516160511799], [13.22071319459016, 63.03523628136061], [13.221040364812591, 63.03529649635118], [13.221340275851388, 63.035263860883454], [13.221499324386865, 63.03520150687103], [13.22149940505366, 63.03520148095134], [13.221499420436166, 63.03520155296695], [13.221499709861734, 63.03520491429604], [13.222051240244568, 63.04138977826012], [13.22606653538796, 63.08634770812208], [13.226071663555796, 63.08640495137478], [13.226207856610001, 63.087927705083914], [13.23130931039752, 63.08888349713462], [13.241692263035505, 63.09082805054715], [13.244583008220639, 63.09135660428867], [13.267943643880992, 63.09557370450003], [13.28842890236158, 63.099238062077234], [13.311401214361254, 63.103417607515404], [13.328832130755842, 63.106581690032186], [13.335944567574392, 63.107871935383976], [13.359363592534338, 63.112150225034085], [13.384108049047404, 63.11671169405557], [13.402102458644942, 63.11995704576593], [13.421657121703062, 63.12341999027235], [13.426467139337156, 63.12430576743177], [13.437017560329835, 63.12613543779272], [13.439326173499454, 63.126535566126], [13.443800808505047, 63.1273109835891], [13.445361636098745, 63.127593812630664], [13.452727071691514, 63.12892820572282], [13.452727108948613, 63.128928251014386], [13.456275391912774, 63.13311762766907], [13.456308580806484, 63.13315680546873], [13.456572768538143, 63.13346868706163], [13.45662777981818, 63.13353362386905], [13.472565254558523, 63.15233427275498], [13.47589447077455, 63.15860622653334], [13.476140002005279, 63.15906812324071], [13.458008619004845, 63.15976274233621], [13.44985171845857, 63.16116087183921], [13.422696901377048, 63.1728312937786], [13.42767063962669, 63.17362183122025], [13.432763217964675, 63.1744318525346], [13.437824328312898, 63.17523632460725], [13.439004578979567, 63.17542421709477], [13.439256314121966, 63.17580055354944], [13.439780635233555, 63.176582934492], [13.441144204900128, 63.178610518190716], [13.443541179076329, 63.18216737187748], [13.44338731093279, 63.18292156881471], [13.442964675403468, 63.185027469917976], [13.442640072991669, 63.1866346849104], [13.439535367278088, 63.18854253104579], [13.438866268831097, 63.18627770305743], [13.438242172840013, 63.1842144953601], [13.438094683277045, 63.183726435873865], [13.437929546685858, 63.1831794723735], [13.432330873762513, 63.18246620835579], [13.428008075123191, 63.181921393417184], [13.421225176350092, 63.181065515819625], [13.414242048045862, 63.18018483983057], [13.410450848538469, 63.17970596833313], [13.407248652972887, 63.17930103563378], [13.402236697631562, 63.181401364813645], [13.380167617786181, 63.19064400535034], [13.30063917637231, 63.19170506385167], [13.271485852084353, 63.181865952736395], [13.25607092702557, 63.176658380345366], [13.255903894475376, 63.176601934705474], [13.231467472455677, 63.168375591540475], [13.22462475768566, 63.16421097612965], [13.207712256583626, 63.15690435751675], [13.206095669219572, 63.157075227402906], [13.206183809122145, 63.15710696399308], [13.206237274386268, 63.15715489808309], [13.206210543944895, 63.15718969004661], [13.20610041056298, 63.157235601921585], [13.206003594154955, 63.15725043963176], [13.205740724817696, 63.157257020061614], [13.205637441139862, 63.15726437817196], [13.205530527708685, 63.157256580873955], [13.205345306848688, 63.15724106933863], [13.205255883474106, 63.15725064929345], [13.205060230177647, 63.157316190776335], [13.204689640068617, 63.15736845940401], [13.204502034737438, 63.15737929308384], [13.204440831374352, 63.15739550483374], [13.204402950950104, 63.15743268716988], [13.204330019098308, 63.15751106471427], [13.20421833991002, 63.15757643721301], [13.204089133477325, 63.157608989902606], [13.204003247819625, 63.157605973238525], [13.203364408186152, 63.15757675674011], [13.202866453309726, 63.15758584207959], [13.202729382209775, 63.157642129783234], [13.202608737895149, 63.15772331399934], [13.202426858914983, 63.15788945984662], [13.202292305580315, 63.15793070546752], [13.202137640291426, 63.1579574935578], [13.201731307345902, 63.15799869031167], [13.201475132216945, 63.158039058977884], [13.201323792757893, 63.15801311738852], [13.20135738837384, 63.1579618493994], [13.201398589079599, 63.15787660736758], [13.20135609527674, 63.15785679389432], [13.20121837177248, 63.15782518019646], [13.200981414276763, 63.1577643703272], [13.200957494223557, 63.1577367301102], [13.20088652384848, 63.15766926109192], [13.200742614203905, 63.15760037389403], [13.20060408333459, 63.15756227642382], [13.20008521838279, 63.15744170925505], [13.199973239199988, 63.15740419017252], [13.199750748833363, 63.15729525256715], [13.199587456629539, 63.157243149084294], [13.199330677978901, 63.15713807627966], [13.19917293465088, 63.1570906482477], [13.19907898384644, 63.15708452772643], [13.198858770740488, 63.15709160957902], [13.198338362667817, 63.157098831987675], [13.198226819602255, 63.15707865299031], [13.198193823223754, 63.15705910271448], [13.198205184282871, 63.15700114314422], [13.19834759527051, 63.156881311443435], [13.198365989226641, 63.15680472258215], [13.19834978406934, 63.15667363085502], [13.198290194965251, 63.15666508197043], [13.198181275360584, 63.156668556578566], [13.198112267545483, 63.156661091092424], [13.198065547960896, 63.15662881575803], [13.198034178967811, 63.156551397793656], [13.198010784651668, 63.1564760112512], [13.197913271982738, 63.156471972444486], [13.19778536550778, 63.15648802590508], [13.197704644755067, 63.156520200757726], [13.197600395681288, 63.1565559013627], [13.197537992442989, 63.15655431007045], [13.197496088022543, 63.156530193574724], [13.197426808938808, 63.15649481258755], [13.197110680639446, 63.15647571576165], [13.196939703857343, 63.156432085270254], [13.196744422376904, 63.15642238686966], [13.196408363564823, 63.15641539762952], [13.196079366920227, 63.156437899361435], [13.195987155788957, 63.15638817613014], [13.195860718190646, 63.156312862310365], [13.195808409127894, 63.15625876215271], [13.19590970170359, 63.15616331446056], [13.19591719065417, 63.156115333934665], [13.195884498965745, 63.15607047877138], [13.1957909140048, 63.155958872460026], [13.195703694200175, 63.15587136238184], [13.195564308614705, 63.15580317361265], [13.195452677854858, 63.15577078154968], [13.195206496137631, 63.15576203200614], [13.194906842549699, 63.155745384054214], [13.194685455592731, 63.15570827401611], [13.194498109900698, 63.155676731827086], [13.193958813031413, 63.15558744751188], [13.193810160063641, 63.155545120611194], [13.19360631650171, 63.15549828474043], [13.193249967034115, 63.15541236686299], [13.193067574862942, 63.15536349593193], [13.192699909976211, 63.155297381134424], [13.192355891520924, 63.15528835062186], [13.192173190168486, 63.15531110791132], [13.192047444250052, 63.15535816585592], [13.191947672981584, 63.15541468486456], [13.191902253789236, 63.155475783423185], [13.191879600795966, 63.155544309230045], [13.191856780162992, 63.15563464879023], [13.191924214213708, 63.15572341761779], [13.192108076666827, 63.155912540913405], [13.192217484886557, 63.15596526882994], [13.192362216407568, 63.155998192670275], [13.19260311284195, 63.15601276923846], [13.192968940886614, 63.15604410802582], [13.193686101013151, 63.15615120863625], [13.193900463281215, 63.15618478339573], [13.194587444682286, 63.156300931036434], [13.194880323727608, 63.15638414408942], [13.195032005614372, 63.156463424716016], [13.195046079447925, 63.15651009029877], [13.195034120458427, 63.156658348988785], [13.194959075819865, 63.15676649214715], [13.194849312061692, 63.15681034424943], [13.194671799409136, 63.156887782289616], [13.194693294940274, 63.156951106184806], [13.194798663773527, 63.157075306176644], [13.194864157243508, 63.1571747233114], [13.194820205704772, 63.15722408957984], [13.194716253826847, 63.157274066479445], [13.194564044730658, 63.1573525982503], [13.194411532871896, 63.15743247267301], [13.194193088346896, 63.157417762923984], [13.194029934140687, 63.15741943128837], [13.193870989269888, 63.15741407856856], [13.193796113499692, 63.157392414377696], [13.193759947497046, 63.15736194171849], [13.19365697303082, 63.15729056939942], [13.19349512992564, 63.15724916971486], [13.193384396846673, 63.15724632420622], [13.193189329494198, 63.15726086354564], [13.192935312416862, 63.157290390247404], [13.192799670976791, 63.1573218274013], [13.19268626049851, 63.157395141252444], [13.192610458020715, 63.15742121717043], [13.192480740351874, 63.15745284615247], [13.192456204733576, 63.157504730289965], [13.192376761467083, 63.157624011409304], [13.192175113434812, 63.15779516289273], [13.192091398619247, 63.15785835048386], [13.19195816340758, 63.1577749205135], [13.191888761559987, 63.157734238369045], [13.191854582632061, 63.15773468288936], [13.191742745529378, 63.15774411256943], [13.191539063142983, 63.157790096678816], [13.19141681484411, 63.157857946252996], [13.19138831486665, 63.1579119164227], [13.19134612849529, 63.158082602300446], [13.191280025444431, 63.15820374061455], [13.191300280711237, 63.158271888270335], [13.19136103433233, 63.15836214328998], [13.191378149738298, 63.15841695491087], [13.19120965532434, 63.15855487891643], [13.1909364679299, 63.158794910194985], [13.190810604333024, 63.15876171373368], [13.190705488313764, 63.15870753126697], [13.190605596863096, 63.15865936753998], [13.19042584929562, 63.158607313061424], [13.190338042750298, 63.15855291102185], [13.190344786655803, 63.15851990505349], [13.190381822047836, 63.15840200568821], [13.190231572713602, 63.15795873608094], [13.190209700210163, 63.15789746252919], [13.190122510076051, 63.157818567944005], [13.190078242170259, 63.15775472852086], [13.190086515316148, 63.15768064198046], [13.19019661525285, 63.157606731314836], [13.190347956112324, 63.15750476114809], [13.190614967015604, 63.15728247311694], [13.190662729085814, 63.157171138453144], [13.190641136521482, 63.15708689450837], [13.190581964183998, 63.157034096429484], [13.190477048516032, 63.15699113844139], [13.190259145016242, 63.15694394803346], [13.190150760987429, 63.15693943314048], [13.19007219980972, 63.15696069639039], [13.189807714934652, 63.15704281030305], [13.189700274932683, 63.1570562625817], [13.18944074053529, 63.15706566540403], [13.188931297733765, 63.157043788598166], [13.188779538879285, 63.15699395631493], [13.188335586210263, 63.156842493196116], [13.188053253777092, 63.15674607814811], [13.187801758070771, 63.156675095077794], [13.187659243739603, 63.15659778197668], [13.187418207756687, 63.156485876503034], [13.187235734312454, 63.15643771523841], [13.18695742073278, 63.15639119370025], [13.186612048125415, 63.15632673937766], [13.186495812553515, 63.15627728650135], [13.186206006482513, 63.15615576916059], [13.185542690464988, 63.15597825979032], [13.18539500657978, 63.15587040775724], [13.185229604552827, 63.15573888815157], [13.18508634174203, 63.15570294124491], [13.184996168096493, 63.15570765087924], [13.184836980200553, 63.155746994044684], [13.184785515502014, 63.15578482363433], [13.18468768431468, 63.155845941146524], [13.184538123860994, 63.15588402451971], [13.184403913059088, 63.1559236507107], [13.184335765577892, 63.155972659557634], [13.184211537066888, 63.15603805371], [13.18411774218404, 63.156056515290395], [13.18406090968333, 63.15604397360564], [13.184062681928484, 63.156015644523], [13.184048142607173, 63.155970040077236], [13.183957431587295, 63.15593254673398], [13.183774779371605, 63.155886434548826], [13.183298337031307, 63.155835709939915], [13.182988898513766, 63.15580862304372], [13.182571457444787, 63.155775143266], [13.18240415424762, 63.15578327190413], [13.182276541159483, 63.155811345400885], [13.182075148797646, 63.15586067602753], [13.181936561196453, 63.15586520366444], [13.181853735416006, 63.15583943613155], [13.181795860936965, 63.15581153718541], [13.181347798613817, 63.15583965307091], [13.181071218143453, 63.155565142731284], [13.175765380482407, 63.15615816724096], [13.171822071540387, 63.157079377009225], [13.171812098944985, 63.15709680016858], [13.17176378089412, 63.15714141703484], [13.17167633984306, 63.15715558911839], [13.171356861151486, 63.15720396754063], [13.171208731242505, 63.157250144514514], [13.17111954198779, 63.15729866970794], [13.170953214731169, 63.15739666524167], [13.17070670127464, 63.1574352627708], [13.170569360770688, 63.157465211601405], [13.1700259456497, 63.15761849762989], [13.169908266052206, 63.15765276620134], [13.169885544832859, 63.15765601953699], [13.16954770803597, 63.15766823714971], [13.169382647570703, 63.15762324889104], [13.169129469078339, 63.15758865156865], [13.169006272218452, 63.1575920184905], [13.168906737160414, 63.15761027043658], [13.168460456558622, 63.15772999642864], [13.16836817372489, 63.15771858015714], [13.168144273127725, 63.15764385994149], [13.168065540227428, 63.15765370715965], [13.167835326335844, 63.15770733243252], [13.167559641617672, 63.15779367809337], [13.166986044890686, 63.158016419420896], [13.166840883375405, 63.15802987923425], [13.166475757764104, 63.15804525652917], [13.166384584593345, 63.15803261436465], [13.16627405239718, 63.15799922576678], [13.166054014157202, 63.15792564740536], [13.165068061484122, 63.15786690539158], [13.164407315563546, 63.15783189730847], [13.16427323686187, 63.157852204218344], [13.164078003070266, 63.15788349008988], [13.16398317116669, 63.157874093911566], [13.163913697710711, 63.15784550786294], [13.163821666474986, 63.15781632478353], [13.163702116103586, 63.15779246865866], [13.163171221771163, 63.15769011283524], [13.16310038675371, 63.15765701985202], [13.163104205435365, 63.157634642676754], [13.163082167351565, 63.157588813072245], [13.163051468061504, 63.157520462767074], [13.16314546302005, 63.157434504349226], [13.163155627365484, 63.15738181936839], [13.163118469869989, 63.15729943399032], [13.163035279080791, 63.157225349986334], [13.162895805296984, 63.157100037402344], [13.162805010450011, 63.15703757090316], [13.162682151897675, 63.15699577827618], [13.162223280756042, 63.156893874993855], [13.16198593524141, 63.15685372393863], [13.161805317452352, 63.15681166752655], [13.16157129121148, 63.1567307276122], [13.161511689426694, 63.1566874278309], [13.16145221937442, 63.156562431549425], [13.161355678999206, 63.15653244324797], [13.16128925774241, 63.15653380948878], [13.161046667945557, 63.15654014788856], [13.16097024480806, 63.15651385841403], [13.160880605595171, 63.156486517860635], [13.160768718060108, 63.15648128868378], [13.160639802093455, 63.15647125112398], [13.16055720019802, 63.156432186722775], [13.160499979309074, 63.156380487166174], [13.160444440076734, 63.15624272998623], [13.160352877450864, 63.15619093549893], [13.16015551893838, 63.156110504223726], [13.160091229760127, 63.156066658258915], [13.160090814281864, 63.15600148283084], [13.16004243993828, 63.155933342612926], [13.159973049018145, 63.15591705523947], [13.159745867905336, 63.15586550453947], [13.159595347062433, 63.15581799079435], [13.159508173569831, 63.15581600775871], [13.159319679385563, 63.155836636904155], [13.159210940987334, 63.15579681981528], [13.159103970556652, 63.15573351262965], [13.159087538869521, 63.155698016679594], [13.159083579772348, 63.1555456833858], [13.159131241979795, 63.15545626278795], [13.159097868457707, 63.15541085108772], [13.158954217570741, 63.15531642676982], [13.158639519800179, 63.155146991504076], [13.158462119634535, 63.15505695896702], [13.158355976636152, 63.15498881387358], [13.158234975965103, 63.15493987703265], [13.158051916304029, 63.15486617303323], [13.15797644370646, 63.15485129605562], [13.157891829567573, 63.1548343701795], [13.157746455005734, 63.154780663615476], [13.157498719327696, 63.15464120080811], [13.157455496276578, 63.15460807719166], [13.15738102384217, 63.1545952867493], [13.157296136049906, 63.15456830177797], [13.157276410460677, 63.15453219722467], [13.157231222218718, 63.154409628769805], [13.157041682633807, 63.15433301126996], [13.156763559778689, 63.1542504401847], [13.156742055443008, 63.15421422267272], [13.156728602133938, 63.15414188411792], [13.156760882348342, 63.154094999032345], [13.156826859789543, 63.15406364321842], [13.15691755114475, 63.1540204522559], [13.15695260328884, 63.15385610117059], [13.156900915110032, 63.1538397009068], [13.156651071848168, 63.153793022026946], [13.15638577322362, 63.153774332395244], [13.156256992812521, 63.15371079352896], [13.156202219764477, 63.15363669724277], [13.156136132584578, 63.15357351467235], [13.15604552919827, 63.15350468077217], [13.155856731067336, 63.15338965503833], [13.155712798091606, 63.153335614867444], [13.155600994373355, 63.15327302313821], [13.15557145682855, 63.1532095430717], [13.155591816388274, 63.15314312916414], [13.155726196511061, 63.15294096136456], [13.156006430151145, 63.152754711597204], [13.156055513681823, 63.15270643791294], [13.156110161155514, 63.15255368053384], [13.156097074802743, 63.15242308942716], [13.156038878401302, 63.15221696529995], [13.156078177423792, 63.15216051138497], [13.156358022456057, 63.15183923817868], [13.156462104182026, 63.15174701391704], [13.156572022016153, 63.151704180662676], [13.156648072798435, 63.151699494292146], [13.156986466648705, 63.15169127444796], [13.15707070683319, 63.15163825873067], [13.157085978205838, 63.15161565328554], [13.15458973809468, 63.145912451518825], [13.15449790863914, 63.14571427255768], [13.154481605574645, 63.145720775101175], [13.154435830254146, 63.14573903335497], [13.154409722773531, 63.14574696874745], [13.154162006805059, 63.14582225860828], [13.154078884798583, 63.14583697765973], [13.153814777155514, 63.14592231901688], [13.15371431252924, 63.145985540482194], [13.153625833385345, 63.14610332900561], [13.153500272763635, 63.146154306636625], [13.15323530651243, 63.14621284675431], [13.153037774623447, 63.14622578468028], [13.152908646296918, 63.1462115684363], [13.152523780680474, 63.1461625559588], [13.152507039368267, 63.14616748145145], [13.152417226927398, 63.14632008421939], [13.152254790779976, 63.14647130156287], [13.152115783160406, 63.14649445561641], [13.152042367571084, 63.14647309126444], [13.151919124098391, 63.14644030911662], [13.151842878441483, 63.14644355114162], [13.15156794383247, 63.14657250734081], [13.151353930228444, 63.14670670507709], [13.151116206662673, 63.1467759880387], [13.15081156301222, 63.14682739196365], [13.150672617971175, 63.146856498668], [13.150628580414752, 63.14687286608913], [13.150570751132204, 63.14692568257682], [13.150450181350072, 63.14703929475663], [13.150350919488357, 63.14711586264264], [13.15025554747834, 63.147182769801105], [13.15034241756695, 63.14720019675359], [13.150539901814636, 63.14726342470596], [13.150592569113552, 63.14730846792433], [13.150584639010741, 63.14736055381935], [13.150468627034687, 63.14740176955394], [13.150375158974786, 63.1474169002215], [13.150229775830365, 63.14739979703981], [13.150142364487923, 63.14737359698098], [13.15004617775676, 63.14731715276717], [13.150027266478613, 63.147317115457966], [13.150012617483114, 63.147322611098964], [13.150008767539623, 63.14740195219208], [13.149937155009107, 63.14742604724649], [13.149860126171449, 63.14745499422662], [13.149850869363679, 63.147523395334225], [13.14989011657673, 63.1475448837196], [13.150031750882533, 63.147594574720586], [13.150084033544106, 63.147664346237434], [13.150098407438117, 63.14774068833084], [13.149994087782675, 63.14810024692433], [13.149925660135777, 63.14815703958993], [13.149789865262592, 63.14819780481365], [13.149683679625122, 63.14823753202188], [13.149647787123024, 63.14827106777894], [13.149575584661171, 63.14834674180414], [13.1494835083385, 63.14837405237732], [13.149271630452407, 63.14841822879312], [13.148901253158567, 63.14844689979113], [13.14860173430742, 63.14844221212508], [13.148041968054471, 63.1484257502344], [13.147269543725708, 63.14845121211938], [13.146631709731519, 63.14845164812719], [13.146246370501277, 63.14849104741981], [13.145796740070073, 63.14850489509889], [13.14565144694522, 63.14849886174757], [13.145546219242103, 63.14845986154503], [13.145423079073874, 63.14835790954314], [13.145367461002351, 63.14829694392715], [13.145308264802544, 63.14825079441034], [13.14528672977911, 63.148210592862924], [13.145221515489991, 63.14813672715935], [13.145128538696573, 63.14809095040963], [13.145025792270106, 63.14802122131162], [13.144862594668263, 63.14785943018484], [13.144804224053189, 63.14784704806486], [13.144697310935255, 63.14784762121678], [13.144675647710763, 63.14784734342724], [13.144483433367506, 63.147844880082594], [13.144314144571595, 63.147835583288234], [13.14402708853967, 63.14786208897836], [13.143891803609096, 63.14785917878552], [13.143726519343284, 63.14786340497415], [13.143679877584933, 63.14786596235947], [13.143541101278792, 63.14786618703378], [13.143412650375115, 63.14785123126106], [13.143344497616837, 63.147831976388574], [13.143339828980809, 63.14783197906004], [13.143260513183892, 63.14784597136759], [13.142866604978032, 63.147792067860365], [13.142426553723968, 63.147832733946], [13.142295153079006, 63.14785834195141], [13.142174609090876, 63.147912374990874], [13.14178728122257, 63.14808403523181], [13.141512262701822, 63.14809174653487], [13.14129470195585, 63.14811141596568], [13.140812769717355, 63.14809076178158], [13.140687243482622, 63.148054314654836], [13.1406247223248, 63.14804195453871], [13.140494926695839, 63.148033562889935], [13.140208315889389, 63.14802869887294], [13.140011011835252, 63.14804813259622], [13.139895968936532, 63.14807954510281], [13.139795130066215, 63.1481165618398], [13.139669812420335, 63.148185157030916], [13.139531763655986, 63.14819562303639], [13.139266759110246, 63.148222384880036], [13.139120548834242, 63.14819647637397], [13.13903632705002, 63.14818829485005], [13.138946272931955, 63.14820105944983], [13.138864740398299, 63.14822431598122], [13.138683431305063, 63.14825739304261], [13.13844815405615, 63.14827541627565], [13.138226758990475, 63.14831573019575], [13.137916742876728, 63.14837537680913], [13.137805790638074, 63.14839807080873], [13.137545299716676, 63.14850542406965], [13.137367858454251, 63.148658242742364], [13.137185762630834, 63.14871653821013], [13.13672758447309, 63.14880498341494], [13.136545321964073, 63.14880370389933], [13.136095049745899, 63.148786840387224], [13.13584797437532, 63.14879517617931], [13.135217057380697, 63.14877741318553], [13.134873579392936, 63.148810017462154], [13.134458237608781, 63.148864730768835], [13.13418957933316, 63.148919418467706], [13.134013056895972, 63.148981515323676], [13.133885686894065, 63.1490120301917], [13.1336523564981, 63.14904584714816], [13.133458268574516, 63.14907478675642], [13.133245197613945, 63.149113856704915], [13.133224042567074, 63.14911418178829], [13.132918056554129, 63.14911888003087], [13.132702546772881, 63.1491429518044], [13.132553749980488, 63.14916631639999], [13.13206074365546, 63.149170084610454], [13.131944262941147, 63.14918565726802], [13.131760870872192, 63.14920254243696], [13.131743149084661, 63.149204173888045], [13.131391609132093, 63.14924454273054], [13.131228576922014, 63.149251520576684], [13.13105234687262, 63.14926006347909], [13.130931820988126, 63.14927752936122], [13.130918395911175, 63.14930741784089], [13.130855298807937, 63.14943242149888], [13.130750420935378, 63.14946988243449], [13.130601452492463, 63.14952052576271], [13.130565215960702, 63.149557800670244], [13.130522597718407, 63.1496016387698], [13.130444477365208, 63.14961510827148], [13.130027728631564, 63.149701920464516], [13.12967979402562, 63.14978417965222], [13.129626172185983, 63.14984118856286], [13.129551012654524, 63.1498746832558], [13.129486029452186, 63.14991053225778], [13.129370677787778, 63.149974168480256], [13.129253975400067, 63.15003854993489], [13.12912749994574, 63.14998438991658], [13.122810259561946, 63.14727876732103], [13.115368569110755, 63.14839922955228], [13.107844976996663, 63.14953188876748], [13.100579423270288, 63.15062502533384], [13.09595332712376, 63.154381236952325], [13.086888056326268, 63.153369197856904], [13.078895688065826, 63.15247612365276], [13.070910437855089, 63.15158366969733], [13.062844029550334, 63.150681358015945], [13.054964508350352, 63.149799944112274], [13.04717621070136, 63.14892780037884], [13.040579943411174, 63.14910807607113], [13.033979463176458, 63.14928786195981], [13.030886543357099, 63.151887063664496], [13.035878788935747, 63.152761613378026], [13.040833530714423, 63.15362960392365], [13.03813715845441, 63.15562861071599], [13.03792762262947, 63.15578394029221], [13.037710715671977, 63.15569877089253], [13.036995171384609, 63.15554095302077], [13.036076558654011, 63.15534676163121], [13.034666059905792, 63.15514639236007], [13.033409446060704, 63.15483417133903], [13.03221826252348, 63.15458427493711], [13.0314140454775, 63.154521607255525], [13.03050709217311, 63.15445328984022], [13.029466209871117, 63.15453671603365], [13.027789910355077, 63.154618274978944], [13.026961618738628, 63.15456113722225], [13.026172477043945, 63.15450671171792], [13.02538198555568, 63.154395700076996], [13.024624749254352, 63.15427106886076], [13.023968920965881, 63.15409121044099], [13.02325750467955, 63.15383824600854], [13.022777763062752, 63.15350060801533], [13.02244996626533, 63.15322743919136], [13.021867182597072, 63.152887518334076], [13.02144284296165, 63.152698429682246], [13.020912428021395, 63.15260757332], [13.020345518263472, 63.15248714332127], [13.01962840183747, 63.15235979408787], [13.018933743810528, 63.15239101454028], [13.01809040942104, 63.152400951236565], [13.017441921501206, 63.15230026283143], [13.01694078661636, 63.15215973752194], [13.01655012522659, 63.15195341709308], [13.016016066285845, 63.15124088910453], [13.015524623131526, 63.150938902896975], [13.01513085687543, 63.15076124738905], [13.014549813717807, 63.150697976154184], [13.013845982776292, 63.150667891935306], [13.012894310226256, 63.150797532998766], [13.011990443302237, 63.1508527967926], [13.011131738382824, 63.15085875940286], [13.010030345754062, 63.15075868358996], [13.009273076850775, 63.15078127526313], [13.008607624736511, 63.15069094713302], [13.008335618353266, 63.15056270922775], [13.008140457953944, 63.150385890218516], [13.008389499442545, 63.15021539440317], [13.008760946062434, 63.15001530815538], [13.009322915395162, 63.14974405573568], [13.009661887146487, 63.14955042505658], [13.009855548236187, 63.14915954096657], [13.010084631678518, 63.14888082538842], [13.01005813174421, 63.148614354979756], [13.009945224221058, 63.14848487599065], [13.00975458128812, 63.14826624765436], [13.009239493873718, 63.14832206928811], [13.009223874006764, 63.148290480000774], [13.009124676510993, 63.14812324131769], [13.008953458097663, 63.14801949234421], [13.008762871869337, 63.1479848557624], [13.008444906521751, 63.147925078972044], [13.008185746068339, 63.147916108984994], [13.007869907543364, 63.147900004290726], [13.007611026733285, 63.147847043460025], [13.007362483616935, 63.147717794934884], [13.007004990295387, 63.14742569373976], [13.006742534474393, 63.1472247992705], [13.00647846412267, 63.14690464958612], [13.006323999016635, 63.14670139248042], [13.006223122761295, 63.146498214661165], [13.006045940433806, 63.146168555560834], [13.005844248002937, 63.145897296912004], [13.005538058930977, 63.145625152992686], [13.004869893962564, 63.14518820461143], [13.004148805394681, 63.14475919059144], [13.003382706308205, 63.14440577437165], [13.002758697918548, 63.14414520535449], [13.00258518693898, 63.144065639431325], [13.002067577590337, 63.14392819421714], [13.001372622125308, 63.14377772686804], [13.00052675662541, 63.14365263047619], [12.999359068065221, 63.14355564648098], [12.998289618480708, 63.143487611042964], [12.997430850651021, 63.14343882744184], [12.99640438289167, 63.143387976233285], [12.99586298738596, 63.14337348079388], [12.99537034847339, 63.143396761618035], [12.994946258895483, 63.1434028101776], [12.994401643747702, 63.143450456745434], [12.993630441110193, 63.14349540959341], [12.992452325733797, 63.143539019723676], [12.991659070451572, 63.1435555117406], [12.990825288394943, 63.14357254784779], [12.990111768230308, 63.14359546633455], [12.989548761915199, 63.143611580202666], [12.989221436081978, 63.14360624222322], [12.988957773576534, 63.143639972767716], [12.988668163227095, 63.14363655065852], [12.988371319199084, 63.14364816295923], [12.98807074225446, 63.14368214072576], [12.987832214420107, 63.14368593249897], [12.987640198354901, 63.14366237090396], [12.987530060756596, 63.14360918336044], [12.987159152232621, 63.143539682549985], [12.986905785665906, 63.14353079130892], [12.986670924253286, 63.14350089237026], [12.98638177106683, 63.143398727806456], [12.98613518562321, 63.14330179957828], [12.985853432401063, 63.143143929268746], [12.985577356994742, 63.142954032254444], [12.98522948986412, 63.142639267503355], [12.98501545325738, 63.14235454048534], [12.984854391816153, 63.14209438506053], [12.984605981148391, 63.1417651660828], [12.9845002918908, 63.141578566455664], [12.984477038605846, 63.14141147153238], [12.984447996112653, 63.141285478252115], [12.984380287324159, 63.1411736064223], [12.984247817150019, 63.14107069083132], [12.984038058382428, 63.14100339871475], [12.983791817055865, 63.14092964421252], [12.983542155371731, 63.14088687897609], [12.98312457449222, 63.14087739783973], [12.982704529153345, 63.140899116281936], [12.982238120398671, 63.1409366046901], [12.981781857076703, 63.14099628682814], [12.98140530727201, 63.141062587313854], [12.981069683232763, 63.14114478626694], [12.980699997373147, 63.141191376216874], [12.980367537966877, 63.14119005656203], [12.979917071733592, 63.14117568956789], [12.979646278470815, 63.141168862439706], [12.979440462410818, 63.14120991711836], [12.979170017988531, 63.14125426200398], [12.978769303593507, 63.141299785571384], [12.97838493612751, 63.141268964039654], [12.978090616500756, 63.14123660534513], [12.97765472820313, 63.14119272033217], [12.9773269800438, 63.141149109511645], [12.976939335803278, 63.141107256714314], [12.976583943462835, 63.14107449100692], [12.976234148782057, 63.14106364872797], [12.975903872695136, 63.141064333965836], [12.975589928794657, 63.14105420798246], [12.975196751253893, 63.14102032508713], [12.974868004925316, 63.140995091072135], [12.97460705275338, 63.14102561031317], [12.974460537019265, 63.14105060684943], [12.974164577394337, 63.14114911299734], [12.97391243150523, 63.14125819223844], [12.973613243314134, 63.141422256544296], [12.973414449239097, 63.14151525328598], [12.97320118333702, 63.14163246438267], [12.972883385280156, 63.141798039145634], [12.972710783470205, 63.14189927421698], [12.972463955501052, 63.14205936160975], [12.972284647536187, 63.142208849220914], [12.972076807382898, 63.14236190632016], [12.971875274942436, 63.14245842631884], [12.971609614955712, 63.14254730456742], [12.971365571349596, 63.142642075945176], [12.971055030143546, 63.142674205335354], [12.970862264491682, 63.14267897297551], [12.970459194125446, 63.14261004547024], [12.970177974323326, 63.142551182837636], [12.969785489699944, 63.1424997960371], [12.969435527913422, 63.14243775765819], [12.969080344967827, 63.14235192263372], [12.968769921387384, 63.142360525183385], [12.968526685267513, 63.14236391175294], [12.96832176312588, 63.142344735952896], [12.967990208951457, 63.142378497130906], [12.967590557696688, 63.14241485565967], [12.967054226690372, 63.14245852976474], [12.966625929589663, 63.14250346263706], [12.966223859059593, 63.14259273758446], [12.965921927376323, 63.142650343311516], [12.965641388788061, 63.14275101947037], [12.965647233305248, 63.14282709687345], [12.965580606786054, 63.142901623541434], [12.965446947169383, 63.14295532877972], [12.965242914344927, 63.142979796588826], [12.965078150753412, 63.14299247288253], [12.964784372320041, 63.14300104511296], [12.964640578119964, 63.142937381554276], [12.964412307299728, 63.14283647552942], [12.964243203611886, 63.14276979086495], [12.963941026951215, 63.142692092548145], [12.963810623597226, 63.14269621007461], [12.963792105930676, 63.1427038633623], [12.963482109835944, 63.1426660957717], [12.963415212779873, 63.14264025638015], [12.963362108681903, 63.14260310453128], [12.963282838790525, 63.142569464783385], [12.963181112688282, 63.142564547983035], [12.963131330991578, 63.14256633842103], [12.962935499028939, 63.142580002810554], [12.962783616350682, 63.142611078633514], [12.962553309677963, 63.142686989059165], [12.96236716843283, 63.14272743091255], [12.962223484080992, 63.14274771503873], [12.962050398386683, 63.14279470071741], [12.961844331782423, 63.14287639909528], [12.961625469703266, 63.142981185567805], [12.961396207701796, 63.143066725118025], [12.961224747862781, 63.14310916314003], [12.960977496948793, 63.14308651343716], [12.96067249225161, 63.14306809718434], [12.9602661442327, 63.14297402553713], [12.960236249933148, 63.14293481782546], [12.960260117412147, 63.14284112041027], [12.960278279392613, 63.14265797827387], [12.960193867363907, 63.142371231607754], [12.96000017034947, 63.14219514469629], [12.959841992694427, 63.14204741938751], [12.959667695419627, 63.14195486825973], [12.959472029322452, 63.14190434312441], [12.959028356050148, 63.141822624051336], [12.95845892529003, 63.14172841891831], [12.958013644603641, 63.14162278175454], [12.957563326783541, 63.14148355398986], [12.95740044547135, 63.14139419002087], [12.95709613385297, 63.141308078087675], [12.95696208195935, 63.14125043660781], [12.95691158778388, 63.14118056629673], [12.956862093644174, 63.141035829818215], [12.956844570764174, 63.14092720722326], [12.956867338004129, 63.14077000756096], [12.956874116237957, 63.14070299099847], [12.95699542882649, 63.140520481269334], [12.95703674280737, 63.14040683388434], [12.957145468958709, 63.140273452654164], [12.957232461301363, 63.14014941930941], [12.957225789403367, 63.14008993957464], [12.957082330406369, 63.139998807648006], [12.95679269200121, 63.13991111044309], [12.956477028153344, 63.13988420823562], [12.956189545332185, 63.139913979410785], [12.955845145085489, 63.13998184281799], [12.9555420317724, 63.14006984645722], [12.95528945571453, 63.140186689371866], [12.95513940617885, 63.14035668061907], [12.955013377925283, 63.140538645060985], [12.954918512138212, 63.14068218167676], [12.954879503975688, 63.14078437827909], [12.954687513869237, 63.14090450861558], [12.954586234471149, 63.14102663765094], [12.954544878719238, 63.14111621249122], [12.95456659947748, 63.14122653903382], [12.95460049736489, 63.14134600163069], [12.954638486603455, 63.14153108411893], [12.954553434591011, 63.141657218015375], [12.954408719080181, 63.14179131764369], [12.954166260944808, 63.14195441812715], [12.953946049933272, 63.14204255435307], [12.95369771093726, 63.142083713193365], [12.95336744959831, 63.14208397819559], [12.953227799944209, 63.142044990532085], [12.952998922892709, 63.14196487801959], [12.952794243079362, 63.141888939059434], [12.952567105154552, 63.141831485701886], [12.952362028167556, 63.14178175757468], [12.952103395492237, 63.141715588760135], [12.95181001360607, 63.141643791169436], [12.951633594266685, 63.1415791852202], [12.951417653395541, 63.14147644243482], [12.95116991708211, 63.14132789879073], [12.951070692542281, 63.141218966480984], [12.950930080403063, 63.14107473452993], [12.950782696967888, 63.140914826931116], [12.950563802026412, 63.140741280501835], [12.950529884943965, 63.14065045789687], [12.95039672627534, 63.140587974545944], [12.950196800298594, 63.14054444987], [12.949974606876584, 63.14052372285278], [12.94981974836947, 63.14055669916106], [12.949679665161092, 63.14057659163151], [12.949348963964217, 63.140497030781745], [12.949249043870047, 63.14045767047272], [12.94912991069528, 63.14037563587665], [12.949032104009571, 63.140294834217464], [12.948877004200714, 63.14020111923171], [12.948530090244402, 63.1400705036638], [12.948143869057123, 63.14000867782352], [12.947661626705463, 63.13995855277247], [12.947334010426419, 63.13993435731811], [12.94725917196768, 63.139874034416124], [12.947122797546431, 63.1398041299888], [12.946951927190321, 63.13976800628099], [12.946797105993403, 63.13978445935449], [12.946527575872613, 63.13983944906296], [12.946286744954906, 63.1398991453885], [12.945853745770224, 63.13999572658189], [12.945416142153206, 63.14011106777271], [12.945022862379231, 63.14021948965959], [12.94449878808184, 63.14035023091916], [12.944027829776383, 63.14044936335633], [12.943612908762427, 63.140507610103974], [12.943168602923397, 63.14054164559033], [12.94277664492628, 63.140560034881105], [12.942543249582526, 63.140600573848076], [12.942366003426523, 63.14065921932353], [12.942247233687853, 63.14072469231687], [12.942183901546413, 63.140785267831816], [12.941919591218028, 63.140905805110094], [12.941632799855824, 63.141016732004154], [12.941391165236794, 63.14112667937801], [12.941050577933375, 63.1412315812061], [12.940786277357997, 63.14128971577884], [12.94055444764022, 63.14132624292114], [12.940188323446174, 63.141305916555694], [12.939895831769743, 63.14123545366759], [12.939574592418492, 63.14115453472333], [12.93932250536299, 63.141048608470925], [12.939164361604268, 63.140947826135736], [12.938992371678978, 63.14082879562921], [12.938832184778242, 63.140694475297025], [12.938658920709498, 63.14056016231909], [12.938619085741049, 63.14044112071241], [12.938566567110927, 63.14033582054397], [12.938571999762942, 63.14028080712153], [12.93856993446951, 63.140181285866596], [12.938490751757685, 63.1401471842175], [12.93832919645837, 63.1400912170822], [12.938042235321085, 63.14002498760586], [12.937522201176892, 63.139919841780014], [12.936713209023221, 63.139766650224324], [12.936029764582338, 63.13966258825023], [12.935327456353061, 63.139564614237734], [12.93466841011136, 63.139448555100486], [12.933901559057272, 63.13927689910807], [12.933273595540191, 63.13911155369542], [12.932881754836268, 63.139002699937826], [12.93266718368376, 63.138908935158845], [12.932434714653409, 63.13877780979921], [12.932189691154734, 63.1386410421016], [12.93192271757889, 63.138489292018654], [12.931590251320827, 63.13840624241144], [12.931213926643416, 63.13834527729176], [12.93076502323914, 63.138357729962394], [12.930251980453887, 63.1384108882339], [12.929728789450573, 63.13852426854196], [12.92927369344636, 63.138669464225295], [12.9292689172654, 63.138671603250884], [12.92888021729386, 63.138845438675276], [12.928588011630703, 63.13901683001097], [12.928219148046654, 63.1392287710769], [12.928055429012744, 63.13936093346667], [12.927899282602821, 63.13944673313391], [12.9277135593883, 63.139510659824296], [12.927428253923084, 63.13959016410424], [12.927197711778982, 63.13964779692078], [12.926844326871207, 63.1398113865701], [12.926439206323137, 63.139928491406444], [12.926212054604234, 63.14005002791958], [12.926045565345449, 63.14018994105173], [12.925840189971348, 63.14033579505671], [12.925673646161908, 63.140400286853584], [12.925447572344225, 63.14040466739375], [12.925120574798276, 63.14048224674933], [12.925120370143572, 63.14048233354259], [12.924897145476445, 63.14049404549096], [12.924685012230823, 63.14045607017666], [12.924394715550877, 63.14050574946354], [12.923983231664556, 63.14065468228365], [12.923626540616597, 63.140809398877636], [12.923266266116913, 63.141022225504415], [12.922917064000304, 63.141149530607], [12.922563326720038, 63.14127027695881], [12.922183491245192, 63.14142011703895], [12.921842504580455, 63.14147657304682], [12.921290778702542, 63.14157865909297], [12.920974577890922, 63.14163121131169], [12.92079016485239, 63.14164371002256], [12.920644076211152, 63.141624034116425], [12.920400813664562, 63.14160750405438], [12.920064043330198, 63.1416036185662], [12.919551237058563, 63.14156759383906], [12.919180721845365, 63.141505910012164], [12.918909865126173, 63.14145766431263], [12.918658395287132, 63.14142193132077], [12.918280099498775, 63.14135864950319], [12.918110748677531, 63.14131884081891], [12.91810463081431, 63.141314207880505], [12.91801490826155, 63.14129148643617], [12.917729324387642, 63.14117577253908], [12.917591588519036, 63.14108228610834], [12.917473914926695, 63.1409625442162], [12.917437167974954, 63.140801359521646], [12.917366642747284, 63.14065043541725], [12.917301922431093, 63.140515156411766], [12.917150419965107, 63.14041223741252], [12.917039234702667, 63.140375588674246], [12.912436910328791, 63.14659930464876], [12.908167125840377, 63.15227410404944], [12.908158084018268, 63.15232491555724], [12.908009279741648, 63.15240151890192], [12.907869370490449, 63.15249050006749], [12.907665104945014, 63.15255977605419], [12.907482661812471, 63.15263918712559], [12.9074419279633, 63.15272310249229], [12.907403125536783, 63.15283723249599], [12.90727583647396, 63.152944706612274], [12.907106645037674, 63.15305643817549], [12.906946034360947, 63.15312597079085], [12.906701673501859, 63.153159493857956], [12.906310853562221, 63.15320806827296], [12.905944558296957, 63.15324197320201], [12.905681484696283, 63.15324808500981], [12.905348260128106, 63.15322098165099], [12.904947169132818, 63.153154061119466], [12.904663037059592, 63.15310067298014], [12.90437733282766, 63.153011597868975], [12.904098911769863, 63.152869521014736], [12.903975900995642, 63.15280703582436], [12.903813308626502, 63.15275738006883], [12.903681115458875, 63.15265600715512], [12.903584821001076, 63.152614261803215], [12.903356136486346, 63.15256845981459], [12.903095877832092, 63.15249884649994], [12.902822891682922, 63.152437511507166], [12.902427143871483, 63.15241639089081], [12.90213971933747, 63.15236229346583], [12.90182490674573, 63.15230422605673], [12.901666846066181, 63.15224909492742], [12.901543038839657, 63.15217741059764], [12.901385096424551, 63.15244169658784], [12.901387613443765, 63.15270045377637], [12.901446271010679, 63.152879664082995], [12.901676547365122, 63.15298309075551], [12.902368877698136, 63.15333592247538], [12.903208277112979, 63.15380022033326], [12.90393415051271, 63.15431623251876], [12.904444106228986, 63.15473400529442], [12.904886688342302, 63.15509123529274], [12.905103354280026, 63.15539437356707], [12.905336312321936, 63.15572549586066], [12.905482611159231, 63.156156662968996], [12.905489877360475, 63.1565289616609], [12.905428636295804, 63.156799751605], [12.905285470772526, 63.15707182870235], [12.905121222585324, 63.157328384738264], [12.904924571456196, 63.157523775767736], [12.90476224464188, 63.15768349823819], [12.904144409855622, 63.15803592067761], [12.903568332016327, 63.15828235383045], [12.903150966788099, 63.15844278828575], [12.902540170727404, 63.158605275041154], [12.90231088840445, 63.15865475344205], [12.902266669568448, 63.15866429976645], [12.902088402498583, 63.15870277861468], [12.901757649370474, 63.15873569934469], [12.901601784974046, 63.15872963343217], [12.901457694401103, 63.15876259201166], [12.901415008717352, 63.15882205509236], [12.901277453222178, 63.158882988810234], [12.901217571475934, 63.15894352645036], [12.90100312746274, 63.15901868561673], [12.900793608760406, 63.15902875923345], [12.900677343289763, 63.15903967289455], [12.900662461559339, 63.15906531133667], [12.90072079719932, 63.15911346456014], [12.90073740220908, 63.159181498925264], [12.90073415475882, 63.15931314077511], [12.900766011300236, 63.15938364532892], [12.900721524309619, 63.15944711299974], [12.900699234926176, 63.15954083475622], [12.90078847482862, 63.15959168960199], [12.900830649804186, 63.159638427589634], [12.900756460836977, 63.15967928778452], [12.900695877706944, 63.15966548060975], [12.900580523935393, 63.15967720680111], [12.900509179282768, 63.15977289666358], [12.900458022625621, 63.159831641618275], [12.90048278274343, 63.15985612445938], [12.9005486890049, 63.15984247292184], [12.90063461046491, 63.15983516895353], [12.900652028832235, 63.159889217632276], [12.900519119822905, 63.15999288594102], [12.90027251601741, 63.1600817457798], [12.900088474953513, 63.160091180680716], [12.899847957246866, 63.1600336251494], [12.899459745335147, 63.16011879044271], [12.89923433038848, 63.1602141842463], [12.898718876244807, 63.160274120085894], [12.897829574800644, 63.16033618652183], [12.896987453301378, 63.160402932867655], [12.896681578119477, 63.1606473707717], [12.896590939375375, 63.160886009580025], [12.896307047239915, 63.16121719209681], [12.896051979508659, 63.16157420191911], [12.89577331413712, 63.16171865083877], [12.895365127057874, 63.16181340372049], [12.89509965235681, 63.161911456617034], [12.89505496298134, 63.16202539773761], [12.894804423915911, 63.16229175221724], [12.894813196335685, 63.16231838732387], [12.894888874172482, 63.162450759629884], [12.894937060676465, 63.16253255147677], [12.895000519118359, 63.16257712869802], [12.895060047127245, 63.16257951971131], [12.895195576269167, 63.1625510554603], [12.895243759076411, 63.162573498154615], [12.895257755673574, 63.16262011637827], [12.895233823975778, 63.162650773901404], [12.89526129714073, 63.16272325294147], [12.895270518479272, 63.16273439749074], [12.895363756329095, 63.162822414836846], [12.895447554466212, 63.16288779165108], [12.895455806087986, 63.16289478264757], [12.895490238748204, 63.162992900118105], [12.89546421880218, 63.16309588578289], [12.895447833319066, 63.16325114438545], [12.8955229538853, 63.16334964947671], [12.895586442374835, 63.16336810791418], [12.895803421759386, 63.16342651573796], [12.895895183800135, 63.16342839645888], [12.89595884430782, 63.163435176034575], [12.896005936977556, 63.163456794209914], [12.896084037398728, 63.163541354379156], [12.896069134204202, 63.16363047121747], [12.896057645975054, 63.163739050527234], [12.896080516803853, 63.163845732715], [12.896055054941334, 63.16392323631236], [12.895986166373305, 63.16398826248261], [12.8959841953723, 63.16407925894652], [12.896026099437751, 63.164160391586634], [12.896125214832658, 63.16419976824669], [12.896138571353886, 63.16417553522962], [12.896882796012239, 63.16459310598899], [12.897000450409395, 63.16468529972331], [12.89687039400992, 63.16476227772809], [12.896736223084876, 63.164779010722455], [12.896632730721336, 63.16483668285289], [12.89660284309514, 63.1648790772624], [12.896511938474026, 63.164937905487946], [12.896531621628053, 63.16497736200722], [12.896486726929181, 63.16504072369819], [12.896356571602798, 63.165061224028705], [12.896257464520298, 63.16506305076278], [12.896188051041314, 63.165133366678404], [12.896141649725651, 63.165219682336506], [12.896086618418748, 63.165255454925706], [12.895961411213408, 63.16525235150123], [12.895834995132839, 63.16527112002589], [12.895785326018416, 63.16530278791419], [12.895776414823452, 63.16535198461168], [12.89580933991702, 63.1653980931425], [12.895753846027867, 63.16545611685527], [12.895627485780162, 63.16550614075358], [12.895338672775948, 63.16556567123942], [12.895121914703076, 63.165599827204694], [12.895071399698741, 63.16563820733525], [12.895011384744533, 63.16568788542459], [12.895051029932729, 63.16572622845841], [12.895146738486098, 63.165766076004864], [12.89515576860249, 63.16578862959259], [12.895220119695624, 63.16589903344352], [12.895232547123229, 63.1661400612997], [12.895351143461692, 63.16670692726048], [12.89545635748169, 63.1673920591211], [12.895679286955078, 63.168090697415295], [12.896173474606162, 63.16878124223751], [12.89704352442097, 63.169755061655025], [12.897610696818766, 63.17036397916648], [12.898517716418722, 63.17107205596063], [12.898869797268398, 63.17128753674889], [12.899537072066257, 63.17160999073291], [12.90069022907798, 63.17216140640191], [12.90155764181852, 63.1724699559968], [12.902469777249546, 63.172808143668554], [12.903285981364425, 63.173072541168146], [12.903925684725701, 63.17319326563109], [12.904664521372647, 63.17327650059497], [12.905438384897849, 63.173407116679336], [12.905824659439858, 63.17351912018868], [12.90626290715204, 63.1736680726964], [12.9067718441871, 63.17382565267431], [12.907283869327614, 63.17387195045573], [12.907920797964294, 63.173780684528495], [12.908656970469256, 63.17373093986611], [12.909064819205305, 63.173785887762016], [12.909701594263858, 63.17409690700674], [12.910137259176985, 63.17419192862443], [12.910627168887869, 63.1741407762284], [12.911494379654332, 63.17397154499473], [12.911687957010356, 63.173943137152484], [12.912127894657496, 63.17399514512409], [12.912531729085199, 63.174010491179374], [12.912866284690098, 63.174002892216514], [12.91322431052367, 63.17399935447794], [12.913483593211135, 63.17402974077024], [12.913689943540598, 63.174112924229206], [12.914195596138356, 63.174223722195954], [12.914603799935861, 63.17427506776907], [12.91523873368892, 63.17428430003752], [12.917655688736525, 63.17419662739122], [12.91792311635043, 63.17418587735457], [12.918964350656294, 63.17414401719267], [12.919169535061974, 63.17415893827655], [12.919346093319472, 63.174302578458345], [12.919579592140899, 63.17443299209408], [12.919892635705098, 63.174482407532984], [12.920469925254126, 63.174512006338915], [12.921136392304593, 63.17445421793245], [12.921161083808675, 63.17445207434654], [12.921452043798684, 63.17443069031028], [12.9217280574487, 63.17445012797107], [12.922105608631702, 63.17441371365166], [12.922262109195655, 63.17437828442854], [12.922328355859714, 63.17435547838281], [12.922722975581243, 63.174310971067996], [12.922889372984569, 63.174306006521924], [12.923098041834594, 63.1742953390728], [12.92329843103704, 63.174266278881404], [12.923482734112312, 63.17419298827673], [12.923746904583375, 63.17417968363285], [12.923818407095705, 63.17422387092744], [12.924996373039523, 63.174391307166644], [12.925717040907317, 63.174466965328335], [12.925885317447548, 63.174484623721426], [12.926908343701209, 63.17455400680349], [12.92784334586244, 63.174617411353964], [12.929116240428174, 63.1746861052848], [12.930800039108055, 63.17469839230321], [12.931897384961117, 63.17461268542735], [12.933981479149958, 63.174514455586625], [12.934849098780436, 63.174443367911856], [12.935310805503631, 63.174320287588436], [12.937413753106146, 63.1736382656036], [12.937753180784885, 63.17348678928223], [12.9377613239689, 63.173486826725174], [12.93811619482406, 63.173319286810866], [12.939007894593992, 63.172940821432526], [12.941797613654872, 63.17175207005744], [12.943270306748843, 63.17111587580351], [12.943965970018814, 63.17082626549934], [12.944268163708387, 63.170715105269274], [12.94443740111435, 63.17065288305291], [12.944716190132068, 63.170557409719045], [12.946023000981894, 63.170167796500415], [12.946363022213976, 63.17006170426263], [12.947905628347637, 63.1696190094174], [12.94996198459053, 63.16903417968393], [12.95013263656035, 63.16898563656253], [12.95250479154078, 63.16828305168737], [12.954684926638265, 63.16764525244044], [12.956313476954065, 63.167160295966816], [12.957113627187823, 63.16692883526926], [12.95884965544616, 63.16642238506109], [12.960043112874994, 63.16606879838514], [12.960623972047875, 63.16590582472594], [12.960890187451826, 63.16581796924465], [12.961037544366029, 63.16573294062408], [12.961046820583311, 63.165732086202546], [12.961056096800059, 63.16573123178045], [12.961393757436458, 63.165541849573664], [12.962204276858388, 63.16505801829122], [12.962820703617826, 63.16469804776957], [12.9633445276809, 63.164344485834846], [12.96373718672216, 63.164038305687626], [12.96424848041708, 63.163514536337715], [12.964900721115757, 63.162685005052666], [12.965492399483413, 63.16194826622181], [12.966044805472515, 63.16122285896831], [12.966422344459597, 63.16075649571843], [12.992539069726073, 63.162971339886866], [12.992555488168126, 63.162969991839105], [12.99257188676778, 63.162968643508975], [12.993030626469833, 63.163010189222845], [12.99498636070351, 63.16317562959577], [13.025274472504927, 63.17216303855427], [13.025860036495956, 63.17233667520759], [13.04488590881215, 63.17797596892148], [13.023835803582593, 63.187153400537376], [13.016624214495828, 63.19029544886912], [12.999824231549105, 63.19761098587897], [12.999624151170467, 63.19769806909258], [13.00280050753931, 63.199941101277034], [13.00777751861319, 63.20345486089822], [13.00720412800578, 63.20359478405663], [13.007146741709262, 63.20360879354243], [13.006916237703702, 63.20366430605393], [13.00653544791333, 63.203715340167044], [13.00559189286771, 63.203835807206964], [13.005432402985573, 63.20386651032826], [13.00525808369427, 63.20392511606352], [13.004890387363158, 63.20408942867236], [13.004814143704975, 63.20413954344544], [13.00462218773226, 63.20426530959496], [13.00447574087899, 63.204389550691964], [13.004410770807189, 63.2044278555265], [13.004289103048691, 63.204478786734676], [13.003897746438549, 63.204577007917294], [13.003549804637382, 63.20462328812562], [13.002601617198518, 63.20473358808204], [13.002506031014736, 63.2047431084766], [13.002306829598714, 63.20476090496529], [13.002027965803114, 63.204806482415805], [13.001315237074303, 63.20500922874643], [13.000866452672133, 63.20517444704992], [13.000604446853139, 63.20519584696744], [13.000333862345627, 63.20521330097229], [12.999951531213188, 63.20524902404776], [12.999557295780011, 63.20532347243087], [12.99930377343149, 63.205398814110765], [12.999137799024068, 63.205469605792025], [12.998725210200243, 63.205671715992885], [12.998147894977254, 63.20602596739249], [12.997899238244301, 63.2061412656673], [12.99774569206951, 63.20618034001923], [12.997549900675677, 63.20622629796908], [12.997369718068095, 63.20627749442928], [12.997326685927376, 63.206317047965335], [12.99728944313801, 63.20642216163493], [12.997194366240288, 63.20659246869642], [12.997090728431715, 63.20667256703557], [12.996934895606513, 63.20674723413511], [12.99671350948374, 63.20682123756986], [12.996575545448934, 63.20684516848232], [12.996387617650523, 63.20687368319172], [12.996149839437724, 63.206905427380015], [12.995759293016965, 63.20697006838312], [12.995447922115686, 63.20700808203392], [12.995327276959843, 63.20703379127939], [12.99513731204951, 63.207107786548626], [12.995000494819365, 63.20717717122826], [12.994700704604467, 63.20732107490542], [12.994403437091773, 63.207426784034816], [12.993622330729407, 63.207648073888784], [12.99336694216189, 63.20770963323126], [12.993214168158405, 63.20774251871286], [12.992647880145606, 63.207810398275676], [12.992098751233009, 63.20783444355921], [12.991661396041698, 63.20785667221583], [12.991035080938534, 63.20785242757547], [12.99066977270647, 63.207898700765014], [12.990397356773546, 63.20794896187768], [12.990212718847818, 63.20799665680119], [12.990006176105053, 63.208069055289464], [12.989916527956982, 63.20809510856087], [12.989807910238593, 63.208123928179575], [12.9896596450636, 63.20817171479715], [12.989606539294185, 63.20818197111634], [12.98950959557311, 63.208211386579116], [12.989229448253957, 63.20830216296468], [12.989182172154829, 63.20831181924376], [12.98899226514631, 63.20835626874727], [12.98868147613027, 63.208437102555116], [12.98840403346089, 63.2084980358367], [12.987952412367445, 63.20859914121802], [12.987538091113798, 63.20872792367536], [12.987432601396328, 63.20879810397814], [12.98713256899314, 63.20908492345855], [12.986996765717866, 63.20920683817384], [12.986822849828643, 63.20928723601116], [12.986725016087503, 63.20934194688562], [12.986628755368566, 63.20938690259824], [12.986460890505331, 63.2094294523625], [12.985948769364935, 63.209553235732294], [12.98581586178015, 63.209592518128666], [12.985698040580969, 63.20962367333121], [12.985520746175261, 63.20968963850592], [12.985234536877332, 63.20977508702041], [12.985095474139564, 63.20979988030934], [12.984609871470342, 63.20986772287081], [12.984393864473697, 63.20988192550676], [12.984280817757554, 63.20988245937791], [12.983936980502483, 63.209904096286635], [12.983813445379575, 63.20993269988552], [12.983791217574884, 63.209954525148824], [12.983757235253348, 63.21001346165951], [12.983659721902228, 63.210036311001836], [12.983428853811953, 63.2100579329631], [12.983283797143246, 63.21005649461521], [12.98315270909016, 63.210054428300765], [12.982927026659219, 63.21007184934607], [12.982581818276492, 63.210131962595085], [12.982460929995765, 63.21017821807223], [12.98238865702624, 63.21022993095857], [12.982339201111838, 63.2102739320711], [12.981827059824889, 63.210505700883246], [12.981701705778162, 63.210571177779194], [12.981570823668438, 63.210630336142835], [12.981362253927331, 63.21070268471349], [12.981106310695242, 63.2107774128231], [12.980951019586598, 63.21083168992192], [12.980850080879623, 63.21085509028376], [12.980518802045992, 63.21092292932998], [12.980402929006276, 63.21096677635111], [12.979863306467667, 63.21117402316583], [12.979748321852504, 63.21120881418596], [12.979214785514264, 63.211337270489224], [12.978983644953177, 63.21137998057726], [12.978669132478334, 63.21140640329768], [12.978537282730937, 63.21142855447777], [12.978455285181667, 63.21144730239465], [12.978353883834993, 63.2114752733972], [12.978156299765711, 63.21153481789896], [12.977822279459444, 63.211683578436904], [12.97770593491844, 63.21177480427656], [12.97769826001555, 63.2118208886296], [12.977756226623198, 63.211930045822605], [12.977776155069671, 63.21200703122172], [12.977831524995903, 63.21211406846286], [12.977994386907048, 63.2123122204414], [12.977982248903027, 63.212397719055026], [12.977941564318957, 63.21245185433637], [12.977835641960748, 63.21259321092842], [12.977774748528647, 63.212609681901185], [12.977665751912085, 63.21263381840812], [12.977530880242655, 63.21265214585094], [12.976878627969095, 63.212688178687586], [12.976353739211403, 63.21272790705811], [12.975584250031057, 63.212817356190804], [12.97525611119504, 63.212887580363805], [12.975063756733848, 63.2129321385285], [12.974838182595148, 63.2130010842463], [12.974639301955632, 63.21309597126093], [12.974560090260566, 63.21315328276698], [12.974397428396664, 63.21322581763409], [12.974177300604183, 63.213299894751714], [12.97374807710418, 63.21341487761685], [12.973460418000016, 63.21346570686326], [12.972546271934062, 63.21361410354394], [12.972194417697104, 63.21366221907872], [12.971627734645086, 63.21370576940478], [12.971440091681973, 63.21371216914994], [12.971219876573867, 63.213712088329494], [12.97069562077875, 63.21371060343903], [12.970439339299109, 63.21374140389526], [12.97019133500158, 63.2137792803029], [12.970003680372649, 63.21380399384449], [12.969780073630176, 63.213842621946576], [12.968896744881691, 63.21405778565897], [12.968062876721948, 63.21428183023784], [12.96805125275915, 63.214286718919084], [12.967943968077536, 63.2143318909391], [12.967648785801583, 63.21444907690877], [12.967468879469092, 63.214524580811826], [12.967384927524193, 63.21455109676346], [12.96694608134986, 63.21471093053334], [12.966735925214248, 63.21479669419398], [12.966451764732609, 63.21490072048377], [12.96621569182914, 63.214978965912636], [12.96547763170692, 63.21512832850773], [12.965240957168085, 63.21515986723906], [12.965085247942856, 63.215213941989624], [12.964977597759725, 63.21526476299523], [12.964527971998834, 63.2154895553939], [12.963880684026515, 63.215648451628894], [12.963727426233199, 63.21568542033102], [12.963558509292996, 63.21571786393111], [12.96338031398868, 63.21575972741556], [12.963150101382254, 63.21580253339164], [12.962830386682707, 63.21585305289923], [12.962606135458039, 63.21587558944222], [12.96232071579093, 63.21596773822386], [12.962274886493569, 63.21598253316452], [12.962229789327575, 63.216000211666675], [12.962124211131618, 63.21603392055845], [12.96184578739195, 63.216093352707354], [12.961593275091925, 63.21611199892096], [12.96137484954512, 63.216154046301426], [12.961191735117238, 63.216207472553606], [12.960980204302034, 63.21628862031911], [12.960900354379309, 63.216347980447324], [12.960807410302472, 63.21640905614336], [12.960400217175339, 63.21655784099275], [12.959547651330736, 63.21678460348658], [12.959311812692347, 63.21685395255145], [12.959140937556253, 63.21690214692776], [12.958817931776023, 63.216995958042254], [12.95845680201048, 63.217107231673786], [12.958094989871702, 63.21722531819532], [12.957632267350013, 63.21740044853402], [12.957307828294418, 63.217484530088456], [12.9572262225098, 63.21751504238101], [12.957146066202228, 63.217555182339304], [12.95680874744416, 63.21767707430582], [12.95615835697304, 63.21783828896019], [12.955902753733836, 63.217908039756544], [12.955726263781346, 63.217974707780364], [12.955639867377082, 63.21803384528272], [12.955623393067896, 63.218087918750385], [12.955583911897639, 63.218209951119576], [12.955564737172075, 63.21832789401033], [12.955533782788198, 63.2183773688195], [12.955362745503056, 63.21856849262843], [12.955224257610128, 63.218685572604564], [12.95509463076565, 63.21873100655248], [12.954850669754657, 63.2188138249675], [12.954809945426495, 63.21886157890497], [12.954851984589292, 63.21891969924819], [12.954856583816015, 63.218965851543736], [12.954853383885391, 63.219002410463666], [12.954873161368209, 63.21905003805568], [12.954824925029362, 63.21908919935795], [12.954751300019115, 63.21911959165747], [12.954627471418801, 63.21915446022467], [12.954355753694417, 63.21919380914069], [12.95409738301522, 63.21921914576164], [12.953982562051275, 63.21922931810099], [12.953702360086766, 63.21922342720626], [12.953501880739013, 63.21920027751975], [12.953284349419064, 63.21919483890229], [12.95285953473209, 63.219194657845804], [12.952637336487351, 63.21918993216448], [12.95242417668076, 63.21918430378002], [12.95231668374256, 63.21918286348289], [12.952109126257437, 63.219181023391535], [12.951710005655432, 63.21919877972505], [12.951543499371528, 63.21922056879281], [12.950983263650123, 63.21931436540943], [12.95083677262471, 63.219375255791284], [12.950647277048477, 63.21949884198582], [12.95030756740326, 63.21977545452466], [12.950173146579896, 63.21984906110686], [12.949936030567864, 63.219945033607964], [12.949793415303787, 63.219992708746844], [12.949717658571174, 63.220004204122645], [12.949631449041085, 63.22000678579011], [12.949507751129852, 63.220022249521875], [12.949295249494073, 63.220052189518945], [12.948748574186963, 63.22014749297485], [12.948397191435669, 63.22023973148509], [12.948293463784113, 63.22030471101781], [12.948258153012517, 63.2203640606403], [12.948179869446605, 63.220640804219364], [12.948143043923281, 63.22074986344449], [12.94807121019671, 63.22081826595652], [12.948009388944367, 63.220863891014645], [12.947610365521703, 63.22117036568768], [12.947455064211159, 63.221290149744064], [12.94736281902386, 63.221412011112534], [12.947366203407627, 63.22147232315571], [12.947441014500644, 63.22173239471372], [12.947506619224328, 63.22181361779451], [12.947540126243876, 63.22187516370954], [12.947525755489997, 63.22191195636142], [12.947478546217257, 63.221940634362916], [12.947406418008569, 63.22195363545042], [12.947311877816226, 63.221947601930864], [12.947037681356623, 63.22191111456485], [12.946805272168406, 63.221846373392786], [12.946116962911637, 63.22168304542203], [12.945780016027939, 63.22163711967165], [12.945636074115331, 63.22162784837961], [12.945357153572917, 63.221620972157126], [12.944594732802015, 63.2216475549958], [12.944392475531567, 63.22169860954797], [12.943948283574299, 63.22181966321635], [12.943719826260915, 63.22186578592438], [12.943568098807143, 63.221919024553685], [12.943433118564048, 63.221977991070666], [12.943369520764955, 63.222019350693195], [12.943213609019217, 63.22212080549969], [12.943076950776918, 63.22216051560845], [12.9429401112149, 63.22218793148401], [12.94220668752116, 63.22231949308861], [12.941944466475046, 63.22237714652616], [12.941693509483533, 63.222467527352755], [12.941541630076939, 63.2225544218732], [12.941277980655158, 63.22278513987822], [12.941217888026763, 63.22289158020266], [12.941129106057614, 63.2230364907555], [12.940930903135428, 63.2231369088649], [12.940530272669218, 63.223167164470546], [12.940477212093311, 63.223164393782774], [12.94023276709094, 63.223158922780364], [12.939829910365226, 63.223179618042366], [12.939655095610547, 63.22321254109861], [12.93893998522494, 63.22337588394147], [12.938552102826444, 63.223454245780964], [12.93836214090459, 63.22348938085204], [12.9377486685162, 63.22362100701768], [12.937703462034255, 63.22365547511543], [12.937657884111863, 63.223729784194965], [12.937586007924004, 63.22382234213753], [12.937403776816568, 63.223980170941246], [12.937187148776419, 63.22405148695348], [12.936943855081859, 63.2240864391067], [12.936355074134697, 63.22404932636599], [12.936158762522929, 63.224070144534046], [12.936066596203016, 63.224092429168024], [12.935924365164107, 63.2241519569601], [12.935790041622806, 63.2242339916826], [12.935609712815864, 63.224340426281216], [12.935402836978033, 63.22440969047967], [12.934980711946046, 63.224509884071104], [12.934809376227557, 63.22453569599689], [12.934531405611487, 63.22458736117629], [12.934319285416933, 63.22465112467693], [12.933769636260221, 63.224856925507396], [12.933389851631217, 63.22510791253269], [12.93310751008846, 63.22517941675498], [12.932638678025754, 63.225234669837484], [12.93245686533464, 63.225269691226366], [12.931771872867191, 63.2254414187137], [12.931600993156843, 63.22548662699535], [12.931225525357604, 63.22561782662873], [12.930938127320221, 63.22571786749052], [12.930691702746316, 63.22579629126987], [12.930283961449648, 63.22592360705188], [12.929632079077123, 63.22611844115681], [12.929404709733861, 63.22617525066219], [12.92906447154742, 63.22626002721264], [12.928425880731615, 63.22647110303747], [12.928106966242666, 63.22656376582517], [12.927925298706967, 63.226587111649415], [12.92767130978686, 63.226623355935445], [12.927062439632206, 63.22673160631971], [12.926584970655087, 63.226839363789686], [12.926043684206409, 63.2269462787985], [12.92536441877014, 63.22712752307931], [12.925073405087907, 63.227201704494426], [12.924785108629978, 63.227280441163], [12.924306891887454, 63.22742750606594], [12.924139639824908, 63.22747591900274], [12.923881489635287, 63.22756387490168], [12.92362935854586, 63.22765114607881], [12.923367770374599, 63.22773149098557], [12.923022363016223, 63.227885824192455], [12.92265136970601, 63.22808928133475], [12.922473120514258, 63.228175986662], [12.922182107588258, 63.22832585112688], [12.921837975642525, 63.22856505605464], [12.921500998010503, 63.228854222394595], [12.921309522460513, 63.22904372546006], [12.921211959173577, 63.22915181921412], [12.92111062791358, 63.229309571807576], [12.921098339960146, 63.22936893762803], [12.921063747586519, 63.22945613399715], [12.920952789801607, 63.22952094395163], [12.920823765858655, 63.22961304474025], [12.920783251445263, 63.229707840074234], [12.920743542825074, 63.22984044668489], [12.920613790130862, 63.230021594441105], [12.920659509871426, 63.23015989439245], [12.920758040639235, 63.230289646721616], [12.9207290205517, 63.230329194757616], [12.920671609352793, 63.2303718383026], [12.920585350510411, 63.230418387692794], [12.920357587792513, 63.23051261787959], [12.920190525488977, 63.23054890821101], [12.92013188692255, 63.23055211795982], [12.919949736949606, 63.23056206889582], [12.919425376834319, 63.230538309562036], [12.919164773299894, 63.23053274616749], [12.918578387868173, 63.2305520888701], [12.91838328223184, 63.23059822015304], [12.918253001106539, 63.23065698107856], [12.918180740701693, 63.23071862930859], [12.918072163744228, 63.23089293800693], [12.9180075529057, 63.23109115357275], [12.917850618285579, 63.231449945033084], [12.91771814697035, 63.23174180054752], [12.917674533178781, 63.23202107613738], [12.917631276183448, 63.23229676553219], [12.918458159824084, 63.233997969382536], [12.917095205149481, 63.23509815801761], [12.915453870172895, 63.23642291112234], [12.915574661868636, 63.23662612319166], [12.915577023535509, 63.23663009936682], [12.915592336167627, 63.236684518067996], [12.915664956310989, 63.236780628747134], [12.915750096376359, 63.236823204380094], [12.915839164042183, 63.23683642389427], [12.915937563310996, 63.23682818674512], [12.916057541642056, 63.23681697953251], [12.916129009570096, 63.23683100048717], [12.91616338543113, 63.23685962478158], [12.916213822633322, 63.23697457930757], [12.916184416333355, 63.23701985813641], [12.915873478625523, 63.23724418305095], [12.915731210094572, 63.237322905174764], [12.915230240759444, 63.23753788991444], [12.915088859596468, 63.23756392952535], [12.914755404597882, 63.23756540753136], [12.91438157669797, 63.237516506942754], [12.914217326458141, 63.237492424506804], [12.91402112245118, 63.23748125129542], [12.913748845180313, 63.237486218840054], [12.913539065624914, 63.23752908510308], [12.913295767627679, 63.23762639894618], [12.913193060252397, 63.23772961773687], [12.913127940291737, 63.23780919077309], [12.913032932575687, 63.23784128682167], [12.912774900751788, 63.23793272718589], [12.912637803307833, 63.23801523034288], [12.912383072425412, 63.238177038262975], [12.912150418695157, 63.238291170593094], [12.911972173985431, 63.23839303745325], [12.91190481872653, 63.238451100532984], [12.911888361864431, 63.23852403394642], [12.911929703718487, 63.23863817424439], [12.91200538085935, 63.23873955722195], [12.912088830887747, 63.23880499648433], [12.912213571885864, 63.23893538180754], [12.912249736705942, 63.23897975470584], [12.912291599196656, 63.239011129503325], [12.912406708425127, 63.239132349863965], [12.912442968630822, 63.23916989145006], [12.912661447816038, 63.239424109949276], [12.912878341855736, 63.2397698767386], [12.912932594610757, 63.23989227777596], [12.913067828550956, 63.24000348542831], [12.913183571925162, 63.240096423055626], [12.913238409275328, 63.24014755206439], [12.913313542698575, 63.24026624582038], [12.913387691779239, 63.24052416394919], [12.91364482166961, 63.240862034792045], [12.913660047833584, 63.2409446808764], [12.913749078048722, 63.24129672327894], [12.913841977959644, 63.24137735691876], [12.913968968151444, 63.24143955467866], [12.9140712047884, 63.24148463546532], [12.914278710251617, 63.24155430740064], [12.914311668112056, 63.24158110661408], [12.914293665953274, 63.24161781620831], [12.914252354259707, 63.24165244222754], [12.914175179098219, 63.24167735740358], [12.914064777920334, 63.2416960301422], [12.91385233183548, 63.24169566243975], [12.913762760422562, 63.2417052398851], [12.913630183870156, 63.24174447112558], [12.913538520633681, 63.241796836298114], [12.913552065627508, 63.24188042740608], [12.913593942153526, 63.241987311271146], [12.913713913864356, 63.242141570758875], [12.913730188722555, 63.242176017566244], [12.91372230809314, 63.24222092925297], [12.913656650038723, 63.24225622163262], [12.91351463079444, 63.242250466628334], [12.91338085786129, 63.24222206291355], [12.913264571921877, 63.242168254966934], [12.913146027671944, 63.242115114118036], [12.912969244475205, 63.24206869668271], [12.912901006642857, 63.24206605255094], [12.912766654385102, 63.24207328446128], [12.912584830704576, 63.242115186107604], [12.912496758891493, 63.242157484544414], [12.91235166332948, 63.242325651028565], [12.912306897072568, 63.24237690791282], [12.912227405805632, 63.24242888525472], [12.912202873424242, 63.242459177905864], [12.91216739805158, 63.242558830640526], [12.912163189432434, 63.24261684194404], [12.912152453190528, 63.24264858506594], [12.912021998200029, 63.24288725894235], [12.912021009512037, 63.24292494523775], [12.912062668741827, 63.24295838210408], [12.912238490835346, 63.243010442980506], [12.91237869788294, 63.24303224417699], [12.912741254873014, 63.24300343644104], [12.912827482943804, 63.24300133454135], [12.913000527262458, 63.243029542680134], [12.913150917330457, 63.24306285928761], [12.913260322893203, 63.24310000998351], [12.91334863964898, 63.24314292974121], [12.913450087277571, 63.24319984199839], [12.913776013191624, 63.2432961666292], [12.913924036241461, 63.24333140499963], [12.914063711326746, 63.24339843942854], [12.914084127394705, 63.24343512867362], [12.914072537711052, 63.243511303041224], [12.913987805335692, 63.243575747497836], [12.913882028430544, 63.243611933223534], [12.913771749040643, 63.24362135973021], [12.913601673765811, 63.24364330520544], [12.913129044658977, 63.243746997640976], [12.913051465820411, 63.24377989723032], [12.912856130540105, 63.243891023015934], [12.912830178397979, 63.243913384875405], [12.91275481916194, 63.244063405704644], [12.91281039033635, 63.244184748561715], [12.912930527564859, 63.24414060380732], [12.912936655483314, 63.2441569717491], [12.912890955364356, 63.244322951576876], [12.912762447950632, 63.24440302225223], [12.912591162470127, 63.244486622250726], [12.912499879623464, 63.24458074253515], [12.91252095717561, 63.24462094333874], [12.912571320228906, 63.24469083479616], [12.91253500798628, 63.24478688392637], [12.912463449639251, 63.2448908287762], [12.912424239452132, 63.24495225011739], [12.912384395352584, 63.24508368559758], [12.912329986718731, 63.24511588330136], [12.912148449978648, 63.2451744978212], [12.911958309740838, 63.24519972044532], [12.911840411741071, 63.245223534022806], [12.911661223151839, 63.24526478203227], [12.911531110563294, 63.24528314568259], [12.91121016577892, 63.24533380475034], [12.91114036669477, 63.2453645190754], [12.911109684654749, 63.245410406755184], [12.911129929500458, 63.24545274141601], [12.911191749953383, 63.24548973369881], [12.911224468447902, 63.24553089571437], [12.911244628626923, 63.245562275318434], [12.911354486755217, 63.245584987598264], [12.91165365130749, 63.24565059455285], [12.911699517072838, 63.245703603538544], [12.911702265648422, 63.245709946800446], [12.911819597320267, 63.24590661943794], [12.911833555773038, 63.24598609562929], [12.911820180268277, 63.24601823096439], [12.911838313978551, 63.2460658228677], [12.911946308226874, 63.24629004807189], [12.911961527636478, 63.24641246903325], [12.911993704723308, 63.24650693732758], [12.91199066249468, 63.24656505551002], [12.91213648129546, 63.24675871606073], [12.912155039868868, 63.24678333812235], [12.912233472769545, 63.24685541030727], [12.912521769099826, 63.246913951310155], [12.913133423032441, 63.246957895037106], [12.913621552089595, 63.24695148703465], [12.914070746385852, 63.247031122239655], [12.914478245991072, 63.247330369685805], [12.914733074518152, 63.24754042165363], [12.91530034887702, 63.24793981087744], [12.915836363832376, 63.24813282683583], [12.916453245310274, 63.248215206622355], [12.917316415837409, 63.24831609314894], [12.917749960041315, 63.24859047327423], [12.918198590312986, 63.24887593667422], [12.918046574738552, 63.24927431490607], [12.918389120556911, 63.249388298405535], [12.919166270300748, 63.24966471920773], [12.919521875451048, 63.25001365134421], [12.920267839870561, 63.250181212613576], [12.920650613722287, 63.25049086285802], [12.921238074737964, 63.25083999980944], [12.921606505296266, 63.25122887031471], [12.92155049341032, 63.25172633979591], [12.921473972612986, 63.25218013466213], [12.921227767734523, 63.25245778914254], [12.920757094578446, 63.25274259667306], [12.921453784372838, 63.25292737883521], [12.922002538687652, 63.25306280650925], [12.922464068640856, 63.253388191151075], [12.923114321002668, 63.25355415940891], [12.924547716809368, 63.25392436973497], [12.925467437655767, 63.25412002481509], [12.92651990128956, 63.25445508608847], [12.926761683478686, 63.2547299196578], [12.927386876994383, 63.254909895168694], [12.92747099753483, 63.255156860543615], [12.927984122751548, 63.25533861299783], [12.928243436398702, 63.25549453702768], [12.928221292182647, 63.255671135043464], [12.928186121813157, 63.256208683651515], [12.928197655026402, 63.25656280001736], [12.928221247585546, 63.25686655221931], [12.928351833175999, 63.25713232972513], [12.928595896222681, 63.25767804568816], [12.928944471807167, 63.258117136565645], [12.92924295779684, 63.25848316734425], [12.929381540789308, 63.25874907798325], [12.929596817340956, 63.25905596838724], [12.930166977499432, 63.25932531826202], [12.930650464442204, 63.259578815653164], [12.930892308755663, 63.25985363306386], [12.930947388926732, 63.260063999464364], [12.930953598888198, 63.26038551777525], [12.930823739918834, 63.260708442928724], [12.930667716176348, 63.260958693219095], [12.930650642105833, 63.26117148534099], [12.930718932683567, 63.261317057921104], [12.930786647113933, 63.261469849723746], [12.930809224185259, 63.26168691737238], [12.930796952185863, 63.26193951784907], [12.930826486911805, 63.262070017785916], [12.930812700757471, 63.26214202195485], [12.930727225380974, 63.26231036407277], [12.93090282594741, 63.26241435509469], [12.931495281489429, 63.26270574159779], [12.931659149271972, 63.26285649138822], [12.9316739253811, 63.263170933233134], [12.931852013367266, 63.26334358126589], [12.932032845252932, 63.263636068096496], [12.932018348893587, 63.26378985551754], [12.93195849788249, 63.26396972178741], [12.931811608936501, 63.26404716351447], [12.931656795137114, 63.26448163393505], [12.931343114525706, 63.26460289952358], [12.931106734946418, 63.26475794250269], [12.931252300463889, 63.26493729227183], [12.931054806595458, 63.26500629435395], [12.930748265915309, 63.265138508430695], [12.930587224624174, 63.26525145048744], [12.930360341056515, 63.265429884503185], [12.92920693747839, 63.267015016347244], [12.927117940045246, 63.26772400642648], [12.923295454786958, 63.269168811917105], [12.922197841417374, 63.27016849353612], [12.916953735379716, 63.26999030670678], [12.910571117212827, 63.26973518222368], [12.910182636217435, 63.26972197420517], [12.905028794022554, 63.269546673547495], [12.89048836934357, 63.26905110399969], [12.89028310282518, 63.2690440937366], [12.89018045964919, 63.269040588346655], [12.887993340361612, 63.26896591438872], [12.883467659300214, 63.26948644976604], [12.815766588784077, 63.27725391159466], [12.812723034141221, 63.27761705686782], [12.808666879285655, 63.27043950408708], [12.808666862775908, 63.2704394589387], [12.808885016056923, 63.27037694785413], [12.809033959497647, 63.270345874758966], [12.809136921486388, 63.27033726830773], [12.809361666393315, 63.27025984531901], [12.809662216995738, 63.27012206526583], [12.809745147814477, 63.27005872042443], [12.809782165566668, 63.27002851943288], [12.809994771252837, 63.26981248186125], [12.81012497610053, 63.26971430781478], [12.810168508905518, 63.269694397938665], [12.810243139176418, 63.26963401387215], [12.810387877041727, 63.26955895022026], [12.810866671066913, 63.2694306612553], [12.810947101998911, 63.26940865182836], [12.811372687619446, 63.269291377138394], [12.811466098616348, 63.269271165214434], [12.811864373372618, 63.26912331829391], [12.811915030023004, 63.26908065727692], [12.811950833993963, 63.268991176759044], [12.811982970412148, 63.268942736014345], [12.812104836307523, 63.26884976553138], [12.81223799772797, 63.26878056493191], [12.812302295132971, 63.26875255139277], [12.812597310191835, 63.2685911288977], [12.812813709936325, 63.26846513164821], [12.812840840979925, 63.268443801746145], [12.812965324229504, 63.26840807495983], [12.813094818919856, 63.2683703958377], [12.813160132367758, 63.268340260575286], [12.813255514607048, 63.268235506149466], [12.813330031284764, 63.268118561138856], [12.81346617479175, 63.26801673128079], [12.813682251797662, 63.26786486879309], [12.813844315044932, 63.2677300084778], [12.813962699615091, 63.26758991600546], [12.81435066527488, 63.26741608107517], [12.814441565172102, 63.26738521575226], [12.814583995045261, 63.267324550595006], [12.814866422089853, 63.267224812534764], [12.814934610085729, 63.267207210183834], [12.815164775205348, 63.267157731949304], [12.815293128111756, 63.26711948568577], [12.815425049336461, 63.26708123121897], [12.815552801868645, 63.267044852090486], [12.815636796501932, 63.26701142884631], [12.815775512513055, 63.26695579655087], [12.815989193472817, 63.2668825395599], [12.816400046987669, 63.26664928736237], [12.816461337835916, 63.26660792827645], [12.816521695835075, 63.266552538909345], [12.816609683219603, 63.26650159582094], [12.81683013154538, 63.26642074657216], [12.816891463958122, 63.26639438258794], [12.81689496654359, 63.2663928739889], [12.81695885710515, 63.26636536400438], [12.817194336406107, 63.26627971658354], [12.817295619037395, 63.2662524835248], [12.817361473854637, 63.26620556433267], [12.817318621184834, 63.266051486100636], [12.817276172320964, 63.26595722198783], [12.817251910917765, 63.265916122020556], [12.817195508788604, 63.26582371802638], [12.817077247666495, 63.265676052482746], [12.817034575385541, 63.2656069165847], [12.816982303847988, 63.26553424844003], [12.8169815290935, 63.2655331590993], [12.816980735107803, 63.26553206048485], [12.816963676291051, 63.26550828332527], [12.816895215854814, 63.26537818072348], [12.816815563729428, 63.26526984170373], [12.816750968545932, 63.26520069270161], [12.816640123554523, 63.26508154948544], [12.816360944795628, 63.26484996796605], [12.816262321532012, 63.26477642682344], [12.816151661157708, 63.264705771691254], [12.816053440362422, 63.264659083267375], [12.815975553883296, 63.26460680767968], [12.815926875417311, 63.2645668143089], [12.815748908796328, 63.26441259267574], [12.815745917473178, 63.2643960077662], [12.815422069431431, 63.264291157376434], [12.815323634767743, 63.264279482583405], [12.81530931159968, 63.264182928848264], [12.815269703934895, 63.264040150085606], [12.815204796590582, 63.26399128767071], [12.815131468060533, 63.263944935738834], [12.814842639469806, 63.26375480176662], [12.814765597162392, 63.26370407379846], [12.81469432311267, 63.26365139614848], [12.814635931415456, 63.26361865172792], [12.814602904498408, 63.26360655297639], [12.814542051249388, 63.26358606274874], [12.814240313960621, 63.2634204390215], [12.813964248526911, 63.263303568911454], [12.813795798351096, 63.26323663039658], [12.813476861116197, 63.26318144090039], [12.813227387229626, 63.26316542408505], [12.813079875029159, 63.26315997922102], [12.81298351600124, 63.26312832080362], [12.812927356388217, 63.263110622566955], [12.81289106934789, 63.263105009906916], [12.812854475383217, 63.263104241096585], [12.812507754368408, 63.26304199607516], [12.812329365743372, 63.26300187547801], [12.812209817237402, 63.26295931893846], [12.812046781181987, 63.26296702183758], [12.81173970586879, 63.2630165873454], [12.811662048740017, 63.26303327032093], [12.811565295836791, 63.263053403837276], [12.811423385270928, 63.26306110759566], [12.811009411913522, 63.26307869728891], [12.81075942143501, 63.263056374002524], [12.810384427206353, 63.26306113801964], [12.810257863117682, 63.263059370559944], [12.809589357970482, 63.26313292908493], [12.809385894794918, 63.26317488069408], [12.809139329735364, 63.263223288832066], [12.808991814833558, 63.263240744747435], [12.808713241261268, 63.26326522462987], [12.80864696245555, 63.263275858808015], [12.808329296502606, 63.263312261603], [12.807550062234666, 63.26334252454689], [12.807330107513787, 63.263351446395994], [12.807223678639241, 63.26336114715311], [12.807091842076156, 63.26337552047192], [12.806929980882476, 63.26339499796389], [12.806817911350423, 63.26341283615195], [12.80661727575129, 63.26346786475053], [12.806158901961243, 63.26355769156411], [12.80572969759944, 63.26363159813165], [12.805580267465961, 63.263656105360056], [12.805447901743738, 63.26367557799885], [12.805323393174147, 63.263699975358904], [12.805220066320857, 63.26370318585174], [12.805092845409183, 63.26370714119791], [12.804994245142236, 63.263708475997845], [12.804943559558108, 63.263718720419455], [12.80488158338029, 63.26373591094732], [12.804824366943398, 63.26373793771047], [12.804773218138205, 63.26374116243035], [12.804614657686537, 63.26374994052607], [12.804453953013702, 63.26376962163869], [12.804407096681143, 63.26382152405408], [12.804389696437775, 63.263845130474785], [12.804349115686799, 63.263995924209716], [12.80442539610064, 63.26409998076408], [12.804483706814008, 63.264144930531266], [12.804381602168117, 63.26424899202061], [12.803819843309876, 63.2644877385988], [12.803356860836898, 63.26464281585335], [12.803228098191095, 63.264694504430715], [12.80309717694079, 63.2647633002554], [12.802612799426694, 63.264924662403054], [12.802420510353251, 63.26497976924113], [12.802383842474853, 63.26499120789641], [12.802289071354126, 63.26501524472371], [12.802235384113231, 63.26505415632739], [12.801954159309656, 63.26511735311046], [12.801457790188802, 63.26516217794393], [12.80114675539564, 63.265166837323314], [12.800714423847143, 63.265259069622736], [12.80034595292644, 63.2653444848431], [12.800044474366274, 63.26534952296176], [12.799738700363994, 63.265261535624155], [12.799652891848726, 63.2652319796033], [12.79955461721495, 63.26521876095307], [12.799242486306044, 63.265235960703315], [12.799108042249134, 63.265275229809774], [12.798688766233868, 63.265513555912285], [12.798589853127861, 63.26554270709622], [12.798431560988345, 63.26557186467163], [12.797996828939914, 63.265606488068684], [12.797880891292216, 63.26561526268794], [12.79764338062915, 63.26564319384688], [12.797478413937005, 63.26566941875901], [12.797291616097535, 63.26567741072213], [12.797134363937216, 63.26567722197952], [12.797023712265945, 63.26568489249532], [12.797017119831292, 63.26568534716054], [12.796937936821546, 63.265706928076746], [12.796849057427565, 63.265733593572286], [12.796774072243513, 63.26573018824714], [12.796772304453594, 63.26573010701189], [12.79661675341797, 63.265723030279], [12.79632078009102, 63.26573239279852], [12.795976167976189, 63.26575329372423], [12.795336612631479, 63.265750716450405], [12.794952405095815, 63.265719507629036], [12.794829426890463, 63.26570612750317], [12.794554172353134, 63.26566393618256], [12.794356648205206, 63.26564871823869], [12.794236614149847, 63.26565291003989], [12.79414898969624, 63.26568085934874], [12.793983389423348, 63.26572629427231], [12.793569013422548, 63.26577013575842], [12.793123305204592, 63.26577245667027], [12.792944013961458, 63.26577530666523], [12.792794971937989, 63.2657842642379], [12.79258823922633, 63.26581338258454], [12.792472279313328, 63.26582241286966], [12.792398820442497, 63.26582355427891], [12.792306420419255, 63.26582267793471], [12.79216457827352, 63.26580862581368], [12.792093269727502, 63.26579858575312], [12.792017166102909, 63.26575818539823], [12.791936861023355, 63.26570260831279], [12.7918668896227, 63.265620586953496], [12.791846758179876, 63.26558434104186], [12.792113113964755, 63.26540233080958], [12.792365464858856, 63.2653372777384], [12.792428980520356, 63.265318868344856], [12.792489323184972, 63.26527912071192], [12.792629627709243, 63.265206843380824], [12.79276917502259, 63.265139770925614], [12.792905121404427, 63.26508042722346], [12.793296202835098, 63.26493489963057], [12.793425669359666, 63.264857551049424], [12.793352325509572, 63.2647562453302], [12.793310327091808, 63.264704091210426], [12.793262829494939, 63.264679830110126], [12.79303854675055, 63.2646841465484], [12.79295752051688, 63.264677673490624], [12.792935918497557, 63.26464579562375], [12.792975908107032, 63.26461988298733], [12.793029577979723, 63.2646040502754], [12.793094772706164, 63.26460381302175], [12.793199235449292, 63.264601715338166], [12.793228760684793, 63.26455753891203], [12.793230801675199, 63.26451699485205], [12.793418738798351, 63.26434319444123], [12.793451596253417, 63.26427286916803], [12.793472811573318, 63.26421092031702], [12.793725498107698, 63.264090928230935], [12.793819344757248, 63.26405295643751], [12.793847231798413, 63.264035951625175], [12.793762242665759, 63.263902886777544], [12.793620716743442, 63.26378460472574], [12.79312351595642, 63.26352239845493], [12.792937630213826, 63.26346252709019], [12.792761127295222, 63.26340455186287], [12.79263657505964, 63.26336052720339], [12.792280727645146, 63.26334230309235], [12.791932449520377, 63.263375510023884], [12.791657900121079, 63.263430026677206], [12.791408540736413, 63.26349342773683], [12.7913473617849, 63.26351233980281], [12.791242532994673, 63.263540909238294], [12.7910456295376, 63.26356574212532], [12.790427510804832, 63.26367699542408], [12.79012976472351, 63.26372644414345], [12.789993887419376, 63.26372419084865], [12.789893186889987, 63.26371127792685], [12.789848495343115, 63.2637097938399], [12.789656661522992, 63.26367250653351], [12.789454557135931, 63.263657443921254], [12.788730993208437, 63.26371168823832], [12.787950450052994, 63.263767404873356], [12.787251667395443, 63.26376371765457], [12.787079473835071, 63.26375602144686], [12.786869223687374, 63.26371591196632], [12.786665384942951, 63.2636314112354], [12.786603734161996, 63.2636015493596], [12.786529441761541, 63.263553550951364], [12.78646338241503, 63.26348758797836], [12.78627593027325, 63.26337811067329], [12.786072146791623, 63.26329710270818], [12.785901678569719, 63.263250032288774], [12.78564661737861, 63.263173415858944], [12.785377577767369, 63.263093268233746], [12.784779487892697, 63.26297695011918], [12.784695670164794, 63.26296277877369], [12.784363306241538, 63.262969547452556], [12.784188700276058, 63.262985056621524], [12.783606251538869, 63.263048645741094], [12.782847866239482, 63.26314242684459], [12.782611966604989, 63.26317772967448], [12.782422002564791, 63.26319335660085], [12.782089631570363, 63.263223016227705], [12.781673420158427, 63.26329408132993], [12.781486594819949, 63.26332539727986], [12.781281772644567, 63.26334761512241], [12.781025790107266, 63.26335967903515], [12.780863704406189, 63.26336781907659], [12.780683808542562, 63.263378446756924], [12.780534910939277, 63.26338614557073], [12.780407973397717, 63.263399340599875], [12.780116098918137, 63.26340408202437], [12.779337502205024, 63.26338222159494], [12.779221806014602, 63.26337751630087], [12.778944707349538, 63.26336479729968], [12.778478931180528, 63.26334393425365], [12.778334454101445, 63.26335504891846], [12.77778677554972, 63.263564086698054], [12.777678830602852, 63.26360318385442], [12.777411525443807, 63.26365666409507], [12.777297015139784, 63.26367487213724], [12.777185015604163, 63.2636917904109], [12.777076297242967, 63.263700256755655], [12.776694035856941, 63.263764753310426], [12.776011322953929, 63.26394038345994], [12.775887033799288, 63.26396053867839], [12.775102639880838, 63.2640070472992], [12.774893741997952, 63.26402252995015], [12.774699922461696, 63.264029080493664], [12.774569788810181, 63.26402702797727], [12.77449038144149, 63.2640050449902], [12.774394441626782, 63.26400569087658], [12.774341463647191, 63.26402431994985], [12.774023852457244, 63.264169472879736], [12.773803515146152, 63.26421595007997], [12.773540599746255, 63.2642485079688], [12.772982504938971, 63.26424863942197], [12.772533313147523, 63.26421598467029], [12.772152080557564, 63.264145189924136], [12.771927923084444, 63.264114277406826], [12.771681903033478, 63.26409781066788], [12.77150185763365, 63.26409657222472], [12.77118150033724, 63.264125739249664], [12.770649338306434, 63.264125612128915], [12.770519827654125, 63.26411961491124], [12.770245359281128, 63.2641027180411], [12.769472623427413, 63.264026967726764], [12.769256570535342, 63.26398535826776], [12.769163951840095, 63.263963901486626], [12.769046316328325, 63.26394351611634], [12.768332582846805, 63.26391499799507], [12.768076648972512, 63.26391518721651], [12.76793713568037, 63.26391149103107], [12.767541691997389, 63.26392109236961], [12.76734242287839, 63.26395661247457], [12.76723883819163, 63.2639844746965], [12.767012005669399, 63.26405837822285], [12.766553794517549, 63.26417007115552], [12.766356378667473, 63.26418802911372], [12.76612586833561, 63.264206086966844], [12.765868278805144, 63.26420986480475], [12.765760036950725, 63.26420668426736], [12.765169565298912, 63.264298877427855], [12.76497601219463, 63.264325621741555], [12.764593883130605, 63.26441110815731], [12.764393709505185, 63.264455131094934], [12.763950433762918, 63.26457064201758], [12.763302843850763, 63.26477686174204], [12.763096400968568, 63.26483691969218], [12.762490136976815, 63.265074547420184], [12.762051583143164, 63.26529636665695], [12.76181245855382, 63.265409235406025], [12.761769359212071, 63.2654568917961], [12.761682124621922, 63.26553933028816], [12.761628539639348, 63.265599598906995], [12.761592754410856, 63.26565163530194], [12.7615629463078, 63.265698046044186], [12.761545688866162, 63.265735028634836], [12.761515647249553, 63.26578933723868], [12.761509829524094, 63.265833027476745], [12.761426393954864, 63.26592300510156], [12.761138320806593, 63.26605574578523], [12.760927466561327, 63.26608947668099], [12.760734171536413, 63.26611551012347], [12.760653966247613, 63.26613318513894], [12.760580738991615, 63.26615469618805], [12.760541946191092, 63.26616347794475], [12.76049502247616, 63.2661699229271], [12.760338859759566, 63.26615562260276], [12.760009752189347, 63.26604810103875], [12.759647296075551, 63.265797736157474], [12.759545849291744, 63.26574285786584], [12.759440786170073, 63.26569760197144], [12.759359631059265, 63.2656488972685], [12.759315056266464, 63.26562738220387], [12.759228952433622, 63.26560084956673], [12.758847171040017, 63.265546792203416], [12.75869456679947, 63.26553292317168], [12.758409930070489, 63.26551210816707], [12.758318275469495, 63.26549290423664], [12.75818631414532, 63.26546295504568], [12.758008565910313, 63.265407610161375], [12.757814508879433, 63.26532767495299], [12.757279483858099, 63.265073238382065], [12.756757747788331, 63.26480077267508], [12.756604491078246, 63.26473633904058], [12.756391028227858, 63.264670264864584], [12.756271179662582, 63.26462737738846], [12.756063748405733, 63.26457219957295], [12.755882314102875, 63.264538765533445], [12.755591478102382, 63.26448809044644], [12.755435459512833, 63.26446130599832], [12.75497544133477, 63.26444066336001], [12.754736882842078, 63.26444596934596], [12.754399322919355, 63.264477422426786], [12.753997497843985, 63.264524561710545], [12.753600403745134, 63.264526995989776], [12.753488166031117, 63.264523419808235], [12.753243477738675, 63.26450757964677], [12.75260593293584, 63.26457677296978], [12.751948529950315, 63.26457352103885], [12.751602273976255, 63.26455505027118], [12.751528051284254, 63.2645501335503], [12.751487032589939, 63.26454601966735], [12.750827250392764, 63.26444277898204], [12.750635830689152, 63.26439278461107], [12.750327944725969, 63.264256608866845], [12.75020062208014, 63.26417341668952], [12.750164191812773, 63.26413906160651], [12.75009259334702, 63.264094327514236], [12.750031701619054, 63.264059531856326], [12.749957743700742, 63.26401259643845], [12.749934798254662, 63.26399397028913], [12.749892386773054, 63.263940709426365], [12.749624194499198, 63.263827023583026], [12.749528234082227, 63.26377701041874], [12.749255883256254, 63.2636724796003], [12.749215644486751, 63.26366093372557], [12.749033494575274, 63.263613831283024], [12.748538135115847, 63.26353539404289], [12.748339097746022, 63.26351216829472], [12.748230374915495, 63.263498075143005], [12.748082369793215, 63.26344074571491], [12.747964488809425, 63.26334752749535], [12.747952452531432, 63.26321276761808], [12.747920183066624, 63.263137362547006], [12.747767035916004, 63.26304401712661], [12.747698941582222, 63.26300196806697], [12.747560553263883, 63.26294250954263], [12.747543649964204, 63.26293460982548], [12.747454121733082, 63.26290673163337], [12.7472183604888, 63.262825699376044], [12.746954013366345, 63.262736061206006], [12.746756786287214, 63.26267310244087], [12.746708584522487, 63.26265967884416], [12.746507936566413, 63.262606605409495], [12.746399258011726, 63.26256951607332], [12.74613148741456, 63.262581806557584], [12.745921271732179, 63.26255124397953], [12.745741338782478, 63.26252824521195], [12.745657383181195, 63.2625155748954], [12.74535129881345, 63.26245134785085], [12.74530102994892, 63.2624442482145], [12.745125322046201, 63.26241335113256], [12.745018917884416, 63.26241124335976], [12.74490804729288, 63.26240813989451], [12.744834058645578, 63.262378351231604], [12.744085875647762, 63.26228252209772], [12.743662476986724, 63.26230976955948], [12.743564694420305, 63.26232589024665], [12.74343731788046, 63.26235422015646], [12.74301771343064, 63.26235686029588], [12.742793780573626, 63.26236927395751], [12.742179437317338, 63.262522329822836], [12.742005801499761, 63.2625789361205], [12.741594675653484, 63.26267244043478], [12.741550651257565, 63.26268540807262], [12.741512512014097, 63.262813787687165], [12.741506036620613, 63.2628616872147], [12.741477634662058, 63.262896362780396], [12.741334937651354, 63.26301657334343], [12.741302756050665, 63.2630794461336], [12.74127060484243, 63.26314753625842], [12.741238260896344, 63.26317628587106], [12.741144713802296, 63.2632521203389], [12.741096175256121, 63.263262394309464], [12.740934812899594, 63.26333298606189], [12.740813815634151, 63.26336324668993], [12.740336170213332, 63.26336417664928], [12.740238479308992, 63.263358926296505], [12.740157615420195, 63.26335080933379], [12.739988317681137, 63.2633365651609], [12.739758696300191, 63.263346163156825], [12.739653502649869, 63.26335503412253], [12.739524303699966, 63.26337801605246], [12.738801431890009, 63.263514805936126], [12.738557643648885, 63.263580844126544], [12.73851363757883, 63.26359354177386], [12.738427887984646, 63.26362949649864], [12.738377661053562, 63.26364654890071], [12.738178677515696, 63.26371283146885], [12.737740229101178, 63.263770540017646], [12.737568771611903, 63.26377850890292], [12.737338690020316, 63.26375855443782], [12.737192916227768, 63.2637236248768], [12.737065164611394, 63.263676689281596], [12.737007717965634, 63.263645193066594], [12.736958874636938, 63.26361531517002], [12.736780838092443, 63.26357268891136], [12.736469415857714, 63.26347060957581], [12.736329725314564, 63.26341785351772], [12.736165893116546, 63.263376610675685], [12.735942317041049, 63.26336118408103], [12.735834048068858, 63.26335409231528], [12.73540141510937, 63.263207198056264], [12.735052745029046, 63.26305053138777], [12.73478575856343, 63.26292992204164], [12.734629049927282, 63.26287796191376], [12.734513237738625, 63.26285373361119], [12.734387964510349, 63.26285103022729], [12.734239051250901, 63.26285877026002], [12.73408533442306, 63.26286676589271], [12.733647641534242, 63.26289304685425], [12.733529396694069, 63.26290288174667], [12.73330467228603, 63.26294507868814], [12.732622644796798, 63.26312115202571], [12.732582045023923, 63.26313562611906], [12.732518330089983, 63.26315562226928], [12.73236505335682, 63.26318185072345], [12.732321190626305, 63.26319320189511], [12.73227629879732, 63.26321791556916], [12.731641483806584, 63.26342408935788], [12.731548128785464, 63.263454755821776], [12.731430528879809, 63.263514711854725], [12.731400464288877, 63.26352851847803], [12.73140040175215, 63.263528553397855], [12.731363885424189, 63.26354532804703], [12.731317281289506, 63.26355984975667], [12.731237130168596, 63.2635939410161], [12.730977310807026, 63.26371843447497], [12.73082086155431, 63.26382127464035], [12.730717684125313, 63.26387875732672], [12.730514286482203, 63.264019997711486], [12.730477586911263, 63.26404264158233], [12.730444743391649, 63.26411133809115], [12.730422644399225, 63.26418610521398], [12.730351568778447, 63.264265739255016], [12.730116944092213, 63.264376401053816], [12.729900600855704, 63.26447076059804], [12.729676591692344, 63.26457717327392], [12.72958388695108, 63.264629668206005], [12.729435944240342, 63.26473852398197], [12.729356433261207, 63.26479077130534], [12.729286309489723, 63.26484277325912], [12.729181913421431, 63.26494888447163], [12.729007132050622, 63.26515441213806], [12.728917838712215, 63.26527046161541], [12.728851985979574, 63.265368253331715], [12.7288223815256, 63.26542534626968], [12.728742261192679, 63.2655469025657], [12.728707003834945, 63.26562137870084], [12.72866925919336, 63.265734326696716], [12.728636976219644, 63.26579226579698], [12.728445844002747, 63.26604438513473], [12.728275267589796, 63.26638612094552], [12.728244245153848, 63.26644524737671], [12.728205933604203, 63.26654103605485], [12.728173405283647, 63.266608659650025], [12.72814117974507, 63.266675219552965], [12.728113117664359, 63.26675524278786], [12.728069335713247, 63.266941597594126], [12.72795013633511, 63.26728919937012], [12.72791261900074, 63.26741490122098], [12.727899005910752, 63.26748455965648], [12.727899404077817, 63.26751446657139], [12.727895242771462, 63.26760030364899], [12.727859935262055, 63.26767155529762], [12.727830166642267, 63.267730171899565], [12.727840732385852, 63.26781048841512], [12.72783172844765, 63.26782206248155], [12.727837414919902, 63.26782478413874], [12.727959567202754, 63.267868190590335], [12.728171815563082, 63.267956556770784], [12.728228802527404, 63.26800528917137], [12.728236898321413, 63.26815756998672], [12.72825249003677, 63.2682001105864], [12.728266818662979, 63.26829748462196], [12.728272326510542, 63.26843857202889], [12.728278326324464, 63.268612180765594], [12.728312853016362, 63.268679096610455], [12.728398274629049, 63.2687754052289], [12.728416232541552, 63.26882005774162], [12.728490167952058, 63.2688969047832], [12.728547635838037, 63.26897123525376], [12.728452801549299, 63.26915020278305], [12.72839035950082, 63.26923845906368], [12.72849566679369, 63.26933897288583], [12.728515028672362, 63.26937997531031], [12.728465213015303, 63.26940223885632], [12.728423261904396, 63.26940663367903], [12.728374969572728, 63.269392295577646], [12.728351353871139, 63.26938003034259], [12.728267517713807, 63.26935478102919], [12.728225369726129, 63.26933887080723], [12.728114323183476, 63.26933691903731], [12.727987773407314, 63.26934603346846], [12.727577177447355, 63.269317211384795], [12.727353621860976, 63.2693012423591], [12.72699925147089, 63.2694314030935], [12.726872836037135, 63.26948945504778], [12.726792864455577, 63.269538461271885], [12.726655541087352, 63.269683912502], [12.726622277061473, 63.26981700898954], [12.726609621502007, 63.26986761091073], [12.72657765486117, 63.27002701905759], [12.726580892915578, 63.270131246856835], [12.726584695772624, 63.27032554453744], [12.726598892302027, 63.27054735868162], [12.726620858757, 63.270612485050044], [12.726641301661186, 63.27064327775803], [12.726662263520305, 63.270745732351784], [12.726716196326139, 63.27080822646409], [12.726753568405522, 63.27090457686824], [12.72677108028285, 63.27096475639439], [12.726782186031977, 63.27100450483445], [12.726789115394844, 63.27105906503187], [12.72679722058933, 63.2711979671747], [12.726864402434936, 63.271345687332925], [12.726881140584524, 63.27141114319939], [12.726879050616615, 63.27143085497184], [12.726992443707266, 63.27150415745419], [12.727101831982086, 63.2715346282292], [12.727274312325436, 63.27156242470457], [12.727480860564109, 63.271534294954556], [12.727573362561133, 63.2715548881211], [12.727616862925782, 63.27158455817405], [12.727736406476332, 63.271695517961334], [12.728024988662206, 63.27171335001283], [12.728142713157297, 63.27174229186098], [12.728305038419144, 63.27182418595177], [12.728405708180352, 63.27187656036123], [12.728566508262345, 63.27192412948474], [12.728777848272498, 63.27198768844625], [12.728879560758779, 63.27203594873404], [12.728975832854937, 63.272099898504585], [12.72913549984666, 63.27231147976385], [12.729198082042988, 63.27234902308222], [12.729216657817895, 63.27242718644849], [12.72920279418545, 63.27244502236274], [12.729093393491638, 63.27243897632831], [12.728802494146407, 63.27245405403092], [12.728663540054805, 63.272508154356835], [12.72862816211393, 63.272565038457266], [12.728686494138605, 63.272750903435075], [12.728740768837868, 63.272894573531794], [12.72878838265422, 63.27301089463351], [12.728908049871178, 63.273087204776246], [12.729170673033403, 63.273206371793535], [12.729268103872792, 63.273257418809344], [12.72926956309558, 63.27329058407334], [12.729267248036752, 63.273379602216615], [12.7294236565076, 63.27361625465809], [12.729447815858908, 63.27365512452951], [12.729463479090022, 63.27373079007985], [12.729461191972195, 63.27380652852073], [12.729440950169465, 63.27391231213443], [12.729291688607969, 63.27400309013877], [12.728833257402604, 63.27408396191719], [12.72864716281133, 63.27417807558419], [12.728620824951184, 63.27420264433685], [12.728617365711559, 63.274287424036196], [12.72866885816015, 63.2745207333334], [12.728678853929365, 63.27455030844993], [12.728722549537752, 63.274606209259076], [12.728751678815428, 63.27464526627954], [12.728832620417021, 63.27470142899007], [12.72908653457645, 63.27479967932422], [12.729303753292585, 63.27492415563822], [12.72934076298105, 63.27498852467506], [12.729298033065165, 63.27516853030267], [12.72925286289626, 63.275214510368684], [12.72912362726846, 63.27520345205038], [12.728878825190195, 63.27520858030015], [12.72884295779326, 63.27521588285698], [12.72879290524493, 63.27546459663146], [12.728800144238532, 63.27552770074056], [12.728767535289006, 63.2755549171086], [12.728514815386669, 63.2755912017717], [12.728389476117298, 63.27561094055058], [12.728217004405836, 63.275667100810274], [12.728156190605068, 63.27569316663441], [12.728172668323387, 63.275744260454324], [12.728221078277517, 63.27579702209181], [12.728177539424163, 63.275812606558134], [12.72803211983255, 63.27582068397798], [12.727782583665133, 63.27589070790976], [12.727654264694651, 63.27596829599646], [12.727595216997363, 63.27600230938087], [12.727444951369826, 63.276033178738544], [12.7273502996829, 63.27604199395584], [12.727267703917466, 63.27606104023295], [12.727113749733943, 63.27616230968671], [12.72716825796219, 63.27631666924603], [12.727216934794114, 63.27636881593135], [12.72725188183616, 63.27638133399204], [12.727498912197973, 63.27648634618499], [12.727697215357011, 63.2765656990927], [12.727810552975777, 63.276628583928584], [12.727886698876038, 63.27667934595883], [12.727941783358334, 63.27669570501332], [12.728168665911122, 63.276679247964786], [12.72885059091864, 63.27650741067995], [12.728923197166912, 63.27647162866275], [12.728933691392122, 63.276461164758544], [12.728950436938508, 63.276470599554905], [12.729061146829377, 63.27645512545591], [12.729214186380153, 63.2764429931827], [12.729290006102158, 63.27644265797548], [12.729469829693366, 63.27645785406075], [12.72951916884842, 63.27647805373913], [12.729561726511125, 63.27649548743783], [12.72994590406914, 63.276636416766706], [12.73009269673581, 63.27663805669978], [12.73042883825639, 63.27666463288821], [12.730558509696609, 63.27666034257469], [12.730631213718834, 63.27664054411234], [12.73072310342616, 63.27660903732491], [12.73099017244968, 63.276584093501064], [12.731238445708472, 63.276578325405765], [12.731374312776117, 63.27658323791068], [12.731613548519155, 63.27660797989093], [12.731850936182424, 63.276661326446074], [12.731934803645295, 63.276686484044745], [12.732102300058711, 63.27674999459803], [12.73240724767956, 63.276815029613616], [12.732525467075515, 63.276847127072834], [12.732681038036498, 63.276934798372984], [12.73284546204923, 63.27703290052732], [12.732953438820804, 63.27711622201375], [12.732935269991184, 63.27721935420762], [12.732944502356869, 63.277289951365454], [12.732948235804377, 63.277354139668844], [12.732963342453285, 63.27741265467028], [12.73298311122733, 63.27744989155681], [12.732821022227991, 63.27755638904896], [12.732787545909188, 63.277615998139495], [12.732845099241073, 63.27770102194947], [12.732873229088497, 63.27773260044845], [12.732968581374216, 63.27778296505245], [12.733359842698945, 63.277838920410026], [12.733627266128975, 63.27785555047764], [12.733769047328012, 63.27787055748879], [12.733869510579122, 63.27788403579953], [12.734093151996962, 63.27791122797893], [12.734214453841075, 63.27792928478166], [12.734319728646607, 63.27794269566961], [12.734485668291214, 63.2779067707464], [12.734555336661458, 63.27789669125039], [12.73475524423177, 63.27789013838694], [12.734973898068986, 63.27790796542496], [12.735086410641703, 63.27792062888331], [12.73523545737941, 63.27793479820669], [12.735285922302692, 63.277949626246105], [12.73535027419792, 63.27798774246752], [12.735399874402642, 63.278018171380175], [12.73545161360673, 63.27805107661052], [12.735555805237189, 63.27811949331479], [12.735609390828925, 63.27814615145108], [12.73564273825507, 63.278157016723455], [12.735640031290487, 63.27841474587302], [12.735642826017125, 63.27844470869992], [12.735677892252804, 63.278491885862216], [12.73573316406108, 63.278560871325205], [12.735712265254207, 63.27859417472349], [12.735702420304385, 63.27860985731122], [12.735663046593698, 63.278635135900565], [12.735536671139226, 63.27875263807888], [12.735525551733918, 63.278834647006974], [12.735534495806599, 63.278881803849046], [12.735540864338496, 63.27905433090977], [12.735512932445141, 63.279112457414165], [12.735476226743167, 63.279185825589124], [12.735374746192763, 63.27929048836341], [12.735314471224308, 63.279341446922636], [12.735222135165191, 63.27942968858567], [12.734813718443492, 63.279740711283836], [12.734726887426044, 63.27978265415367], [12.73467131251294, 63.279804442277154], [12.734483908835648, 63.279839541167696], [12.734335434833291, 63.279885540322624], [12.734273903749235, 63.27989580311925], [12.733594706219654, 63.279771956279774], [12.733318141363256, 63.27978465927906], [12.733101922530727, 63.27979076204798], [12.73291805887872, 63.279756892797295], [12.732804987803219, 63.27967076964258], [12.73270144106993, 63.27958323567794], [12.732576102103382, 63.27953931637256], [12.732385612166242, 63.279502243095784], [12.732272498537176, 63.279495135045394], [12.732167137265503, 63.27949393292594], [12.73206306977063, 63.27950291569725], [12.731989341820746, 63.279517391989835], [12.73191750371744, 63.279536495656345], [12.731330341055406, 63.27977674350351], [12.731276389776626, 63.27985243990727], [12.731402630677966, 63.28014446783398], [12.731358272958078, 63.2802368925694], [12.731304151758057, 63.28030306841383], [12.731158687952165, 63.28037867156826], [12.731044736140525, 63.280428108711746], [12.730844523174586, 63.28051213256081], [12.730739551054846, 63.28054829775861], [12.730630963299676, 63.28060736487668], [12.730554936617848, 63.2806751308436], [12.730516819641794, 63.28078376336126], [12.730531617571648, 63.2808134417499], [12.730531367303506, 63.281073832323145], [12.730525167985947, 63.28110575307294], [12.730520026498223, 63.281214013223966], [12.730517278862916, 63.281260373538885], [12.730527656393637, 63.281340695556715], [12.73058219211259, 63.281424028962206], [12.730614506375614, 63.28148560197999], [12.730674999592248, 63.28156368770767], [12.730759892238819, 63.28165791160648], [12.730918542790386, 63.28184594834662], [12.730958548428205, 63.28190661122771], [12.731246156959697, 63.28222816561139], [12.731399169597468, 63.282515923780835], [12.731403784775667, 63.282547540945394], [12.731432081483586, 63.28260570949916], [12.73170855199715, 63.28275876282634], [12.732003694750478, 63.282871446548384], [12.731994970170703, 63.282943894765054], [12.731975544183172, 63.28299896856034], [12.731912874825193, 63.28306118341321], [12.731884712292032, 63.283099003857295], [12.731790845465776, 63.283218107300335], [12.731732037891907, 63.28333750872677], [12.7316231966801, 63.28352784732256], [12.731589010677526, 63.283592302597896], [12.731563497220662, 63.283670759768256], [12.731495626224168, 63.2837610590904], [12.731430144175315, 63.28384405152307], [12.73114535124315, 63.28403651631299], [12.731176656214679, 63.284088905376414], [12.731258798158693, 63.28413602546767], [12.73137765673256, 63.28420171558791], [12.731382672277368, 63.28420540509139], [12.731476033223355, 63.284274235688756], [12.731626199064701, 63.284364398530805], [12.731718320239002, 63.28445815318797], [12.731799350816104, 63.28453999543394], [12.731865192158292, 63.284601671060926], [12.73193872803385, 63.28465452600073], [12.732077279872124, 63.28469073642725], [12.732228797194134, 63.28470460662678], [12.732336694413917, 63.284702715144235], [12.732618242695615, 63.28469802139144], [12.73286484441661, 63.28471035185009], [12.733425671630469, 63.28473341199554], [12.733622097021518, 63.284748695805334], [12.733752235045971, 63.28479657819707], [12.733883609714715, 63.28485894548254], [12.734002000376098, 63.28498532460895], [12.734136985396486, 63.285101821259175], [12.734263526255122, 63.28516658949011], [12.734456943679724, 63.28522150291122], [12.734621243685334, 63.28523698358525], [12.734807769872306, 63.28524603837006], [12.73500557918266, 63.28529152099316], [12.735317667292263, 63.28535778451072], [12.735502198695672, 63.28537244552731], [12.736045422136842, 63.28531548087322], [12.736509148485062, 63.28531381001403], [12.736726126542658, 63.285302864946786], [12.736868141705479, 63.28528230592909], [12.737077560370146, 63.28525252777077], [12.737296376885817, 63.285235424459955], [12.737490424788419, 63.28521698451789], [12.737587644778571, 63.28521620342014], [12.737654140469449, 63.28522670577162], [12.737730068069117, 63.28525734537714], [12.73778177439877, 63.28530002725501], [12.73793645299394, 63.28535176145604], [12.738087378169483, 63.28539362172274], [12.738242567204146, 63.28547041534502], [12.738290011042112, 63.285494963401554], [12.738410451159274, 63.28564535428655], [12.738464760218047, 63.28568055275001], [12.73853670869334, 63.28572610583054], [12.738816987952811, 63.285881548518326], [12.739101764986433, 63.28599642267694], [12.739682598277694, 63.28615610484437], [12.73979513767473, 63.286178282417275], [12.740069618520529, 63.28619496651521], [12.740310951040026, 63.286167027864984], [12.74055242297206, 63.286096539161655], [12.740758179024054, 63.2860559854191], [12.740875721281888, 63.28604432751425], [12.741301882881212, 63.28599442897944], [12.741551416701242, 63.2859888415456], [12.741853122549248, 63.28600656452383], [12.741934458632153, 63.286010736438], [12.742123667203867, 63.28600394907864], [12.742325567390917, 63.28604681042356], [12.742357746704906, 63.28605567108205], [12.742473146869147, 63.28606399226344], [12.74272852156982, 63.2861160871186], [12.74279657736665, 63.28614188514945], [12.742965298942451, 63.28624734257729], [12.743004212480312, 63.28628283398389], [12.743142020663003, 63.28646349483813], [12.743237606679868, 63.286609662337725], [12.743568911779589, 63.28688032406052], [12.744085141467858, 63.28714328298775], [12.744225257251221, 63.28721570962627], [12.744373350147747, 63.287305268805696], [12.744493281037881, 63.287361096436015], [12.74464226380504, 63.28743469565373], [12.744853191650723, 63.287554161903415], [12.744866748054752, 63.28768572228682], [12.744835614507354, 63.28775176417003], [12.744803191466497, 63.28780341912886], [12.744574251109059, 63.288043530491585], [12.744354665031269, 63.288150145283154], [12.744233579193644, 63.28819530478145], [12.744180475283471, 63.28821446007623], [12.744121786868927, 63.28824686978943], [12.744088025244864, 63.288329912171186], [12.744148590635847, 63.28852228716352], [12.744159469499357, 63.28855511632725], [12.744272326026179, 63.28872293564241], [12.744335309539027, 63.28883795827231], [12.744380173190478, 63.288933927663706], [12.744469246081442, 63.289038292207884], [12.744533505206334, 63.28910000827781], [12.744566291690003, 63.289133310029044], [12.744657502828614, 63.28926061388449], [12.744777257324463, 63.28938593630066], [12.744900752992988, 63.28954176583047], [12.745093892862183, 63.28968994324545], [12.745216630061666, 63.28973450990963], [12.745254376140593, 63.28978120594027], [12.745266425249703, 63.28981235647735], [12.745315174035296, 63.28988496064711], [12.74541762074318, 63.28998369085014], [12.745423137740303, 63.290042528156974], [12.74538549888311, 63.29016984802493], [12.74538026048111, 63.29022846120723], [12.745379253570714, 63.29028500435504], [12.745345011500662, 63.29035582787585], [12.745251284798705, 63.290453122815684], [12.745011225688392, 63.29060221785866], [12.744679715946576, 63.29068057311242], [12.744497345080168, 63.290711033552846], [12.744185789247053, 63.29079313366381], [12.743855113958562, 63.29084672702963], [12.743722781870824, 63.29085492086043], [12.743614742653028, 63.29088411533704], [12.743525849765382, 63.29089450560482], [12.743518128652482, 63.29087512319326], [12.743536407919448, 63.29085899006683], [12.743617347043505, 63.290816373641185], [12.743699864490734, 63.290730610836064], [12.743709977641497, 63.29071430343478], [12.743519468002425, 63.290699073939436], [12.743149292664063, 63.29074525172186], [12.743030860398283, 63.290767034975474], [12.742799088243379, 63.29073861590207], [12.742454709777912, 63.29072024612603], [12.742358695066605, 63.29071890387076], [12.74211067527359, 63.290721194943174], [12.7420409734179, 63.29072930252983], [12.74200066384408, 63.290740650570854], [12.741906885056903, 63.290774720994264], [12.741804937869196, 63.29082164559102], [12.741689129616288, 63.2908996064977], [12.74163783918556, 63.29095030620926], [12.741492440047903, 63.291130257974864], [12.741467022770271, 63.29114784900804], [12.741364318798519, 63.29116440306967], [12.741301486799282, 63.29118693188635], [12.7413003171905, 63.291366755171374], [12.741317345482319, 63.29144129109972], [12.74135535780211, 63.29148529870291], [12.741397332725986, 63.29151080040905], [12.741483204590693, 63.291601988662514], [12.741498007732408, 63.29169731174285], [12.74149691563032, 63.29178644761972], [12.741513934291135, 63.29185729296123], [12.741542851693445, 63.29190433488531], [12.74161600344892, 63.29195745661147], [12.741715557736441, 63.291970725766824], [12.741940664822922, 63.292065809190596], [12.741989365172108, 63.29211067742262], [12.742051200121457, 63.29217279611704], [12.742091096551801, 63.29224782012581], [12.742138349895232, 63.29241162903029], [12.742513110049183, 63.29261363583232], [12.742583613360125, 63.2926343544877], [12.74261429081844, 63.29264337975231], [12.742801972523562, 63.292675787342496], [12.74319832525564, 63.29276305872649], [12.743488350559614, 63.29283690899164], [12.743869467518508, 63.29294531624041], [12.743962052342793, 63.2929847461135], [12.744033768692452, 63.293015746305], [12.744107456628432, 63.29303582322982], [12.744183464744774, 63.2930583791632], [12.744434309124998, 63.293052366747396], [12.744549004935447, 63.29304505118717], [12.744879078006594, 63.29304056184889], [12.745021859373699, 63.29305808664541], [12.745380574719222, 63.29307693717942], [12.745534879110933, 63.293074414034024], [12.74567815487736, 63.293066723828346], [12.745915331633418, 63.29302190053134], [12.746072625812516, 63.292964759647134], [12.746161460173127, 63.2929324579142], [12.746404812703346, 63.29282949341312], [12.746553320633984, 63.292757352682806], [12.74660319513357, 63.292699167285235], [12.74660472395837, 63.29263948976118], [12.746588521561291, 63.292559050516466], [12.746563519581494, 63.29249395194249], [12.746544191326045, 63.292442806777494], [12.746583149789135, 63.292400997087434], [12.746672913149654, 63.29221499738176], [12.746706666694877, 63.29217136338764], [12.747096560364659, 63.292029699591424], [12.747196867316948, 63.29201138849102], [12.74734392269139, 63.29198868960979], [12.74744325052494, 63.2919795933167], [12.747558273106531, 63.29196904810189], [12.747604922333466, 63.29195443160113], [12.747666110463605, 63.29188902603396], [12.74769601184095, 63.29185177786935], [12.747766233713842, 63.291808397047475], [12.747889606228503, 63.2917701036611], [12.748173913106646, 63.29173984068523], [12.748262275553271, 63.2917344673866], [12.748395997608604, 63.29172639004778], [12.748550322570019, 63.2917235048868], [12.748987678949508, 63.29176064072337], [12.74917076928096, 63.29180255696589], [12.749266994895303, 63.29183397770565], [12.749458924570822, 63.29191118618695], [12.749504460791968, 63.29192949559272], [12.74955870947418, 63.29195606866592], [12.749664027555234, 63.291991915782], [12.749879752822682, 63.29204799480213], [12.750305707334293, 63.29206845190367], [12.75085782025451, 63.291994375194406], [12.751175108705741, 63.29194281694261], [12.751278397735485, 63.29191513107508], [12.751349816032329, 63.291890632387776], [12.751438160454658, 63.2918419689127], [12.751558303637946, 63.291732408709315], [12.751612260232035, 63.29169567418573], [12.751702384378126, 63.29159830045778], [12.75155739094273, 63.291373681896026], [12.751537147413968, 63.29132368134478], [12.751518313794532, 63.29122666188477], [12.751397978106134, 63.29112701646544], [12.751326194207314, 63.291100427653], [12.751257455192487, 63.29108827128945], [12.75108982343368, 63.29109248465738], [12.750758626375722, 63.29109660222616], [12.750658974680796, 63.29108431658096], [12.750611496458442, 63.29106354354761], [12.750614297974714, 63.29104654557578], [12.750723097761425, 63.29100443704178], [12.750839298116226, 63.29097155003209], [12.751098417505688, 63.29089648228032], [12.751324299541968, 63.29084700038283], [12.751562305958537, 63.29080551230902], [12.751567808903632, 63.29080504247636], [12.751662761422443, 63.290796978657134], [12.7517761549096, 63.29079061555991], [12.75221129151062, 63.29075649387617], [12.752287638391547, 63.29075319122041], [12.752415359006118, 63.29074524892217], [12.752612345611164, 63.290731422719844], [12.752755119714015, 63.290705660806665], [12.752808119415395, 63.29068552197494], [12.752864166797394, 63.29064981667286], [12.75292133451454, 63.29061099534342], [12.752913451870125, 63.29053289708838], [12.752895330275212, 63.29047970675028], [12.752873916409108, 63.2904295981496], [12.752853587319025, 63.29040680291123], [12.752726117894147, 63.29040488159196], [12.752662626194617, 63.29042218807302], [12.752607489940988, 63.2904418441837], [12.75255966117934, 63.290422493937314], [12.752559175774937, 63.2903931248452], [12.75256221802148, 63.29038736341483], [12.752573902203167, 63.29036516305121], [12.75257308631016, 63.2903390122167], [12.75261597275398, 63.2903070680834], [12.752644602615291, 63.29029295582671], [12.752766172574287, 63.29024689897499], [12.752955436655732, 63.29016081296833], [12.753006590130314, 63.29013541915299], [12.753234594111198, 63.29009981346863], [12.753334502160612, 63.29009647787342], [12.753545009030935, 63.29010162088854], [12.753701589706814, 63.29010192644857], [12.754365566295032, 63.290205050972816], [12.754509924509598, 63.290230142581464], [12.754696683923623, 63.290258210062426], [12.75487959732995, 63.29029032906387], [12.755029530230116, 63.290296858576504], [12.755224853182781, 63.290300511681714], [12.755519008324729, 63.29033338631863], [12.755601591446354, 63.29034863206159], [12.755842591389106, 63.29040317882122], [12.755972152359227, 63.290423097317785], [12.756188497398824, 63.2904750551815], [12.756435567150449, 63.29054957607448], [12.756599969362403, 63.29061352816155], [12.756697618447117, 63.290659790612466], [12.756686438220784, 63.29073533457021], [12.756649617361097, 63.290779892163116], [12.75663125881317, 63.29082331286711], [12.756649724955702, 63.29087703783253], [12.756686469693804, 63.2909124910503], [12.756709537201226, 63.29093012997874], [12.756869052427724, 63.290991284110866], [12.75697442470842, 63.291026758473684], [12.757068138977111, 63.29107823834155], [12.757133621820074, 63.29110793048761], [12.757201267891329, 63.2911418768003], [12.75735795148392, 63.29123538204982], [12.757412817188188, 63.29126179117741], [12.757642130250684, 63.29137982990563], [12.757694446887806, 63.291417225015046], [12.757727421426706, 63.29146758659922], [12.757739188730941, 63.29150357115865], [12.75774719106286, 63.29155231847695], [12.757758996626254, 63.29160860518021], [12.757770120715403, 63.29173373221061], [12.757957739355543, 63.29192343096742], [12.757997714030983, 63.291964340011766], [12.758196312942433, 63.29219378173401], [12.758310533100811, 63.29226644167285], [12.758582573268118, 63.29237677373669], [12.75930479224912, 63.29252592830966], [12.759627297499481, 63.29259486877549], [12.759820716302544, 63.292795915744044], [12.75984272054009, 63.292833201413856], [12.759883838542441, 63.2929028606653], [12.760176528008989, 63.293063464451315], [12.760646682000651, 63.293345766474445], [12.760726068626623, 63.29338948513391], [12.760789795186513, 63.29343780623392], [12.760824131448551, 63.293475348437134], [12.760784666920763, 63.29359410384888], [12.760758063391235, 63.29363250185538], [12.760651244240346, 63.29372575758145], [12.760573062830762, 63.293772655934774], [12.760568055393152, 63.29377470523485], [12.76014289753328, 63.293644397754086], [12.759927419254048, 63.293629193003824], [12.759784796408834, 63.293630811057255], [12.759446802010537, 63.29359699575963], [12.759355186969731, 63.293589745292714], [12.759221184387204, 63.2936003426928], [12.75907089471272, 63.293619752538895], [12.758645982092853, 63.29360042485135], [12.758483234527006, 63.2936016980052], [12.75835394919341, 63.293624248049724], [12.758139841932817, 63.29380759699271], [12.758062811951952, 63.29384450054608], [12.7580612581283, 63.29384523930654], [12.75761805189278, 63.29387615452834], [12.757225120268517, 63.293844755456966], [12.75702892277982, 63.29378685838209], [12.756945615670082, 63.293757693707974], [12.756799155141383, 63.29370139657375], [12.756734656735333, 63.29366590145112], [12.7566095247875, 63.293607820948075], [12.756538664530117, 63.293583583989914], [12.756417804855115, 63.2935698640714], [12.756179466734455, 63.2935692436273], [12.755972203715112, 63.2935669573665], [12.755868096794075, 63.293553330290344], [12.755560531375238, 63.29351108688301], [12.75538170646418, 63.29349846403775], [12.755192028654005, 63.293463779087936], [12.75511732683827, 63.29345149479187], [12.754960652778694, 63.293418056949115], [12.754911042627988, 63.2934061320863], [12.754874664835413, 63.293412355847224], [12.754801823457486, 63.29340693373966], [12.754320039192182, 63.293385735907435], [12.754171347193369, 63.293378695639426], [12.753585717741117, 63.29337718320575], [12.753537283923817, 63.29338628732594], [12.753443733797745, 63.29340672974275], [12.753015654034359, 63.29350960263083], [12.75281315471822, 63.29353965753297], [12.752429590692424, 63.293566891267155], [12.752291279218433, 63.29357488210234], [12.752004769814578, 63.293557960827755], [12.751835716335792, 63.29351904447666], [12.751760613515378, 63.29349911989966], [12.75161147109812, 63.293485057226086], [12.751473721776721, 63.293498892509504], [12.751162259443356, 63.2935387182046], [12.750809742663163, 63.2935421045611], [12.750019153057277, 63.29352612624926], [12.749913225899396, 63.29355429039254], [12.74986325115817, 63.29358159638686], [12.749755251573655, 63.29364041803262], [12.749650910830265, 63.293700671196305], [12.749598583436557, 63.29373690101695], [12.749332781352036, 63.29383714575006], [12.749119342578002, 63.29388176621147], [12.749010445456065, 63.29387943485057], [12.74887512251282, 63.29388182180562], [12.748795182990996, 63.29389806760788], [12.748588173734156, 63.293998854038584], [12.74847825288038, 63.29404210167351], [12.748413602881019, 63.294059028907505], [12.748358362111405, 63.29407759536451], [12.748322284751033, 63.29418628208715], [12.748265921357063, 63.29425501463844], [12.748150063463296, 63.29428458289393], [12.748096512882924, 63.29428711246567], [12.748014612800269, 63.29426353173067], [12.747957819563565, 63.29425162555733], [12.747919142215274, 63.29424765591721], [12.747778457364236, 63.29425531757051], [12.747693265019937, 63.29426470952143], [12.747591347150783, 63.29427365737581], [12.747451263983978, 63.29431347320729], [12.747398671494222, 63.294350236813536], [12.747122483101348, 63.29468550150578], [12.747077335034573, 63.2948739849679], [12.747145741901877, 63.29500035147627], [12.747180517203281, 63.295033603128935], [12.747297583631022, 63.295094392909206], [12.747423711857378, 63.29515438308129], [12.747546419513741, 63.295214489650704], [12.747730162428336, 63.29528254683043], [12.747851463657325, 63.29534279250826], [12.748011788878031, 63.29546035765625], [12.748104553188488, 63.29554136944503], [12.74823488668146, 63.29568019846269], [12.748282272993144, 63.29573571066604], [12.748346656600575, 63.295798423334645], [12.748448573746721, 63.29583275384571], [12.74878940285445, 63.29593219584028], [12.748934918817834, 63.295969351988575], [12.749074319234555, 63.2959964087034], [12.749268809898611, 63.29607592026524], [12.749436136681773, 63.29639107923649], [12.749467297582424, 63.29642263000929], [12.749710815203233, 63.29647661584334], [12.749794864150443, 63.29648937379574], [12.74984043131419, 63.29649254483211], [12.749848925465939, 63.29649313693137], [12.74985010371505, 63.296494403628074], [12.749871337043238, 63.296517141706204], [12.74954171330636, 63.296667559504215], [12.749402191508183, 63.296756330943346], [12.749326851860204, 63.296857250281], [12.749310449109, 63.296902775241875], [12.749324289763724, 63.29700184412034], [12.749337221618324, 63.29702663302921], [12.749374282044915, 63.29709306180352], [12.749400266596576, 63.29716411039191], [12.749434839456798, 63.297218180609576], [12.749463538296759, 63.29728820355717], [12.749512095896828, 63.29737787207713], [12.749710719539653, 63.2976708080002], [12.749704195693639, 63.297698414249794], [12.749614143673066, 63.29770833229069], [12.749456957508684, 63.29769274879874], [12.74939347016765, 63.29768751670992], [12.749338898676958, 63.297731693417155], [12.74932655769438, 63.29777093437215], [12.74933059107917, 63.29781744664369], [12.749778100521619, 63.29798014050983], [12.749895890415386, 63.29804722467785], [12.7499854130835, 63.29810831325706], [12.750042124847658, 63.29812111513346], [12.750099609588924, 63.29812656638787], [12.750351671871405, 63.29819016773341], [12.750625319999545, 63.29823850388936], [12.750966171993603, 63.298390827063834], [12.751038256881225, 63.29842811459884], [12.751243060830399, 63.29854429471778], [12.751385424929403, 63.29860570463319], [12.75171529557325, 63.29879199981825], [12.751868924213317, 63.298886342473686], [12.752003286494332, 63.29896878004463], [12.75206089362686, 63.2990879068584], [12.752053856693774, 63.2991336427207], [12.752020598821474, 63.29919703064131], [12.751966609803986, 63.299290332786256], [12.751935050646662, 63.29934523537972], [12.751749038469738, 63.29947736256406], [12.751259497410652, 63.29952289098611], [12.751122166450244, 63.29955325427455], [12.750994330099347, 63.29959774766208], [12.75054156803149, 63.299734838743625], [12.750460029653507, 63.29976217644258], [12.75040988865799, 63.29978534077148], [12.750275843853855, 63.29978480444121], [12.75008417191824, 63.2997348083103], [12.749899763572209, 63.299682268839156], [12.74977336983128, 63.299654781087895], [12.749602773335459, 63.29963010581216], [12.749166230688651, 63.29962908188955], [12.74904296795792, 63.29963973200983], [12.748881908425684, 63.29969077410256], [12.748719973483494, 63.29987037299549], [12.748660124176014, 63.2999529502389], [12.74866269935171, 63.2999700690581], [12.748684187583862, 63.30000464568131], [12.748557846522578, 63.30004243527875], [12.748324215952625, 63.299985425509156], [12.748229584513744, 63.29997261627524], [12.748142762295958, 63.2999633065277], [12.748078683626638, 63.29996354177702], [12.747952804443159, 63.2999537492439], [12.747558524566514, 63.29993432600314], [12.747498238473916, 63.29993276229015], [12.747417718948686, 63.29992043601791], [12.747319358876592, 63.299918324108916], [12.747215911026485, 63.29993791483482], [12.746944376263803, 63.300157190107605], [12.746935234241574, 63.300179439262834], [12.746955368041467, 63.300213447027616], [12.746972881512528, 63.300238335540065], [12.746970971342707, 63.30027888162072], [12.746800006107202, 63.30036670457061], [12.746441478168402, 63.30040354072144], [12.746358791216656, 63.30038165281266], [12.746301603155805, 63.30038257093], [12.746254612839442, 63.3003891096018], [12.74606799398359, 63.300426940173566], [12.745972223688062, 63.300436101109995], [12.74585590180243, 63.30044725341495], [12.745721069077456, 63.300487905209], [12.745641608718199, 63.30052201637002], [12.74552787793114, 63.30053116218966], [12.745377681146307, 63.3005493025095], [12.745252880714341, 63.300585676985726], [12.745210389728923, 63.30060613221712], [12.74500797552098, 63.30067441979496], [12.744801376517511, 63.300883495193276], [12.744772843531912, 63.30093038108655], [12.744781171348201, 63.30097599179084], [12.744799837450998, 63.301023894173426], [12.744710367170905, 63.30108644466682], [12.744460635317319, 63.301149044014636], [12.74421099841286, 63.301154537678556], [12.743935511556867, 63.30111009312589], [12.743496348464994, 63.301011668678605], [12.743374646993562, 63.30103006070074]]]}, "properties": {"OBJECTID": 1, "NVRID": "2000893", "NAMN": "Vålådalen", "SKYDDSTYP": "Naturreservat", "BESLSTATUS": "Gällande", "URSBESLDAT": 572482800000, "IKRAFTDATF": null, "URSGALLDAT": 575848800000, "SENGALLDAT": 1478732400000, "TILLSYNSMH": " ", "PROVNMHDIS": " ", "PROVNMHTIL": " ", "LAN": "Jämtlands Län", "KOMMUN": "Åre", "IUCNKAT": "Ib, Vildmarksområde (Wilderness Area)", "FORVALTARE": "Länsstyrelsen i Jämtlands län", "AREA_HA": 121086.86, "LAND_HA": 118722.53, "VATTEN_HA": 2364.47, "SKOG_HA": 16137.48, "GEOSTATUS": "Delvis inmätt", "DIARIENR": "511-3230-2016", "LAGRUM": "Miljöbalken", "BESLMYND": "Länsstyrelse", "Shape__Area": 1210868611.8268936, "Shape__Length": 225103.98988831023}}], "name": "Valadalen_naturreservat_yttergrans", "metadata": {"source_service": "https://ext-geodata-lokala-visning.lansstyrelsen.se/arcgis/rest/services/LSTZ/LstZ_Zonering_Valadalen_extern_Karttjanst/FeatureServer/3", "alt_source": "https://ext-geodata-applikationer.lansstyrelsen.se/arcgis/rest/services/LST/lst_reservatskarta/MapServer/5 (NV VicNatur Naturreservat, NVR_ID 2000893)", "retrieved": "2026-08-23", "crs": "EPSG:4326", "area_ha_computed": 120669.5}}