{"type": "FeatureCollection", "name": "trails", "crs": {"type": "name", "properties": {"name": "urn:ogc:def:crs:OGC:1.3:CRS84"}}, "features": [{"type": "Feature", "id": "way/39087899", "properties": {"highway": "path", "piste:grooming": "classic;skating", "piste:type": "nordic", "@id": "way/39087899", "@type": "way", "osm_id": 39087899}, "geometry": {"type": "LineString", "coordinates": [[12.9655802, 63.1492718], [12.9658671, 63.1494296], [12.9663601, 63.1495433]]}}, {"type": "Feature", "id": "way/39087924", "properties": {"highway": "path", "name": "Vålådalen-Stensdalen", "sac_scale": "mountain_hiking", "source": "GPS", "surface": "ground", "@id": "way/39087924", "@type": "way", "osm_id": 39087924}, "geometry": {"type": "LineString", "coordinates": [[12.7403272, 63.1278764], [12.7403818, 63.1278905], [12.740524, 63.1279004], [12.7407602, 63.1279048], [12.7412485, 63.1277764], [12.7414, 63.1277566], [12.7415855, 63.127799], [12.7419209, 63.1279184], [12.7421943, 63.1281129], [12.7432088, 63.1287807], [12.7436027, 63.1288801], [12.7439916, 63.1289415], [12.7450546, 63.1294708], [12.7455601, 63.1295785], [12.7462265, 63.1298455], [12.7465503, 63.1299735], [12.7469359, 63.1300306], [12.7472835, 63.1301405], [12.7480418, 63.1302772], [12.7488592, 63.1302594], [12.7501369, 63.1304378], [12.751049, 63.1305143], [12.7511813, 63.130563], [12.7514972, 63.1305498], [12.7521036, 63.1305862], [12.7527416, 63.1307981], [12.7534305, 63.1309473], [12.7539136, 63.1310074], [12.7541917, 63.1310175], [12.7549403, 63.1311257], [12.7551632, 63.1311854], [12.755241, 63.1311904], [12.7555298, 63.1311928], [12.7557748, 63.1312251], [12.7561376, 63.131233], [12.7563543, 63.1312535], [12.7565759, 63.1312962], [12.7568004, 63.1313338], [12.757015, 63.1313381], [12.7574659, 63.1314043], [12.7578481, 63.1314194], [12.7581134, 63.1314255], [12.7583369, 63.1314552], [12.758742, 63.1314738], [12.7591417, 63.1315007], [12.7596445, 63.1315787], [12.7604581, 63.1317243], [12.7613035, 63.1318013], [12.7618241, 63.1318418], [12.7622232, 63.1318584], [12.762823, 63.1318651], [12.763224, 63.1318218], [12.7634421, 63.1318348], [12.7636175, 63.1318146], [12.7638046, 63.1317956], [12.7639082, 63.1317512], [12.7641375, 63.1317201], [12.7643531, 63.1316802], [12.7647469, 63.1316763], [12.7649051, 63.1317013], [12.7653196, 63.1317512], [12.7659045, 63.1318006], [12.7665408, 63.1318598], [12.7670362, 63.1318948], [12.7671796, 63.1318782], [12.7674408, 63.1318793], [12.7676829, 63.1318693], [12.7679201, 63.1318969], [12.7681537, 63.1319074], [12.7689615, 63.1320222], [12.7692286, 63.1320477], [12.7697661, 63.1320709], [12.7701822, 63.132138], [12.7706399, 63.1321641], [12.7712779, 63.1321951], [12.7713376, 63.1322255], [12.7716379, 63.1322572], [12.7722289, 63.1323059], [12.7726139, 63.1322727], [12.7730026, 63.1323059], [12.7732847, 63.1323331], [12.7740523, 63.1324212], [12.7748026, 63.1326549], [12.7754629, 63.1327815], [12.7757935, 63.1327092], [12.7761339, 63.1326701], [12.7764543, 63.13271], [12.7770462, 63.1328326], [12.7773528, 63.1328932], [12.7776842, 63.1329824], [12.7778989, 63.1330387], [12.7781875, 63.1331482], [12.7784173, 63.1332329], [12.7788931, 63.1333078], [12.7792754, 63.1332944], [12.7795252, 63.1333053], [12.7796227, 63.1333651]]}}, {"type": "Feature", "id": "way/39090416", "properties": {"highway": "track", "name": "Stensdalen-Gåsen", "surface": "dirt", "@id": "way/39090416", "@type": "way", "osm_id": 39090416}, "geometry": {"type": "LineString", "coordinates": [[12.7403469, 63.1277969], [12.7403995, 63.1276404], [12.7404403, 63.1275289], [12.7403974, 63.1274241], [12.7404317, 63.127331], [12.740038, 63.1269962]]}}, {"type": "Feature", "id": "way/39090420", "properties": {"highway": "path", "mtb:scale": "1", "surface": "dirt", "@id": "way/39090420", "@type": "way", "osm_id": 39090420}, "geometry": {"type": "LineString", "coordinates": [[12.5425458, 63.0480307], [12.5427818, 63.0482592], [12.5432217, 63.0483857], [12.5434417, 63.0486583], [12.5435328, 63.0489206], [12.5438118, 63.0491831], [12.5439727, 63.0494117], [12.5441015, 63.0495576]]}}, {"type": "Feature", "id": "way/39090421", "properties": {"highway": "track", "surface": "dirt", "@id": "way/39090421", "@type": "way", "osm_id": 39090421}, "geometry": {"type": "LineString", "coordinates": [[12.7403272, 63.1278764], [12.7403469, 63.1277969]]}}, {"type": "Feature", "id": "way/39091721", "properties": {"highway": "path", "name": "Gåsen-Vålåstugorna", "sac_scale": "mountain_hiking", "source": "GPS", "surface": "dirt", "trail_visibility": "good", "@id": "way/39091721", "@type": "way", "osm_id": 39091721}, "geometry": {"type": "LineString", "coordinates": [[12.6200643, 63.0463177], [12.6194609, 63.046361], [12.6190747, 63.0465088], [12.6186713, 63.0464971], [12.6177271, 63.0466527], [12.6172722, 63.0467305], [12.6170576, 63.0468084], [12.6166457, 63.0468978], [12.6162852, 63.0468589], [12.6161307, 63.0468978], [12.6159418, 63.0468473], [12.615341, 63.0469873], [12.614826, 63.046964], [12.6140107, 63.0470418], [12.6136416, 63.047104], [12.6132124, 63.0470534], [12.6125086, 63.0471974], [12.6121481, 63.0472207], [12.6118649, 63.0471896], [12.6116932, 63.0472752], [12.6113242, 63.0473452], [12.6108349, 63.0475008], [12.6101054, 63.0476759], [12.6097792, 63.0475008], [12.6090754, 63.0474931], [12.6085186, 63.0475647], [12.6081135, 63.0476258], [12.6075634, 63.0475949], [12.6071658, 63.0477185], [12.6065811, 63.0479147], [12.6059971, 63.0479011], [12.6055905, 63.0478579], [12.6049599, 63.0479277], [12.6047667, 63.0478821], [12.6036681, 63.0480377], [12.6032518, 63.0480343], [12.6029127, 63.0480377], [12.6023306, 63.0480161], [12.6018596, 63.0481459], [12.6016253, 63.0481816], [12.6013259, 63.048244], [12.6007927, 63.0485434], [12.6005782, 63.0485434], [12.6001318, 63.0486757], [12.599016, 63.0489091], [12.5984152, 63.0489402], [12.5982178, 63.0490569], [12.5977785, 63.0490964], [12.5973768, 63.0491471], [12.5966411, 63.049244], [12.5960347, 63.0493009], [12.5954712, 63.0493759], [12.594982, 63.0494809], [12.59457, 63.0495315], [12.5942095, 63.0496365], [12.5939005, 63.049726], [12.5937289, 63.049726], [12.593643, 63.0498232], [12.5932139, 63.0498544], [12.5928963, 63.0498621], [12.5924071, 63.0499088], [12.5921562, 63.0499692], [12.5917548, 63.0500255], [12.5911539, 63.0500644], [12.5908793, 63.0500489], [12.5904673, 63.0500955], [12.5902356, 63.0500761], [12.5900038, 63.0501656], [12.5897206, 63.0501733], [12.589506, 63.0503484], [12.5892313, 63.0503873], [12.5890082, 63.0504067], [12.5882185, 63.0503289], [12.5878065, 63.0504067], [12.5876177, 63.0504651], [12.5874289, 63.0504768], [12.5871886, 63.050504], [12.5867594, 63.0505234], [12.5860556, 63.050609], [12.5855406, 63.050679], [12.5853432, 63.0506712], [12.5850256, 63.0507179], [12.5847608, 63.050713], [12.5843705, 63.050733], [12.584179, 63.0507053], [12.5837935, 63.050745], [12.5835408, 63.0507179], [12.5832833, 63.0507101], [12.582897, 63.0507257], [12.5827082, 63.0506868], [12.5823992, 63.0506985], [12.5819958, 63.050679], [12.5817126, 63.0507101], [12.5813183, 63.0507277], [12.5810774, 63.050679], [12.5807942, 63.050679], [12.5804766, 63.0506985], [12.5801934, 63.0507374], [12.579893, 63.0507257], [12.5795668, 63.0507957], [12.579378, 63.0507957], [12.5788458, 63.0509124], [12.5783051, 63.0509124], [12.5777901, 63.0510291], [12.5773009, 63.0510369], [12.5770777, 63.050998], [12.5767601, 63.0510602], [12.5761851, 63.0510991], [12.5757902, 63.0511653], [12.5752581, 63.0513325], [12.5750435, 63.0512936], [12.5745944, 63.051298], [12.5742071, 63.0513102], [12.5735587, 63.0513325], [12.5729235, 63.0513325], [12.5724686, 63.051138], [12.5722712, 63.0511458], [12.5721682, 63.0510369], [12.5717562, 63.0509708], [12.5714815, 63.0509708], [12.5708979, 63.0507879], [12.5705546, 63.0507879], [12.5701083, 63.0506712], [12.5699194, 63.0505157], [12.569722, 63.050504], [12.5695246, 63.0504845], [12.5694903, 63.0504379], [12.5693358, 63.050399], [12.5690955, 63.0503873], [12.568735, 63.0503212], [12.5680483, 63.050115], [12.5677737, 63.0501033], [12.567293, 63.0499788], [12.5671214, 63.0499711], [12.5660914, 63.0496871], [12.5655592, 63.0495976], [12.5651301, 63.0496599], [12.5647438, 63.0495976], [12.5643404, 63.0496482], [12.5634306, 63.0495509], [12.5631388, 63.0495509], [12.5628764, 63.0495244], [12.562641, 63.0495043], [12.5614394, 63.0494926], [12.5611647, 63.049512], [12.5607355, 63.0495432], [12.5605811, 63.0495587], [12.5604094, 63.0495315], [12.560109, 63.0495315], [12.5596798, 63.049512], [12.5586499, 63.0495898], [12.5571049, 63.0495315], [12.5565899, 63.0494926], [12.5559462, 63.0495315], [12.5553711, 63.0495626], [12.5552767, 63.0496015], [12.5549506, 63.0496249], [12.5543154, 63.0496132], [12.5533713, 63.0496521], [12.5531824, 63.0496093], [12.5527962, 63.0496249], [12.5523327, 63.0495976], [12.5519293, 63.0496949], [12.5497664, 63.0496715], [12.548978, 63.0496624], [12.5487622, 63.0496599], [12.5483808, 63.0497117], [12.547782, 63.0497241], [12.5473294, 63.0497231], [12.5467204, 63.0498583], [12.5464692, 63.0499434], [12.5461631, 63.049866], [12.5458181, 63.0497472], [12.5452387, 63.0498444], [12.5441015, 63.0495576]]}}, {"type": "Feature", "id": "way/39091723", "properties": {"highway": "path", "name": "Gåsen-Vålåstugorna", "sac_scale": "mountain_hiking", "source": "local_knowledge", "surface": "ground", "@id": "way/39091723", "@type": "way", "osm_id": 39091723}, "geometry": {"type": "LineString", "coordinates": [[12.677697, 63.0382288], [12.6775742, 63.0381862]]}}, {"type": "Feature", "id": "way/39091741", "properties": {"highway": "path", "name": "Vålåstugorna-Gåsen/Helags", "sac_scale": "mountain_hiking", "source": "GPS", "surface": "ground", "trail_visibility": "excellent", "@id": "way/39091741", "@type": "way", "osm_id": 39091741}, "geometry": {"type": "LineString", "coordinates": [[12.7939243, 63.0397046], [12.7937539, 63.0396993], [12.7935416, 63.0396444], [12.7933674, 63.0394866], [12.7931688, 63.0394276], [12.7928968, 63.0393666], [12.7924981, 63.0393307], [12.7921265, 63.0393184], [12.7915446, 63.0392854], [12.7908489, 63.0392817], [12.7906269, 63.0393269], [12.7902883, 63.0393745], [12.7899405, 63.0393785], [12.7897255, 63.039365], [12.7895274, 63.0392694], [12.7893428, 63.0390394], [12.7891686, 63.0389045], [12.7891711, 63.0388379], [12.7890684, 63.0386994], [12.78896, 63.0384798], [12.7887963, 63.0384255], [12.7886379, 63.0383694], [12.7881461, 63.0382787], [12.7875896, 63.0381781], [12.7873886, 63.038151], [12.7869126, 63.0380697], [12.7867183, 63.0380624], [12.7864786, 63.0379967], [12.7862529, 63.0379758], [12.7860233, 63.0379154]]}}, {"type": "Feature", "id": "way/39091744", "properties": {"highway": "path", "sac_scale": "mountain_hiking", "surface": "ground", "@id": "way/39091744", "@type": "way", "osm_id": 39091744}, "geometry": {"type": "LineString", "coordinates": [[12.6271753, 63.0489211], [12.6301468, 63.0496482], [12.6323269, 63.0502317], [12.6337517, 63.0498738], [12.6359833, 63.0486446], [12.6377171, 63.0467305], [12.6414765, 63.0452988], [12.6433648, 63.0451043], [12.6446694, 63.0446686], [12.6463173, 63.0443573], [12.648403, 63.0437815], [12.6493214, 63.0435869], [12.6519478, 63.0435402], [12.6529349, 63.0433924], [12.6546515, 63.0431823], [12.656514, 63.0425364], [12.6576985, 63.0417426], [12.6587284, 63.041517], [12.6592434, 63.0413691], [12.6618012, 63.0407193], [12.6628312, 63.0406531], [12.6657666, 63.0408165], [12.6712597, 63.0413924], [12.6721609, 63.041264], [12.672118, 63.0406531], [12.6724614, 63.0405053], [12.6737917, 63.0403107], [12.6753624, 63.0396881], [12.6766499, 63.0391627], [12.6776112, 63.038902], [12.6780833, 63.0388514], [12.679242, 63.0383183], [12.6799973, 63.0381393], [12.6801003, 63.0379564], [12.6811131, 63.0374894], [12.6814907, 63.0371002], [12.6821001, 63.0368006]]}}, {"type": "Feature", "id": "way/39091746", "properties": {"highway": "path", "surface": "dirt", "@id": "way/39091746", "@type": "way", "osm_id": 39091746}, "geometry": {"type": "LineString", "coordinates": [[12.6205249, 63.047591], [12.620345, 63.0474114], [12.6198042, 63.0471663], [12.6197613, 63.0470029], [12.6196068, 63.0468667], [12.6196068, 63.0467889], [12.6194008, 63.0467228], [12.6190747, 63.0465088]]}}, {"type": "Feature", "id": "way/39092791", "properties": {"highway": "path", "name": "Vålåstugorna-Lunndörren", "source": "GPS", "surface": "dirt", "trail_visibility": "good", "@id": "way/39092791", "@type": "way", "osm_id": 39092791}, "geometry": {"type": "LineString", "coordinates": [[12.7994195, 63.0404691], [12.7997113, 63.0404813], [12.7997583, 63.0404068], [12.7998835, 63.0402855], [12.7998536, 63.040201], [12.7999338, 63.0400819], [12.8000791, 63.0400235], [12.8002351, 63.0398822], [12.8003124, 63.0397693], [12.800381, 63.0396526], [12.8008188, 63.0395125], [12.8009904, 63.039314], [12.8011192, 63.0392673], [12.8016942, 63.0388237], [12.8017801, 63.0388004], [12.8020633, 63.0386447], [12.802235, 63.038489], [12.8023466, 63.0384229], [12.8026555, 63.0382906], [12.8028358, 63.0381349], [12.8031534, 63.0378859], [12.8034366, 63.0376485], [12.8034452, 63.0375473], [12.803737, 63.037485], [12.8040546, 63.0372282], [12.8041662, 63.0372009], [12.8043464, 63.0370608], [12.8047412, 63.0369013], [12.8048528, 63.0367729], [12.8051275, 63.03666], [12.805282, 63.0365277], [12.8055566, 63.036481], [12.8060115, 63.0362163], [12.806269, 63.0360918], [12.8066209, 63.0359945], [12.8075136, 63.0359206], [12.8077024, 63.0358894], [12.8079599, 63.0358894], [12.8083976, 63.0358583], [12.8086894, 63.0358816], [12.8088869, 63.0359283], [12.8092216, 63.0358816], [12.8094276, 63.0358933], [12.8100971, 63.0358816], [12.8102859, 63.03594], [12.8109125, 63.0359206], [12.811127, 63.0358816], [12.8114789, 63.0358816], [12.8118223, 63.035905], [12.8122257, 63.0359595], [12.8125175, 63.036049], [12.8133071, 63.0360568], [12.8136676, 63.0360762], [12.8138736, 63.0361112], [12.8141826, 63.0360918], [12.8147319, 63.0361151], [12.8151096, 63.0360996], [12.8157276, 63.0361385], [12.8158477, 63.0362008], [12.8160022, 63.0362008], [12.8161825, 63.0361696], [12.8163799, 63.0361657], [12.8166545, 63.0361229], [12.8172038, 63.0361346], [12.8173412, 63.0361074], [12.81753, 63.0361307], [12.8177789, 63.0361541], [12.8180965, 63.0362085], [12.8184055, 63.0361502], [12.8184913, 63.0361268], [12.8191265, 63.0361735], [12.8193496, 63.0361346], [12.8196329, 63.0361735], [12.8200878, 63.0361502], [12.8202079, 63.0361657], [12.8203023, 63.0361502], [12.8204053, 63.0361541], [12.8204826, 63.0361307], [12.8208259, 63.0361541], [12.8212121, 63.0361891], [12.8216499, 63.0361969], [12.8220876, 63.0362085], [12.8223194, 63.0361891], [12.8227228, 63.0362085], [12.8232034, 63.0361969], [12.8234695, 63.0360879], [12.8238986, 63.0359167], [12.8241561, 63.0357649], [12.8247398, 63.0356364], [12.8254608, 63.0356442], [12.8260101, 63.0356637], [12.8263362, 63.0357143], [12.8265508, 63.0358544], [12.826774, 63.0359634], [12.8268855, 63.036158], [12.827289, 63.0362708], [12.8274434, 63.0362864], [12.8280528, 63.0364654], [12.8284734, 63.0365627], [12.8287395, 63.0366444], [12.8289627, 63.0367884], [12.8292373, 63.036804], [12.8294948, 63.0368507], [12.8297351, 63.0368429], [12.8298982, 63.0368312], [12.8303188, 63.0369363], [12.8309196, 63.0370258], [12.8315376, 63.0372165], [12.8319581, 63.0372282], [12.8320354, 63.0372554], [12.8321212, 63.0373216], [12.8321641, 63.0373761], [12.8324474, 63.0374967], [12.8327306, 63.0375395], [12.8332714, 63.0375317], [12.833855, 63.0376057], [12.8342155, 63.0377068], [12.8345931, 63.0377224], [12.8348592, 63.0377964], [12.8353656, 63.0378586], [12.8359664, 63.0379793], [12.836284, 63.0380143], [12.8365072, 63.0380571], [12.836696, 63.0381155], [12.8371337, 63.0381699], [12.8380264, 63.0382322], [12.8383268, 63.0382283], [12.8385156, 63.0382711], [12.8388246, 63.0382945], [12.8390993, 63.0383295], [12.8393739, 63.0383334], [12.8396228, 63.038384], [12.8400005, 63.038384], [12.840258, 63.0383528], [12.840567, 63.038349], [12.8408674, 63.038384], [12.8411678, 63.0383178], [12.8420347, 63.0383256], [12.8429616, 63.0381466], [12.8437169, 63.0381388], [12.8438114, 63.0381699], [12.8441118, 63.0381933], [12.8442936, 63.0382639], [12.8446026, 63.0383221], [12.8448838, 63.0383878], [12.8451831, 63.0384293], [12.8455697, 63.0384817], [12.8458405, 63.0385092], [12.8460711, 63.0385329], [12.8465751, 63.0384424], [12.8468069, 63.0384968], [12.8471244, 63.0384657], [12.8474592, 63.0384424], [12.8478025, 63.0384618], [12.8481029, 63.0385046], [12.8490985, 63.038563], [12.8492616, 63.0386291], [12.849665, 63.0387342], [12.8499568, 63.0387615], [12.8502744, 63.038812], [12.8505662, 63.038851], [12.8509954, 63.0390066], [12.8511585, 63.0390844], [12.8512872, 63.0392051], [12.8516048, 63.0394386], [12.8518365, 63.0395903], [12.8520683, 63.0396098], [12.8527978, 63.0397187], [12.8530296, 63.0397693], [12.8532613, 63.0397654], [12.8536733, 63.0396915], [12.8539222, 63.0396915], [12.8541196, 63.0397654], [12.8544029, 63.0398082], [12.8550037, 63.0399639], [12.8553728, 63.0398977], [12.8564542, 63.0394736], [12.8565744, 63.0394502], [12.8573039, 63.0391506], [12.8578103, 63.0389288], [12.8579133, 63.0388548], [12.8579992, 63.0388315], [12.8581708, 63.0386992], [12.8584283, 63.0386175], [12.8587202, 63.038563], [12.858909, 63.0384774], [12.8594411, 63.0383801], [12.8597072, 63.0383451], [12.8598445, 63.0382672], [12.8603681, 63.0381738], [12.860926, 63.037952], [12.8610719, 63.0378508], [12.8612693, 63.0377808], [12.8618101, 63.0376991], [12.862119, 63.037703], [12.8622834, 63.0377238], [12.8623309, 63.0376239]]}}, {"type": "Feature", "id": "way/39093402", "properties": {"class:bicycle:mtb": "2", "fixme": "resurvey mtb:scale", "highway": "path", "mtb:scale": "0", "name": "Lunndörren-Vålådalen", "piste:grooming": "backcountry", "piste:type": "nordic", "snowmobile": "designated", "surface": "compacted", "@id": "way/39093402", "@type": "way", "osm_id": 39093402}, "geometry": {"type": "LineString", "coordinates": [[12.9644166, 63.1465271], [12.9645603, 63.1463208], [12.9647816, 63.1459818], [12.9648342, 63.1458526], [12.9649035, 63.1457251], [12.9649728, 63.1456547], [12.9651386, 63.1455932], [12.9653169, 63.1455642], [12.9657602, 63.1455847], [12.9660227, 63.1456092], [12.966264, 63.1456397], [12.966485, 63.1456491], [12.9671078, 63.1455847], [12.968079, 63.1453294], [12.9686098, 63.1451427], [12.9687986, 63.1450651], [12.9689997, 63.1449403], [12.969111, 63.144786], [12.9690962, 63.1446586], [12.9690219, 63.1443131], [12.9688437, 63.1440347], [12.9687101, 63.1437596], [12.9686173, 63.1434218], [12.9685528, 63.1432318], [12.9685306, 63.1427468]]}}, {"type": "Feature", "id": "way/39093410", "properties": {"highway": "path", "surface": "dirt", "@id": "way/39093410", "@type": "way", "osm_id": 39093410}, "geometry": {"type": "LineString", "coordinates": [[13.0547419, 63.0693287], [13.054862, 63.0693831], [13.0548792, 63.0694608], [13.0549479, 63.0695619], [13.0550165, 63.0697135], [13.0551796, 63.0698146], [13.0553255, 63.0699118], [13.0554028, 63.070075], [13.0555315, 63.0703005], [13.0555487, 63.0703704], [13.0555659, 63.0704793], [13.0555144, 63.0706464], [13.0555487, 63.0707436], [13.0555144, 63.070903], [13.0555487, 63.0709846], [13.0555744, 63.0710818], [13.0557804, 63.0711945], [13.056098, 63.0712956], [13.0562525, 63.0713695], [13.0563555, 63.0714316], [13.0565272, 63.0714977], [13.0567675, 63.0717698], [13.0568018, 63.0718748], [13.0568362, 63.0719875], [13.0566645, 63.0721896], [13.0566044, 63.0723529], [13.0566302, 63.0724967], [13.0566302, 63.0728776], [13.0566817, 63.0730447], [13.0567932, 63.0731769], [13.0569306, 63.0732857], [13.0571795, 63.0733751], [13.0580721, 63.0735267], [13.0582953, 63.0735423], [13.0588532, 63.0737094], [13.0589991, 63.0738415], [13.059454, 63.0740864], [13.06069, 63.0742497], [13.0618658, 63.0744207], [13.0621662, 63.0744129], [13.0624924, 63.0744673], [13.062604, 63.0745256], [13.0629645, 63.0746072], [13.0631361, 63.0747782], [13.0633421, 63.0749104], [13.0634794, 63.0750348], [13.0638571, 63.0752407], [13.0640888, 63.075369], [13.0642948, 63.0755633], [13.064518, 63.0757421], [13.0649128, 63.0759053], [13.0652132, 63.0760491], [13.0655995, 63.0761774], [13.0658655, 63.0763562], [13.0661402, 63.0764533], [13.0665865, 63.0765466], [13.0668354, 63.0765427], [13.0671444, 63.0765699], [13.0672817, 63.0766166], [13.0675013, 63.0766191], [13.0676251, 63.0766205], [13.0680113, 63.0766554], [13.0682516, 63.0766865], [13.0688267, 63.0767332], [13.0691185, 63.076772], [13.0692988, 63.0767759], [13.0699168, 63.076842], [13.0703717, 63.0768614], [13.0705691, 63.0769275], [13.0708351, 63.0769663], [13.0710154, 63.0769663], [13.0713415, 63.0769935], [13.071908, 63.0770518], [13.0721483, 63.0771529], [13.0723887, 63.0772112], [13.072629, 63.0772267], [13.0728951, 63.0772539], [13.0731268, 63.0772695], [13.0736246, 63.0773278], [13.0738049, 63.0773317], [13.0742255, 63.0773822], [13.0743628, 63.0774599], [13.0746117, 63.0775143], [13.0747319, 63.0774754], [13.0748348, 63.0774638], [13.0751782, 63.0775882], [13.0758906, 63.0777747], [13.0765257, 63.0779923], [13.0766287, 63.0780584], [13.076766, 63.0782099], [13.076972, 63.0783149], [13.077178, 63.0783693], [13.0775299, 63.0783965], [13.0778647, 63.0784315], [13.0780964, 63.0784509], [13.0782767, 63.0784742], [13.0784741, 63.0784509], [13.0787831, 63.0783499], [13.0790406, 63.0783265], [13.0792809, 63.0783149], [13.0796671, 63.0783188], [13.0799074, 63.0783771], [13.0799074, 63.0785092], [13.0799933, 63.0786413], [13.0801478, 63.0787579], [13.0804053, 63.0788356], [13.0807143, 63.0788589], [13.0809117, 63.0787151], [13.081049, 63.0786258], [13.0813837, 63.0785636], [13.0818558, 63.0787462], [13.0819931, 63.0788317], [13.0820961, 63.0788939], [13.0823622, 63.0789872], [13.0826283, 63.079026], [13.0829544, 63.0790377], [13.0831433, 63.0790494], [13.0836582, 63.0789716], [13.08389, 63.0789716], [13.0841475, 63.0790027], [13.0843964, 63.0790766], [13.0845166, 63.0791698], [13.085083, 63.0793952], [13.0854264, 63.0793952], [13.0858813, 63.079333], [13.0860958, 63.0793525], [13.0862503, 63.0794146], [13.0866967, 63.0794924], [13.0868941, 63.0795468], [13.0871258, 63.0795157], [13.087349, 63.0795157], [13.0874863, 63.0794924], [13.087761, 63.079469], [13.0883703, 63.0795157], [13.0884819, 63.0795507], [13.0884905, 63.0795856], [13.0886193, 63.0795817], [13.0887738, 63.079574], [13.0888253, 63.0796245], [13.0891342, 63.0797411], [13.0893059, 63.0798227], [13.0895205, 63.079881], [13.089572, 63.0800597], [13.0895806, 63.0801763], [13.0896836, 63.0803084], [13.0899153, 63.0804833], [13.0901985, 63.0808136], [13.090456, 63.0809807], [13.090765, 63.0811128], [13.0913143, 63.0812449], [13.0917778, 63.0814003], [13.0919838, 63.0814858], [13.092619, 63.0816063], [13.0931254, 63.0816879], [13.0934773, 63.0816451], [13.0939236, 63.0815363], [13.094121, 63.0814392], [13.0943286, 63.0813296]]}}, {"type": "Feature", "id": "way/39093414", "properties": {"fixme": "resurvey mtb:scale", "highway": "path", "mtb:scale": "1", "surface": "dirt", "@id": "way/39093414", "@type": "way", "osm_id": 39093414}, "geometry": {"type": "LineString", "coordinates": [[13.0943025, 63.0874252], [13.0942538, 63.0860608], [13.0943287, 63.0848511], [13.0944214, 63.0815635], [13.0943286, 63.0813296], [13.0943012, 63.0812604], [13.0943356, 63.0810623], [13.0941897, 63.0809574], [13.0942755, 63.0807864], [13.0941639, 63.0806465]]}}, {"type": "Feature", "id": "way/39096372", "properties": {"class:bicycle:mtb": "2", "highway": "path", "surface": "dirt", "@id": "way/39096372", "@type": "way", "osm_id": 39096372}, "geometry": {"type": "LineString", "coordinates": [[12.9667635, 63.1114692], [12.966554, 63.1114752], [12.966163, 63.1115208], [12.9657833, 63.1115603], [12.9654073, 63.1116485], [12.9652058, 63.1116631], [12.9648875, 63.1117557], [12.9645507, 63.1119123], [12.9641894, 63.1119921], [12.9638845, 63.1120623], [12.9634964, 63.1122371], [12.9630743, 63.1124057], [12.9625478, 63.1125594], [12.96157, 63.1128254], [12.9611409, 63.112938], [12.9607031, 63.1130234], [12.9604632, 63.1130919], [12.9601109, 63.1132058], [12.9599658, 63.1132379], [12.9596903, 63.1133222], [12.9593648, 63.113416], [12.9592493, 63.1134493]]}}, {"type": "Feature", "id": "way/40228262", "properties": {"highway": "path", "@id": "way/40228262", "@type": "way", "osm_id": 40228262}, "geometry": {"type": "LineString", "coordinates": [[12.9055345, 63.1552621], [12.9052247, 63.1549414], [12.9049988, 63.1546877], [12.9040031, 63.1542122], [12.9029665, 63.1536606], [12.9021607, 63.1531047], [12.9017758, 63.1529677], [12.9009683, 63.1526801], [12.9007616, 63.1526077], [12.900456, 63.1525007], [12.8996587, 63.1524656], [12.8985915, 63.1525647], [12.8976454, 63.1526228], [12.8968431, 63.1525955], [12.896668, 63.1526526], [12.8952971, 63.1526113], [12.8947315, 63.1524895], [12.8942244, 63.1524246], [12.8932033, 63.1524723], [12.892743, 63.1525124], [12.8923291, 63.1525485], [12.8918251, 63.1525135], [12.8911818, 63.1524041], [12.890652, 63.1523084], [12.8901979, 63.152346], [12.889335, 63.1521614], [12.8886917, 63.1521409], [12.8879121, 63.1521101], [12.8869207, 63.1519802], [12.8864514, 63.1518093], [12.8857778, 63.1519392], [12.8839121, 63.1515547], [12.8834277, 63.1517341], [12.8830644, 63.1519631], [12.8828411, 63.1516555], [12.8826633, 63.1516196], [12.8824854, 63.1513889], [12.8819253, 63.1512162], [12.880983, 63.1508761], [12.8807181, 63.1506932], [12.8805397, 63.1506104], [12.8797232, 63.1504429], [12.8790152, 63.150589], [12.8781978, 63.1507445], [12.8774561, 63.1506967], [12.8758553, 63.1510846], [12.8750227, 63.1512026], [12.8740653, 63.1512316], [12.8734257, 63.1511428], [12.8726008, 63.1510846], [12.8722223, 63.1510231], [12.8719082, 63.1510624], [12.8713141, 63.1510351], [12.8707502, 63.1510197], [12.8700501, 63.1508676], [12.8695128, 63.1507821], [12.8689754, 63.1505275], [12.8684735, 63.1503412], [12.8679801, 63.1501053], [12.8676017, 63.1499002], [12.8670984, 63.1497361], [12.8666026, 63.1495959], [12.8661106, 63.1495635], [12.8654344, 63.1493675], [12.8645742, 63.1489806], [12.8641882, 63.1488815], [12.8632913, 63.1488028], [12.8626215, 63.1486541], [12.8620122, 63.1486217], [12.8614215, 63.1487036], [12.8610245, 63.1488045], [12.860385, 63.1487635], [12.8602707, 63.1484823], [12.860578, 63.1482507], [12.8603433, 63.1480883], [12.8601314, 63.1480405], [12.8600482, 63.1479482], [12.8598703, 63.1478884], [12.8597839, 63.1478036], [12.8595108, 63.1477482], [12.8595335, 63.1475585], [12.859261, 63.1474166], [12.8590718, 63.1473944], [12.8588637, 63.1474542], [12.8586442, 63.1474234], [12.858349, 63.1474456], [12.8580311, 63.1476456], [12.8576716, 63.1476644], [12.8573878, 63.1476183], [12.8572364, 63.147632], [12.8569223, 63.1475687], [12.8561314, 63.1475567], [12.8555713, 63.1475482], [12.8555183, 63.1473944], [12.8554322, 63.1472538], [12.854788, 63.1471516], [12.8541333, 63.1469927], [12.8536564, 63.1466285], [12.8535543, 63.1465568], [12.8533499, 63.1464371], [12.8533537, 63.1462986], [12.8531418, 63.1461003], [12.8530623, 63.1458901], [12.8526422, 63.1455858], [12.8523395, 63.1454234], [12.8517832, 63.1452371], [12.8513972, 63.1450131], [12.8510831, 63.1450011], [12.85033, 63.1447806], [12.8499629, 63.1446148], [12.8492742, 63.1445789], [12.8488882, 63.1444644], [12.8484779, 63.1444402], [12.8476583, 63.14449], [12.8473026, 63.1446216], [12.8460824, 63.144695], [12.8455564, 63.1445069], [12.8449433, 63.1445035], [12.8444514, 63.144618], [12.8437853, 63.144524], [12.8432751, 63.1445137], [12.8427106, 63.144618], [12.8420332, 63.1445582], [12.8406254, 63.1446881], [12.8381705, 63.1447055], [12.8357853, 63.144695], [12.8349981, 63.1445479], [12.8344002, 63.1442522], [12.8338553, 63.1442984], [12.833545, 63.1442334], [12.8333141, 63.1440402], [12.8327313, 63.1439462], [12.8324134, 63.1439872], [12.831895, 63.1439376], [12.8310624, 63.1438197], [12.8303283, 63.1438094], [12.8296433, 63.1437308], [12.8294654, 63.1436709], [12.8291665, 63.1436761], [12.828807, 63.1436504], [12.828667, 63.1435923], [12.8283112, 63.1435598], [12.8281863, 63.1433136], [12.8274635, 63.1432623], [12.8271305, 63.143341], [12.825859, 63.1431991], [12.8249924, 63.1431187], [12.8243036, 63.1430777], [12.8236452, 63.1430777], [12.8229299, 63.1430264], [12.8217379, 63.1430333], [12.8212308, 63.1430811], [12.8207199, 63.1430213], [12.8199895, 63.1431529], [12.8191418, 63.1432726], [12.8185742, 63.1433273], [12.8181692, 63.1433239], [12.8177416, 63.1433991], [12.8175448, 63.1433615], [12.8171588, 63.1430367], [12.8165723, 63.142799], [12.8156489, 63.1426212], [12.8149942, 63.142505], [12.8144228, 63.1424742], [12.8132723, 63.1424024], [12.8124587, 63.1420006], [12.8115013, 63.141792], [12.811407, 63.141774], [12.8107141, 63.1416416], [12.8102032, 63.1414792], [12.8093934, 63.1414125], [12.8088371, 63.1413116], [12.8081975, 63.1410295], [12.8070547, 63.1407542], [12.8061675, 63.1403493], [12.8056608, 63.1402022], [12.8054601, 63.140111]]}}, {"type": "Feature", "id": "way/40228307", "properties": {"highway": "track", "motorcar": "no", "piste:grooming": "scooter", "piste:type": "nordic", "sac_scale": "mountain_hiking", "surface": "ground", "tracktype": "grade3", "@id": "way/40228307", "@type": "way", "osm_id": 40228307}, "geometry": {"type": "LineString", "coordinates": [[12.9073839, 63.1548374], [12.9069587, 63.1549551]]}}, {"type": "Feature", "id": "way/117559738", "properties": {"bridge": "yes", "highway": "path", "layer": "1", "name": "Vålåstugorna-Lunndörren", "source": "GPS", "surface": "dirt", "@id": "way/117559738", "@type": "way", "osm_id": 117559738}, "geometry": {"type": "LineString", "coordinates": [[12.8623309, 63.0376239], [12.862458, 63.0373076]]}}, {"type": "Feature", "id": "way/117559739", "properties": {"highway": "path", "name": "Vålåstugorna-Lunndörren", "source": "GPS", "surface": "dirt", "trail_visibility": "good", "@id": "way/117559739", "@type": "way", "osm_id": 117559739}, "geometry": {"type": "LineString", "coordinates": [[12.862458, 63.0373076], [12.8625254, 63.0369434], [12.8626169, 63.0367378], [12.8630804, 63.0367378], [12.8635953, 63.036804], [12.8638013, 63.0368312], [12.8640159, 63.0367729], [12.8645652, 63.0367729], [12.8651231, 63.0367339], [12.8653463, 63.0367145], [12.8656467, 63.0367223], [12.8659128, 63.0367067], [12.8662904, 63.0367067], [12.8665393, 63.03666], [12.8667882, 63.0366522], [12.8669599, 63.0366327], [12.867595, 63.0366522], [12.8678611, 63.0366444], [12.8682731, 63.0366133], [12.8685735, 63.0365744], [12.8688482, 63.036586], [12.8695005, 63.0365471], [12.869964, 63.036551], [12.8701013, 63.0366211], [12.8703588, 63.0366794], [12.8707794, 63.0368779], [12.8711313, 63.0369908], [12.8717493, 63.0371309], [12.8719724, 63.0371348], [12.8722385, 63.0372515], [12.8724016, 63.0372476], [12.8727277, 63.0373099], [12.8728822, 63.0373527], [12.8729509, 63.0374267], [12.873689, 63.0376874], [12.8738092, 63.0377107], [12.8739894, 63.0377925], [12.87441, 63.0379248], [12.8752769, 63.0381544], [12.8764785, 63.0384774], [12.8765386, 63.0385124], [12.8767789, 63.0385824], [12.8770364, 63.0385824], [12.8771995, 63.0385513], [12.8773883, 63.0385474], [12.877972, 63.0384929], [12.878341, 63.0385552], [12.8787616, 63.0387031], [12.8790277, 63.0387498], [12.8793453, 63.0388432], [12.8797916, 63.0390611], [12.8800062, 63.0391311], [12.8802894, 63.0392907], [12.8805027, 63.0394031], [12.8806292, 63.0394649], [12.880788, 63.0394983], [12.8808593, 63.0395704], [12.8810804, 63.039649], [12.8813175, 63.0397607], [12.8816133, 63.0398338], [12.8819839, 63.0398858], [12.8824587, 63.0399907], [12.8826623, 63.0400716], [12.8831991, 63.0401044], [12.8837398, 63.0401701], [12.8842462, 63.0401974], [12.8846734, 63.0402637], [12.8854105, 63.0403077], [12.8856023, 63.0403285], [12.8863748, 63.0403841], [12.8867525, 63.040353], [12.8869499, 63.0403024], [12.8870958, 63.0403024], [12.8872245, 63.0403725], [12.8877309, 63.0403102], [12.8879369, 63.0402791], [12.8881515, 63.040388], [12.8882373, 63.0403841], [12.8883403, 63.0404308], [12.8884347, 63.0404347], [12.8887609, 63.0405242], [12.8890613, 63.0404736], [12.889396, 63.0405437], [12.8895763, 63.0405437], [12.8897394, 63.040567], [12.8897823, 63.0406293], [12.8899711, 63.0407149], [12.8904947, 63.040676], [12.8905805, 63.0406604], [12.890735, 63.0406799], [12.8909067, 63.040641], [12.8910268, 63.0406993], [12.8911212, 63.0407149], [12.8913186, 63.0407772], [12.8914216, 63.0408005], [12.8916791, 63.0408939], [12.8917993, 63.0409639], [12.8923744, 63.0410145], [12.8926748, 63.0410456], [12.8927177, 63.0411079], [12.893061, 63.0412091], [12.8936361, 63.0412908], [12.8938678, 63.0413647], [12.8940309, 63.0413959], [12.8941511, 63.0413842], [12.8945201, 63.0414231], [12.894975, 63.0414387], [12.8951982, 63.0414776], [12.8955072, 63.0414853], [12.8960651, 63.0416138], [12.8962282, 63.0415904], [12.8963054, 63.0416021], [12.8972925, 63.041497], [12.8977731, 63.0415476], [12.8980821, 63.0415243], [12.898537, 63.0413997], [12.8986432, 63.0414065], [12.8988359, 63.0414065]]}}, {"type": "Feature", "id": "way/117561070", "properties": {"bridge": "yes", "highway": "track", "layer": "1", "name": "Stensdalen-Gåsen", "surface": "dirt", "@id": "way/117561070", "@type": "way", "osm_id": 117561070}, "geometry": {"type": "LineString", "coordinates": [[12.740038, 63.1269962], [12.7394944, 63.1270895]]}}, {"type": "Feature", "id": "way/117561074", "properties": {"highway": "path", "name": "Stensdalen - Gåsen Sommarled", "sac_scale": "mountain_hiking", "surface": "dirt", "@id": "way/117561074", "@type": "way", "osm_id": 117561074}, "geometry": {"type": "LineString", "coordinates": [[12.7394944, 63.1270895], [12.7391812, 63.1270893], [12.7390028, 63.1270564], [12.7385409, 63.1269853], [12.7382715, 63.1269437], [12.7379803, 63.1269147], [12.7373958, 63.1268966], [12.7370071, 63.1269043], [12.7362689, 63.1270982], [12.7361917, 63.1271836], [12.7358071, 63.1273873], [12.7355394, 63.1274164], [12.7352218, 63.1274746], [12.7349042, 63.1274862], [12.734827, 63.127525], [12.7338313, 63.1277345], [12.7333144, 63.12792], [12.7329823, 63.1280456], [12.7325353, 63.1280914], [12.7323001, 63.128134], [12.7320914, 63.1281475], [12.7318036, 63.1281528], [12.7314636, 63.1281963], [12.7311718, 63.1282688], [12.7304512, 63.1283753], [12.7299543, 63.1284076], [12.7294597, 63.1284268], [12.7289476, 63.1284639], [12.7286139, 63.1284615], [12.7282953, 63.1284755], [12.7280228, 63.1285036], [12.7276496, 63.1285255], [12.7273196, 63.1285387], [12.727099, 63.1285809], [12.7269799, 63.1285785], [12.7263544, 63.1285876], [12.7258174, 63.1285514], [12.7254371, 63.1285298], [12.7248792, 63.1283979], [12.7244844, 63.1283901], [12.7241926, 63.1283513], [12.7238063, 63.1282466], [12.723669, 63.128235], [12.7232484, 63.1281923], [12.7226905, 63.1281768], [12.7221155, 63.1281069], [12.7214631, 63.1278548], [12.7208881, 63.1278315], [12.7206104, 63.1277997], [12.7203234, 63.1278099], [12.720172, 63.127795], [12.7200212, 63.1277927], [12.7196385, 63.1277599], [12.7194599, 63.1277727], [12.7191655, 63.1278782], [12.7188711, 63.127913], [12.7185792, 63.127944], [12.7181844, 63.1278431], [12.7177209, 63.1277655], [12.7170858, 63.1277306], [12.7168025, 63.1276996], [12.7165708, 63.1276491], [12.7149057, 63.1275483], [12.7145194, 63.1274358], [12.7144164, 63.1274241], [12.7140903, 63.1273427], [12.7135925, 63.1272418], [12.7133951, 63.1271409], [12.7130088, 63.1270633], [12.7126569, 63.1270556], [12.7124286, 63.1270176], [12.7121505, 63.126912], [12.7120614, 63.1268698], [12.7121076, 63.1266443], [12.7119617, 63.1265202], [12.7117729, 63.1262602], [12.7115411, 63.1261632], [12.7113351, 63.1260468], [12.711172, 63.125849], [12.7109575, 63.1256433], [12.7107429, 63.125558], [12.7103395, 63.1255037], [12.7100133, 63.1254998], [12.7096614, 63.1254571], [12.7092494, 63.1254377], [12.7087859, 63.1254183], [12.7084426, 63.1252631], [12.7079362, 63.1250963], [12.7078379, 63.1250323], [12.7076186, 63.1250069], [12.7070522, 63.1250458], [12.70652, 63.1250187], [12.7059535, 63.1250846], [12.7052841, 63.1250614], [12.7050609, 63.1251118], [12.7048892, 63.125073], [12.7045802, 63.1248557], [12.7043056, 63.1248557], [12.7037219, 63.1247471], [12.7033529, 63.1247238], [12.7030095, 63.1245919], [12.7027177, 63.1246462], [12.7025546, 63.1247393], [12.7024431, 63.1247626], [12.7023744, 63.1248208], [12.7021856, 63.1248945], [12.7018657, 63.1249102], [12.7015933, 63.1248635], [12.7014989, 63.1248286], [12.7013444, 63.1248247], [12.7009496, 63.1246501], [12.7009239, 63.1245958], [12.7002887, 63.1243979], [12.7000913, 63.1243474], [12.6998596, 63.1242698], [12.6996106, 63.1242194], [12.699233, 63.1240836], [12.6988553, 63.1240254], [12.6985978, 63.1239478], [12.6981429, 63.1235365], [12.6981172, 63.1234899], [12.6979284, 63.1233658], [12.6976795, 63.1231834], [12.697482, 63.122939], [12.6973361, 63.1228924], [12.6972932, 63.1228264], [12.6970186, 63.1227333], [12.6969327, 63.1226673], [12.6967064, 63.1225306], [12.6963734, 63.1224357], [12.6962393, 63.1224656], [12.6961088, 63.1224617], [12.6959113, 63.1224772], [12.6955337, 63.1224229], [12.6952473, 63.1223884], [12.6947094, 63.1223138], [12.6944063, 63.1222891], [12.6940488, 63.1222172], [12.6930416, 63.1220199], [12.6929324, 63.1220211], [12.6928129, 63.1219766], [12.6926069, 63.1219534], [12.6925039, 63.1219301], [12.6922635, 63.1218796], [12.6921005, 63.1218175], [12.6919202, 63.1217244], [12.6916971, 63.121674], [12.6913966, 63.1215537], [12.6904439, 63.1212976], [12.6902911, 63.1212644], [12.6900405, 63.1212433], [12.6895998, 63.1211249], [12.6893539, 63.1210686], [12.6887101, 63.1208862], [12.6878776, 63.1207271], [12.687457, 63.1206767], [12.6867017, 63.1205642], [12.68653, 63.1205292], [12.686367, 63.1204322], [12.6859893, 63.1203003], [12.6855602, 63.1201994], [12.6854572, 63.1201295], [12.6851482, 63.1200403], [12.6848735, 63.1199898], [12.6843585, 63.1198463], [12.6839465, 63.1196367], [12.6835775, 63.1195863], [12.6833286, 63.1194815], [12.6827878, 63.1193457], [12.6826295, 63.1192827], [12.6823501, 63.1190041], [12.6816806, 63.118814], [12.6814746, 63.1186976], [12.6812944, 63.1186161], [12.6804275, 63.1183289], [12.679861, 63.1181892], [12.6790714, 63.1180184], [12.6787452, 63.1178554], [12.6784105, 63.1177545], [12.6779813, 63.1175566], [12.6773462, 63.1170482], [12.6769943, 63.1168619], [12.6766424, 63.1167532], [12.676402, 63.1166329], [12.676299, 63.1165281], [12.6759557, 63.1163418], [12.6754493, 63.1160702], [12.6754321, 63.1160003], [12.675312, 63.1158683], [12.6750116, 63.1157131], [12.6744279, 63.1152823], [12.6740724, 63.1150322], [12.6737241, 63.114898], [12.6736383, 63.1147661], [12.6729945, 63.1142731], [12.6724854, 63.1141795], [12.67175, 63.1139665], [12.6715354, 63.1139355], [12.671338, 63.1138578], [12.6710119, 63.1137026], [12.67072, 63.1136249], [12.670325, 63.1134591], [12.6701621, 63.1134115], [12.6701621, 63.1133067], [12.6700128, 63.1131779], [12.6699561, 63.1130427], [12.6697033, 63.1128907], [12.6696023, 63.112801], [12.6693847, 63.1127274], [12.6690034, 63.1126779], [12.6688318, 63.1126817], [12.6682374, 63.1124659], [12.667922, 63.1124139], [12.6677459, 63.1122534], [12.667555, 63.1122678], [12.6673226, 63.1122009], [12.6672525, 63.1121577], [12.6672353, 63.1120413], [12.667187, 63.1119548], [12.6671924, 63.1118782], [12.6669778, 63.1117812], [12.6667672, 63.1116173], [12.6667203, 63.1114823], [12.6666946, 63.1114318], [12.666274, 63.1112222], [12.6659062, 63.1109909], [12.6657749, 63.1108678], [12.665244, 63.1106361], [12.6647548, 63.1103294], [12.6644458, 63.1102285], [12.6641524, 63.110127], [12.6638021, 63.1099451], [12.6634184, 63.109756], [12.6628923, 63.1096151], [12.6626365, 63.1095354], [12.6624717, 63.1094715], [12.6621198, 63.1093667], [12.6620254, 63.1092929], [12.662034, 63.1092541], [12.6617851, 63.1092114], [12.6614727, 63.1091311], [12.6612219, 63.1091021], [12.6607291, 63.1089009], [12.6604392, 63.1087745], [12.6596384, 63.1085176], [12.6594985, 63.1084906], [12.659355, 63.1082639], [12.6586808, 63.1081252], [12.6583729, 63.1080148], [12.6573, 63.1077836], [12.6570137, 63.1076765], [12.6561936, 63.1074212], [12.6557543, 63.1072303], [12.6548997, 63.1068582], [12.6544555, 63.1066929], [12.6540903, 63.1065506], [12.6527218, 63.1059963], [12.6519255, 63.1057021], [12.6516742, 63.1055737], [12.650626, 63.1052308], [12.6499909, 63.1049953], [12.649228, 63.1046613], [12.6482541, 63.1042355], [12.6468388, 63.1036777], [12.646328, 63.1034872], [12.6459665, 63.1033411], [12.6456112, 63.1032404], [12.6447648, 63.1029723], [12.6439494, 63.1026422], [12.643177, 63.1024481], [12.6420742, 63.1020043], [12.6418085, 63.1018668], [12.6408666, 63.1015843], [12.6400441, 63.1012443], [12.6393146, 63.1009919], [12.6389124, 63.100903], [12.6384776, 63.100751], [12.6379503, 63.1006795], [12.6370401, 63.1004483], [12.6364251, 63.1003758], [12.6351767, 63.1002187], [12.6348175, 63.1001706], [12.6344832, 63.1000871], [12.6333596, 63.0999162], [12.6327056, 63.0997881], [12.6324191, 63.0997414], [12.6320188, 63.099714], [12.6315974, 63.0996502], [12.6311262, 63.0994846], [12.6306657, 63.0993128], [12.6302037, 63.0991755], [12.6300329, 63.0990685], [12.6297691, 63.0989974], [12.6291437, 63.0987502], [12.6280636, 63.0983451], [12.6266041, 63.0978692], [12.6255928, 63.0975071], [12.6252984, 63.0973526], [12.6249296, 63.097283], [12.6247302, 63.0972072], [12.6240358, 63.0970287], [12.6238057, 63.0969005], [12.6231813, 63.0966786], [12.6223141, 63.0963939], [12.6214853, 63.096154], [12.6208221, 63.0959626], [12.6204743, 63.0958432], [12.6195813, 63.095628], [12.6191596, 63.0954684], [12.6182538, 63.0952443], [12.6178891, 63.0951205], [12.6169986, 63.0948559], [12.6157058, 63.0944359], [12.6152954, 63.0942199], [12.6146879, 63.0940063], [12.6142949, 63.0939626], [12.6139007, 63.0938218], [12.6131094, 63.0935122], [12.6127071, 63.0933994], [12.6125759, 63.093356], [12.6123481, 63.0933659], [12.6120862, 63.0933415], [12.6110959, 63.0932399], [12.610657, 63.0931837], [12.6102704, 63.093086], [12.6095313, 63.0929333], [12.6096926, 63.0928717], [12.6097066, 63.0927707], [12.6097501, 63.0927304], [12.6098408, 63.0925254], [12.6097707, 63.0923859], [12.6094884, 63.092273], [12.609127, 63.0920964], [12.6085358, 63.0919357], [12.6081918, 63.0917528], [12.6079815, 63.0916673], [12.6077536, 63.0915044], [12.6070422, 63.0913601], [12.6063224, 63.0911228], [12.6059795, 63.0908886], [12.6054249, 63.0907088], [12.6048536, 63.0904861], [12.6045961, 63.0903502], [12.6040382, 63.0900006], [12.6031799, 63.0896509], [12.6023962, 63.0889847], [12.6022301, 63.0889099], [12.6021086, 63.0887958], [12.6019323, 63.0887019], [12.6018005, 63.0885686], [12.6010276, 63.0881242], [12.6006957, 63.0880042], [12.6006631, 63.087941], [12.600331, 63.0877725], [12.6001088, 63.0877354], [12.6000468, 63.0876629], [12.5998931, 63.0876125], [12.5996225, 63.0875583], [12.598858, 63.0870687], [12.5986947, 63.0869162], [12.5984002, 63.0868003], [12.5975227, 63.0862425], [12.5970859, 63.0860768], [12.5968158, 63.0859134], [12.5965822, 63.0858305], [12.5962578, 63.0856266], [12.5961328, 63.0855089], [12.5958413, 63.0854164], [12.595435, 63.0850724], [12.5951888, 63.0850569], [12.594983, 63.0849695], [12.5944945, 63.0847255], [12.5938445, 63.0843537], [12.5934885, 63.084205], [12.5930985, 63.0839914], [12.5927389, 63.083876], [12.5922516, 63.0835891], [12.5919158, 63.0833582], [12.591325, 63.0830919], [12.591095, 63.082918], [12.5907344, 63.0827548], [12.5896186, 63.0820554], [12.5892753, 63.0819389], [12.588629, 63.0815575], [12.5883741, 63.0813999], [12.5879172, 63.0812026], [12.5870964, 63.0806722], [12.5858187, 63.0799883], [12.5851987, 63.0795829], [12.5848252, 63.0794424], [12.5840324, 63.078988], [12.5837445, 63.0788683], [12.5833242, 63.0785939], [12.5825812, 63.0782179], [12.5821994, 63.0780555], [12.5821032, 63.0779146], [12.5817, 63.0776596], [12.5812597, 63.0774826], [12.5809926, 63.0773534], [12.5801772, 63.076887], [12.5797052, 63.0768093], [12.5786752, 63.0764207], [12.578454, 63.0763712], [12.5782814, 63.0762777], [12.5773895, 63.0759008], [12.5773877, 63.0758571], [12.5772631, 63.0758116], [12.5770939, 63.075786], [12.5769086, 63.0756822], [12.576028, 63.0753608], [12.5753181, 63.0748037], [12.575124, 63.0746671], [12.5748501, 63.0745239], [12.5746464, 63.0743978], [12.574324, 63.0742195], [12.5741106, 63.0741398], [12.5738701, 63.0741237], [12.5739089, 63.0739189], [12.5737399, 63.0737972], [12.573225, 63.072981], [12.5726118, 63.071898], [12.5723666, 63.071465], [12.5711248, 63.0698999], [12.5710958, 63.0697397], [12.5709887, 63.069637], [12.5709504, 63.0695214], [12.57065, 63.069191], [12.5704355, 63.0688606], [12.5697059, 63.0677915], [12.5694484, 63.0674416], [12.5687461, 63.0661825], [12.5685901, 63.0659643], [12.5683755, 63.0657505], [12.5678132, 63.0653083], [12.5674711, 63.0647723], [12.5669733, 63.0639924], [12.5667522, 63.0638184], [12.5665731, 63.0635398], [12.5665447, 63.0633635], [12.5662954, 63.063126], [12.5659293, 63.0627178], [12.5655431, 63.0623678], [12.5643844, 63.0618623], [12.5640411, 63.0616096], [12.5624689, 63.0607918], [12.562214, 63.0606541], [12.5621359, 63.0605754], [12.5615238, 63.0602813], [12.5610504, 63.0600453], [12.5606665, 63.0598949], [12.5602216, 63.0597626], [12.5594491, 63.0595681], [12.5586738, 63.0593261], [12.5577325, 63.059082], [12.5567025, 63.0588293], [12.5557739, 63.0584893], [12.5552081, 63.0582839], [12.5547612, 63.058131], [12.5546831, 63.058066], [12.5545687, 63.0580011], [12.5542564, 63.0576237], [12.5520248, 63.056282], [12.5515098, 63.0559125], [12.5506086, 63.0554069], [12.549879, 63.0549013], [12.5494928, 63.0547652], [12.5486774, 63.054279], [12.5486345, 63.0540457], [12.5485187, 63.0540063], [12.5482911, 63.053929], [12.5472612, 63.053365], [12.5471324, 63.0531122], [12.5467033, 63.0521981], [12.5463599, 63.0514785], [12.546317, 63.0509729], [12.545845, 63.0505644], [12.5456304, 63.0503116], [12.5456357, 63.0501508], [12.5450296, 63.0499809], [12.5441015, 63.0495576]]}}, {"type": "Feature", "id": "way/120069621", "properties": {"highway": "footway", "@id": "way/120069621", "@type": "way", "osm_id": 120069621}, "geometry": {"type": "LineString", "coordinates": [[12.9699606, 63.1491888], [12.9696835, 63.149165], [12.9694313, 63.1491187], [12.9691821, 63.1491034], [12.969013, 63.1491146], [12.9688186, 63.1491336], [12.9687383, 63.1491327], [12.9685218, 63.1491104], [12.9682733, 63.1490577], [12.9679147, 63.149039], [12.9674385, 63.1490361], [12.9669238, 63.1490186]]}}, {"type": "Feature", "id": "way/120069943", "properties": {"highway": "footway", "@id": "way/120069943", "@type": "way", "osm_id": 120069943}, "geometry": {"type": "LineString", "coordinates": [[12.9666531, 63.1486746], [12.9669345, 63.1486522], [12.9671614, 63.148607], [12.9674889, 63.1485906], [12.968034, 63.1485913], [12.9682549, 63.1486172], [12.9684581, 63.1486526], [12.9686499, 63.1486236], [12.9688339, 63.1485857], [12.9690335, 63.1485517], [12.9693236, 63.1485541], [12.9696151, 63.1485632], [12.9697938, 63.1485688]]}}, {"type": "Feature", "id": "way/120071770", "properties": {"highway": "path", "lit": "yes", "operator": "Vålådalens Fjällstation", "piste:grooming": "classic;skating", "piste:type": "nordic", "surface": "asphalt", "@id": "way/120071770", "@type": "way", "osm_id": 120071770}, "geometry": {"type": "LineString", "coordinates": [[12.9962515, 63.1527523], [12.9953751, 63.1525303], [12.994661, 63.1524861], [12.9940736, 63.1525095], [12.9936071, 63.1525017], [12.9931234, 63.1524159], [12.9923229, 63.152226], [12.9917239, 63.1521064], [12.9912229, 63.152083], [12.9906067, 63.1520726], [12.9902784, 63.1519998], [12.9897313, 63.1519009], [12.989046, 63.1517475], [12.9887696, 63.1516148], [12.9883492, 63.1515784], [12.9877733, 63.151542], [12.9869094, 63.1514224], [12.9867392, 63.1514681], [12.9864257, 63.1515524], [12.9859419, 63.1516382], [12.9854582, 63.1516773], [12.9852933, 63.1516796], [12.9849404, 63.1516499], [12.9847353, 63.1515848], [12.9846328, 63.1515324], [12.9844646, 63.1515253], [12.9841385, 63.1515414], [12.9839004, 63.1515369], [12.9836626, 63.1515033], [12.9834426, 63.151433], [12.9832334, 63.1513312], [12.9829652, 63.1512125], [12.9825468, 63.1510599], [12.9823429, 63.1509775], [12.9822142, 63.1508927], [12.9820586, 63.1507304], [12.9819835, 63.1506165], [12.9819567, 63.1504857], [12.9819192, 63.1503597], [12.9818011, 63.1502482], [12.9815651, 63.1501198], [12.9809857, 63.1498557], [12.9804976, 63.1496692], [12.9802838, 63.1495834]]}}, {"type": "Feature", "id": "way/120072333", "properties": {"highway": "path", "lit": "yes", "piste:grooming": "classic;skating", "piste:type": "nordic", "surface": "dirt", "@id": "way/120072333", "@type": "way", "osm_id": 120072333}, "geometry": {"type": "LineString", "coordinates": [[12.9969193, 63.1505402], [12.9967357, 63.1501392], [12.9964353, 63.1498], [12.9953087, 63.1490101], [12.9948152, 63.1488405], [12.9942144, 63.1487048], [12.993678, 63.1486418], [12.9931093, 63.148637], [12.9927338, 63.1486806], [12.9922081, 63.148826], [12.9915322, 63.1489665], [12.990985, 63.1490344], [12.9904539, 63.1490683], [12.9902608, 63.1490804], [12.9900141, 63.149078], [12.9897727, 63.1490513], [12.9895313, 63.1490053], [12.9893703, 63.1489278], [12.9892416, 63.1487824], [12.9889895, 63.1484601], [12.9888178, 63.1483826], [12.9884906, 63.1482881], [12.9882112, 63.1481829]]}}, {"type": "Feature", "id": "way/120073080", "properties": {"highway": "path", "lit": "yes", "piste:grooming": "classic;skating", "piste:type": "nordic", "surface": "asphalt", "@id": "way/120073080", "@type": "way", "osm_id": 120073080}, "geometry": {"type": "LineString", "coordinates": [[12.9969193, 63.1505402], [12.9968576, 63.1506304], [12.9966498, 63.1508089], [12.9965883, 63.151029], [12.9964272, 63.1510851], [12.9962276, 63.1511451], [12.9959312, 63.1512139], [12.9955498, 63.1512731], [12.9951488, 63.15129], [12.9946089, 63.1512857]]}}, {"type": "Feature", "id": "way/120073614", "properties": {"highway": "footway", "@id": "way/120073614", "@type": "way", "osm_id": 120073614}, "geometry": {"type": "LineString", "coordinates": [[12.9665276, 63.1488141], [12.9666834, 63.1488047], [12.966826, 63.1487867], [12.9668826, 63.1487755], [12.967485, 63.1488254], [12.9679778, 63.1488156], [12.9682878, 63.1488139], [12.9683074, 63.1487568], [12.9683331, 63.1487266], [12.9684581, 63.1486526]]}}, {"type": "Feature", "id": "way/126061049", "properties": {"highway": "path", "mtb:scale": "1", "name": "Helags-Gåsen", "note": "The GPS was set to log position every 2 minutes, so the path isn't perfectly precise.", "sac_scale": "mountain_hiking", "source": "survey", "surface": "ground", "@id": "way/126061049", "@type": "way", "osm_id": 126061049}, "geometry": {"type": "LineString", "coordinates": [[12.5059907, 62.9168564], [12.5059497, 62.9168939], [12.5059015, 62.9169769], [12.5056922, 62.9171498], [12.505424, 62.9173921], [12.5054723, 62.9175899], [12.5049627, 62.9178122], [12.5043082, 62.9183543], [12.5035465, 62.9185351], [12.5034821, 62.9189014], [12.5029135, 62.9192189], [12.502111, 62.9198409], [12.5014865, 62.9202446], [12.501111, 62.9206548], [12.5009394, 62.9210309], [12.5011217, 62.9215339], [12.501272, 62.922457], [12.5014222, 62.922623], [12.5011325, 62.9229258], [12.5013146, 62.9231137], [12.5014114, 62.9236779], [12.5013041, 62.924093], [12.5013041, 62.9249036], [12.5015402, 62.9250843], [12.5015616, 62.9255531], [12.5019479, 62.9262709], [12.5017869, 62.9267787], [12.5014329, 62.927394], [12.5007892, 62.927975], [12.5003493, 62.9283559], [12.5001132, 62.9287075], [12.4993944, 62.9291225], [12.4986219, 62.9295668], [12.4976349, 62.9298842], [12.4970877, 62.9301771], [12.4969375, 62.9303431], [12.4962079, 62.9306068], [12.4953818, 62.9311585], [12.494663, 62.9318224], [12.4939442, 62.9321398], [12.4932361, 62.9324962], [12.4929249, 62.9327403], [12.4922275, 62.9333212], [12.491852, 62.9336776], [12.4911547, 62.9341804], [12.4910581, 62.9343952], [12.4908864, 62.9345173], [12.4907577, 62.9349127], [12.4903285, 62.9352349], [12.4899959, 62.9356791], [12.489953, 62.9360647], [12.488966, 62.9364064], [12.4883652, 62.9365822], [12.4881184, 62.9367725], [12.4868846, 62.9370703], [12.4866378, 62.9372753], [12.4864018, 62.9373729], [12.4862409, 62.9376072], [12.4846315, 62.9383052], [12.4836981, 62.9387982], [12.4831188, 62.9392961], [12.4826789, 62.9396231], [12.4818957, 62.9399843], [12.4805009, 62.9406041], [12.4791706, 62.9409116], [12.4784839, 62.9413606], [12.47769, 62.9417999], [12.4774754, 62.9421708], [12.4771857, 62.9423758], [12.4772715, 62.9427223], [12.4770892, 62.9429468], [12.4769497, 62.9433372], [12.4767029, 62.9435275], [12.4767029, 62.9438057], [12.4764132, 62.9444011], [12.4760914, 62.9449379], [12.4758875, 62.9454649], [12.4756408, 62.9457772], [12.4756193, 62.9460554], [12.4752438, 62.9464701], [12.4749434, 62.9471143], [12.4746859, 62.9475534], [12.474364, 62.9476705], [12.4742889, 62.9477925], [12.4744713, 62.9479584], [12.4744391, 62.9480902], [12.4742997, 62.9481829], [12.474364, 62.9483293], [12.4736559, 62.9487879], [12.4738276, 62.9489831], [12.473731, 62.9494564], [12.4735701, 62.9495881], [12.4737096, 62.9497199], [12.4731731, 62.9503737], [12.4728942, 62.9507689], [12.4727011, 62.9511738], [12.4724221, 62.9516422], [12.4722934, 62.9520032], [12.4720359, 62.9522813], [12.4718857, 62.9527497], [12.4715853, 62.9529058], [12.4715531, 62.9531741], [12.4711239, 62.9533888], [12.4710059, 62.953779], [12.4710596, 62.954062], [12.4707162, 62.9548035], [12.4700618, 62.9550377], [12.4695468, 62.9550816], [12.4689674, 62.955267], [12.4684203, 62.9556279], [12.4678194, 62.9563158], [12.4683022, 62.9569694], [12.4686563, 62.9572279], [12.4690747, 62.9575938], [12.4688387, 62.957906], [12.4685383, 62.9580962], [12.4684632, 62.9583937], [12.468195, 62.9590815], [12.4678302, 62.9593985], [12.4674654, 62.9600424], [12.4675405, 62.9603399], [12.467283, 62.9610617], [12.4671328, 62.9612129], [12.4670041, 62.961447], [12.4671113, 62.9616909], [12.4666285, 62.9619835], [12.4665749, 62.9621445], [12.4663925, 62.9622371], [12.466371, 62.9623542], [12.4659741, 62.962598], [12.4661565, 62.9627249], [12.4659955, 62.9629443], [12.465502, 62.963315], [12.4655986, 62.9635149], [12.4654591, 62.9636027], [12.4654913, 62.9636807], [12.4654054, 62.9638368], [12.4654698, 62.9640416], [12.4652982, 62.9642367], [12.4652767, 62.9644415], [12.4649334, 62.9647731], [12.4650836, 62.965017], [12.464869, 62.9653583], [12.4646759, 62.9660215], [12.464354, 62.9662361], [12.4642038, 62.966987], [12.4637961, 62.9674259], [12.4637317, 62.967933], [12.4643648, 62.9687278], [12.4639785, 62.9690496], [12.4635708, 62.9692447], [12.4633026, 62.9696299], [12.4633455, 62.9707123], [12.4631309, 62.9709268], [12.4632919, 62.9712096], [12.4631305, 62.971528], [12.4630988, 62.9717118], [12.4633455, 62.9719117], [12.4634635, 62.9726771], [12.4634777, 62.9733265], [12.4638605, 62.9747296], [12.4640321, 62.9754706], [12.4645042, 62.9762311], [12.46459, 62.977206], [12.4648046, 62.9778689], [12.4651479, 62.9781419], [12.4651908, 62.9790388], [12.4655342, 62.9795457], [12.4655771, 62.9800039], [12.4660921, 62.9809689], [12.4661779, 62.9812614], [12.46665, 62.9821192], [12.4671006, 62.9832011], [12.4676156, 62.983474], [12.4677229, 62.983708], [12.467637, 62.9839711], [12.4677479, 62.9842727], [12.4679374, 62.984517], [12.4680018, 62.9849945], [12.4682379, 62.9854234], [12.468431, 62.9855306], [12.4686026, 62.9860277], [12.4685117, 62.9862281], [12.468667, 62.9864273], [12.4690103, 62.9867586], [12.4691391, 62.9871582], [12.4694824, 62.9873336], [12.4700188, 62.9874506], [12.4702549, 62.987587], [12.4705338, 62.9876163], [12.4706626, 62.9877917], [12.4708342, 62.9878794], [12.4700403, 62.9881425], [12.4699116, 62.9885811], [12.470169, 62.9887955], [12.4701047, 62.9890001], [12.4702823, 62.9891294], [12.4703836, 62.9893412], [12.4705124, 62.98977], [12.4708771, 62.9899941], [12.4708342, 62.9903352], [12.4709844, 62.9905008], [12.470963, 62.9907055], [12.4711561, 62.9908224], [12.4711561, 62.9910465], [12.4714565, 62.9913681], [12.4715509, 62.9916065], [12.4717355, 62.9919333], [12.4720359, 62.9924984], [12.4723508, 62.9928779], [12.4724221, 62.9932877], [12.4728727, 62.9940477], [12.4729585, 62.9943595], [12.4732375, 62.9947103], [12.4734521, 62.9949928], [12.4740529, 62.9952462], [12.4739241, 62.9956456], [12.4741387, 62.9960841], [12.4739241, 62.9962497], [12.4744177, 62.9968635], [12.4747395, 62.9972337], [12.4748039, 62.9977598], [12.4751687, 62.99813], [12.4749756, 62.9982761], [12.4750837, 62.9984468], [12.4754691, 62.998773], [12.4756837, 62.9988899], [12.4759626, 62.9993867], [12.4762416, 62.999601], [12.4768638, 62.9998348], [12.4773145, 62.9999128], [12.4773359, 63.0009746], [12.4777865, 63.0013934], [12.4786663, 63.0022214], [12.4790311, 63.0023578], [12.4789881, 63.0025721], [12.4792027, 63.0028448], [12.4795246, 63.0029228], [12.4795246, 63.0031176], [12.479825, 63.0034], [12.4802112, 63.0037312], [12.4804902, 63.0038871], [12.4805331, 63.0041111], [12.4807051, 63.0043274], [12.4810266, 63.0047442], [12.4815631, 63.0048513], [12.4815416, 63.0050364], [12.481842, 63.0054455], [12.4824214, 63.0058351], [12.4825715, 63.0062134], [12.4829793, 63.0066532], [12.483623, 63.0073252], [12.4837088, 63.00752], [12.4841491, 63.0077261], [12.4853396, 63.008562], [12.4862599, 63.0089665], [12.4862623, 63.0092048], [12.4864554, 63.0093119], [12.4865412, 63.0095748], [12.4871206, 63.0097891], [12.4876785, 63.0101883], [12.4886012, 63.0109479], [12.4895668, 63.0117854], [12.4906611, 63.0126325], [12.4911037, 63.0128285], [12.4913692, 63.013207], [12.4917125, 63.0133628], [12.4918628, 63.0135965], [12.4926567, 63.014132], [12.4927211, 63.0144144], [12.4934077, 63.0148136], [12.4935794, 63.0150765], [12.4940514, 63.0153491], [12.4949097, 63.0156996], [12.4954676, 63.0160988], [12.495768, 63.0165759], [12.496047, 63.0169361], [12.4960899, 63.0172963], [12.4966264, 63.0176079], [12.4970806, 63.0181416], [12.4980211, 63.0183575], [12.4992442, 63.0187859], [12.5008321, 63.0194089], [12.5017762, 63.0196913], [12.5022054, 63.0201683], [12.5022483, 63.0212391], [12.5036216, 63.0218718], [12.5048661, 63.022378], [12.505703, 63.0226116], [12.5062179, 63.0226213], [12.5074839, 63.0231956], [12.5087929, 63.0234487], [12.509973, 63.0239257], [12.510767, 63.0242858], [12.5117326, 63.024354], [12.5134277, 63.0250256], [12.5134492, 63.0258431], [12.5146293, 63.0266802], [12.5152731, 63.0269332], [12.5155091, 63.0271279], [12.5160992, 63.0274588], [12.5163674, 63.0277021], [12.5168073, 63.0276972], [12.517494, 63.0279892], [12.5175905, 63.0281449], [12.5179982, 63.0282957], [12.5181591, 63.0284709], [12.5188887, 63.0288115], [12.5190174, 63.0289818], [12.5195861, 63.0293565], [12.5198007, 63.0293516], [12.5198895, 63.0294586], [12.5199662, 63.029551], [12.5198758, 63.0297652], [12.519972, 63.0298335], [12.5200474, 63.0298869], [12.5202412, 63.0299559], [12.5203478, 63.0299939], [12.5204122, 63.0301934], [12.5208105, 63.0309114], [12.5210774, 63.0311228], [12.5210881, 63.0312736], [12.5212383, 63.0313904], [12.521646, 63.0314926], [12.5216675, 63.0317164], [12.5219786, 63.0319937], [12.522077, 63.0322616], [12.5220537, 63.0324413], [12.5222254, 63.0326846], [12.5222507, 63.0327606], [12.5223112, 63.0329425], [12.5225687, 63.0331809], [12.5228691, 63.0333852], [12.5228906, 63.0335895], [12.5230622, 63.0337063], [12.5230944, 63.0338766], [12.523309, 63.0339885], [12.5235021, 63.0342706], [12.5238454, 63.034475], [12.5240064, 63.0348496], [12.5243389, 63.035268], [12.5245298, 63.0355408], [12.524811, 63.0357691], [12.5253689, 63.0363626], [12.5257981, 63.036742], [12.525841, 63.0369366], [12.5259875, 63.0370977], [12.5261521, 63.0372041], [12.5261414, 63.0374425], [12.5264311, 63.0378122], [12.5269378, 63.0384936], [12.5273756, 63.0388576], [12.527461, 63.0391402], [12.5276327, 63.0392521], [12.5278473, 63.0394709], [12.5282228, 63.0396315], [12.5283193, 63.0398163], [12.5286734, 63.0400498], [12.5289631, 63.0401227], [12.5292206, 63.0403514], [12.5297463, 63.0406627], [12.5302396, 63.0408838], [12.5305295, 63.0412026], [12.5309694, 63.0414603], [12.5313878, 63.0418494], [12.531774, 63.0421218], [12.5322246, 63.0423018], [12.5322783, 63.0424817], [12.5326431, 63.0426325], [12.5327182, 63.0427638], [12.5329395, 63.0428686], [12.533201, 63.0430654], [12.5335872, 63.043187], [12.5342631, 63.043542], [12.5347137, 63.0439019], [12.5352287, 63.0441208], [12.5354004, 63.0442861], [12.5358832, 63.0444758], [12.5360227, 63.0446314], [12.5365698, 63.0448551], [12.5367093, 63.045001], [12.5370741, 63.0451518], [12.5371385, 63.0452928], [12.5374603, 63.0454582], [12.5376964, 63.0457889], [12.5386858, 63.0460688], [12.5392628, 63.0463627], [12.5393808, 63.0465232], [12.540282, 63.0469365], [12.5405073, 63.0471651], [12.5407326, 63.0471797], [12.5416875, 63.0476806], [12.5419986, 63.0478897], [12.5425458, 63.0480307]]}}, {"type": "Feature", "id": "way/126061052", "properties": {"highway": "path", "mtb:scale": "1", "name": "Gåsen - Sylarna/Storulvån Sommarled", "sac_scale": "mountain_hiking", "surface": "dirt", "@id": "way/126061052", "@type": "way", "osm_id": 126061052}, "geometry": {"type": "LineString", "coordinates": [[12.5168652, 63.0532423], [12.5173927, 63.0530878], [12.5183261, 63.0527261], [12.5191915, 63.0523757], [12.5197945, 63.052127], [12.519953, 63.0519728], [12.5203691, 63.0517467], [12.520734, 63.0514905], [12.5216643, 63.0513127], [12.5221214, 63.0511555], [12.5224202, 63.0509235], [12.5226451, 63.0508792], [12.5229595, 63.0507133], [12.5232301, 63.0506606], [12.523485, 63.0505672], [12.5236023, 63.0504831], [12.5244645, 63.0503578], [12.5250665, 63.0502256], [12.5253675, 63.0501057], [12.5261063, 63.0500023], [12.5265441, 63.0498246], [12.526929, 63.0497477], [12.5274241, 63.0495584], [12.5279372, 63.0493668], [12.528457, 63.0492449], [12.5291811, 63.049098], [12.5295857, 63.049044], [12.5311758, 63.0489212], [12.5317158, 63.0488159], [12.532856, 63.0487374], [12.5335765, 63.0486009], [12.5345616, 63.0485637], [12.5358933, 63.0484108], [12.5361578, 63.048448], [12.5368419, 63.048357], [12.5381284, 63.0483542], [12.5388927, 63.0484833], [12.5400343, 63.0487084], [12.5406287, 63.0487945], [12.5412101, 63.0489112], [12.5419588, 63.0490681], [12.5429008, 63.049303], [12.5432719, 63.0493777], [12.5438547, 63.0495916], [12.5441015, 63.0495576]]}}, {"type": "Feature", "id": "way/134425196", "properties": {"highway": "path", "@id": "way/134425196", "@type": "way", "osm_id": 134425196}, "geometry": {"type": "LineString", "coordinates": [[13.1383774, 63.089001], [13.138412, 63.0891078], [13.1384284, 63.0891086], [13.1383097, 63.089241], [13.1383855, 63.0893694], [13.1385194, 63.0894775], [13.1385758, 63.0895913], [13.1386952, 63.0897278], [13.1387177, 63.0898001], [13.1387081, 63.0898687], [13.1388113, 63.0899417], [13.1389209, 63.09003], [13.1389395, 63.0900628], [13.1389548, 63.0900898], [13.1394656, 63.0902188]]}}, {"type": "Feature", "id": "way/134425197", "properties": {"class:bicycle:mtb": "2", "highway": "path", "mtb:scale": "1", "piste:grooming": "backcountry", "piste:type": "nordic", "@id": "way/134425197", "@type": "way", "osm_id": 134425197}, "geometry": {"type": "LineString", "coordinates": [[13.1001046, 63.1007116], [13.1004997, 63.1006943], [13.1012323, 63.1005831], [13.1016071, 63.100576], [13.1021961, 63.1005304], [13.1026497, 63.1004819], [13.102867, 63.1005005], [13.1032765, 63.1004463], [13.1040797, 63.1003922], [13.1044073, 63.1003594], [13.1046655, 63.1003964], [13.1049427, 63.1003451], [13.1049459, 63.1003181]]}}, {"type": "Feature", "id": "way/134425198", "properties": {"bridge": "yes", "class:bicycle:mtb": "2", "highway": "path", "layer": "1", "piste:grooming": "backcountry", "piste:type": "nordic", "@id": "way/134425198", "@type": "way", "osm_id": 134425198}, "geometry": {"type": "LineString", "coordinates": [[13.138241, 63.0889947], [13.1383774, 63.089001]]}}, {"type": "Feature", "id": "way/134425199", "properties": {"bridge": "yes", "class:bicycle:mtb": "2", "highway": "path", "layer": "1", "mtb:scale": "1", "piste:grooming": "backcountry", "piste:type": "nordic", "@id": "way/134425199", "@type": "way", "osm_id": 134425199}, "geometry": {"type": "LineString", "coordinates": [[13.10003, 63.100687], [13.1001046, 63.1007116]]}}, {"type": "Feature", "id": "way/134425200", "properties": {"highway": "path", "@id": "way/134425200", "@type": "way", "osm_id": 134425200}, "geometry": {"type": "LineString", "coordinates": [[13.0935091, 63.0880244], [13.09327, 63.0881939]]}}, {"type": "Feature", "id": "way/134425202", "properties": {"highway": "path", "@id": "way/134425202", "@type": "way", "osm_id": 134425202}, "geometry": {"type": "LineString", "coordinates": [[13.0750634, 63.0997925], [13.0752216, 63.0998536]]}}, {"type": "Feature", "id": "way/134425204", "properties": {"fixme": "resurvey mtb:scale", "highway": "path", "mtb:name": "Bäverkroken", "mtb:scale": "2", "@id": "way/134425204", "@type": "way", "osm_id": 134425204}, "geometry": {"type": "LineString", "coordinates": [[13.074947, 63.1501408], [13.0752267, 63.1501135], [13.0760051, 63.1499245], [13.0780782, 63.1497244], [13.0790527, 63.1497404], [13.0816219, 63.1501485], [13.0838013, 63.1501245]]}}, {"type": "Feature", "id": "way/134425205", "properties": {"highway": "path", "@id": "way/134425205", "@type": "way", "osm_id": 134425205}, "geometry": {"type": "LineString", "coordinates": [[13.1372868, 63.0891151], [13.1371161, 63.0891733]]}}, {"type": "Feature", "id": "way/134425206", "properties": {"highway": "path", "@id": "way/134425206", "@type": "way", "osm_id": 134425206}, "geometry": {"type": "LineString", "coordinates": [[13.0683394, 63.1073823], [13.0689607, 63.1073871]]}}, {"type": "Feature", "id": "way/134425208", "properties": {"bridge": "yes", "class:bicycle:mtb": "2", "highway": "path", "layer": "1", "mtb:scale": "1", "piste:grooming": "backcountry", "piste:type": "nordic", "@id": "way/134425208", "@type": "way", "osm_id": 134425208}, "geometry": {"type": "LineString", "coordinates": [[13.1244775, 63.0932347], [13.1245814, 63.093229]]}}, {"type": "Feature", "id": "way/134425209", "properties": {"highway": "path", "@id": "way/134425209", "@type": "way", "osm_id": 134425209}, "geometry": {"type": "LineString", "coordinates": [[13.0724599, 63.152484], [13.0724396, 63.1525449], [13.0722789, 63.1528175], [13.0719571, 63.1529967], [13.0715708, 63.1532438], [13.0713964, 63.1534574]]}}, {"type": "Feature", "id": "way/134425210", "properties": {"bridge": "yes", "class:bicycle:mtb": "2", "highway": "path", "layer": "1", "mtb:scale": "1", "piste:grooming": "backcountry", "piste:type": "nordic", "@id": "way/134425210", "@type": "way", "osm_id": 134425210}, "geometry": {"type": "LineString", "coordinates": [[13.1049459, 63.1003181], [13.1049553, 63.1002639]]}}, {"type": "Feature", "id": "way/134425211", "properties": {"highway": "path", "@id": "way/134425211", "@type": "way", "osm_id": 134425211}, "geometry": {"type": "LineString", "coordinates": [[13.0683749, 63.1074429], [13.0688977, 63.1074904]]}}, {"type": "Feature", "id": "way/134425212", "properties": {"highway": "path", "surface": "dirt", "@id": "way/134425212", "@type": "way", "osm_id": 134425212}, "geometry": {"type": "LineString", "coordinates": [[13.0819298, 63.0956933], [13.0820219, 63.0955585], [13.0820961, 63.0954628], [13.0823408, 63.0951019], [13.0825584, 63.0947696], [13.0827306, 63.0945317], [13.0829391, 63.0939944], [13.0832473, 63.093859], [13.0835373, 63.0936744], [13.0836008, 63.0935391], [13.0836552, 63.0933586], [13.0835373, 63.0930591], [13.0834558, 63.0928581], [13.0834376, 63.0926079], [13.083211, 63.0921813], [13.0831476, 63.0917342], [13.0831929, 63.0913937], [13.0833288, 63.0911763], [13.0833923, 63.0908645], [13.0835645, 63.0907127], [13.0835283, 63.0903845], [13.0837096, 63.0899127], [13.0835555, 63.0896256], [13.0834558, 63.0894081], [13.082785, 63.0889035], [13.0827306, 63.088801], [13.081806, 63.0883702], [13.0809993, 63.0880091], [13.0805008, 63.0877589], [13.0803286, 63.0875619], [13.0803104, 63.0870204], [13.0807727, 63.0865978], [13.0807636, 63.086327], [13.0809903, 63.0859782], [13.0811081, 63.0856746], [13.0812894, 63.0853382], [13.0815069, 63.084378], [13.0812259, 63.0840333], [13.0812441, 63.0838487], [13.081099, 63.083742], [13.0808815, 63.0835574], [13.0805189, 63.083303], [13.0800838, 63.0830198], [13.0797122, 63.0829377], [13.0795037, 63.0827613], [13.0790414, 63.0826464], [13.0786698, 63.0825725], [13.0781169, 63.0824125], [13.077573, 63.0821376], [13.0773826, 63.0819447], [13.0763493, 63.0812881], [13.0756604, 63.0809106], [13.0754519, 63.0807382], [13.0739563, 63.0798641], [13.0736013, 63.0795467], [13.0730121, 63.0791568], [13.0716162, 63.0786726], [13.0711086, 63.078492], [13.0709001, 63.0783278], [13.0709363, 63.0781596], [13.0707641, 63.0778148], [13.0703562, 63.0774536], [13.070039, 63.0772525], [13.0695042, 63.0770596], [13.068915, 63.0769981], [13.0686793, 63.0769447], [13.0685524, 63.0768955], [13.0680448, 63.07676], [13.0675013, 63.0766191]]}}, {"type": "Feature", "id": "way/134425213", "properties": {"highway": "path", "@id": "way/134425213", "@type": "way", "osm_id": 134425213}, "geometry": {"type": "LineString", "coordinates": [[13.0722038, 63.1566595], [13.0719034, 63.1565723], [13.0715065, 63.156364], [13.0711471, 63.1561864]]}}, {"type": "Feature", "id": "way/134425214", "properties": {"highway": "path", "@id": "way/134425214", "@type": "way", "osm_id": 134425214}, "geometry": {"type": "LineString", "coordinates": [[13.0920799, 63.0908809], [13.092202, 63.090864], [13.0923248, 63.0907955]]}}, {"type": "Feature", "id": "way/134425215", "properties": {"highway": "path", "@id": "way/134425215", "@type": "way", "osm_id": 134425215}, "geometry": {"type": "LineString", "coordinates": [[13.0743586, 63.1000169], [13.0745563, 63.1000638], [13.0747846, 63.100103]]}}, {"type": "Feature", "id": "way/134425216", "properties": {"highway": "path", "mtb:scale": "1", "@id": "way/134425216", "@type": "way", "osm_id": 134425216}, "geometry": {"type": "LineString", "coordinates": [[13.1381188, 63.0889731], [13.1381132, 63.0889459], [13.1382407, 63.0888383], [13.1382928, 63.0887841], [13.1383196, 63.0885969], [13.1391621, 63.0883647], [13.1398426, 63.0880762], [13.1401235, 63.0877805], [13.1401397, 63.0874089], [13.1403784, 63.087185]]}}, {"type": "Feature", "id": "way/134425217", "properties": {"highway": "path", "informal": "yes", "@id": "way/134425217", "@type": "way", "osm_id": 134425217}, "geometry": {"type": "LineString", "coordinates": [[13.0710251, 63.1348549], [13.0706094, 63.1349774], [13.0703953, 63.1350059], [13.0676933, 63.1342342], [13.060354, 63.135288], [13.0541091, 63.1363992], [13.0522272, 63.136734], [13.0474594, 63.1373503], [13.0472398, 63.137623], [13.0471077, 63.1377871]]}}, {"type": "Feature", "id": "way/134425218", "properties": {"class:bicycle:mtb": "2", "highway": "path", "mtb:scale": "1", "piste:grooming": "backcountry", "piste:type": "nordic", "@id": "way/134425218", "@type": "way", "osm_id": 134425218}, "geometry": {"type": "LineString", "coordinates": [[13.1245814, 63.093229], [13.1247767, 63.0931806], [13.1251578, 63.0931578], [13.1258413, 63.092981], [13.126317, 63.0929254], [13.1266508, 63.0927658], [13.1270855, 63.0926703], [13.127621, 63.0925006], [13.1284934, 63.0922099], [13.1293911, 63.0920673], [13.12981, 63.0919576], [13.1303927, 63.0918378], [13.131029, 63.0918079], [13.131577, 63.0917637], [13.132144, 63.0916254], [13.1325755, 63.0914073], [13.1329755, 63.0910823], [13.1335708, 63.0907958], [13.1336496, 63.0907559], [13.1336527, 63.0906532], [13.1340527, 63.0904765], [13.134563, 63.0903296], [13.1348244, 63.0901643], [13.1356591, 63.0898435], [13.136056, 63.0896454], [13.1366576, 63.0894344], [13.1370639, 63.089299], [13.1372868, 63.0891151], [13.1376051, 63.0890242], [13.1378217, 63.088991], [13.1379358, 63.0889859], [13.1381188, 63.0889731]]}}, {"type": "Feature", "id": "way/134425219", "properties": {"class:bicycle:mtb": "2", "fixme": "resurvey mtb:scale", "highway": "path", "mtb:scale": "1", "@id": "way/134425219", "@type": "way", "osm_id": 134425219}, "geometry": {"type": "LineString", "coordinates": [[13.1383774, 63.089001], [13.1384994, 63.0889784], [13.138556, 63.0889573], [13.1386482, 63.0889259], [13.1387689, 63.0888958], [13.1388729, 63.0888703], [13.1389743, 63.0888071], [13.139218, 63.0887245], [13.1394504, 63.088662], [13.1396251, 63.0886221], [13.1398341, 63.0886485], [13.1399913, 63.0886138], [13.1401708, 63.0885673], [13.1402998, 63.0885782], [13.1404489, 63.0885253], [13.1405276, 63.0885189], [13.1405759, 63.0885381], [13.1406747, 63.0885509], [13.1408844, 63.0885317], [13.1411041, 63.0884496], [13.1409731, 63.088299], [13.1408965, 63.088226], [13.1408783, 63.088185], [13.1409408, 63.0881284], [13.1409448, 63.0880764], [13.1408985, 63.088039], [13.1409327, 63.0879943], [13.1407231, 63.0879313], [13.1407936, 63.0877826], [13.1406808, 63.0876348], [13.1405316, 63.0875144], [13.1404691, 63.0873766], [13.1404933, 63.0872643], [13.1403784, 63.087185]]}}, {"type": "Feature", "id": "way/134425220", "properties": {"highway": "path", "snowmobile": "designated", "@id": "way/134425220", "@type": "way", "osm_id": 134425220}, "geometry": {"type": "LineString", "coordinates": [[13.0687009, 63.1076596], [13.0683749, 63.1074429], [13.0683394, 63.1073823]]}}, {"type": "Feature", "id": "way/134425222", "properties": {"highway": "path", "@id": "way/134425222", "@type": "way", "osm_id": 134425222}, "geometry": {"type": "LineString", "coordinates": [[13.0703953, 63.1350059], [13.0705994, 63.1350446], [13.0706824, 63.1351728]]}}, {"type": "Feature", "id": "way/134425223", "properties": {"class:bicycle:mtb": "2", "highway": "path", "mtb:scale": "1", "piste:grooming": "backcountry", "piste:type": "nordic", "@id": "way/134425223", "@type": "way", "osm_id": 134425223}, "geometry": {"type": "LineString", "coordinates": [[13.1049553, 63.1002639], [13.1051538, 63.1002368], [13.1056168, 63.1001927], [13.1060892, 63.1001456], [13.1066719, 63.1001342], [13.1072672, 63.1000843], [13.107598, 63.1000102], [13.1081114, 63.0999646], [13.1087004, 63.099805], [13.1095981, 63.0995286], [13.1099319, 63.0993462], [13.1103131, 63.0991495], [13.1105367, 63.0990626], [13.1107918, 63.0988602], [13.1110217, 63.0986536], [13.1114942, 63.0983999], [13.1117966, 63.0982346], [13.1121935, 63.0980208], [13.1125588, 63.0978013], [13.1129148, 63.0976217], [13.1131793, 63.0974108], [13.1134849, 63.0973239], [13.1136833, 63.0971956], [13.1138754, 63.0970046], [13.1141306, 63.0968265], [13.1146471, 63.0964787], [13.1150282, 63.0963305], [13.1155637, 63.0961623], [13.1159196, 63.0960056], [13.1163732, 63.0958673], [13.1171228, 63.0956507], [13.1175228, 63.0955709], [13.1179985, 63.0954283], [13.1182063, 63.0954169], [13.1187701, 63.0952231], [13.1192332, 63.0951276], [13.1197812, 63.0949109], [13.1207135, 63.0944748], [13.1215136, 63.0942966], [13.1221624, 63.094117], [13.1229562, 63.0938149], [13.1238475, 63.09342], [13.1244775, 63.0932347]]}}, {"type": "Feature", "id": "way/134425224", "properties": {"highway": "path", "@id": "way/134425224", "@type": "way", "osm_id": 134425224}, "geometry": {"type": "LineString", "coordinates": [[13.1409852, 63.0870819], [13.1406364, 63.0870335]]}}, {"type": "Feature", "id": "way/134425228", "properties": {"class:bicycle:mtb": "2", "highway": "path", "mtb:scale": "1", "piste:grooming": "backcountry", "piste:type": "nordic", "@id": "way/134425228", "@type": "way", "osm_id": 134425228}, "geometry": {"type": "LineString", "coordinates": [[13.0692836, 63.106933], [13.0694441, 63.1068033], [13.0694401, 63.1065647], [13.0697551, 63.1063474], [13.0699047, 63.1061212], [13.0702236, 63.1059395], [13.070448, 63.1057472], [13.0707512, 63.105651], [13.0713182, 63.105619], [13.0719875, 63.1055335], [13.0725741, 63.1054213], [13.0728064, 63.1052913], [13.0728891, 63.1051719], [13.0733931, 63.1050081], [13.0737474, 63.104675], [13.0742907, 63.1044257], [13.0746057, 63.1044025], [13.0751372, 63.1042422], [13.0760507, 63.104212], [13.0767121, 63.1041247], [13.0772358, 63.104041], [13.0775665, 63.1038023], [13.0780468, 63.1036367], [13.0788854, 63.1034657], [13.080228, 63.1032199], [13.0812044, 63.1030542], [13.0817714, 63.1028779], [13.0825431, 63.1026535], [13.0826927, 63.1024896], [13.0832951, 63.102283], [13.0837912, 63.1021761], [13.0841455, 63.1020906], [13.0844526, 63.1018911], [13.0851141, 63.1016489], [13.0852401, 63.1016471], [13.0855393, 63.1014832], [13.0857047, 63.1014565], [13.0860905, 63.1015687], [13.086307, 63.1016721], [13.0867638, 63.1016382], [13.0870079, 63.1016631], [13.0874173, 63.1016079], [13.0877717, 63.1016311], [13.0880709, 63.1016916], [13.0884331, 63.1016685], [13.0886339, 63.1017059], [13.0889922, 63.1015972], [13.0892206, 63.1016062], [13.089445, 63.1016364], [13.0895631, 63.1015759], [13.089508, 63.1014654], [13.089693, 63.1013764], [13.0899686, 63.1013176], [13.0901379, 63.1012659], [13.0904883, 63.101257], [13.0910474, 63.1012481], [13.091327, 63.1012837], [13.0918506, 63.1012089], [13.0926026, 63.1011306], [13.0934255, 63.1011359], [13.0944059, 63.1011555], [13.0951657, 63.1011217], [13.0963941, 63.1010825], [13.09678, 63.1009845], [13.097721, 63.1009453], [13.097906, 63.1009667], [13.0983864, 63.1008954], [13.0992919, 63.1007155], [13.0997644, 63.100712], [13.10003, 63.100687]]}}, {"type": "Feature", "id": "way/134425229", "properties": {"highway": "path", "@id": "way/134425229", "@type": "way", "osm_id": 134425229}, "geometry": {"type": "LineString", "coordinates": [[13.0657913, 63.1571527], [13.0658177, 63.1570449], [13.0659157, 63.1569706]]}}, {"type": "Feature", "id": "way/134425230", "properties": {"class:bicycle:mtb": "2", "highway": "path", "mtb:scale": "1", "@id": "way/134425230", "@type": "way", "osm_id": 134425230}, "geometry": {"type": "LineString", "coordinates": [[13.1404953, 63.0870171], [13.1402644, 63.0869687], [13.1385604, 63.0870472], [13.1375674, 63.0871924], [13.1357496, 63.0872892], [13.1329082, 63.0874966], [13.1308852, 63.0875574], [13.12808, 63.0874611], [13.1276884, 63.08745], [13.1274994, 63.0874181], [13.1269627, 63.0874067], [13.1267087, 63.08739], [13.1265345, 63.087376], [13.1262171, 63.0873743], [13.1260365, 63.0873608], [13.1257978, 63.0873474], [13.1255979, 63.0873556], [13.1253798, 63.0873544], [13.1251373, 63.0872838], [13.1250031, 63.0872884], [13.1248083, 63.0873141], [13.1246974, 63.0873346], [13.1246445, 63.0873048], [13.1246122, 63.0872697], [13.1246238, 63.087223], [13.1245606, 63.0872014], [13.124509, 63.0871646], [13.1243645, 63.0871629], [13.1242277, 63.0871518], [13.1240291, 63.0871664], [13.1239091, 63.0871833], [13.1237491, 63.0871728], [13.1235724, 63.087143], [13.1233956, 63.0871383], [13.1232563, 63.0871197], [13.1230408, 63.0870887], [13.1228615, 63.0870724], [13.1226486, 63.0870496], [13.1225583, 63.087014], [13.1224241, 63.0870291], [13.1222138, 63.0870005], [13.1220139, 63.0869637], [13.1216668, 63.0869696], [13.1214604, 63.0869889], [13.1212204, 63.0870029], [13.1209701, 63.0870537], [13.1205831, 63.0870677], [13.1203741, 63.0870513], [13.1201664, 63.087101], [13.1197961, 63.0871296], [13.1193472, 63.0871576], [13.1190827, 63.0871927], [13.1186802, 63.0872604], [13.1184118, 63.0872668], [13.1180454, 63.0873059], [13.1176571, 63.0873118], [13.1164469, 63.0873246], [13.1160276, 63.0873281], [13.1155683, 63.0873678], [13.1150484, 63.0873462], [13.1148304, 63.0873667], [13.114713, 63.0873924], [13.1146059, 63.0873737], [13.1146278, 63.0873422], [13.1145024, 63.0873346], [13.1144097, 63.0873911], [13.1141678, 63.0874212], [13.1137566, 63.0873382], [13.1135026, 63.0872415], [13.1131256, 63.0871785], [13.112414, 63.0872123], [13.1121318, 63.0872169], [13.1111985, 63.0871886]]}}, {"type": "Feature", "id": "way/136763795", "properties": {"highway": "path", "@id": "way/136763795", "@type": "way", "osm_id": 136763795}, "geometry": {"type": "LineString", "coordinates": [[12.8953879, 63.1608966], [12.8955452, 63.1606757], [12.8956312, 63.1603873], [12.8954961, 63.1601045], [12.8951399, 63.1598493], [12.8950293, 63.1597162]]}}, {"type": "Feature", "id": "way/151266906", "properties": {"class:bicycle:mtb": "2", "fixme": "resurvey mtb:scale", "highway": "path", "mtb:scale": "2+", "piste:grooming": "backcountry", "piste:type": "nordic", "snowmobile": "designated", "toll": "snowmobile", "@id": "way/151266906", "@type": "way", "osm_id": 151266906}, "geometry": {"type": "LineString", "coordinates": [[13.0643789, 63.1093764], [13.0646709, 63.109244], [13.0651913, 63.1090824], [13.0660198, 63.1088823], [13.0667798, 63.1087181], [13.0676647, 63.1084738], [13.0679691, 63.1083316], [13.0680957, 63.1081446], [13.0684711, 63.1077881], [13.0687009, 63.1076596]]}}, {"type": "Feature", "id": "way/151266908", "properties": {"class:bicycle:mtb": "0", "highway": "path", "mtb:scale": "1", "surface": "dirt", "@id": "way/151266908", "@type": "way", "osm_id": 151266908}, "geometry": {"type": "LineString", "coordinates": [[13.0683394, 63.1073823], [13.0678512, 63.1072487], [13.0676354, 63.1071795], [13.0672593, 63.1070698], [13.06684, 63.1068761], [13.0667222, 63.1068597], [13.0664072, 63.1068545], [13.0663256, 63.1068771], [13.0659495, 63.1068853], [13.0655506, 63.1069263], [13.0650498, 63.1069191], [13.0646487, 63.106913], [13.0640754, 63.1068535], [13.0639213, 63.1068269], [13.0634613, 63.1067654], [13.0628699, 63.1066987], [13.062505, 63.106629], [13.0616054, 63.1065378], [13.0614286, 63.1065296], [13.0611182, 63.1065163], [13.060665, 63.1064743], [13.0601324, 63.1064384], [13.0598673, 63.1064199], [13.0594277, 63.1063974], [13.0590628, 63.1064056], [13.0585462, 63.106465], [13.0584827, 63.1064702], [13.0583399, 63.1064538], [13.0581881, 63.1064353], [13.0578482, 63.1064568], [13.0574494, 63.1065296], [13.0571842, 63.1066301], [13.0568738, 63.1066659], [13.0565996, 63.1066434], [13.0563322, 63.1066454], [13.05616, 63.1066967], [13.0561237, 63.1067151], [13.0555912, 63.1067766], [13.0552739, 63.1068371], [13.0549295, 63.1069642], [13.0545986, 63.1070288], [13.0540389, 63.1071118], [13.0539619, 63.1071149], [13.0538508, 63.1071395], [13.0534792, 63.1071272], [13.0528311, 63.1071057], [13.0525138, 63.1070636], [13.0521309, 63.1070011], [13.0515168, 63.1069099], [13.050991, 63.1068843], [13.0507259, 63.1068504], [13.0502568, 63.1068258], [13.0499781, 63.1068002], [13.0497877, 63.1067848], [13.0495249, 63.1067602], [13.0493934, 63.1067551], [13.0485414, 63.1068105], [13.0480746, 63.106831], [13.0479953, 63.1068474], [13.047848, 63.1069078], [13.0477188, 63.1069417], [13.0475987, 63.1070308], [13.0474922, 63.1070985], [13.0474106, 63.1072], [13.0471183, 63.107365], [13.0467942, 63.1074665], [13.0462821, 63.1075413], [13.0457065, 63.107652], [13.0452057, 63.1076899], [13.0449111, 63.107694], [13.0446324, 63.1077627], [13.0442449, 63.1078201], [13.0438143, 63.1079164], [13.0430869, 63.1080712], [13.042747, 63.1080261], [13.0426904, 63.1080364], [13.0425612, 63.1080066], [13.0423731, 63.10802], [13.0420627, 63.1080097], [13.0419358, 63.1079831], [13.0415891, 63.1079892], [13.041231, 63.1079933], [13.0410656, 63.107981], [13.0406985, 63.1079103], [13.0402226, 63.1078539], [13.0396923, 63.1078324], [13.039391, 63.1078396], [13.0390488, 63.1078221], [13.038591, 63.1078529]]}}, {"type": "Feature", "id": "way/151266909", "properties": {"highway": "path", "@id": "way/151266909", "@type": "way", "osm_id": 151266909}, "geometry": {"type": "LineString", "coordinates": [[13.2320553, 62.9420943], [13.229616, 62.9417589], [13.2293739, 62.9417825], [13.228639, 62.94205], [13.2279127, 62.942227], [13.2275668, 62.9424], [13.2275841, 62.9424787], [13.2266676, 62.942927], [13.2261056, 62.9430175], [13.2251113, 62.9432653], [13.2244888, 62.943694], [13.2240392, 62.9438001], [13.22397, 62.9438945], [13.2237625, 62.9439457], [13.2233129, 62.944685], [13.2233043, 62.9448738], [13.2233562, 62.9451923], [13.2231141, 62.9453575], [13.2229411, 62.9455856], [13.2227769, 62.9459238], [13.2225866, 62.946085], [13.2223532, 62.9461165], [13.2221716, 62.9462227], [13.2222149, 62.9463328], [13.222016, 62.946553], [13.2211946, 62.9466749], [13.2210303, 62.9468086], [13.2207018, 62.9469856], [13.2200879, 62.9470996], [13.2198199, 62.9470288], [13.2194135, 62.9470642], [13.2187305, 62.947076], [13.2186267, 62.9472018], [13.2180301, 62.9474103], [13.2174768, 62.9478467], [13.2166294, 62.9481653], [13.2164133, 62.9481692], [13.2159464, 62.9483068], [13.2157735, 62.9483186], [13.215566, 62.9483029], [13.2148743, 62.9485074], [13.2145717, 62.9486922], [13.2140097, 62.9489399], [13.2136206, 62.9490736], [13.212877, 62.9494275], [13.2120816, 62.9494825], [13.2118222, 62.9494118], [13.2106463, 62.9493252], [13.2102486, 62.9493331], [13.2100929, 62.9492623], [13.2083118, 62.9490618], [13.2080438, 62.9491326], [13.207257, 62.9491955], [13.2069198, 62.9492584], [13.2060206, 62.9493213], [13.205718, 62.9494], [13.2053116, 62.9496162], [13.2048015, 62.949746], [13.2044297, 62.9499937], [13.203617, 62.9502178], [13.2034008, 62.9502414], [13.2030636, 62.950379], [13.2020088, 62.9504419], [13.2011615, 62.9504498], [13.1998472, 62.9508705], [13.1993717, 62.9507722], [13.1987492, 62.950438], [13.1984466, 62.9504577], [13.1984076, 62.9505091], [13.1983342, 62.9506307], [13.1981526, 62.9507447], [13.1982045, 62.950843], [13.1981007, 62.9509177], [13.1982563, 62.9509492], [13.1984984, 62.9510907], [13.1985157, 62.951189], [13.1982304, 62.9512558], [13.1980834, 62.951244], [13.1978586, 62.9513345], [13.197262, 62.951421], [13.1970632, 62.9513856], [13.1965185, 62.9514564], [13.1960429, 62.9516294], [13.1952215, 62.9518456], [13.1942013, 62.952341], [13.1932589, 62.9526398], [13.1928957, 62.9526988], [13.1924807, 62.9527224], [13.1892089, 62.9532564], [13.1889877, 62.9532925], [13.1885294, 62.9533868], [13.1877426, 62.9533593], [13.1869039, 62.953202], [13.1868261, 62.9531352], [13.1861863, 62.9529347], [13.1841685, 62.9526736], [13.1836619, 62.9525123], [13.1826656, 62.9525123], [13.1792713, 62.9528195], [13.1785114, 62.9526582], [13.1775657, 62.952735], [13.1770422, 62.9526275], [13.1766369, 62.9526506], [13.1745091, 62.9523511], [13.1736479, 62.9521207], [13.1718748, 62.9519825], [13.1714526, 62.9519902], [13.1710696, 62.951889], [13.1708898, 62.9518853], [13.1707021, 62.9518773], [13.1706561, 62.9518563], [13.1704932, 62.9518418], [13.1702169, 62.9517533], [13.1689845, 62.9515455], [13.1682054, 62.9514199], [13.1666932, 62.9512524], [13.1656697, 62.9512637], [13.1651881, 62.9512927], [13.1646993, 62.9512669], [13.1643346, 62.9512927], [13.1637963, 62.9512492], [13.1635909, 62.951341], [13.1623868, 62.9514666], [13.1610091, 62.9517065], [13.1607541, 62.9518064], [13.1600281, 62.9519497], [13.1592738, 62.9520528], [13.158608, 62.9520834], [13.1576872, 62.9522509], [13.1570462, 62.9522573], [13.1553731, 62.9518111], [13.1543176, 62.9516671], [13.1537685, 62.9516744], [13.1528831, 62.9517927], [13.1527116, 62.9517726], [13.1521416, 62.9519487], [13.15171, 62.951994], [13.1503266, 62.9517223], [13.1496349, 62.9515411], [13.148982, 62.9515763], [13.1474658, 62.9511485], [13.1472666, 62.9511334], [13.1470397, 62.9510252], [13.1449812, 62.9509371], [13.1447433, 62.9509749], [13.1444113, 62.95099], [13.1438468, 62.9511485], [13.1429781, 62.9512492], [13.1426737, 62.9516719], [13.1421148, 62.9519462], [13.1416888, 62.9520896], [13.1412627, 62.9521903], [13.1411686, 62.9522658], [13.1410303, 62.9522884], [13.1409307, 62.9524243], [13.1403275, 62.9526181], [13.1396801, 62.9526986], [13.1393038, 62.9527917], [13.1388722, 62.9528395], [13.1383631, 62.9529502], [13.1377433, 62.9533251], [13.1375441, 62.9533805], [13.1373062, 62.9535138], [13.136941, 62.9535591], [13.1364928, 62.9537277], [13.1360169, 62.9540875], [13.1355189, 62.9542812], [13.1345173, 62.9544976], [13.1338699, 62.9545832], [13.133726, 62.954636], [13.1334714, 62.9548524], [13.1331726, 62.9549757], [13.1330177, 62.9551141], [13.1327742, 62.9552726], [13.1319165, 62.9553984], [13.1318003, 62.9554411], [13.1296146, 62.955967], [13.1288343, 62.9563519], [13.1275672, 62.9564501], [13.1273624, 62.9565406], [13.1271411, 62.9565356], [13.1267039, 62.9564475], [13.1263774, 62.9563318], [13.1236383, 62.9564601], [13.1230905, 62.956679], [13.1229245, 62.9567243], [13.1222439, 62.9567167], [13.1221387, 62.956762], [13.1214194, 62.9568224], [13.1209214, 62.9569708], [13.1201909, 62.957079], [13.1200249, 62.9571394], [13.1198866, 62.95723], [13.1197593, 62.9572526], [13.1196708, 62.9572325], [13.1192558, 62.9572904], [13.1182929, 62.9574564], [13.117308, 62.9576627], [13.1168708, 62.9576778], [13.1165831, 62.9576526], [13.1164503, 62.9576048], [13.1161902, 62.9578891], [13.1159135, 62.9579772], [13.1158194, 62.9580451], [13.1152495, 62.9581407], [13.1146795, 62.958503], [13.1142867, 62.9590539], [13.1140708, 62.9592703], [13.1131855, 62.9597457], [13.1124313, 62.9600189], [13.1118369, 62.9602338], [13.1111749, 62.9607866], [13.1099861, 62.9613454], [13.1094142, 62.9616168], [13.1084115, 62.9625404], [13.1084379, 62.9627563], [13.107963, 62.9631041], [13.1075672, 62.9635839], [13.1069603, 62.9641956], [13.1061424, 62.9644594], [13.1058521, 62.9648432], [13.1058785, 62.9650711], [13.1052716, 62.9656468], [13.1048494, 62.9662224], [13.1044009, 62.9666302], [13.1030024, 62.9672658], [13.10229, 62.9677455], [13.1014984, 62.9687288], [13.1016303, 62.9689926], [13.1011428, 62.9693856], [13.1011428, 62.969483], [13.1009215, 62.9696213], [13.1004546, 62.9702105], [13.0994836, 62.970834], [13.098386, 62.9714288], [13.0977316, 62.9719276], [13.0946497, 62.973846], [13.0930877, 62.9747476], [13.0922011, 62.9756396]]}}, {"type": "Feature", "id": "way/151266915", "properties": {"class:bicycle:mtb": "2", "highway": "path", "mtb:scale": "2+", "piste:grooming": "backcountry", "piste:type": "nordic", "snowmobile": "permissive", "surface": "dirt", "toll": "snowmobile", "@id": "way/151266915", "@type": "way", "osm_id": 151266915}, "geometry": {"type": "LineString", "coordinates": [[13.0757155, 63.1454128], [13.0755643, 63.1450429], [13.0752418, 63.1446946], [13.0751889, 63.144295], [13.0750301, 63.1441106], [13.0747403, 63.1439034], [13.0747958, 63.1436462], [13.0746496, 63.1433684], [13.0746799, 63.1429563], [13.0747454, 63.1428323], [13.0747, 63.1426296], [13.0745816, 63.1423234], [13.0742918, 63.1419489], [13.0740625, 63.1416426], [13.0735636, 63.1412829], [13.0731781, 63.1409106], [13.0728001, 63.1405031], [13.0725078, 63.1401262], [13.0721273, 63.1396344], [13.0718602, 63.1393156], [13.0714367, 63.1389934], [13.0713565, 63.1388109], [13.0712363, 63.1383252], [13.0711723, 63.1378344], [13.0710772, 63.1375931], [13.0709223, 63.1372643], [13.0707512, 63.1369047], [13.0706274, 63.136476], [13.0706141, 63.1363382], [13.0706527, 63.135962], [13.0706824, 63.1351728]]}}, {"type": "Feature", "id": "way/151266918", "properties": {"highway": "path", "mtb:scale": "1", "piste:grooming": "backcountry", "piste:type": "nordic", "@id": "way/151266918", "@type": "way", "osm_id": 151266918}, "geometry": {"type": "LineString", "coordinates": [[13.0687009, 63.1076596], [13.0688623, 63.1075812], [13.0688977, 63.1074904], [13.0689607, 63.1073871], [13.0692403, 63.1071805], [13.0692836, 63.106933]]}}, {"type": "Feature", "id": "way/151266923", "properties": {"class:bicycle:mtb": "2", "highway": "path", "mtb:scale": "2+", "@id": "way/151266923", "@type": "way", "osm_id": 151266923}, "geometry": {"type": "LineString", "coordinates": [[13.0706824, 63.1351728], [13.0710251, 63.1348549], [13.0713255, 63.1343994], [13.0714464, 63.1341416], [13.0718678, 63.1337289], [13.072029, 63.1335403], [13.0721641, 63.1333909], [13.0722105, 63.1330739], [13.0723737, 63.1327505], [13.0725673, 63.1325136], [13.0726418, 63.132315], [13.0727547, 63.1317147], [13.0729402, 63.1312482], [13.0732083, 63.1308838], [13.0732748, 63.1307489], [13.0733917, 63.1299818], [13.0732748, 63.1293941], [13.0729079, 63.1291755], [13.072918, 63.1286352], [13.0732184, 63.1283245], [13.0739179, 63.1275044], [13.0746093, 63.1270862], [13.0748149, 63.1267782], [13.0749177, 63.1264101], [13.074819, 63.1259809], [13.0744722, 63.1256829], [13.0737586, 63.1252829], [13.0732123, 63.1250396], [13.0729624, 63.1247626], [13.0720089, 63.124378], [13.0714041, 63.1241411], [13.0708619, 63.1239625], [13.0707046, 63.1234549], [13.0705091, 63.1233164], [13.0703337, 63.1230822], [13.0699326, 63.122878], [13.0696584, 63.1225463], [13.0694387, 63.1220952], [13.0692048, 63.1216003], [13.069098, 63.1213734], [13.0691706, 63.1209077], [13.0694467, 63.1205805], [13.0695717, 63.1201394], [13.0692451, 63.1198641], [13.0689831, 63.1196636], [13.0690093, 63.1193802], [13.0686303, 63.119001], [13.0681465, 63.1186383], [13.0675035, 63.1183694], [13.067314, 63.1182318], [13.0674228, 63.1180203], [13.0672716, 63.1175354], [13.0670701, 63.1173631], [13.0666326, 63.1171179], [13.0663968, 63.1167898], [13.0657154, 63.1165738], [13.0655844, 63.1163286], [13.0652578, 63.1161134], [13.0647357, 63.115891], [13.0645986, 63.1156905], [13.0645946, 63.1154243], [13.0641047, 63.11485], [13.0640886, 63.1144799], [13.0637782, 63.1141363], [13.0636351, 63.1138391], [13.0634234, 63.11351], [13.0631795, 63.113242], [13.0630021, 63.1130587], [13.0625848, 63.1128254], [13.0623167, 63.1125965], [13.0619841, 63.1123905], [13.0620103, 63.1121298], [13.0621393, 63.1119584], [13.0620587, 63.1115199], [13.0622361, 63.1111342], [13.0626715, 63.1109017], [13.0628448, 63.1106911], [13.0631634, 63.1105371], [13.0636552, 63.1102909], [13.0638407, 63.1100648], [13.0642983, 63.1099052], [13.064397, 63.1097138], [13.0643789, 63.1093764]]}}, {"type": "Feature", "id": "way/151266931", "properties": {"highway": "path", "snowmobile": "designated", "@id": "way/151266931", "@type": "way", "osm_id": 151266931}, "geometry": {"type": "LineString", "coordinates": [[13.06237, 63.059508], [13.0626502, 63.0592818], [13.0628895, 63.0586495], [13.0628611, 63.0580153], [13.0618375, 63.0574938], [13.0621011, 63.0567539], [13.0631791, 63.0564195], [13.0653138, 63.0564958], [13.067617, 63.056783], [13.069983, 63.056583], [13.070217, 63.05665], [13.072467, 63.0569], [13.076233, 63.057017], [13.076417, 63.056917], [13.077917, 63.056417], [13.080183, 63.05645], [13.0803674, 63.0564813], [13.0804794, 63.0565599], [13.0804475, 63.0569121], [13.0805275, 63.0570295], [13.0807641, 63.0570764], [13.086767, 63.057167], [13.087217, 63.057083], [13.0906, 63.057383], [13.09165, 63.057167], [13.092217, 63.056833], [13.0947, 63.05585], [13.0953, 63.055817], [13.098567, 63.056117], [13.100883, 63.05645], [13.104467, 63.056583], [13.107, 63.056417], [13.108417, 63.0564], [13.108633, 63.056433], [13.110417, 63.0568], [13.11355, 63.057917], [13.116183, 63.058567], [13.1214, 63.0594], [13.12265, 63.059517], [13.123967, 63.059383], [13.12545, 63.059667], [13.131683, 63.061683], [13.138117, 63.061867], [13.139867, 63.061783], [13.14225, 63.06155], [13.145417, 63.060883], [13.14885, 63.058533], [13.14925, 63.05815], [13.15015, 63.057667], [13.15065, 63.057583], [13.151767, 63.0571], [13.154767, 63.05475], [13.155133, 63.054233], [13.157517, 63.051867], [13.158167, 63.051467], [13.158717, 63.050833], [13.159667, 63.049967], [13.160767, 63.048667], [13.161617, 63.04815], [13.1621, 63.046833], [13.162717, 63.046217], [13.163317, 63.04485], [13.1646, 63.0432], [13.16595, 63.04185], [13.16655, 63.04115], [13.167133, 63.04025], [13.167633, 63.0397], [13.167433, 63.039167], [13.1681, 63.037983], [13.16825, 63.03615], [13.1678, 63.034267], [13.1677, 63.03055], [13.16755, 63.030117], [13.1671, 63.02955], [13.167033, 63.02805], [13.1662, 63.0275], [13.166, 63.026583], [13.167083, 63.025283], [13.168, 63.024767], [13.16915, 63.022967], [13.1696, 63.021833], [13.169629, 63.021317]]}}, {"type": "Feature", "id": "way/169008305", "properties": {"bridge": "yes", "bridge:structure": "suspension", "class:bicycle:mtb": "2", "highway": "path", "layer": "1", "name": "Lunndörren-Vålådalen", "smoothness": "intermediate", "surface": "metal", "width": "1", "@id": "way/169008305", "@type": "way", "osm_id": 169008305}, "geometry": {"type": "LineString", "coordinates": [[12.9686321, 63.1424754], [12.9687324, 63.1419223]]}}, {"type": "Feature", "id": "way/169008306", "properties": {"class:bicycle:mtb": "2", "highway": "path", "name": "Lunndörren-Vålådalen", "surface": "ground", "@id": "way/169008306", "@type": "way", "osm_id": 169008306}, "geometry": {"type": "LineString", "coordinates": [[12.9687324, 63.1419223], [12.9687266, 63.1417876], [12.9686937, 63.1417576]]}}, {"type": "Feature", "id": "way/169008307", "properties": {"fixme": "resurvey mtb:scale", "highway": "path", "mtb:scale": "1", "@id": "way/169008307", "@type": "way", "osm_id": 169008307}, "geometry": {"type": "LineString", "coordinates": [[12.968079, 63.1453294], [12.9679761, 63.1455117], [12.9678796, 63.1457201], [12.9678425, 63.1459013], [12.9678383, 63.1459075], [12.9678041, 63.1460418], [12.9673636, 63.146506], [12.9672937, 63.1466576], [12.9672832, 63.1467887], [12.967112, 63.1470176], [12.9668009, 63.147286], [12.966696, 63.1473666], [12.9667164, 63.1475652]]}}, {"type": "Feature", "id": "way/169008308", "properties": {"highway": "footway", "@id": "way/169008308", "@type": "way", "osm_id": 169008308}, "geometry": {"type": "LineString", "coordinates": [[12.9675149, 63.1496515], [12.9673325, 63.1496551], [12.9671958, 63.1496491], [12.967067, 63.1496224], [12.9669566, 63.1495841], [12.9669088, 63.1495437], [12.9669184, 63.1495026], [12.9669566, 63.1494518], [12.9669734, 63.1493823], [12.9669238, 63.1490186], [12.9669123, 63.1489346], [12.9668763, 63.148903], [12.9667695, 63.1488632], [12.9666493, 63.1488291], [12.9665276, 63.1488141], [12.9659079, 63.1488261]]}}, {"type": "Feature", "id": "way/169008309", "properties": {"highway": "track", "operator": "Vålådalens Fjällstation", "piste:grooming": "classic;skating", "piste:type": "nordic", "@id": "way/169008309", "@type": "way", "osm_id": 169008309}, "geometry": {"type": "LineString", "coordinates": [[12.9655168, 63.1495183], [12.964378, 63.1494889], [12.9637008, 63.1494594], [12.9629076, 63.1494713]]}}, {"type": "Feature", "id": "way/169008311", "properties": {"highway": "track", "piste:grooming": "classic;skating", "piste:type": "nordic", "surface": "pebblestone", "@id": "way/169008311", "@type": "way", "osm_id": 169008311}, "geometry": {"type": "LineString", "coordinates": [[12.9654036, 63.1487653], [12.9655225, 63.1488539], [12.9656547, 63.1490904], [12.9655802, 63.1492718]]}}, {"type": "Feature", "id": "way/169008312", "properties": {"fixme": "resurvey mtb:scale", "highway": "path", "mtb:scale": "1", "@id": "way/169008312", "@type": "way", "osm_id": 169008312}, "geometry": {"type": "LineString", "coordinates": [[12.966485, 63.1456491], [12.9667764, 63.1457633], [12.9672761, 63.1457906], [12.9675618, 63.1458329], [12.9678383, 63.1459075], [12.9679159, 63.145966], [12.9680188, 63.1460173], [12.9680832, 63.1460973], [12.9681907, 63.1461708], [12.9684372, 63.1462669], [12.9687218, 63.1463283], [12.9691614, 63.1463929], [12.9693387, 63.1464471], [12.9694189, 63.1465068], [12.9694192, 63.1465949], [12.9693655, 63.1467597], [12.9694138, 63.1469195], [12.9694621, 63.1470624], [12.9696134, 63.1473014]]}}, {"type": "Feature", "id": "way/170852349", "properties": {"bridge": "yes", "check_date": "2025-09-07", "highway": "path", "layer": "1", "name": "Vålådalen-Stensdalen", "source": "GPS", "surface": "wood", "@id": "way/170852349", "@type": "way", "osm_id": 170852349}, "geometry": {"type": "LineString", "coordinates": [[12.7796227, 63.1333651], [12.7798877, 63.1334375]]}}, {"type": "Feature", "id": "way/170852350", "properties": {"highway": "path", "name": "Vålådalen-Stensdalen", "source": "GPS", "surface": "dirt", "@id": "way/170852350", "@type": "way", "osm_id": 170852350}, "geometry": {"type": "LineString", "coordinates": [[12.7798877, 63.1334375], [12.7799995, 63.1334608], [12.780061, 63.1335503], [12.7803206, 63.1336942], [12.780356, 63.1338593], [12.7805655, 63.133934], [12.7807685, 63.1340137], [12.7809552, 63.1341021], [12.7812238, 63.1342774], [12.7813966, 63.1344544], [12.7817143, 63.1345926], [12.7817991, 63.1347108], [12.781874, 63.1348451], [12.7820373, 63.1349594], [12.782153, 63.1351476], [12.7824906, 63.1354504], [12.782824, 63.1355108], [12.7829898, 63.1357414], [12.7836589, 63.1358276], [12.7841594, 63.1359694], [12.7846364, 63.1361022], [12.7851728, 63.1361366], [12.7855549, 63.1361753], [12.7857742, 63.1362463], [12.7861442, 63.1364016], [12.7865352, 63.1365414], [12.7867984, 63.1367475], [12.7869901, 63.1367526], [12.7870776, 63.1367548], [12.78769, 63.136879], [12.7878766, 63.1369899], [12.7883601, 63.1370921], [12.7891318, 63.1370311], [12.789541, 63.1370922], [12.7900721, 63.1371136], [12.7904782, 63.1372473], [12.7908971, 63.1373249], [12.7911546, 63.1374529], [12.7914121, 63.13748], [12.7919442, 63.1376196], [12.7928936, 63.1376982], [12.7931283, 63.1378407], [12.7935148, 63.1380496], [12.7937124, 63.1381315], [12.7939523, 63.1382042], [12.7943706, 63.1382767], [12.7947423, 63.1382944], [12.7951869, 63.138415], [12.7953547, 63.1384601], [12.7955433, 63.1384434], [12.7956895, 63.1383814], [12.7964118, 63.1383108], [12.7968023, 63.1382944], [12.7971198, 63.1383177], [12.7976348, 63.1383448], [12.7977636, 63.1383642], [12.7979352, 63.1383565], [12.798064, 63.1383953], [12.7983644, 63.1384224], [12.7987231, 63.1385092], [12.7990682, 63.1387055], [12.7999083, 63.1388993], [12.8003449, 63.1388642], [12.8007848, 63.138946], [12.8014011, 63.1391717], [12.8018372, 63.1392459], [12.8020317, 63.1393427], [12.8028056, 63.1395458], [12.8031099, 63.1395861], [12.8033426, 63.139644], [12.8035864, 63.1397385], [12.8038447, 63.1397894], [12.8041322, 63.1397991], [12.8043966, 63.1398429], [12.8047522, 63.1399573], [12.8050015, 63.1400024], [12.8051107, 63.1400393], [12.8052802, 63.1400898], [12.8054601, 63.140111], [12.8061227, 63.1400279], [12.8064999, 63.139952], [12.8068445, 63.1399232], [12.8070549, 63.1399165], [12.8078744, 63.1397681], [12.8080358, 63.1397378], [12.8085191, 63.1396837], [12.808846, 63.1395855], [12.8090503, 63.1395471], [12.8093936, 63.1394811], [12.8097934, 63.1393161], [12.8100552, 63.1392292], [12.8102519, 63.1391011], [12.8111102, 63.1388296], [12.8115361, 63.1387191], [12.8118275, 63.1385523], [12.8121831, 63.1383953], [12.8127123, 63.1383506], [12.8128791, 63.1383329], [12.813098, 63.1383652], [12.8137752, 63.1384659], [12.8147752, 63.1383836], [12.815273, 63.1382169], [12.8155803, 63.1380238], [12.815843, 63.1379073], [12.8160602, 63.1377643], [12.816406, 63.1377243], [12.8166034, 63.1376662], [12.817436, 63.1377748], [12.8180024, 63.1375188], [12.8188166, 63.1374332], [12.8193236, 63.13713], [12.8196475, 63.1371073], [12.8199508, 63.1370844], [12.8201654, 63.1370922], [12.8205087, 63.1370146], [12.8211782, 63.1370146], [12.8216417, 63.1370534], [12.8218391, 63.1371426], [12.8224399, 63.137193], [12.8225858, 63.1372783], [12.8228261, 63.1373094], [12.8232724, 63.1372396], [12.8242681, 63.137193], [12.8246457, 63.1370379], [12.8259589, 63.136865], [12.826467, 63.136869], [12.8270361, 63.1369621], [12.8281476, 63.1371038], [12.8287914, 63.137065], [12.8292397, 63.1370571], [12.8297784, 63.1370456], [12.8301217, 63.1368711], [12.8303792, 63.1368129], [12.8305681, 63.13665], [12.8310916, 63.1365027], [12.8317096, 63.1364755], [12.8322074, 63.1363087], [12.8325851, 63.1363359], [12.8330829, 63.1361924], [12.8333404, 63.1361808], [12.8336549, 63.1360777]]}}, {"type": "Feature", "id": "way/170852355", "properties": {"highway": "path", "@id": "way/170852355", "@type": "way", "osm_id": 170852355}, "geometry": {"type": "LineString", "coordinates": [[12.9008747, 63.1525], [12.9009683, 63.1526801]]}}, {"type": "Feature", "id": "way/170852356", "properties": {"highway": "path", "@id": "way/170852356", "@type": "way", "osm_id": 170852356}, "geometry": {"type": "LineString", "coordinates": [[12.900456, 63.1525007], [12.9008747, 63.1525], [12.9011798, 63.152494], [12.901413, 63.1525628], [12.9015426, 63.1526774], [12.9016272, 63.152825], [12.9017758, 63.1529677]]}}, {"type": "Feature", "id": "way/174929374", "properties": {"highway": "path", "sac_scale": "mountain_hiking", "@id": "way/174929374", "@type": "way", "osm_id": 174929374}, "geometry": {"type": "LineString", "coordinates": [[12.6561218, 62.9747031], [12.6561493, 62.9748963], [12.6562738, 62.9751005], [12.6561919, 62.9753109], [12.6562766, 62.9754002], [12.656629, 62.9755156], [12.6570208, 62.9757479], [12.6571944, 62.9758201], [12.657612, 62.9759065], [12.6578219, 62.9760274]]}}, {"type": "Feature", "id": "way/175483416", "properties": {"highway": "path", "surface": "dirt", "@id": "way/175483416", "@type": "way", "osm_id": 175483416}, "geometry": {"type": "LineString", "coordinates": [[13.0475752, 63.1424393], [13.0477749, 63.1428186], [13.0478635, 63.143239], [13.0470216, 63.1439397], [13.047378, 63.1440772], [13.0472874, 63.1444401], [13.0476674, 63.1445137], [13.048218, 63.1446203], [13.0483953, 63.1455011], [13.0480408, 63.1460015], [13.049902, 63.1462017], [13.0513643, 63.146622], [13.0522063, 63.1470424], [13.0528267, 63.1474828], [13.0541118, 63.1482434], [13.0557071, 63.149104], [13.0576569, 63.1501048], [13.0585748, 63.1506695]]}}, {"type": "Feature", "id": "way/175484415", "properties": {"highway": "path", "mtb:name": "Nulltjärn", "mtb:scale": "1", "piste:grooming": "scooter", "piste:type": "nordic", "@id": "way/175484415", "@type": "way", "osm_id": 175484415}, "geometry": {"type": "LineString", "coordinates": [[12.920395, 63.1505277], [12.9204223, 63.15055], [12.920489, 63.1506211], [12.92028, 63.1506263], [12.9199888, 63.1505601], [12.9197866, 63.1505629], [12.9194797, 63.1506219], [12.919089, 63.1507058], [12.9187973, 63.1507273], [12.9185906, 63.1507679], [12.9184383, 63.1508225], [12.9181724, 63.1509239], [12.9179432, 63.1509823], [12.9176927, 63.1510115], [12.9175165, 63.151099], [12.9173318, 63.1511712], [12.9171567, 63.1512118], [12.9169591, 63.1512781], [12.9166401, 63.1514809], [12.9164434, 63.151564], [12.9163202, 63.1515908], [12.9159097, 63.1517417], [12.9155898, 63.1518593], [12.9153435, 63.1519104], [12.9149796, 63.1520053], [12.9145873, 63.1521283], [12.9137982, 63.1522661], [12.9133207, 63.152345], [12.9128094, 63.152364], [12.9125708, 63.1523939], [12.9121769, 63.1524818], [12.9120147, 63.1524925], [12.9117675, 63.1524854], [12.9112959, 63.1524609], [12.9111301, 63.1524757], [12.9108826, 63.1525261], [12.9106465, 63.1525483], [12.9104121, 63.1526056], [12.9101808, 63.152676], [12.9098843, 63.152731], [12.9096501, 63.1528627], [12.9094074, 63.15296], [12.9092208, 63.1530964], [12.9089208, 63.1532533], [12.9087313, 63.1534499], [12.9086523, 63.1535838]]}}, {"type": "Feature", "id": "way/175484416", "properties": {"highway": "path", "piste:grooming": "scooter", "piste:type": "nordic", "@id": "way/175484416", "@type": "way", "osm_id": 175484416}, "geometry": {"type": "LineString", "coordinates": [[12.9056132, 63.1571039], [12.9059067, 63.1572395], [12.9062783, 63.1573487], [12.9065242, 63.1573954], [12.9069294, 63.157351]]}}, {"type": "Feature", "id": "way/181606504", "properties": {"highway": "path", "source": "survey", "@id": "way/181606504", "@type": "way", "osm_id": 181606504}, "geometry": {"type": "LineString", "coordinates": [[13.1370639, 63.089299], [13.1377597, 63.0891748], [13.1379358, 63.0889859]]}}, {"type": "Feature", "id": "way/213883431", "properties": {"highway": "track", "name": "Lahti 10 km", "operator": "Vålådalens Fjällstation", "piste:grooming": "classic;skating", "piste:oneway": "yes", "piste:type": "nordic", "surface": "dirt", "width": "3 m", "@id": "way/213883431", "@type": "way", "osm_id": 213883431}, "geometry": {"type": "LineString", "coordinates": [[12.9629076, 63.1494713], [12.9625689, 63.1496032], [12.9620934, 63.1496847], [12.9615276, 63.1496995], [12.9610766, 63.1497292], [12.9607569, 63.149844], [12.9605273, 63.149955], [12.9599862, 63.149955], [12.9593548, 63.149981], [12.9589367, 63.1501254], [12.9585349, 63.1503402], [12.9581167, 63.1504957], [12.9578298, 63.1505179], [12.9569934, 63.150392], [12.9561161, 63.1503069], [12.9555012, 63.150255], [12.9548043, 63.1503254], [12.9541729, 63.1504291], [12.9540007, 63.1504772], [12.95364, 63.1509179], [12.953271, 63.1512549], [12.953025, 63.1514511], [12.9526807, 63.1518436], [12.9525331, 63.1521991], [12.9522953, 63.1523287], [12.9519673, 63.1525176], [12.9514098, 63.1526324], [12.9509998, 63.152736], [12.9506145, 63.1529582], [12.9502291, 63.1530545], [12.9494912, 63.1530693], [12.9489582, 63.1532248], [12.9484827, 63.1535914], [12.9479497, 63.1537321], [12.9475152, 63.1538099], [12.9472364, 63.1539432], [12.9465067, 63.154095], [12.9457113, 63.1541764], [12.945285, 63.1542764], [12.944916, 63.1545245], [12.9446372, 63.1546059], [12.9437599, 63.1547281], [12.9431204, 63.1548059], [12.9415297, 63.1550836], [12.941046, 63.1551798], [12.9408492, 63.1553427], [12.9404065, 63.1557426], [12.9405376, 63.15595], [12.9405622, 63.1562273], [12.9404231, 63.1564158], [12.940226, 63.1565728], [12.9397974, 63.1566702], [12.9390784, 63.156712], [12.9385161, 63.1567723], [12.9377334, 63.1569686], [12.9374087, 63.1570681], [12.9365332, 63.1570969], [12.9358085, 63.1571231], [12.9346722, 63.1572121], [12.9339707, 63.1572958], [12.933704, 63.1573691], [12.9329676, 63.1579163], [12.9327647, 63.1582592], [12.9326894, 63.158487], [12.9327126, 63.1587173], [12.9327299, 63.1589215], [12.932643, 63.1590419], [12.9323705, 63.1590917], [12.9320864, 63.1590838], [12.9318313, 63.159076], [12.9314544, 63.1592461], [12.9311993, 63.1593299], [12.9308979, 63.159309], [12.9305036, 63.1591074], [12.9302137, 63.158987], [12.9299992, 63.159055], [12.9296745, 63.1591021], [12.9294542, 63.1592016], [12.9293731, 63.1594398], [12.9291933, 63.159665], [12.9278019, 63.1600262], [12.9273323, 63.1600681], [12.9266192, 63.1602723], [12.9257611, 63.1607199], [12.9253437, 63.1610418], [12.9251465, 63.1612957], [12.9247001, 63.1614711], [12.9246421, 63.1617643], [12.9247117, 63.162047], [12.9247639, 63.1622328], [12.9246247, 63.1624056], [12.9242769, 63.1625155], [12.9233782, 63.162594], [12.9228564, 63.1625783], [12.9223578, 63.1625286], [12.9219636, 63.1625233], [12.9215404, 63.1624396], [12.9209084, 63.1624919], [12.9199402, 63.1626856], [12.9196619, 63.1627825], [12.9195228, 63.1629552], [12.9194126, 63.1633164], [12.919314, 63.1635127], [12.9193256, 63.1637849], [12.9192329, 63.1640257], [12.9194184, 63.1641906], [12.9195112, 63.1644236], [12.919401, 63.1645466], [12.9192478, 63.1646066], [12.9186448, 63.1645804], [12.9178679, 63.1644286], [12.9172302, 63.164362], [12.9167859, 63.1643102], [12.9162581, 63.1642526], [12.9158129, 63.164237], [12.9154401, 63.1641643], [12.9151665, 63.1640829], [12.9147121, 63.1639012], [12.9144627, 63.1637773], [12.9142141, 63.1635977], [12.9142269, 63.1634864], [12.9143719, 63.1632482], [12.9144009, 63.1630545], [12.914169, 63.1628373], [12.9133805, 63.162743], [12.9130558, 63.1626226], [12.9131486, 63.1624865], [12.9146096, 63.1618609], [12.9153053, 63.1615599], [12.9157561, 63.1614993], [12.9162272, 63.1615547], [12.9166794, 63.1616856], [12.9169925, 63.1617274], [12.9172731, 63.1617624], [12.9176922, 63.1617208], [12.9181172, 63.1616123], [12.9186042, 63.1613401], [12.9190506, 63.1610155], [12.9193115, 63.1606752], [12.9193463, 63.1605234], [12.919126, 63.1603689], [12.9187278, 63.1602299], [12.9184861, 63.1601195], [12.9181912, 63.159847], [12.9178839, 63.1596936], [12.9176694, 63.1595627], [12.9175244, 63.1593454], [12.9175298, 63.1590603], [12.9176418, 63.1587931], [12.9178273, 63.1586229], [12.9179667, 63.1584944], [12.9178516, 63.1583538], [12.9174035, 63.1581644], [12.9170587, 63.1581782], [12.9168223, 63.1582917], [12.9161621, 63.1585534], [12.9157133, 63.158555], [12.9154654, 63.1586594], [12.9153044, 63.1588258], [12.9153747, 63.1591472], [12.915224, 63.1593354], [12.9139631, 63.1596823], [12.9129695, 63.1600648], [12.9125971, 63.1602313], [12.9124968, 63.1603671], [12.9126179, 63.1605002], [12.9132022, 63.1610504], [12.9128616, 63.1612845], [12.9128158, 63.1614725], [12.912774, 63.1616422], [12.9122528, 63.161938], [12.9120023, 63.1619612], [12.9111207, 63.1618886], [12.9104936, 63.1619364], [12.9097227, 63.1621331], [12.9090927, 63.16226], [12.9087914, 63.1624512], [12.9085634, 63.1626277], [12.9077734, 63.1628924], [12.9069118, 63.1630937], [12.9064214, 63.1631351], [12.9058838, 63.1631939], [12.9053463, 63.1632399], [12.9048088, 63.1632031], [12.904076, 63.1631074], [12.9038357, 63.1630146], [12.903636, 63.1628887], [12.9033754, 63.1626791], [12.9032765, 63.1625244], [12.9032532, 63.1624879], [12.9032695, 63.1622563], [12.9035098, 63.162021], [12.9036808, 63.1618666], [12.9038761, 63.1615557], [12.9040555, 63.1614107], [12.9042754, 63.1613261], [12.9047594, 63.1611092], [12.9054889, 63.1607947], [12.9057535, 63.1605612], [12.9059734, 63.1603442], [12.9060386, 63.1600721], [12.9062094, 63.1598994], [12.906283, 63.1597854], [12.9065108, 63.1596437], [12.9068449, 63.1595095], [12.9077311, 63.1594529], [12.9079525, 63.159322], [12.9078092, 63.1591197], [12.9073693, 63.1589058], [12.9070875, 63.1587308], [12.9070108, 63.1585733], [12.9070744, 63.1582783], [12.9070794, 63.1580642], [12.9069087, 63.1578742], [12.9066534, 63.1577327], [12.9065908, 63.1575965], [12.9066934, 63.1574782], [12.9069294, 63.157351]]}}, {"type": "Feature", "id": "way/213883437", "properties": {"highway": "track", "lit": "yes", "operator": "Vålådalens Fjällstation", "piste:grooming": "classic;skating", "piste:type": "nordic", "surface": "gravel", "tracktype": "grade2", "@id": "way/213883437", "@type": "way", "osm_id": 213883437}, "geometry": {"type": "LineString", "coordinates": [[12.9832774, 63.1473164], [12.9832142, 63.1474573], [12.9831169, 63.1477369], [12.9830894, 63.1478156], [12.9828684, 63.1480213], [12.9826853, 63.1481575], [12.982124, 63.1483684], [12.9813389, 63.1486481], [12.9808076, 63.1488859], [12.9805041, 63.1490821], [12.9803772, 63.1492192], [12.9803079, 63.1493436], [12.9802897, 63.1494562], [12.9802838, 63.1495834]]}}, {"type": "Feature", "id": "way/213887746", "properties": {"highway": "path", "@id": "way/213887746", "@type": "way", "osm_id": 213887746}, "geometry": {"type": "LineString", "coordinates": [[12.9195112, 63.1644236], [12.9214381, 63.1649712], [12.9219135, 63.1651178], [12.9230383, 63.1651701], [12.9243022, 63.1654423], [12.9255081, 63.1657982], [12.9256124, 63.1660495], [12.9263893, 63.1663374], [12.9263777, 63.1666095], [12.9255197, 63.1672219], [12.9251719, 63.1675876], [12.9250531, 63.1677542], [12.923979, 63.1682057], [12.923241, 63.1687312], [12.9227573, 63.1693344], [12.9226097, 63.1694899], [12.9226671, 63.169649], [12.9230934, 63.1698858]]}}, {"type": "Feature", "id": "way/214701336", "properties": {"highway": "track", "@id": "way/214701336", "@type": "way", "osm_id": 214701336}, "geometry": {"type": "LineString", "coordinates": [[12.9878461, 63.1476903], [12.9878941, 63.1479102], [12.9879163, 63.1480159]]}}, {"type": "Feature", "id": "way/214701341", "properties": {"highway": "path", "@id": "way/214701341", "@type": "way", "osm_id": 214701341}, "geometry": {"type": "LineString", "coordinates": [[12.9698412, 63.1560436], [12.9702095, 63.1557322], [12.9710402, 63.1546987], [12.9712031, 63.1544927], [12.9712316, 63.1542206], [12.9717325, 63.1534464], [12.9717406, 63.1529277], [12.9717366, 63.1526537], [12.9718343, 63.1521204], [12.9719483, 63.1519034], [12.9718954, 63.1517434], [12.9721112, 63.1513608], [12.9723963, 63.151142], [12.9727791, 63.1510298], [12.9729786, 63.1509102], [12.9729952, 63.1507222], [12.9727303, 63.1505038], [12.9722292, 63.1502541], [12.9719383, 63.1500374], [12.970276, 63.1492623]]}}, {"type": "Feature", "id": "way/214701348", "properties": {"highway": "track", "@id": "way/214701348", "@type": "way", "osm_id": 214701348}, "geometry": {"type": "LineString", "coordinates": [[12.9170451, 63.1518612], [12.9170414, 63.1520357], [12.9166671, 63.1522698], [12.9162351, 63.1524753], [12.9157456, 63.1526521], [12.9152964, 63.1527614], [12.9151582, 63.1527692], [12.9149857, 63.152745]]}}, {"type": "Feature", "id": "way/219156105", "properties": {"highway": "path", "@id": "way/219156105", "@type": "way", "osm_id": 219156105}, "geometry": {"type": "LineString", "coordinates": [[12.7287847, 62.9477673], [12.7291342, 62.9477947], [12.7295665, 62.9480154], [12.7299153, 62.9482293], [12.7299912, 62.9486466], [12.7303248, 62.9490053], [12.7306509, 62.9493915], [12.7309998, 62.9495295], [12.7314851, 62.9495295], [12.7319477, 62.9493812], [12.7331307, 62.9491432], [12.7356787, 62.9491018], [12.7358759, 62.9489915], [12.7362829, 62.9490227], [12.7373125, 62.9497591], [12.7379238, 62.9500274], [12.7380846, 62.950242], [12.7385458, 62.9506321], [12.7390927, 62.9511832], [12.7393287, 62.9513344], [12.7394896, 62.9516124], [12.7397362, 62.9518904], [12.7398864, 62.952027], [12.740444, 62.9526658], [12.7404333, 62.9528658], [12.7406156, 62.9530121], [12.7408838, 62.9531632], [12.7415165, 62.9539679], [12.7415594, 62.9542507], [12.7417524, 62.954397], [12.7417632, 62.9546311], [12.7421385, 62.9549237], [12.7427177, 62.9555381], [12.7438652, 62.9564548], [12.745195, 62.9575861], [12.7455811, 62.9577762], [12.7456991, 62.9579127], [12.7463855, 62.95802], [12.7475545, 62.9584783], [12.7486698, 62.958883], [12.7492382, 62.9591902], [12.7493669, 62.9594779], [12.749013, 62.9600532], [12.7489379, 62.9605505], [12.7486591, 62.9609356], [12.7486269, 62.9613939], [12.74882, 62.9616084], [12.7492811, 62.9619107], [12.7498495, 62.9627736], [12.7502785, 62.963539], [12.750686, 62.9640265], [12.7512652, 62.9644701], [12.7515118, 62.9647236], [12.7522733, 62.9649868], [12.752906, 62.9652354], [12.7531849, 62.9655571], [12.7532385, 62.9658447], [12.7534208, 62.9660202], [12.7541823, 62.9672486], [12.7542037, 62.9675654], [12.7540107, 62.967736], [12.7536031, 62.9678871], [12.7529704, 62.9685061], [12.7528095, 62.969247], [12.7524556, 62.9695102], [12.752284, 62.9701194], [12.752091, 62.9704362], [12.7520373, 62.9707433]]}}, {"type": "Feature", "id": "way/219157897", "properties": {"bridge": "yes", "check_date": "2025-09-01", "fixme": "The bridge was opened 2025 and the path connecting it to the south was not marked yet in 09/25. Check path again in 2026.", "highway": "path", "layer": "1", "surface": "metal", "@id": "way/219157897", "@type": "way", "osm_id": 219157897}, "geometry": {"type": "LineString", "coordinates": [[12.7559143, 63.0222669], [12.7564019, 63.022741]]}}, {"type": "Feature", "id": "way/219157898", "properties": {"highway": "path", "sac_scale": "mountain_hiking", "@id": "way/219157898", "@type": "way", "osm_id": 219157898}, "geometry": {"type": "LineString", "coordinates": [[12.7564019, 63.022741], [12.7567092, 63.0229211], [12.7573479, 63.023694], [12.7579229, 63.0237819], [12.7583739, 63.0239064], [12.7587203, 63.0240359], [12.7588652, 63.0241295], [12.7590856, 63.0242058], [12.7594063, 63.0243523], [12.7595298, 63.0244691], [12.7602923, 63.0247282], [12.7608526, 63.0249274], [12.7611828, 63.0249356], [12.7616439, 63.0250523], [12.7619845, 63.0251177], [12.762234, 63.0251482], [12.7627903, 63.0251432], [12.7635125, 63.0252555], [12.7641326, 63.025367], [12.7643429, 63.025437], [12.7648712, 63.0255254], [12.7651759, 63.0255459], [12.76561, 63.0256129], [12.7659285, 63.0257533], [12.7662671, 63.0257949], [12.7665201, 63.0257785], [12.7670435, 63.0258715], [12.7674029, 63.0260839], [12.7675056, 63.0263429], [12.7675916, 63.026446], [12.7680768, 63.0267351], [12.7683628, 63.0268622], [12.7687566, 63.0270249], [12.7692477, 63.0274138], [12.7693713, 63.0277077], [12.7693385, 63.0278279], [12.7694816, 63.027916], [12.7695977, 63.0280457], [12.7698191, 63.0281814], [12.7700009, 63.0285015], [12.7702529, 63.0288069], [12.7702785, 63.029056], [12.7703473, 63.0291534], [12.7704734, 63.0292809], [12.7706049, 63.0293913], [12.7709268, 63.0295262], [12.771459, 63.0299033], [12.7717137, 63.0300024], [12.771855, 63.0301407], [12.772272, 63.0303906], [12.7724697, 63.030879], [12.7727751, 63.0311112], [12.7729835, 63.0314021], [12.7734055, 63.0316549], [12.7735559, 63.0320081], [12.7739796, 63.0323058], [12.7740959, 63.0324788], [12.7746576, 63.0328444], [12.7749459, 63.0330257], [12.7754201, 63.0333689], [12.7758253, 63.0335276], [12.7767019, 63.0336939], [12.7772792, 63.0339372], [12.7780522, 63.0340996], [12.7783073, 63.0340662], [12.7787497, 63.0341257], [12.7789213, 63.0344771], [12.7790629, 63.0345933], [12.7790318, 63.034734], [12.7790714, 63.034826], [12.7794682, 63.035288], [12.7798215, 63.0354184], [12.7802287, 63.0355], [12.781068, 63.0356109], [12.7821656, 63.035938], [12.7824753, 63.036091], [12.7831291, 63.0363141], [12.7835122, 63.0363574], [12.7837747, 63.0365344], [12.7839426, 63.0365491], [12.7840558, 63.0365591], [12.7845439, 63.0368471], [12.7849828, 63.0372142], [12.7853911, 63.0374905], [12.785743, 63.0378125], [12.7860233, 63.0379154]]}}, {"type": "Feature", "id": "way/226955404", "properties": {"highway": "path", "@id": "way/226955404", "@type": "way", "osm_id": 226955404}, "geometry": {"type": "LineString", "coordinates": [[13.066013, 63.1568969], [13.0672149, 63.1564015], [13.0682144, 63.1559797], [13.0690662, 63.1557969]]}}, {"type": "Feature", "id": "way/228840077", "properties": {"highway": "path", "surface": "dirt", "@id": "way/228840077", "@type": "way", "osm_id": 228840077}, "geometry": {"type": "LineString", "coordinates": [[13.0941639, 63.0806465], [13.0938123, 63.0805307], [13.0934344, 63.0804639], [13.0932538, 63.0803965], [13.0925846, 63.080219], [13.0924902, 63.0801569], [13.09231, 63.0800636], [13.0919752, 63.0799237], [13.0918379, 63.0798848], [13.0914603, 63.0796711], [13.0913229, 63.0796361], [13.0911427, 63.0794807], [13.0908594, 63.0792864], [13.0906019, 63.0791776], [13.0903273, 63.079061], [13.0900955, 63.0788162], [13.0899411, 63.0787035], [13.0898552, 63.0786219], [13.0892287, 63.0783654], [13.0890227, 63.0782721], [13.0888424, 63.0781983], [13.088439, 63.07814], [13.0882759, 63.078105], [13.0879498, 63.0780778], [13.087718, 63.0778952], [13.087718, 63.0778485], [13.087555, 63.0777902], [13.0875206, 63.0777553], [13.0872202, 63.0776698], [13.0872116, 63.0776309], [13.086834, 63.0775299], [13.0863533, 63.0774366], [13.0860186, 63.07739], [13.0857439, 63.0773083], [13.0846367, 63.0770635], [13.0844307, 63.0770363], [13.0839415, 63.0769119], [13.0836325, 63.0768225], [13.0834351, 63.0767565], [13.0832119, 63.0767215], [13.0830145, 63.0766477], [13.0826283, 63.0765583], [13.0825253, 63.0765077], [13.0823107, 63.0764533], [13.0821133, 63.0763367], [13.0819159, 63.0761968], [13.0816412, 63.0760841], [13.0811692, 63.0760181], [13.0803881, 63.0756566], [13.0799675, 63.0754234], [13.0791779, 63.075128], [13.0785342, 63.0749726], [13.0783711, 63.074957], [13.0781737, 63.074891], [13.0779934, 63.0748832], [13.0777617, 63.0748404], [13.0775128, 63.0748404], [13.0769806, 63.0747666], [13.0769291, 63.0747394], [13.0764656, 63.0746578], [13.0757618, 63.0744673], [13.0756159, 63.0744246], [13.0754528, 63.0743857], [13.0751782, 63.0743235], [13.075058, 63.0742224], [13.0749035, 63.0741369], [13.0747319, 63.0740592], [13.0746117, 63.0739659], [13.0745774, 63.0739076], [13.0743027, 63.0737638], [13.074131, 63.0737172], [13.0740452, 63.0736628], [13.073925, 63.0736278], [13.0736075, 63.0734878], [13.0733671, 63.073449], [13.0728007, 63.0732896], [13.0723629, 63.0730603], [13.0721827, 63.0729243], [13.0719853, 63.0727999], [13.0716763, 63.0725433], [13.0716162, 63.0724734], [13.0715132, 63.0723529], [13.0713072, 63.0721857], [13.0709896, 63.0719136], [13.0709124, 63.0717582], [13.0708866, 63.0716105], [13.0708437, 63.0714938], [13.0706377, 63.0711518], [13.0706291, 63.0710818], [13.0706892, 63.0707397], [13.0705862, 63.0705998], [13.0704232, 63.0703549], [13.0703802, 63.0702733], [13.0702, 63.0700828], [13.0700712, 63.0700634], [13.0699854, 63.0699079], [13.0698309, 63.0698223], [13.0697365, 63.0697252], [13.0697108, 63.0695774], [13.0697022, 63.0694258], [13.0697451, 63.0693403], [13.0697108, 63.0692431], [13.0695048, 63.0691615], [13.0693846, 63.0689866], [13.0692644, 63.0689166], [13.0693159, 63.068835], [13.0692816, 63.0687494], [13.0690756, 63.0685395], [13.0689383, 63.0684307], [13.068801, 63.0683451], [13.0686636, 63.0681663], [13.068595, 63.0679642], [13.0685091, 63.0679331], [13.0683975, 63.0679097], [13.0682774, 63.0678203], [13.0680199, 63.0677542], [13.0678396, 63.067727], [13.0677882, 63.0676493], [13.0676508, 63.0674782], [13.0675307, 63.0674354], [13.0673676, 63.0672799], [13.0672131, 63.0672022], [13.0669642, 63.0671089], [13.0666981, 63.0669611], [13.0665522, 63.0667357], [13.0665522, 63.0666579], [13.0664234, 63.0665568], [13.0661917, 63.0663819], [13.0660715, 63.0662847], [13.06602, 63.0661369], [13.0658741, 63.0658726], [13.0658312, 63.0657287], [13.0658655, 63.0656082], [13.0658484, 63.0652894], [13.0658999, 63.065165], [13.0658741, 63.0650872], [13.0659085, 63.0649628], [13.0658741, 63.0647878], [13.0659085, 63.0645934], [13.0659085, 63.064434], [13.0659514, 63.0643446], [13.0657797, 63.0641502], [13.0655823, 63.0641036], [13.0653162, 63.0640141], [13.0652991, 63.0639636], [13.0651531, 63.063913], [13.0651446, 63.0638508], [13.0652132, 63.0637186], [13.0652304, 63.0636059], [13.0652733, 63.0633726], [13.0651016, 63.063186], [13.0648957, 63.0631121], [13.0646124, 63.0629993], [13.0642004, 63.0628127], [13.0641661, 63.062731], [13.0640631, 63.0626572], [13.0639429, 63.0626105], [13.0636854, 63.0625911], [13.0632134, 63.06249], [13.0628701, 63.0624861], [13.0626195, 63.0625013]]}}, {"type": "Feature", "id": "way/228840078", "properties": {"fixme": "resurvey mtb:scale", "highway": "path", "mtb:scale": "1", "surface": "dirt", "@id": "way/228840078", "@type": "way", "osm_id": 228840078}, "geometry": {"type": "LineString", "coordinates": [[13.1111985, 63.0871886], [13.1109216, 63.0869939], [13.1106595, 63.0868245], [13.1102039, 63.0867238], [13.1096741, 63.0864216], [13.1089959, 63.0861578], [13.1068556, 63.0856254], [13.1058596, 63.0853664], [13.101812, 63.0837836], [13.1010758, 63.0835652], [13.1008902, 63.0835102], [13.1004134, 63.0834047], [13.0999219, 63.0830104]]}}, {"type": "Feature", "id": "way/231216165", "properties": {"highway": "path", "surface": "ground", "@id": "way/231216165", "@type": "way", "osm_id": 231216165}, "geometry": {"type": "LineString", "coordinates": [[12.9581145, 63.1392166], [12.9579363, 63.1393978]]}}, {"type": "Feature", "id": "way/263828792", "properties": {"bridge": "yes", "highway": "path", "layer": "1", "@id": "way/263828792", "@type": "way", "osm_id": 263828792}, "geometry": {"type": "LineString", "coordinates": [[12.8722847, 63.1301427], [12.8725536, 63.1297825]]}}, {"type": "Feature", "id": "way/263840857", "properties": {"bridge": "yes", "highway": "path", "layer": "1", "name": "Vålåstugorna-Lunndörren", "source": "GPS", "@id": "way/263840857", "@type": "way", "osm_id": 263840857}, "geometry": {"type": "LineString", "coordinates": [[12.8988359, 63.0414065], [12.8992096, 63.0414037], [12.8994803, 63.0414138]]}}, {"type": "Feature", "id": "way/263840858", "properties": {"highway": "path", "name": "Vålåstugorna-Lunndörren", "source": "GPS", "surface": "dirt", "@id": "way/263840858", "@type": "way", "osm_id": 263840858}, "geometry": {"type": "LineString", "coordinates": [[12.8994803, 63.0414138], [12.899724, 63.0414677], [12.8999092, 63.0415132], [12.900039, 63.0416099], [12.9001592, 63.041711], [12.9004682, 63.0420379], [12.9005969, 63.0422246], [12.9007514, 63.042353], [12.900966, 63.0424659], [12.9013523, 63.0426799], [12.9014896, 63.0428122], [12.9019614, 63.0433417], [12.9020046, 63.043602], [12.9020904, 63.0436837], [12.9023206, 63.0438377], [12.9024283, 63.0439451], [12.9026054, 63.0440028], [12.9027341, 63.0440689], [12.9031547, 63.0441817], [12.9037212, 63.044458], [12.9039272, 63.0445786], [12.9044507, 63.0447615], [12.9048885, 63.0448081], [12.905309, 63.0448043], [12.9054635, 63.0447848], [12.9056781, 63.044812], [12.9063476, 63.0449988], [12.9066652, 63.0450416], [12.9067939, 63.0451077], [12.9069999, 63.0450922], [12.9072487, 63.0451817], [12.9078582, 63.0452711], [12.9080642, 63.0453178], [12.9083131, 63.0454229], [12.9086049, 63.0453879], [12.9090084, 63.0454306], [12.9092573, 63.0454851], [12.909489, 63.0454657], [12.9096692, 63.0454696], [12.9100898, 63.0454501], [12.9105876, 63.0455474], [12.9109996, 63.0456407], [12.9113515, 63.0456758], [12.9113944, 63.0457185], [12.9114631, 63.0457419], [12.9115747, 63.0457769], [12.9117378, 63.0458392], [12.9118665, 63.045808], [12.9122184, 63.045808], [12.9123729, 63.0458742], [12.9127677, 63.0458975], [12.9129853, 63.0459727], [12.9132827, 63.0459909], [12.9134973, 63.0460298], [12.9136518, 63.0460337], [12.9139265, 63.0460804], [12.9143127, 63.0460765], [12.91445, 63.0460804], [12.9145959, 63.0461543], [12.9146903, 63.0461971], [12.9151882, 63.0462671], [12.9154542, 63.0463488], [12.9156774, 63.0463838], [12.9158576, 63.0463877], [12.9161151, 63.0464188], [12.9166473, 63.0464188], [12.9169734, 63.0464966], [12.9174198, 63.0465667], [12.9177373, 63.0465978], [12.9178575, 63.0466289], [12.9181322, 63.0466561], [12.9185441, 63.0467223], [12.9189046, 63.0468195], [12.919102, 63.0468351], [12.9195827, 63.0469129], [12.920132, 63.0469791], [12.9203466, 63.047053], [12.9206127, 63.047053], [12.9209646, 63.0470724], [12.9211362, 63.0470802], [12.9213508, 63.0471347], [12.9215139, 63.0471424], [12.9216083, 63.0472047], [12.9221233, 63.0472864], [12.9222778, 63.0473292], [12.9226554, 63.0473409], [12.9227985, 63.047373], [12.923032, 63.0473984], [12.9233996, 63.0474824], [12.9237252, 63.0475223], [12.9239234, 63.0475833], [12.9241317, 63.0476365], [12.9244922, 63.047691], [12.9248527, 63.0478077], [12.9251102, 63.0479127], [12.9252904, 63.0480139], [12.9255908, 63.0481033], [12.9258483, 63.0481461], [12.9260972, 63.0481811], [12.9265436, 63.0481773], [12.92705, 63.0481422], [12.9272731, 63.0481033], [12.9274705, 63.048115], [12.9276079, 63.0480839], [12.9278053, 63.0481422], [12.9279426, 63.0481384], [12.9282001, 63.0482006], [12.9283889, 63.0482628], [12.9286807, 63.0482901], [12.9287322, 63.048329], [12.9289812, 63.0483795], [12.9294017, 63.0484262], [12.929582, 63.0484496], [12.9299253, 63.0485157], [12.930097, 63.048613], [12.9308179, 63.0487063], [12.9311441, 63.0487608], [12.9314273, 63.0488541], [12.9317964, 63.0489786], [12.9319681, 63.0489981], [12.9323715, 63.0491031], [12.9326032, 63.0491342], [12.9327577, 63.0491498], [12.9332555, 63.0493132], [12.9336074, 63.0493988], [12.9337705, 63.049426], [12.9340967, 63.0495271], [12.9345687, 63.0496244], [12.9347661, 63.0496866], [12.9349121, 63.0497411], [12.9355215, 63.0498578], [12.9357532, 63.0499434], [12.9362682, 63.0500134], [12.9364828, 63.0500484], [12.9365428, 63.0500717], [12.9367917, 63.0502157], [12.9368947, 63.0502507], [12.9373411, 63.0503285], [12.9378303, 63.0504724], [12.93868, 63.050698], [12.9388345, 63.0507602], [12.9391778, 63.0507875], [12.9393238, 63.0508341], [12.9395383, 63.0508925], [12.9398645, 63.0509469], [12.9407915, 63.0511998], [12.940946, 63.0512192], [12.9413236, 63.0513048], [12.9416068, 63.0513593], [12.9418901, 63.0514604], [12.9420703, 63.0515615], [12.9423879, 63.0516666], [12.9426626, 63.0517716], [12.9429201, 63.0518688], [12.9430488, 63.0519544], [12.943229, 63.05197], [12.9434007, 63.0520828], [12.943744, 63.0522033], [12.9441045, 63.0523045], [12.9444307, 63.0524717], [12.944568, 63.0524951], [12.9447568, 63.0526117], [12.9450487, 63.052709], [12.9455293, 63.0528529], [12.9457096, 63.0528607], [12.9459241, 63.0528996], [12.9460786, 63.0530357], [12.9463361, 63.0530785], [12.9465249, 63.0530863], [12.946688, 63.0531641], [12.9468683, 63.0531796], [12.9471172, 63.0532341], [12.9476236, 63.0532963], [12.9479927, 63.0535297], [12.9484905, 63.0536853], [12.9487565, 63.0537008], [12.9491084, 63.0536619], [12.9496149, 63.0536697], [12.9498552, 63.053623], [12.9499582, 63.0535647], [12.9503444, 63.0536152], [12.9506534, 63.053658], [12.9510396, 63.0536969], [12.9515375, 63.0537047], [12.9517177, 63.053693], [12.9521726, 63.0537319], [12.9524988, 63.0537475], [12.9527133, 63.0538642], [12.9530481, 63.0539964], [12.9533742, 63.0540937], [12.9537261, 63.0540159], [12.9540952, 63.0540509], [12.9544643, 63.0540353], [12.9548505, 63.0539653], [12.9551509, 63.0539497], [12.9556316, 63.0537786], [12.9560007, 63.0537786], [12.9566186, 63.0537397], [12.9569534, 63.0537358], [12.9577173, 63.053693], [12.9580348, 63.0536308], [12.9583524, 63.0536308], [12.9584726, 63.0536075], [12.9586957, 63.0536464], [12.9590906, 63.0536853], [12.9591506, 63.0536619], [12.9594167, 63.0536269], [12.9595884, 63.0535647], [12.9597944, 63.053553], [12.9599574, 63.0535141], [12.9602149, 63.0535063], [12.9603094, 63.0535413], [12.9605583, 63.0535452], [12.9608415, 63.0535647], [12.9615711, 63.0537086], [12.96182, 63.0537125], [12.9621118, 63.0536697], [12.962438, 63.0536697], [12.9627126, 63.0537708], [12.9628499, 63.0537981], [12.9630216, 63.0538953], [12.9632619, 63.0539692], [12.9641632, 63.0539964], [12.964455, 63.0539692], [12.9648069, 63.0539886], [12.9651674, 63.0539809], [12.9654592, 63.054012], [12.9657768, 63.0540236], [12.966163, 63.054082], [12.9667467, 63.0541014], [12.9670041, 63.0540859], [12.9672445, 63.0540975], [12.9678539, 63.0540859], [12.9681114, 63.0541248], [12.9683174, 63.0541014], [12.9685748, 63.0540975], [12.9688323, 63.0541209], [12.9692357, 63.0541675], [12.9696392, 63.054187], [12.9700597, 63.0541753], [12.9703172, 63.0542181], [12.9705833, 63.0542181], [12.9710639, 63.0543426], [12.9714673, 63.0544242], [12.9716733, 63.054432], [12.9719137, 63.0545137], [12.9722398, 63.0545526], [12.9724458, 63.0545526], [12.9728664, 63.0546032], [12.9730895, 63.0546187], [12.9734071, 63.0546032], [12.9738191, 63.0546693], [12.9740766, 63.0546343], [12.9745229, 63.0546693], [12.9748491, 63.0547237], [12.9751924, 63.0546926], [12.975776, 63.0546965], [12.9760078, 63.0547432], [12.9763425, 63.0547237], [12.9767116, 63.0547743], [12.977218, 63.0548832], [12.9774927, 63.0548987], [12.97763, 63.054926], [12.9778016, 63.0549104], [12.9780763, 63.0549493], [12.9785655, 63.0549999], [12.9788659, 63.0549999], [12.9791234, 63.0550932], [12.9793724, 63.0551243], [12.9798616, 63.055276], [12.9801105, 63.0552955], [12.9802822, 63.0553382], [12.9805396, 63.0553577], [12.9811319, 63.0554938], [12.9813465, 63.0555755], [12.9814323, 63.0556766], [12.9819129, 63.0557855], [12.982076, 63.0557894], [12.9823335, 63.0558438], [12.9827283, 63.0558944], [12.9829858, 63.0559761], [12.9834836, 63.0560538], [12.983621, 63.0560616], [12.9837497, 63.0561316], [12.9839815, 63.0561433], [12.9846853, 63.056295], [12.984917, 63.056365], [12.9852088, 63.0563766], [12.9855607, 63.0564311], [12.9858697, 63.0564233], [12.9859727, 63.0564544], [12.9861101, 63.0565439], [12.9865478, 63.0566722], [12.9868482, 63.0566605], [12.9871744, 63.0567578], [12.9874576, 63.0567967], [12.9876893, 63.0568044], [12.9880327, 63.0567772], [12.9881786, 63.0567733], [12.9884361, 63.0568433], [12.9885991, 63.0569717], [12.9887193, 63.0570067], [12.9890369, 63.0570378], [12.9893287, 63.0569989], [12.9895948, 63.0569989], [12.9898351, 63.0570845], [12.9900583, 63.0571817], [12.9904188, 63.0573878], [12.9905818, 63.0574889], [12.9906763, 63.0576289], [12.9907878, 63.0577689], [12.9908908, 63.0579284], [12.9910539, 63.05815], [12.9913371, 63.0581811], [12.9915431, 63.0581772], [12.9919465, 63.0582667], [12.9921955, 63.0582939], [12.9925388, 63.0583406], [12.9927791, 63.0583717], [12.9929959, 63.058404], [12.9931421, 63.0584345], [12.9936271, 63.0585025], [12.9938768, 63.0585571], [12.9940494, 63.0585739], [12.9942296, 63.0586322], [12.9945644, 63.05871], [12.9949077, 63.0587411], [12.9955858, 63.0588461], [12.9964097, 63.0588422], [12.9968389, 63.0588811], [12.9970706, 63.0589395], [12.9973281, 63.0589395], [12.9976114, 63.0589628], [12.9977916, 63.058955], [12.9981521, 63.058955], [12.9984163, 63.0588956], [12.9989292, 63.0588685], [12.9993511, 63.058831], [12.9996858, 63.0588843], [13.000038, 63.0588235], [13.000398, 63.0588192], [13.0008343, 63.0587582], [13.001172, 63.0586704], [13.0014215, 63.0585352], [13.0018137, 63.05851], [13.0021124, 63.0586285], [13.0027204, 63.0586711], [13.0033885, 63.0585264], [13.0039051, 63.0583418], [13.0041324, 63.0581905], [13.0044192, 63.0580859], [13.0046337, 63.0578897], [13.0048971, 63.0577825], [13.0051799, 63.0576983], [13.0055652, 63.0576078], [13.0059689, 63.0575375], [13.0063879, 63.057471], [13.0068068, 63.0573705], [13.0071987, 63.05731], [13.0074047, 63.0572517], [13.0077651, 63.0572245], [13.0082115, 63.0571661], [13.0086749, 63.057135], [13.0090612, 63.0570883], [13.0095161, 63.0569872], [13.0100912, 63.0569328], [13.0102456, 63.0568939], [13.0104688, 63.0568939], [13.0108636, 63.0567928], [13.0111555, 63.0567772], [13.0115331, 63.0566994], [13.0117048, 63.0566644], [13.0119966, 63.0566022], [13.0123743, 63.0566178], [13.0126489, 63.0566178], [13.0128892, 63.0565711], [13.0131467, 63.0565867], [13.0135501, 63.0566955], [13.0138935, 63.0566955], [13.0141509, 63.0567772], [13.0146402, 63.05682], [13.0148118, 63.0568861], [13.0150608, 63.0569211], [13.0159191, 63.0570611], [13.0162356, 63.0570711], [13.016324, 63.057099]]}}, {"type": "Feature", "id": "way/267266115", "properties": {"highway": "path", "mtb:scale": "1", "name": "Gåsen - Sylarna/Storulvån Sommarled", "source": "survey", "surface": "ground", "trail_visibility": "good", "@id": "way/267266115", "@type": "way", "osm_id": 267266115}, "geometry": {"type": "LineString", "coordinates": [[12.4654014, 63.0587923], [12.4656689, 63.0587263], [12.4657939, 63.0586867], [12.4659276, 63.0586448], [12.4662362, 63.0586494], [12.4663845, 63.0586836], [12.4666092, 63.0588019], [12.4668767, 63.0587028], [12.4675305, 63.0585953], [12.4676855, 63.0584837], [12.4682601, 63.0584465], [12.4684973, 63.0583225], [12.4688257, 63.0583266], [12.4691267, 63.0581448], [12.4694003, 63.0581655], [12.4698928, 63.0580911], [12.4708414, 63.0576819], [12.4714069, 63.0574877], [12.4725562, 63.057558], [12.4732345, 63.0574977], [12.4734203, 63.0575068], [12.4736131, 63.0575161], [12.4740429, 63.0576076], [12.4747088, 63.0575704], [12.4750007, 63.0575993], [12.4754595, 63.0575306], [12.4759857, 63.0574877], [12.4764509, 63.0575042], [12.4769708, 63.0574422], [12.4774998, 63.0574629], [12.4780927, 63.0573555], [12.4785636, 63.057299], [12.4788406, 63.0572356], [12.4797307, 63.0572156], [12.4806406, 63.0570854], [12.4813834, 63.0568555], [12.4821881, 63.0566942], [12.4824299, 63.0565364], [12.483406, 63.0563233], [12.4855082, 63.055756], [12.4871405, 63.0554632], [12.4882057, 63.0552672], [12.488582, 63.0551815], [12.4890746, 63.0551733], [12.4902238, 63.0548757], [12.4906251, 63.0548054], [12.4912735, 63.0545141], [12.4919478, 63.0545333], [12.4921575, 63.0544872], [12.4928427, 63.05457], [12.4934832, 63.0546138], [12.4937628, 63.0547434], [12.4949394, 63.0546773], [12.4955567, 63.0547727], [12.4967414, 63.0548255], [12.497995, 63.0547682], [12.5008929, 63.0547981], [12.5020047, 63.0546041], [12.5032396, 63.0545654], [12.5042864, 63.0543375], [12.5049788, 63.0543449], [12.507408, 63.0539705], [12.5077668, 63.0539845], [12.5093964, 63.0538341], [12.5107903, 63.0537536], [12.5121212, 63.0535533], [12.51268, 63.0535407], [12.5130786, 63.0536119], [12.5140482, 63.0535655], [12.5154985, 63.0532679], [12.5168652, 63.0532423]]}}, {"type": "Feature", "id": "way/267272758", "properties": {"highway": "path", "name": "Vålåstugorna-Gåsen", "sac_scale": "mountain_hiking", "source": "GPS", "surface": "ground", "trail_visibility": "excellent", "@id": "way/267272758", "@type": "way", "osm_id": 267272758}, "geometry": {"type": "LineString", "coordinates": [[12.7829717, 63.0377072], [12.7825821, 63.0376918], [12.7822308, 63.0376605], [12.7820252, 63.0376262], [12.7815522, 63.0375594], [12.7812088, 63.0375283], [12.7809857, 63.0375205], [12.7806237, 63.0374928], [12.7802132, 63.037431], [12.7799332, 63.0373859], [12.7795085, 63.0373743], [12.7792673, 63.0373911], [12.7786829, 63.0373232], [12.7782675, 63.0372378], [12.7778507, 63.0371874], [12.7772778, 63.0369757], [12.7768853, 63.036849], [12.7763235, 63.0366787], [12.7756926, 63.0365936], [12.7750856, 63.0364106], [12.7745797, 63.0363863], [12.7736729, 63.0361473], [12.7732008, 63.0360884], [12.7724808, 63.0361515], [12.771888, 63.0361649], [12.7717212, 63.036203], [12.7712663, 63.0361592], [12.7709553, 63.0361198], [12.7706484, 63.0360534], [12.7701109, 63.0359716], [12.7697419, 63.0359794], [12.7691239, 63.0357692], [12.7684201, 63.0356992], [12.7678364, 63.0357187], [12.7673136, 63.0356005], [12.7666552, 63.0355522], [12.7656735, 63.0353956], [12.7649611, 63.0353411], [12.7647293, 63.0353489], [12.7642744, 63.0352633], [12.7632016, 63.0352244], [12.7626179, 63.0350454], [12.7622145, 63.0349714], [12.7614678, 63.0348624], [12.7612267, 63.0347886], [12.7608069, 63.0347846], [12.7604121, 63.0347379], [12.7601512, 63.0347061], [12.7598706, 63.034672], [12.7594759, 63.0346933], [12.7591741, 63.0347659], [12.7581805, 63.0346523], [12.7579058, 63.0346406], [12.7576787, 63.0345586], [12.7573236, 63.0344803], [12.7570154, 63.0344042], [12.7566911, 63.0343799], [12.756359, 63.0344549], [12.7561157, 63.0344368], [12.7557946, 63.0344197], [12.7553327, 63.0343813], [12.7549322, 63.0343895], [12.7546846, 63.0344047], [12.7542561, 63.034403], [12.7539617, 63.0344244], [12.7535595, 63.0344294], [12.7532539, 63.03441], [12.7527551, 63.0344508], [12.7524532, 63.0345381], [12.7516831, 63.0345355], [12.7511681, 63.0344849], [12.7507389, 63.0343487], [12.7504141, 63.0341499], [12.7498069, 63.0340277], [12.749114, 63.033839], [12.7484644, 63.0337571], [12.7481211, 63.0337182], [12.7477949, 63.0335119], [12.7473057, 63.0334068], [12.7470053, 63.0333367], [12.7457483, 63.033152], [12.7452237, 63.0331338], [12.7447565, 63.0330643], [12.7444178, 63.032924], [12.7438124, 63.0328307], [12.7434691, 63.0327451], [12.7429221, 63.0327017], [12.7427145, 63.0326287], [12.7422846, 63.0325583], [12.7415293, 63.0323247], [12.7412718, 63.0322858], [12.7405852, 63.0321107], [12.7402449, 63.0319688], [12.7398384, 63.0318265], [12.7395209, 63.031811], [12.7389201, 63.0318577], [12.7385744, 63.0317277], [12.7382677, 63.0316436], [12.737521, 63.031663], [12.7367228, 63.0316708], [12.7362336, 63.0317798], [12.7358044, 63.0317331], [12.735028, 63.0317993], [12.7346028, 63.0319822], [12.7338904, 63.0319667], [12.7332896, 63.0320445], [12.7324141, 63.0320445], [12.7320536, 63.0321223], [12.7310837, 63.0322158], [12.7299679, 63.032317], [12.7296675, 63.032317], [12.7293671, 63.0323325], [12.7289122, 63.0323325], [12.7285517, 63.0324104], [12.7278221, 63.0324882], [12.7275046, 63.0324337], [12.7270239, 63.0325388], [12.7269038, 63.0325972], [12.7267664, 63.0325972], [12.7264918, 63.0325661], [12.7259339, 63.0326167], [12.725376, 63.0326167], [12.7250927, 63.0327023], [12.7247151, 63.032749], [12.7244919, 63.0327412], [12.7242859, 63.0327724], [12.7238568, 63.0327996], [12.7233418, 63.0328113], [12.7230156, 63.0328969], [12.7219427, 63.0330215], [12.7216423, 63.0330448], [12.7213162, 63.0330837], [12.7209385, 63.0330721], [12.7203978, 63.0331616], [12.7199086, 63.0331888], [12.7191532, 63.0332784], [12.7188958, 63.0332939], [12.7183979, 63.0333718], [12.7182949, 63.0333562], [12.7177628, 63.033434], [12.7169388, 63.0335897], [12.7166813, 63.033617], [12.7164925, 63.0337221], [12.7158488, 63.0338388], [12.7152222, 63.0339945], [12.7148789, 63.0339283], [12.7144755, 63.0339945], [12.7138747, 63.0341813], [12.7135649, 63.0341958], [12.7127628, 63.0343774], [12.7120768, 63.0343843], [12.7113104, 63.0343891], [12.7110165, 63.0343681], [12.7106478, 63.0343757], [12.7104672, 63.0343837], [12.710038, 63.0344085], [12.7096432, 63.0344343], [12.7086991, 63.0345627], [12.7082957, 63.0345705], [12.7078665, 63.0345783], [12.7068082, 63.0348089], [12.7065224, 63.0349134], [12.7062958, 63.0350181], [12.7059063, 63.0350968], [12.7055075, 63.0352107], [12.70518, 63.0353489], [12.705077, 63.0354073], [12.7047337, 63.0353956], [12.7044762, 63.0354699], [12.7042923, 63.0354478], [12.7036007, 63.0354851], [12.7031458, 63.0354345], [12.7029742, 63.0354579], [12.7026909, 63.0354073], [12.7016867, 63.0355124], [12.7013005, 63.0354462], [12.7005709, 63.0354851], [12.7002705, 63.0353801], [12.7000988, 63.0353567], [12.6999466, 63.0353504], [12.699045, 63.0354914], [12.6984786, 63.0354829], [12.6977127, 63.0355435], [12.6970518, 63.0355435], [12.6965969, 63.0355747], [12.6962907, 63.0355872], [12.6961077, 63.0355747], [12.6958006, 63.035589], [12.6952923, 63.0356019], [12.6945885, 63.0354968], [12.6942452, 63.035419], [12.6939619, 63.0354345], [12.6936572, 63.0354462], [12.6934212, 63.0355435], [12.6932614, 63.0356002], [12.6929677, 63.0357046], [12.6924352, 63.0356824], [12.692011, 63.0356828], [12.6917561, 63.035777], [12.6915763, 63.0358451], [12.6912411, 63.0359794], [12.6909579, 63.0361351], [12.6904976, 63.0361939], [12.6901081, 63.0362246], [12.6895932, 63.0361857], [12.6881512, 63.0361857], [12.6873358, 63.0363102], [12.6868208, 63.0362713], [12.6860913, 63.0363491], [12.6857308, 63.0363725], [12.6854905, 63.0364503], [12.6851042, 63.0364776], [12.6847866, 63.0366138], [12.6841858, 63.0366138], [12.683585, 63.0365826], [12.6833876, 63.0366527], [12.6831559, 63.0366605], [12.6828726, 63.0367227], [12.6824005, 63.0367617], [12.6821001, 63.0368006], [12.6808127, 63.0369173], [12.6804093, 63.0368667]]}}, {"type": "Feature", "id": "way/267272759", "properties": {"bicycle": "no", "check_date": "2025-09-05", "class:bicycle:mtb": "2", "description:en": "As of 9/2025 according to signs at Gåsån and Ljungan shelters, cyckling is not allowed in the Holkendurrie area between Gåsån and Ljungan.", "highway": "path", "mtb:scale": "1", "@id": "way/267272759", "@type": "way", "osm_id": 267272759}, "geometry": {"type": "LineString", "coordinates": [[12.6570208, 62.9757479], [12.656975, 62.9757574], [12.6564619, 62.9758124], [12.6562778, 62.9758133], [12.6560955, 62.9758551], [12.6555955, 62.9758411], [12.6547587, 62.9756509], [12.654072, 62.9755583], [12.6525056, 62.974988], [12.6514971, 62.9750416], [12.6507568, 62.9750562], [12.6499629, 62.9752268], [12.649287, 62.9754608], [12.6483536, 62.9755534], [12.6477957, 62.9757143], [12.6472968, 62.9757534], [12.6464224, 62.9758508], [12.6453509, 62.975998], [12.6438636, 62.9764553], [12.6419806, 62.9771719], [12.6406503, 62.9773717], [12.6399422, 62.9774205], [12.6394701, 62.9775472], [12.6385848, 62.9777121], [12.6369694, 62.9779815], [12.6365626, 62.9779225], [12.6355755, 62.9779908], [12.634677, 62.9779907], [12.6340144, 62.978091], [12.6331401, 62.9780834], [12.6328182, 62.9781955], [12.6323247, 62.9783076], [12.630989, 62.9784052], [12.6304793, 62.9783661], [12.6294279, 62.9782979], [12.6284726, 62.9783509], [12.6280975, 62.9783612], [12.6272125, 62.9785611], [12.6263809, 62.9787366], [12.6251364, 62.9789851], [12.624042, 62.9791947], [12.6232588, 62.9792532], [12.6227331, 62.9793312], [12.6221323, 62.979458], [12.6210058, 62.9795701], [12.6203728, 62.9796919], [12.6193857, 62.9800039], [12.6183236, 62.9801257], [12.6172829, 62.9800087], [12.6153678, 62.9801989], [12.6142466, 62.9803207], [12.6132595, 62.9805839], [12.6126587, 62.9806862], [12.6120686, 62.9809835], [12.6106739, 62.9812955], [12.6095313, 62.9816026], [12.6090968, 62.9817341], [12.6081312, 62.982085], [12.6069403, 62.9827332], [12.6064253, 62.9829574], [12.6059264, 62.9831622], [12.6057172, 62.9831767], [12.6052987, 62.9831572], [12.6044941, 62.9833766], [12.6032281, 62.9837469], [12.6023216, 62.9840199], [12.6018326, 62.984168], [12.6015651, 62.9844292], [12.601136, 62.9845949], [12.6007283, 62.9849068], [12.6003849, 62.9854672], [12.6002008, 62.9855508], [12.6001382, 62.9855793], [12.600106, 62.9856768], [12.6000272, 62.9856951], [12.5990546, 62.9859204], [12.598443, 62.9859692], [12.5978958, 62.9861787], [12.5976813, 62.9863931], [12.5975123, 62.9865296], [12.5964153, 62.9868073], [12.5958896, 62.9869535], [12.5951922, 62.9870315], [12.5947523, 62.9872167], [12.5945806, 62.9874116], [12.5938833, 62.9875578], [12.5934648, 62.9876601], [12.5931859, 62.9879915], [12.5933254, 62.9882936], [12.5930786, 62.9886249], [12.5930786, 62.9888637], [12.592966, 62.9889709], [12.592864, 62.9891463], [12.592746, 62.9895166], [12.5925311, 62.9895665], [12.5924563, 62.9895751], [12.5921452, 62.9896141], [12.5920379, 62.9898187], [12.5917268, 62.989999], [12.5917268, 62.9901305], [12.5914585, 62.9902085], [12.5908792, 62.9902426], [12.5902891, 62.9901549], [12.5896454, 62.9903303], [12.5892377, 62.9903644], [12.5887442, 62.990608], [12.5886369, 62.9909004], [12.5882292, 62.9910953], [12.5875587, 62.9914656], [12.5870919, 62.9916799], [12.586872, 62.9919333], [12.5865662, 62.9921038], [12.5861049, 62.9921866], [12.5858421, 62.9923621], [12.5855791, 62.9924156], [12.5853968, 62.9926885], [12.5850696, 62.9928298], [12.5846565, 62.9928979], [12.5845814, 62.9930539], [12.5843346, 62.9932487], [12.5840986, 62.9935313], [12.5837821, 62.9936873], [12.5831008, 62.9938821], [12.5830686, 62.9942621], [12.5831437, 62.9945057], [12.582972, 62.9946664], [12.5828433, 62.9950708], [12.5825965, 62.9953095], [12.581808, 62.995597], [12.5814164, 62.9957869], [12.5809872, 62.9958941], [12.5805259, 62.9961571], [12.579571, 62.9961863], [12.579174, 62.996162], [12.5783586, 62.9962399], [12.5777471, 62.9964397], [12.5773179, 62.9965225], [12.5764918, 62.996995], [12.5759715, 62.9972337], [12.575773, 62.9973019], [12.5754189, 62.9972873], [12.5753625, 62.9973556], [12.5753224, 62.9974042], [12.5755155, 62.997487], [12.5753975, 62.997638], [12.5750649, 62.9977646], [12.5746357, 62.9980715], [12.5740456, 62.9987632], [12.5734556, 62.9993282], [12.5728226, 62.9995718], [12.5718999, 62.9997764], [12.5715887, 63.0000345], [12.5712454, 63.000093], [12.5710416, 63.0000004], [12.57043, 62.9999517], [12.5689924, 62.9999322], [12.5679946, 63.0000832], [12.5664925, 63.000317], [12.5653767, 63.0009307], [12.5641858, 63.0015785]]}}, {"type": "Feature", "id": "way/267295893", "properties": {"class:bicycle:mtb": "2", "highway": "path", "name": "Lunndörren-Vålådalen", "surface": "compacted", "@id": "way/267295893", "@type": "way", "osm_id": 267295893}, "geometry": {"type": "LineString", "coordinates": [[12.9685306, 63.1427468], [12.9686321, 63.1424754]]}}, {"type": "Feature", "id": "way/267295896", "properties": {"class:bicycle:mtb": "2", "fixme": "resurvey mtb:scale", "highway": "path", "mtb:name": "Bäverkroken", "mtb:scale": "1", "piste:grooming": "backcountry", "piste:type": "nordic", "@id": "way/267295896", "@type": "way", "osm_id": 267295896}, "geometry": {"type": "LineString", "coordinates": [[13.0708154, 63.1540382], [13.070759, 63.1539679], [13.0708271, 63.1538109], [13.070885, 63.1536424], [13.0709707, 63.1534228], [13.0710992, 63.1532874], [13.0714696, 63.1529858], [13.0718048, 63.152822], [13.0719534, 63.1526809], [13.0721223, 63.152558], [13.0723692, 63.1524817], [13.0724599, 63.152484]]}}, {"type": "Feature", "id": "way/267295902", "properties": {"class:bicycle:mtb": "2", "highway": "path", "mtb:scale": "1", "piste:grooming": "backcountry", "piste:type": "nordic", "@id": "way/267295902", "@type": "way", "osm_id": 267295902}, "geometry": {"type": "LineString", "coordinates": [[13.0724599, 63.152484], [13.0725935, 63.1522336], [13.0728328, 63.1519878], [13.0731453, 63.1517909], [13.0737047, 63.151371], [13.0739768, 63.1510899], [13.0743548, 63.1506632], [13.0746219, 63.1504139], [13.0747933, 63.1502193], [13.074947, 63.1501408]]}}, {"type": "Feature", "id": "way/267295903", "properties": {"class:bicycle:mtb": "2", "fixme": "resurvey mtb:scale", "highway": "path", "mtb:scale": "0", "piste:grooming": "backcountry", "piste:type": "nordic", "surface": "ground", "@id": "way/267295903", "@type": "way", "osm_id": 267295903}, "geometry": {"type": "LineString", "coordinates": [[12.9638025, 63.1476051], [12.9640679, 63.147232], [12.9642854, 63.1468342]]}}, {"type": "Feature", "id": "way/267295906", "properties": {"highway": "path", "@id": "way/267295906", "@type": "way", "osm_id": 267295906}, "geometry": {"type": "LineString", "coordinates": [[13.066013, 63.1568969], [13.066139, 63.1567448], [13.0665012, 63.1564688], [13.066498, 63.1562484], [13.0669327, 63.1557804], [13.0674385, 63.1552561]]}}, {"type": "Feature", "id": "way/267295907", "properties": {"class:bicycle:mtb": "1", "highway": "path", "mtb:scale": "1", "piste:grooming": "backcountry", "piste:type": "nordic", "@id": "way/267295907", "@type": "way", "osm_id": 267295907}, "geometry": {"type": "LineString", "coordinates": [[13.0692836, 63.106933], [13.0691441, 63.1068106], [13.0689607, 63.1066498], [13.0686969, 63.106274], [13.068256, 63.1060817], [13.0681772, 63.1056596], [13.0677244, 63.105193], [13.0676575, 63.1047477], [13.0679607, 63.1043417], [13.0682127, 63.1038732], [13.0685733, 63.1032685], [13.0686836, 63.1031856], [13.069571, 63.1028188], [13.0705474, 63.1023593], [13.0711537, 63.1020476], [13.0716656, 63.1016504], [13.0720945, 63.101276], [13.0726263, 63.1008773], [13.0728861, 63.1006137], [13.0738665, 63.1002057], [13.0743586, 63.1000169], [13.0747602, 63.0999118], [13.0750634, 63.0997925], [13.0755398, 63.0994077], [13.076091, 63.0991316], [13.076343, 63.0989695], [13.076406, 63.0987433], [13.0768351, 63.0983994], [13.0772761, 63.0980164], [13.0778037, 63.0978579], [13.0790439, 63.0976708], [13.0798077, 63.0974606], [13.0806581, 63.0970313], [13.0812723, 63.09665], [13.0816109, 63.0961797], [13.0819298, 63.0956933]]}}, {"type": "Feature", "id": "way/268225248", "properties": {"bicycle": "no", "highway": "path", "name": "Vålådalen-Stensdalen", "note": "\"bicycle=no\" because of a sign at the SE end of this section", "source": "GPS", "surface": "dirt", "@id": "way/268225248", "@type": "way", "osm_id": 268225248}, "geometry": {"type": "LineString", "coordinates": [[12.8587402, 63.1321494], [12.8589319, 63.1321455], [12.8590859, 63.132167], [12.8593, 63.1323182], [12.8594602, 63.1324842], [12.8594758, 63.1325883], [12.860024, 63.1328798], [12.8605227, 63.1332296], [12.8606992, 63.133333], [12.8610208, 63.133361], [12.8616216, 63.1336209], [12.8618791, 63.1336131], [12.8621795, 63.1335355], [12.8626773, 63.1335355], [12.8630807, 63.1336209], [12.863424, 63.1336829], [12.8637787, 63.1336601], [12.8640506, 63.1337295], [12.8645398, 63.1338148], [12.8647162, 63.1338089], [12.8652758, 63.1338382], [12.8658141, 63.133908], [12.8663036, 63.1340087], [12.8669022, 63.1341122], [12.8675453, 63.1342974], [12.8681398, 63.1344749], [12.868351, 63.1346835], [12.8687885, 63.1348931], [12.8692863, 63.1350094], [12.8699214, 63.1351646], [12.8705909, 63.1352228], [12.8710372, 63.1352616], [12.8712776, 63.135184], [12.8718784, 63.1353081], [12.87205, 63.1353973], [12.872668, 63.1354361], [12.8732345, 63.1355137], [12.8737495, 63.1354361], [12.874213, 63.1354167], [12.8755863, 63.1352538], [12.8761775, 63.1352821], [12.8765561, 63.1352926], [12.8777999, 63.1350504], [12.8783035, 63.134697], [12.8787877, 63.1343695], [12.878762, 63.1342609], [12.8791911, 63.1340398], [12.8794744, 63.1338575], [12.8799035, 63.1338458], [12.8800494, 63.1337954], [12.8804286, 63.1337529], [12.8808477, 63.1337023], [12.8810322, 63.1336649], [12.8812387, 63.1335735], [12.8813343, 63.1335086], [12.881338, 63.1334572]]}}, {"type": "Feature", "id": "way/282639261", "properties": {"class:bicycle:mtb": "1", "fixme": "resurvey mtb:scale", "highway": "path", "mtb:name": "Blanktjärnsrundan", "mtb:scale": "2", "surface": "dirt", "@id": "way/282639261", "@type": "way", "osm_id": 282639261}, "geometry": {"type": "LineString", "coordinates": [[12.9618818, 63.1136304], [12.9618629, 63.1136764], [12.9618398, 63.113804], [12.9618649, 63.1138821], [12.9619401, 63.1139998], [12.9620226, 63.114204], [12.9620674, 63.1142937], [12.9620584, 63.1143705], [12.9620338, 63.1145071], [12.9619491, 63.1146774], [12.9618671, 63.1148319], [12.9618866, 63.1149542], [12.9620222, 63.1151484], [12.9621511, 63.115322], [12.9621895, 63.115433], [12.9621893, 63.1155143], [12.9621419, 63.1156144], [12.9620544, 63.1157063], [12.9617352, 63.1158355], [12.9614024, 63.1159822], [12.9613054, 63.1160743], [12.961187, 63.1161665], [12.9611998, 63.116272], [12.9611348, 63.1163599], [12.9610162, 63.1165227], [12.9609349, 63.116584], [12.96086, 63.1166291], [12.9607257, 63.116685], [12.9606484, 63.1167254], [12.9605947, 63.1168066], [12.9605117, 63.1168324], [12.9604217, 63.1168909], [12.9603643, 63.1169677], [12.9602924, 63.1172133], [12.9601983, 63.1173471], [12.9601277, 63.117419], [12.9601009, 63.1175738], [12.960115, 63.1176832], [12.9601174, 63.1177526], [12.9601198, 63.1178194], [12.9600788, 63.1178623], [12.9600292, 63.1180211], [12.9599818, 63.1181085], [12.9598987, 63.118228], [12.9597389, 63.1183641], [12.9595985, 63.1184564], [12.9594092, 63.1185519], [12.9591302, 63.118671], [12.9587662, 63.1187921], [12.9586156, 63.1189646], [12.9584717, 63.1190324], [12.9581245, 63.1192234], [12.9578838, 63.1193431], [12.9577777, 63.1194831], [12.9576621, 63.1196139], [12.9574732, 63.1197334], [12.9572359, 63.1198854], [12.9570407, 63.1200684], [12.9568693, 63.1201635], [12.9566561, 63.1204072], [12.9563545, 63.120715], [12.9560004, 63.1210646], [12.9558621, 63.1211968], [12.9557486, 63.1213812], [12.9557247, 63.121497], [12.9557207, 63.1216436], [12.955725, 63.1217478], [12.9556097, 63.1219298], [12.9555625, 63.1220089], [12.955301, 63.1221549], [12.9552646, 63.122212], [12.9553017, 63.1222756], [12.9554309, 63.1223494], [12.9556657, 63.1224087], [12.957021, 63.1227052], [12.9580938, 63.1229744], [12.9586263, 63.1231319], [12.9592573, 63.1233024], [12.9598535, 63.1235117], [12.9603555, 63.1236847], [12.9606473, 63.1238059], [12.9609928, 63.1239331], [12.9612762, 63.1240278], [12.9615758, 63.1241219], [12.9618369, 63.1242127], [12.9620751, 63.1243339], [12.9622071, 63.1244165], [12.9624007, 63.1245075], [12.9625166, 63.12458], [12.9625824, 63.1246732], [12.9626458, 63.124792], [12.9626935, 63.1249561], [12.9626981, 63.1250775], [12.9627472, 63.1251782], [12.9628917, 63.1252864], [12.9630433, 63.1253999], [12.963178, 63.1254623], [12.963378, 63.1255378], [12.9634792, 63.125608], [12.9636491, 63.125792], [12.9638872, 63.1260171], [12.9640313, 63.1260971], [12.964174, 63.1261347], [12.9646669, 63.1261579], [12.9649905, 63.1261763], [12.9655112, 63.1262302], [12.9663185, 63.1262267], [12.9671486, 63.1262432], [12.967686, 63.1263406], [12.96831, 63.1264937], [12.9688194, 63.1266276], [12.9694586, 63.1268785], [12.9697412, 63.127028], [12.9699144, 63.1271159], [12.9700087, 63.1272351], [12.970017, 63.1274116], [12.9700859, 63.127503], [12.9703122, 63.1276148], [12.9705792, 63.1278004], [12.9706724, 63.1279254], [12.9706482, 63.1280756], [12.9705996, 63.1281759], [12.9706065, 63.1282209], [12.9707557, 63.1284914], [12.9708702, 63.1287972], [12.9708858, 63.1290941], [12.9709429, 63.129446], [12.9709311, 63.1296539], [12.9708033, 63.1298138], [12.9704809, 63.1300139], [12.9701812, 63.13021], [12.9699964, 63.1303986], [12.9696771, 63.1307442], [12.9695202, 63.1309396], [12.9692271, 63.1311716], [12.9690438, 63.1312752], [12.9689152, 63.1313345], [12.9688261, 63.1314027], [12.9687831, 63.1314502], [12.9687706, 63.1315411], [12.9687593, 63.1316117], [12.9687777, 63.131668], [12.9688592, 63.131766], [12.9688528, 63.1318613], [12.9688021, 63.1319133], [12.9686548, 63.132028], [12.9684492, 63.1322245], [12.9682438, 63.1323404], [12.9680992, 63.1324026], [12.967784, 63.1325285], [12.9674655, 63.1326642], [12.9672402, 63.1327845], [12.9667796, 63.1329798], [12.9664513, 63.1331512], [12.9661622, 63.1332804], [12.965913, 63.133468], [12.9658383, 63.1335654], [12.9657869, 63.1336562], [12.9657348, 63.1337157], [12.9656353, 63.1337879], [12.9655648, 63.1338678], [12.9654065, 63.1340467], [12.9652896, 63.1342701], [12.9652002, 63.1343877], [12.9651019, 63.1344853], [12.9649439, 63.1345836], [12.9648175, 63.1346703], [12.9645487, 63.1348276], [12.9643153, 63.1349599], [12.9641847, 63.1350526], [12.9639009, 63.1352927], [12.9637476, 63.1354552], [12.9635559, 63.1356469], [12.9633405, 63.1358104], [12.9631528, 63.1359404], [12.9627586, 63.1361141], [12.9625584, 63.1362155], [12.9624184, 63.136273], [12.9621111, 63.1363998], [12.961912, 63.1364854], [12.9615123, 63.1366564], [12.961307, 63.1367871], [12.9612285, 63.1368379], [12.9611393, 63.1369745], [12.9610051, 63.1370588], [12.9606524, 63.1372619], [12.9604279, 63.137482], [12.9602775, 63.1376027], [12.9600997, 63.1377432], [12.959926, 63.1378664], [12.9597308, 63.1380459], [12.9597301, 63.1381547], [12.9597635, 63.1382892], [12.9597648, 63.1384739], [12.9598299, 63.1385677], [12.9599079, 63.1386932], [12.9599625, 63.1388773], [12.9599758, 63.1390021], [12.9599781, 63.1391266], [12.9599748, 63.1392615], [12.9599874, 63.1393622], [12.9600107, 63.1394988]]}}, {"type": "Feature", "id": "way/282639263", "properties": {"class:bicycle:mtb": "2", "fixme": "resurvey mtb:scale", "highway": "path", "mtb:name": "Blanktjärnsrundan", "mtb:scale": "1", "surface": "compacted", "@id": "way/282639263", "@type": "way", "osm_id": 282639263}, "geometry": {"type": "LineString", "coordinates": [[12.9600107, 63.1394988], [12.9601733, 63.1396433], [12.9603709, 63.1397404], [12.9606445, 63.1398504], [12.960916, 63.1399409], [12.9611308, 63.1400522], [12.9613125, 63.1401504], [12.9615409, 63.1402691], [12.9617576, 63.1403523], [12.9620302, 63.1404429], [12.9623485, 63.140481], [12.962899, 63.1405228], [12.9631978, 63.1405678], [12.9635701, 63.140586], [12.9638721, 63.1406366], [12.9641788, 63.1407331], [12.964436, 63.1408825], [12.9646093, 63.1409703], [12.9649506, 63.1411007], [12.9652866, 63.1412099], [12.9656174, 63.1413522], [12.9661206, 63.1415415], [12.9665979, 63.1416199], [12.9671032, 63.1416938], [12.9676545, 63.1417412], [12.9686937, 63.1417576]]}}, {"type": "Feature", "id": "way/282639265", "properties": {"class:bicycle:mtb": "0", "highway": "path", "mtb:scale": "1", "name": "Lunndörren-Vålådalen", "piste:grooming": "classic;skating", "piste:type": "nordic", "source": "GPS", "surface": "dirt", "@id": "way/282639265", "@type": "way", "osm_id": 282639265}, "geometry": {"type": "LineString", "coordinates": [[12.9743804, 63.1404889], [12.9748735, 63.1404766], [12.9750682, 63.1404852], [12.9752637, 63.1404647], [12.9755363, 63.140452], [12.9758501, 63.1404534], [12.9760405, 63.1404553], [12.9761993, 63.1404333], [12.9764461, 63.1403655], [12.9767208, 63.1403384], [12.9775104, 63.1401445], [12.9778194, 63.1401561], [12.9780999, 63.1401857], [12.9784033, 63.1401689], [12.9786841, 63.1401296], [12.9791401, 63.1400295], [12.9796014, 63.1399502], [12.9800896, 63.1398465], [12.980313, 63.1398099], [12.9808258, 63.1397692], [12.9817848, 63.1396869], [12.9820908, 63.1396375], [12.9826076, 63.1395322], [12.9828866, 63.1394885], [12.9830821, 63.1394626], [12.9844112, 63.1390587], [12.9846086, 63.1389656], [12.9847932, 63.1388396]]}}, {"type": "Feature", "id": "way/282639272", "properties": {"class:bicycle:mtb": "2", "fixme": "resurvey mtb:scale", "highway": "path", "mtb:name": "Blanktjärnsrundan", "mtb:scale": "1+", "surface": "dirt", "@id": "way/282639272", "@type": "way", "osm_id": 282639272}, "geometry": {"type": "LineString", "coordinates": [[12.9427447, 63.1170041], [12.9426926, 63.1170337], [12.9425312, 63.1170813], [12.9423742, 63.1171424], [12.9421247, 63.1172269], [12.9418845, 63.1173091], [12.9416806, 63.117411], [12.9415801, 63.1174779], [12.9414812, 63.11752], [12.9413228, 63.1175702], [12.9411225, 63.1176895], [12.9409577, 63.117807], [12.9409014, 63.1178813], [12.9408549, 63.1179257], [12.9407605, 63.1179788], [12.9406275, 63.1180609], [12.9405704, 63.1181064], [12.9405292, 63.1181346], [12.9403855, 63.1182264], [12.9401454, 63.1183681], [12.9399266, 63.1185146], [12.9398199, 63.11862], [12.9397961, 63.1186769], [12.9397547, 63.1187115], [12.9396743, 63.1187519], [12.9395797, 63.1187804], [12.9394509, 63.1188417], [12.9393013, 63.118934], [12.9391924, 63.1190224], [12.9391789, 63.1190774], [12.9391985, 63.1191231], [12.9391736, 63.1191666], [12.9391117, 63.1192202], [12.9390646, 63.1192579], [12.9389706, 63.1192728], [12.9387788, 63.1193351], [12.9386364, 63.1194106], [12.9384993, 63.1195011], [12.9383194, 63.1195623], [12.937445, 63.1198032], [12.9370918, 63.1199714], [12.9365773, 63.1202933], [12.936217, 63.1205354], [12.9359633, 63.1206803], [12.9356703, 63.1208092], [12.9354155, 63.1208848], [12.9351125, 63.1210054], [12.9350066, 63.1210769], [12.9349083, 63.1211719], [12.9347819, 63.121285], [12.9347221, 63.1214244], [12.9347088, 63.1215743], [12.9346626, 63.121697], [12.934573, 63.121835], [12.9344082, 63.1219685], [12.9343505, 63.122045], [12.9342346, 63.122188], [12.9341316, 63.1222953], [12.9340249, 63.1223608], [12.9338894, 63.1224025], [12.9338316, 63.1224393], [12.9338026, 63.1224786], [12.933826, 63.1226104], [12.9338759, 63.122739], [12.9338896, 63.1228066], [12.9338488, 63.1229128], [12.9337884, 63.1229681], [12.9336596, 63.1230294], [12.9334895, 63.1230889], [12.9333071, 63.1231464], [12.9331416, 63.1232352], [12.9329757, 63.1233049], [12.9327424, 63.1233706], [12.9324226, 63.123428], [12.9321123, 63.1234784], [12.9318757, 63.1235436], [12.9316631, 63.1236159], [12.9314125, 63.1237103], [12.9311815, 63.1237796], [12.9309878, 63.1238223], [12.9307421, 63.1238911], [12.9303216, 63.12402], [12.930041, 63.1240973], [12.9297464, 63.1241539], [12.9295375, 63.1241858], [12.9293405, 63.1242101], [12.9291758, 63.1242404]]}}, {"type": "Feature", "id": "way/282639274", "properties": {"highway": "path", "surface": "dirt", "@id": "way/282639274", "@type": "way", "osm_id": 282639274}, "geometry": {"type": "LineString", "coordinates": [[12.9291758, 63.1242404], [12.929258, 63.1240941], [12.9294179, 63.1239123], [12.9294846, 63.1237302], [12.9294828, 63.1235974], [12.9295471, 63.1233875], [12.9296722, 63.1230801], [12.9297425, 63.1229212], [12.9297425, 63.1227339], [12.9298368, 63.1225548], [12.9298448, 63.1223621], [12.9298832, 63.122211]]}}, {"type": "Feature", "id": "way/282639277", "properties": {"highway": "path", "surface": "ground", "@id": "way/282639277", "@type": "way", "osm_id": 282639277}, "geometry": {"type": "LineString", "coordinates": [[12.9574193, 63.1391455], [12.9575241, 63.1392139], [12.9577234, 63.1392933], [12.9579363, 63.1393978]]}}, {"type": "Feature", "id": "way/291586153", "properties": {"highway": "path", "@id": "way/291586153", "@type": "way", "osm_id": 291586153}, "geometry": {"type": "LineString", "coordinates": [[12.892743, 63.1525124], [12.8932472, 63.1525552], [12.8935065, 63.1525603], [12.8938953, 63.1525387], [12.8941489, 63.1525565], [12.8944842, 63.1525908], [12.8948533, 63.1526646], [12.8952901, 63.152727], [12.895569, 63.1527461], [12.895941, 63.1527512], [12.8962002, 63.1527435], [12.896637, 63.1527041], [12.8968342, 63.1526914], [12.897085, 63.1526748], [12.8971864, 63.1526596], [12.8975555, 63.1526659], [12.8979979, 63.1526977], [12.898522, 63.152685], [12.8988771, 63.1526417], [12.8991842, 63.1526176], [12.8996801, 63.1525603], [12.9000408, 63.1525781], [12.9005311, 63.1525985], [12.9007616, 63.1526077]]}}, {"type": "Feature", "id": "way/291682493", "properties": {"highway": "path", "lit": "yes", "piste:grooming": "classic;skating", "piste:type": "nordic", "@id": "way/291682493", "@type": "way", "osm_id": 291682493}, "geometry": {"type": "LineString", "coordinates": [[12.9962515, 63.1527523], [12.9966433, 63.1527506], [12.9969598, 63.1527409], [12.9971208, 63.1527046], [12.9972122, 63.1526399], [12.9972551, 63.1525551], [12.9972388, 63.1524599], [12.9971851, 63.1523412], [12.9970617, 63.1522491], [12.9967774, 63.1521256]]}}, {"type": "Feature", "id": "way/291682494", "properties": {"highway": "path", "source": "GPS", "@id": "way/291682494", "@type": "way", "osm_id": 291682494}, "geometry": {"type": "LineString", "coordinates": [[12.9965883, 63.151029], [12.9968096, 63.1511638], [12.9971368, 63.1513673], [12.997507, 63.1515562], [12.9978396, 63.1516531], [12.9981185, 63.1517161], [12.998435, 63.1517646], [12.9987408, 63.1517937], [12.9989661, 63.1517961], [12.9991646, 63.1517719], [12.9993094, 63.1517597], [12.9995404, 63.1517581]]}}, {"type": "Feature", "id": "way/291682607", "properties": {"highway": "path", "lit": "yes", "piste:grooming": "classic;skating", "piste:type": "nordic", "@id": "way/291682607", "@type": "way", "osm_id": 291682607}, "geometry": {"type": "LineString", "coordinates": [[13.0116028, 63.1544442], [13.011621, 63.154498], [13.0115832, 63.1545603], [13.0115457, 63.1546112], [13.0114378, 63.1546609]]}}, {"type": "Feature", "id": "way/291733116", "properties": {"highway": "path", "surface": "dirt", "width": "0.4", "@id": "way/291733116", "@type": "way", "osm_id": 291733116}, "geometry": {"type": "LineString", "coordinates": [[12.9687328, 63.1569002], [12.9685326, 63.1566059], [12.9685496, 63.1560394], [12.9686119, 63.1558507], [12.968707, 63.1556724], [12.9687768, 63.1554519], [12.9686881, 63.1552372], [12.968672, 63.1550895], [12.968613, 63.1548206], [12.968613, 63.1544887], [12.9685326, 63.1543288], [12.9684521, 63.1540696], [12.9684038, 63.1538104], [12.9682643, 63.1535487], [12.9681463, 63.1533259], [12.9680068, 63.1531248], [12.9679823, 63.153029], [12.9679441, 63.1528797], [12.9679065, 63.1526641], [12.9678904, 63.152497], [12.9679065, 63.152308], [12.9677923, 63.1520927], [12.9676172, 63.1518288], [12.9674085, 63.1516242], [12.9671776, 63.151429], [12.9671317, 63.1511985], [12.9671498, 63.1509971], [12.9668401, 63.1507992], [12.9664528, 63.1505915], [12.9662502, 63.1503108], [12.9662274, 63.1501586], [12.9660236, 63.149975], [12.965572, 63.1496156], [12.9655168, 63.1495183]]}}, {"type": "Feature", "id": "way/294349356", "properties": {"highway": "path", "name": "Vålådalen - Vålåstugorna", "sac_scale": "mountain_hiking", "surface": "dirt", "@id": "way/294349356", "@type": "way", "osm_id": 294349356}, "geometry": {"type": "LineString", "coordinates": [[12.880358, 63.1333898], [12.8796426, 63.1333999], [12.8790803, 63.1335751], [12.8788089, 63.1336233], [12.877985, 63.1336058], [12.8774034, 63.1335006], [12.876783, 63.1334043], [12.8761723, 63.1331852], [12.8755131, 63.1329837], [12.8754065, 63.1328654], [12.8749994, 63.1327691], [12.8744178, 63.1326858], [12.8740203, 63.132642], [12.8735938, 63.1324974], [12.8731867, 63.1322565], [12.8731188, 63.1321251], [12.8731188, 63.1320024], [12.8731188, 63.1318885], [12.873051, 63.1317089], [12.8728087, 63.1314548], [12.8723337, 63.1312095], [12.8717618, 63.1306487], [12.8717424, 63.1305085], [12.8720138, 63.1303376], [12.8722847, 63.1301427]]}}, {"type": "Feature", "id": "way/294349357", "properties": {"fixme": "resurvey mtb:scale", "highway": "path", "mtb:scale": "1", "name": "Vålådalen-Stensdalen/Vålåstugorna", "sac_scale": "mountain_hiking", "source": "GPS", "surface": "dirt", "@id": "way/294349357", "@type": "way", "osm_id": 294349357}, "geometry": {"type": "LineString", "coordinates": [[12.8906871, 63.1331706], [12.8907611, 63.1331816], [12.8917492, 63.1330612], [12.8926708, 63.1329556], [12.892936, 63.1329483], [12.8930875, 63.1329205], [12.8933304, 63.1328891], [12.8935817, 63.1328016], [12.8939425, 63.1327193], [12.8948759, 63.1323868], [12.8950554, 63.132305], [12.8951814, 63.1322671], [12.8954737, 63.132097], [12.895868, 63.1320732], [12.8961856, 63.1320616], [12.8966663, 63.1320422], [12.8973529, 63.1321003], [12.8986241, 63.1326217], [12.8987434, 63.1326706], [12.8994472, 63.1329033], [12.9002712, 63.1330584], [12.9006577, 63.1331189], [12.9011638, 63.1331981], [12.901387, 63.1333222], [12.9017303, 63.1334192], [12.9021341, 63.1335586], [12.9022326, 63.1338418], [12.9019908, 63.1342031], [12.9017372, 63.1346675], [12.9017124, 63.1347508], [12.9017045, 63.1350482], [12.9021337, 63.1354361], [12.9025285, 63.1356882], [12.9026513, 63.1357248], [12.9028541, 63.1357726], [12.9033353, 63.1358938], [12.9037044, 63.1359791], [12.9041078, 63.1360954], [12.9046485, 63.1365143], [12.9051635, 63.1370069], [12.9054467, 63.137162], [12.9056527, 63.1373559], [12.9056527, 63.1375886], [12.9058502, 63.1378407], [12.9060218, 63.1379881], [12.9061334, 63.1382867], [12.9063257, 63.1384568], [12.9063394, 63.1384689], [12.9063432, 63.1384707], [12.9067297, 63.1385895], [12.9070089, 63.1387908], [12.9072492, 63.1391786], [12.9074667, 63.13926], [12.9080217, 63.1393919], [12.9083993, 63.1395858], [12.9085195, 63.1401287], [12.9090001, 63.1403033], [12.9091203, 63.1406406], [12.909146, 63.1406725], [12.9093177, 63.1408849], [12.9094636, 63.1409043], [12.9095323, 63.1410013], [12.9099185, 63.1411176], [12.9102619, 63.1412068], [12.910694, 63.1413799], [12.9109571, 63.1414252], [12.9114033, 63.1413722], [12.9117967, 63.141327], [12.912236, 63.1412999], [12.9124906, 63.1412946], [12.9128969, 63.1413256], [12.9131801, 63.1413309], [12.9136635, 63.1413411], [12.9140127, 63.1413619], [12.914768, 63.1413619], [12.9153122, 63.1413825], [12.9156694, 63.1414562], [12.9159033, 63.1415276], [12.91641, 63.1416102], [12.9169309, 63.1416793], [12.9173361, 63.141735], [12.9178579, 63.1418815], [12.9180295, 63.1420095], [12.9183299, 63.1420987], [12.9187687, 63.14216], [12.918802, 63.1421646], [12.9194028, 63.1424089], [12.9196526, 63.1424821], [12.9200036, 63.142436], [12.9204156, 63.1423585], [12.9209478, 63.1422809], [12.9214628, 63.1423391], [12.9219348, 63.1424244], [12.9221923, 63.1425019], [12.9227674, 63.1425407], [12.923131, 63.1425798], [12.9233607, 63.1426415], [12.9238885, 63.1428412], [12.9242254, 63.1429527], [12.9247351, 63.14318], [12.9263122, 63.1437544], [12.9265268, 63.1438707], [12.9269559, 63.1440762], [12.9270997, 63.1441227]]}}, {"type": "Feature", "id": "way/294349359", "properties": {"highway": "path", "sac_scale": "mountain_hiking", "@id": "way/294349359", "@type": "way", "osm_id": 294349359}, "geometry": {"type": "LineString", "coordinates": [[12.8145193, 63.0916652], [12.8145367, 63.0915821], [12.8145189, 63.0914118], [12.8143559, 63.0912363], [12.8143099, 63.0910281], [12.8142684, 63.090837], [12.8137372, 63.0904523], [12.813148, 63.0900959], [12.8130852, 63.0900525], [12.8127344, 63.0894291], [12.8127084, 63.089288], [12.8127405, 63.0891317], [12.8127908, 63.0889396], [12.8128473, 63.0888354], [12.8128412, 63.0887474], [12.8129553, 63.0884824], [12.8127423, 63.0880207], [12.8125525, 63.0873709], [12.8124347, 63.0870588], [12.8123706, 63.086771], [12.8121205, 63.086426], [12.8117989, 63.0862064], [12.8116374, 63.0860509], [12.811526, 63.085854], [12.8113543, 63.0856946], [12.8110713, 63.0853301], [12.8110202, 63.0851913], [12.8108341, 63.0851248], [12.8108566, 63.0850671], [12.8108987, 63.0850567], [12.810888, 63.0849265], [12.8106036, 63.0840597], [12.8105766, 63.0839195], [12.8104993, 63.0837821], [12.8104224, 63.0836743], [12.8105251, 63.0835564], [12.8105488, 63.0833094], [12.8103992, 63.0830638], [12.8101361, 63.0825003], [12.8100156, 63.0824259], [12.8099289, 63.081953], [12.8098799, 63.0818352], [12.8099586, 63.081688], [12.8096971, 63.081364], [12.809322, 63.0809825], [12.8093396, 63.0808034], [12.809395, 63.0806614], [12.8094112, 63.0802204], [12.8089747, 63.0795002], [12.8090916, 63.0787599], [12.8090463, 63.0785313], [12.8086439, 63.0784176], [12.8082416, 63.0783038], [12.8080032, 63.078075], [12.8074745, 63.0778921], [12.8075254, 63.0777834], [12.8071628, 63.0776401], [12.8070329, 63.077493], [12.8063118, 63.0772342], [12.8062598, 63.0771577], [12.8063053, 63.0770489], [12.8062728, 63.0769047], [12.8062988, 63.0768341], [12.80598, 63.0766515], [12.8056171, 63.0765173], [12.8054348, 63.076034], [12.8054154, 63.0758161], [12.8051537, 63.0755484], [12.8046388, 63.0753151], [12.8040293, 63.0749163], [12.8039765, 63.0744578], [12.8040246, 63.0743392], [12.8041988, 63.0742777], [12.8039926, 63.0739777], [12.8039465, 63.0738591], [12.8036903, 63.0735857], [12.8034404, 63.0732952], [12.8032996, 63.0732051], [12.8032344, 63.0731341], [12.8030895, 63.0730187], [12.8030622, 63.0729413], [12.8030571, 63.0727568], [12.8028037, 63.0724891], [12.8026348, 63.0721802], [12.8024638, 63.0719724], [12.8023117, 63.0718502], [12.8020503, 63.0718078], [12.8019527, 63.0717654], [12.8015954, 63.0715447], [12.8014302, 63.0714173], [12.8013489, 63.071287], [12.8010367, 63.0710593], [12.8008613, 63.0708327], [12.8006794, 63.0702384], [12.8005881, 63.06989], [12.8006075, 63.0695914], [12.8004565, 63.0695012], [12.8004, 63.0693282], [12.8003002, 63.0692179], [12.8003264, 63.0690734], [12.8008304, 63.0685948], [12.8007819, 63.0682567], [12.8007672, 63.0681628], [12.8009063, 63.0680423], [12.8006866, 63.067865], [12.8006761, 63.0677125], [12.8007411, 63.0675999], [12.8006718, 63.0674886], [12.800456, 63.0672488], [12.8002253, 63.0670566], [12.8000847, 63.0669077], [12.7999388, 63.0669103], [12.7999, 63.0668173], [12.7999337, 63.0665511], [12.7996795, 63.0662874], [12.7995168, 63.0661792], [12.7995176, 63.0660299], [12.7992745, 63.0657872], [12.7994178, 63.0655926], [12.7994178, 63.0653928], [12.799356, 63.0651755]]}}, {"type": "Feature", "id": "way/294349361", "properties": {"highway": "path", "sac_scale": "mountain_hiking", "@id": "way/294349361", "@type": "way", "osm_id": 294349361}, "geometry": {"type": "LineString", "coordinates": [[12.8145713, 63.0923037], [12.8145605, 63.0923844], [12.8145944, 63.0924832], [12.8147292, 63.0926062], [12.8148253, 63.092895], [12.8146139, 63.0931897], [12.8143234, 63.0935202], [12.8142514, 63.0937135], [12.8143425, 63.0938765], [12.8142254, 63.094127], [12.8140822, 63.094231], [12.8141268, 63.0943325], [12.8143054, 63.0944078], [12.8143735, 63.0945183], [12.8143579, 63.094677], [12.8141413, 63.0947961], [12.814109, 63.0949224], [12.8142375, 63.0950629], [12.8142955, 63.0951643], [12.8144273, 63.0952484], [12.8144965, 63.0953446], [12.8146796, 63.0956365], [12.8145851, 63.0958425], [12.8145353, 63.0958847], [12.8145945, 63.0961019], [12.8144442, 63.0962165], [12.8143715, 63.0962522], [12.8144401, 63.0963693], [12.8145177, 63.0964289], [12.8145944, 63.0965125], [12.8145944, 63.0966683], [12.8145814, 63.0967576], [12.8146623, 63.0968874], [12.8145278, 63.0971949], [12.8143574, 63.0973986], [12.814279, 63.0974937], [12.8140565, 63.0975703], [12.8138959, 63.0977217], [12.8139062, 63.0977867], [12.8135281, 63.097938], [12.8135087, 63.0980214], [12.8136784, 63.0982012], [12.8138868, 63.0983021], [12.8140837, 63.0983494], [12.8143394, 63.0983759], [12.8148222, 63.0985959], [12.8149628, 63.0986683], [12.8150161, 63.0988152], [12.8151421, 63.0988854], [12.8153214, 63.0989556], [12.8155104, 63.099063], [12.8156704, 63.0991946], [12.8160334, 63.0993357], [12.8161799, 63.0994332], [12.8162031, 63.0996282], [12.8164071, 63.0998393], [12.8165477, 63.1000125], [12.8164556, 63.1002121], [12.816504, 63.1003678], [12.8165089, 63.1005805], [12.8163926, 63.1009072], [12.8162908, 63.1010804], [12.8162035, 63.1011747], [12.8162908, 63.1014115], [12.8164507, 63.1014948], [12.8165573, 63.1015891], [12.8165428, 63.1016768], [12.8164102, 63.1017777], [12.8163788, 63.1018847], [12.8164653, 63.1019882], [12.8165864, 63.1021592], [12.8167464, 63.1022974], [12.8170275, 63.1025079], [12.8172747, 63.1026197], [12.8174201, 63.1026613], [12.8175897, 63.1028302], [12.8175752, 63.1029508], [12.8179677, 63.1032468], [12.8183216, 63.1034682], [12.8183846, 63.1034989], [12.818404, 63.1036085], [12.8185397, 63.1037335], [12.8186269, 63.1038015], [12.8188014, 63.1040405], [12.8188595, 63.1042246], [12.8189274, 63.104411], [12.8190098, 63.1045338], [12.8195769, 63.1048232], [12.8197417, 63.1049526], [12.8199713, 63.105062], [12.8201924, 63.1051674], [12.8203927, 63.1055107], [12.8205656, 63.1057353], [12.8206868, 63.1059041], [12.820774, 63.1061189], [12.8206898, 63.1064549], [12.8207304, 63.1065355], [12.8207758, 63.1065966], [12.820774, 63.1066648], [12.8205572, 63.1068732], [12.8204977, 63.1069564], [12.8205947, 63.1070594], [12.8206674, 63.1071822], [12.8204977, 63.1075505], [12.8205462, 63.1078728], [12.8204977, 63.1080438], [12.8205559, 63.1081884], [12.8207255, 63.1083726], [12.8206789, 63.1087216], [12.820827, 63.1088069], [12.8210133, 63.1088819], [12.8211327, 63.1089711], [12.8213702, 63.109142], [12.8216028, 63.1093108], [12.8216949, 63.1094204], [12.8219905, 63.1097493], [12.822262, 63.1099137], [12.822262, 63.110054], [12.8221036, 63.1102261], [12.8221456, 63.110385], [12.822262, 63.1105318], [12.822228, 63.1107182], [12.8223114, 63.1108404], [12.8222959, 63.1109308], [12.8222765, 63.1109922], [12.8224607, 63.1111478], [12.8226933, 63.111253], [12.8228964, 63.1113051], [12.8229558, 63.11132], [12.8233088, 63.1116563], [12.8236637, 63.1119361], [12.8237456, 63.1120233], [12.8238886, 63.1120451], [12.8244555, 63.1121136], [12.8245432, 63.1121042], [12.8246552, 63.1121611], [12.8246902, 63.1122153], [12.8247774, 63.1123512], [12.8249471, 63.1125024], [12.8252082, 63.1126203], [12.8255605, 63.1128021], [12.8255879, 63.1128741], [12.8255499, 63.1129826], [12.825582, 63.1130394], [12.8256983, 63.11316], [12.8257361, 63.1132645], [12.8257759, 63.1134471], [12.8264156, 63.1138614], [12.8266628, 63.1140498], [12.8267985, 63.1141901], [12.8271814, 63.1142997], [12.8276394, 63.1143395], [12.8277545, 63.1144002], [12.8279635, 63.114476], [12.8281369, 63.1145036], [12.8282865, 63.1145298], [12.8289165, 63.114497], [12.8297211, 63.1144487], [12.8304505, 63.1144392], [12.8308116, 63.1144399], [12.8312203, 63.1144375], [12.8315144, 63.1144729], [12.8322519, 63.1144301], [12.8325177, 63.1143983], [12.8329248, 63.114337], [12.8334919, 63.1144049], [12.8340832, 63.1144707], [12.8343541, 63.1145655], [12.8347925, 63.1147923], [12.8351446, 63.1150186], [12.835702, 63.1151413], [12.8362448, 63.1152465], [12.8368943, 63.1153495], [12.8375396, 63.1154283], [12.8382195, 63.1155758], [12.838526, 63.1155973], [12.8388793, 63.1156358], [12.839077, 63.115632], [12.8402151, 63.115752], [12.84075, 63.1157704], [12.8410182, 63.1158129], [12.8419301, 63.1161078], [12.8421486, 63.1161387], [12.842373, 63.1162152], [12.8425736, 63.116289], [12.8427298, 63.1164673], [12.8432484, 63.1166426], [12.8434454, 63.1167339], [12.8437163, 63.1167866], [12.8438154, 63.116842], [12.8441596, 63.1169735], [12.844746, 63.1170963], [12.8452549, 63.1171554], [12.8460515, 63.117242], [12.8467332, 63.1173154], [12.8469961, 63.1172845], [12.8475087, 63.1171664], [12.8480041, 63.1171181], [12.8483684, 63.1171133], [12.848827, 63.1171401], [12.8491116, 63.117183], [12.8494124, 63.1171966], [12.8500247, 63.1172165], [12.8504014, 63.1173368], [12.8504572, 63.1174084], [12.8504846, 63.1174995], [12.8504433, 63.1176686], [12.850407, 63.1177778], [12.8505427, 63.1182643], [12.8505136, 63.1185821], [12.8503682, 63.1190445], [12.8503585, 63.1195792], [12.8503379, 63.1196884], [12.8502471, 63.119783], [12.850092, 63.1200503], [12.8499919, 63.120219], [12.8500047, 63.1203987], [12.8502616, 63.1206135], [12.8504261, 63.1209631], [12.8505379, 63.1211394], [12.8508437, 63.1212865], [12.851071, 63.1213804], [12.8510869, 63.1214696], [12.8510744, 63.1215558], [12.8511516, 63.121677], [12.8512417, 63.1217289], [12.8514318, 63.1218011], [12.8515605, 63.1218055], [12.8519337, 63.1218997], [12.8522784, 63.1219822], [12.8526672, 63.1219937], [12.853307, 63.1219168], [12.8538698, 63.1218708], [12.854139, 63.121869], [12.85474, 63.1219041], [12.8553652, 63.1219414], [12.8557433, 63.1220553], [12.8561698, 63.122235], [12.856417, 63.122384], [12.8568823, 63.1224059], [12.8572991, 63.1224278], [12.8575753, 63.1224607], [12.8584526, 63.1225483], [12.8590148, 63.1227236], [12.8596207, 63.1227696], [12.8602265, 63.1228332], [12.8607742, 63.12298], [12.861128, 63.1231268], [12.8613703, 63.1234401], [12.8617435, 63.1236811], [12.8619326, 63.1238082], [12.8625384, 63.1240864], [12.8628874, 63.1242595], [12.8637259, 63.1246276], [12.8639488, 63.1246473], [12.8641669, 63.1247437], [12.8642576, 63.1248156], [12.8643372, 63.1249004], [12.864395, 63.1250182], [12.8646198, 63.1251835], [12.8647529, 63.1253156], [12.8651284, 63.1255593], [12.8652759, 63.1255294], [12.8654901, 63.1254602], [12.8665612, 63.1253988], [12.8668423, 63.1253978], [12.8674202, 63.1253684], [12.8675857, 63.1254514], [12.8676856, 63.1257297], [12.8678117, 63.1259641], [12.8678795, 63.1261196], [12.8685678, 63.126422], [12.8692705, 63.1266235], [12.8695904, 63.1266783], [12.8699636, 63.126801], [12.8709475, 63.127329], [12.8713013, 63.1275437], [12.8714079, 63.1277386], [12.8713789, 63.1280672], [12.8716309, 63.1282973], [12.8718054, 63.1284528], [12.8721204, 63.128696], [12.8723579, 63.129064], [12.8725227, 63.1292524], [12.8726826, 63.1294517], [12.8726051, 63.1297256], [12.8725536, 63.1297825]]}}, {"type": "Feature", "id": "way/294633349", "properties": {"depth": "0.5", "ford": "yes", "highway": "path", "name": "Gåsen-Vålåstugorna", "sac_scale": "mountain_hiking", "source": "local_knowledge", "surface": "ground", "@id": "way/294633349", "@type": "way", "osm_id": 294633349}, "geometry": {"type": "LineString", "coordinates": [[12.6775742, 63.0381862], [12.6773743, 63.0380914], [12.6772598, 63.0380401]]}}, {"type": "Feature", "id": "way/294633352", "properties": {"highway": "path", "name": "Gåsen-Vålåstugorna", "sac_scale": "mountain_hiking", "source": "local_knowledge", "surface": "ground", "@id": "way/294633352", "@type": "way", "osm_id": 294633352}, "geometry": {"type": "LineString", "coordinates": [[12.6772598, 63.0380401], [12.6771211, 63.038029]]}}, {"type": "Feature", "id": "way/294633354", "properties": {"highway": "path", "name": "Gåsen-Vålåstugorna", "sac_scale": "mountain_hiking", "source": "local_knowledge", "surface": "ground", "trail_visibility": "good", "@id": "way/294633354", "@type": "way", "osm_id": 294633354}, "geometry": {"type": "LineString", "coordinates": [[12.6692456, 63.0362418], [12.6680024, 63.0357753], [12.6664221, 63.0362027], [12.6633217, 63.0364247], [12.6622726, 63.036763], [12.6620734, 63.0370642], [12.6612254, 63.0372904], [12.6603984, 63.0377446], [12.6594985, 63.0380313], [12.6576293, 63.0380629], [12.6560409, 63.0379222], [12.6550156, 63.0379762], [12.6540439, 63.0381615], [12.6533439, 63.0384583], [12.6524117, 63.0386655], [12.6516642, 63.0389998], [12.6503803, 63.0391784], [12.6493765, 63.0391249], [12.64868, 63.0389769], [12.6482426, 63.0390752], [12.6482514, 63.0392273], [12.6469033, 63.0397639], [12.6463713, 63.0400832], [12.6457526, 63.0401105], [12.645633, 63.0404441], [12.6437398, 63.041276], [12.641691, 63.0420805], [12.6395575, 63.0426348], [12.6366265, 63.0438713], [12.6332845, 63.0447629], [12.631604, 63.0447587], [12.6299783, 63.0450056], [12.6270948, 63.0453089], [12.6238411, 63.0458096], [12.6200643, 63.0463177]]}}, {"type": "Feature", "id": "way/296188832", "properties": {"highway": "track", "operator": "Vålådalens Fjällstation", "piste:grooming": "classic;skating", "piste:type": "nordic", "smoothness": "bad", "surface": "gravel", "tracktype": "grade2", "@id": "way/296188832", "@type": "way", "osm_id": 296188832}, "geometry": {"type": "LineString", "coordinates": [[12.9687328, 63.1569002], [12.9686212, 63.1570145], [12.9680253, 63.1576246], [12.9676186, 63.1580771], [12.9674961, 63.1582682], [12.9674143, 63.1584373], [12.9672709, 63.1588022], [12.9671599, 63.1592186], [12.9671034, 63.1594652], [12.966904, 63.15993], [12.9663613, 63.1606411], [12.9661899, 63.1608774], [12.9659804, 63.161166], [12.9656276, 63.1616056], [12.9645327, 63.1629939], [12.964201, 63.1634765], [12.9637683, 63.1639222], [12.9634826, 63.1641713], [12.9634483, 63.1642007], [12.9633312, 63.1643008], [12.9627404, 63.1646985], [12.9622555, 63.1649693], [12.9621133, 63.1650487], [12.9614433, 63.1654462], [12.9608042, 63.1657995], [12.9605251, 63.1659016], [12.9596968, 63.1661397]]}}, {"type": "Feature", "id": "way/296188833", "properties": {"highway": "path", "lit": "yes", "operator": "Vålådalens Fjällstation", "piste:grooming": "classic;skating", "piste:type": "nordic", "surface": "asphalt", "@id": "way/296188833", "@type": "way", "osm_id": 296188833}, "geometry": {"type": "LineString", "coordinates": [[12.9802838, 63.1495834], [12.9800677, 63.1495025], [12.9798109, 63.149422], [12.9795159, 63.1493397], [12.979355, 63.1493275], [12.9792423, 63.1493324], [12.9790385, 63.149359], [12.9787863, 63.149422], [12.9786093, 63.1494632], [12.9784591, 63.1494778], [12.9782606, 63.1494778], [12.9779763, 63.149456], [12.9776115, 63.149422], [12.9773165, 63.1494027], [12.9768015, 63.1494002], [12.9763187, 63.1493905], [12.9760612, 63.1493663], [12.9757393, 63.1493033], [12.9753263, 63.1492476], [12.975101, 63.1492306], [12.9749454, 63.1492379], [12.9747255, 63.1492767], [12.9745163, 63.1493324], [12.974248, 63.1493833], [12.9739227, 63.1494197], [12.9735958, 63.1494532], [12.9732629, 63.1494733], [12.9729615, 63.1494623], [12.9726798, 63.1494292], [12.9724778, 63.1493554], [12.9723197, 63.1492617], [12.9721453, 63.1491678]]}}, {"type": "Feature", "id": "way/296191364", "properties": {"ford": "yes", "highway": "path", "@id": "way/296191364", "@type": "way", "osm_id": 296191364}, "geometry": {"type": "LineString", "coordinates": [[12.9298832, 63.122211], [12.9297121, 63.1220389], [12.9295177, 63.1218434]]}}, {"type": "Feature", "id": "way/296191365", "properties": {"highway": "path", "surface": "dirt", "@id": "way/296191365", "@type": "way", "osm_id": 296191365}, "geometry": {"type": "LineString", "coordinates": [[12.9295177, 63.1218434], [12.9297304, 63.1213063], [12.9292646, 63.1206273], [12.9292391, 63.1205902], [12.9285273, 63.1198971], [12.9284764, 63.1198475], [12.9282472, 63.1194946], [12.9279338, 63.119012], [12.9274747, 63.1185472], [12.9272835, 63.1178676], [12.9269658, 63.1172381], [12.9267828, 63.1169525], [12.9264452, 63.1164258], [12.9265393, 63.1160588], [12.9265964, 63.1158964], [12.9265508, 63.1157161], [12.9266334, 63.1153735], [12.9266872, 63.1150729], [12.9270245, 63.1145456], [12.9263352, 63.1138791], [12.9252865, 63.1121878], [12.9254479, 63.1114383], [12.9251692, 63.1108181], [12.9251985, 63.110241], [12.9250665, 63.1097601], [12.9247072, 63.109465], [12.9236806, 63.1091233], [12.9235287, 63.1090447], [12.9234019, 63.1089874], [12.9231472, 63.1089293], [12.923006, 63.1088481], [12.9228666, 63.1086955], [12.9220453, 63.1084733], [12.9217447, 63.1082544], [12.9202196, 63.1079901], [12.9185621, 63.1075213], [12.9182981, 63.107392], [12.9180488, 63.1073887], [12.9176382, 63.107581], [12.9171029, 63.107916], [12.9164722, 63.1084633], [12.9159149, 63.1087154], [12.9146611, 63.1089923], [12.9139444, 63.1091397], [12.9130843, 63.1094119], [12.9126386, 63.1096492], [12.9119002, 63.1099295], [12.9109651, 63.1101714], [12.9104202, 63.110316], [12.9098358, 63.1105429], [12.9093372, 63.1105893], [12.9086438, 63.1105304], [12.9081639, 63.11045], [12.9075846, 63.1102709], [12.9071372, 63.1101814], [12.9064113, 63.1098961], [12.90537, 63.1092461], [12.904864, 63.1088149]]}}, {"type": "Feature", "id": "way/320432337", "properties": {"highway": "path", "operator": "Vålådalens Fjällstation", "piste:grooming": "classic;skating", "piste:type": "nordic", "source": "survey", "@id": "way/320432337", "@type": "way", "osm_id": 320432337}, "geometry": {"type": "LineString", "coordinates": [[12.9663397, 63.1613622], [12.9667833, 63.1615497], [12.9674456, 63.1616122], [12.9681771, 63.1616167], [12.9688839, 63.1615988], [12.9692388, 63.1615721]]}}, {"type": "Feature", "id": "way/325753780", "properties": {"highway": "path", "piste:grooming": "scooter", "piste:type": "nordic", "source": "survey", "@id": "way/325753780", "@type": "way", "osm_id": 325753780}, "geometry": {"type": "LineString", "coordinates": [[12.962488, 63.1553033], [12.9619223, 63.1554263], [12.9612287, 63.1559377], [12.9599752, 63.1569243], [12.9585254, 63.1578533], [12.9582552, 63.1580223], [12.9568516, 63.1594238], [12.9561201, 63.1604592], [12.9564562, 63.1614321], [12.9574842, 63.1624496], [12.9585248, 63.1630042], [12.9591251, 63.1633242], [12.9604694, 63.1641543], [12.9604694, 63.1649128], [12.960509, 63.1655108], [12.9602915, 63.1658142], [12.9596968, 63.1661397]]}}, {"type": "Feature", "id": "way/325753783", "properties": {"highway": "path", "operator": "Vålådalens Fjällstation", "piste:grooming": "classic;skating", "piste:type": "nordic", "@id": "way/325753783", "@type": "way", "osm_id": 325753783}, "geometry": {"type": "LineString", "coordinates": [[12.9659804, 63.161166], [12.9662001, 63.161311], [12.9663397, 63.1613622]]}}, {"type": "Feature", "id": "way/371911006", "properties": {"highway": "path", "surface": "dirt", "@id": "way/371911006", "@type": "way", "osm_id": 371911006}, "geometry": {"type": "LineString", "coordinates": [[12.9323172, 63.1194364], [12.9321772, 63.1194575], [12.932038, 63.1194938], [12.931759, 63.1194945], [12.9311681, 63.1193347], [12.9307982, 63.119237], [12.9298887, 63.1190814], [12.9295626, 63.1190553], [12.9294169, 63.1190436], [12.929002, 63.119057], [12.9284833, 63.1189176], [12.9278993, 63.1187208], [12.9274747, 63.1185472]]}}, {"type": "Feature", "id": "way/371924103", "properties": {"class:bicycle:mtb": "2", "fixme": "resurvey mtb:scale", "highway": "path", "mtb:name": "Bäverkroken", "mtb:scale": "1", "piste:grooming": "backcountry", "piste:type": "nordic", "@id": "way/371924103", "@type": "way", "osm_id": 371924103}, "geometry": {"type": "LineString", "coordinates": [[13.0705731, 63.1567225], [13.0711471, 63.1561864], [13.0712275, 63.155894], [13.0713348, 63.1555598], [13.0713241, 63.1552739], [13.0711846, 63.1549638], [13.0708762, 63.1546654], [13.0708735, 63.1544503], [13.0708198, 63.1543195], [13.0708154, 63.1540382]]}}, {"type": "Feature", "id": "way/371924105", "properties": {"class:bicycle:mtb": "2", "highway": "path", "mtb:scale": "2+", "piste:grooming": "backcountry", "piste:type": "nordic", "surface": "dirt", "@id": "way/371924105", "@type": "way", "osm_id": 371924105}, "geometry": {"type": "LineString", "coordinates": [[13.074947, 63.1501408], [13.0751007, 63.1499189], [13.0752871, 63.1497755], [13.0758289, 63.1495911], [13.0761086, 63.1494761], [13.0762598, 63.1492861], [13.0762925, 63.1490721], [13.0764714, 63.1486077], [13.0765218, 63.1483904], [13.0764034, 63.1479465], [13.0764462, 63.1475094], [13.0763606, 63.1473683], [13.0759272, 63.1471236], [13.0759171, 63.1468663], [13.0760028, 63.1465863], [13.0758768, 63.1461709], [13.0758843, 63.145801], [13.0757155, 63.1454128]]}}, {"type": "Feature", "id": "way/371924106", "properties": {"highway": "path", "mtb:name": "Kyrkstenen", "mtb:scale": "1", "sac_scale": "mountain_hiking", "@id": "way/371924106", "@type": "way", "osm_id": 371924106}, "geometry": {"type": "LineString", "coordinates": [[12.893824, 63.1618321], [12.894229, 63.1616424], [12.8946903, 63.1614704], [12.8949249, 63.1613305], [12.8953879, 63.1608966], [12.8956042, 63.1608661], [12.8958571, 63.1608438], [12.8963582, 63.1609281], [12.8968184, 63.1610136], [12.8974136, 63.1609549], [12.898483, 63.1609257], [12.8993045, 63.1609227], [12.9001194, 63.1609624], [12.9008778, 63.1608], [12.9018437, 63.1601185], [12.9020879, 63.1597907], [12.902485, 63.1593767], [12.903831, 63.1585206], [12.9046119, 63.1582759], [12.9049369, 63.1580732], [12.9051544, 63.1578559], [12.9056132, 63.1571039]]}}, {"type": "Feature", "id": "way/371924107", "properties": {"fixme": "resurvey mtb:scale", "highway": "path", "mtb:scale": "1", "@id": "way/371924107", "@type": "way", "osm_id": 371924107}, "geometry": {"type": "LineString", "coordinates": [[13.0713241, 63.1552739], [13.0747459, 63.1548908], [13.0753454, 63.1547635], [13.0763681, 63.1541902], [13.0775318, 63.1539672], [13.0784487, 63.1537124], [13.0795772, 63.1535531], [13.0805293, 63.1532665], [13.0814109, 63.153155], [13.081552, 63.152948], [13.0819752, 63.1527887], [13.0825394, 63.1524702], [13.0832799, 63.1524861], [13.0841968, 63.1522313], [13.0846553, 63.1520243], [13.0855369, 63.1519924], [13.0858895, 63.151865], [13.0869827, 63.1517057], [13.0879701, 63.1516898], [13.0889223, 63.151419], [13.0909676, 63.1513713], [13.0935066, 63.1513076], [13.095023, 63.1511164], [13.0960457, 63.1509094], [13.0964525, 63.1507647]]}}, {"type": "Feature", "id": "way/371924109", "properties": {"fixme": "resurvey mtb:scale", "highway": "path", "mtb:name": "Bäverkroken", "mtb:scale": "1", "@id": "way/371924109", "@type": "way", "osm_id": 371924109}, "geometry": {"type": "LineString", "coordinates": [[13.0964525, 63.1507647], [13.0973739, 63.1508848], [13.0990394, 63.1513089], [13.1005987, 63.151781], [13.1022643, 63.1520531], [13.1026895, 63.1523092], [13.1044082, 63.1524132], [13.1046386, 63.1525172], [13.1049221, 63.1525653], [13.1053886, 63.1527546], [13.1056663, 63.1528053], [13.1069066, 63.1532854], [13.1069952, 63.1534455], [13.1074913, 63.1536535], [13.1076153, 63.1539896], [13.1081114, 63.1544217], [13.1080937, 63.1547257], [13.1082886, 63.1550458], [13.1090505, 63.1553338], [13.1091569, 63.1555019], [13.1091923, 63.1557899], [13.1098833, 63.156094], [13.1099365, 63.15631], [13.1102023, 63.156518], [13.110344, 63.1569341], [13.1109819, 63.1570941], [13.1113717, 63.1570861]]}}, {"type": "Feature", "id": "way/371924110", "properties": {"fixme": "resurvey mtb:scale", "highway": "path", "mtb:name": "Bäverkroken", "mtb:scale": "2", "surface": "dirt", "@id": "way/371924110", "@type": "way", "osm_id": 371924110}, "geometry": {"type": "LineString", "coordinates": [[13.1131613, 63.1578542], [13.1132499, 63.1582222], [13.1131259, 63.1584302], [13.113179, 63.1588302], [13.1128069, 63.1594382], [13.1127319, 63.1594788], [13.1123639, 63.1596782], [13.1116198, 63.1599342], [13.110787, 63.1603822], [13.1105212, 63.1608542], [13.1102731, 63.1609902], [13.1102554, 63.1612462], [13.1101314, 63.1614382], [13.1090151, 63.1620062], [13.1088025, 63.1622462], [13.1083064, 63.1625501], [13.1078634, 63.163846], [13.1072787, 63.1642779], [13.1069597, 63.1647819], [13.1071015, 63.1650698], [13.1070129, 63.1653338], [13.1071369, 63.1657177], [13.1068711, 63.1661976], [13.1066231, 63.1664376], [13.1069597, 63.1669174], [13.1066585, 63.1674453], [13.106375, 63.1676533], [13.1060384, 63.1679092], [13.1059675, 63.1681491], [13.106251, 63.1692688], [13.1070306, 63.1700925], [13.1074736, 63.1704204], [13.1084835, 63.1709002], [13.1090683, 63.1713321], [13.1101137, 63.1716439], [13.1105921, 63.1719318], [13.1113894, 63.1721557], [13.1117261, 63.1722917], [13.1121159, 63.1725876], [13.1122754, 63.1729314], [13.1122931, 63.1733312], [13.1128246, 63.1736751], [13.1137283, 63.173851], [13.1140118, 63.1740109], [13.1144725, 63.1741149], [13.1153584, 63.1745307], [13.1160494, 63.1746906], [13.1167405, 63.1746986], [13.1172898, 63.1747865], [13.1182466, 63.1752343], [13.1193451, 63.1754502], [13.119735, 63.175698], [13.1201602, 63.175794], [13.1205677, 63.17577], [13.1210816, 63.1756901], [13.1214891, 63.1756901], [13.122694, 63.1760179], [13.1233141, 63.1763777]]}}, {"type": "Feature", "id": "way/371924522", "properties": {"fixme": "resurvey mtb:scale", "highway": "path", "mtb:scale": "1", "surface": "dirt", "@id": "way/371924522", "@type": "way", "osm_id": 371924522}, "geometry": {"type": "LineString", "coordinates": [[13.0943025, 63.0874252], [13.0951654, 63.0867562], [13.0955533, 63.0860618], [13.0958354, 63.0858782], [13.0958707, 63.0855829], [13.0964878, 63.0853355], [13.0974047, 63.0847848], [13.097722, 63.0843937], [13.0993089, 63.0836833], [13.0997145, 63.083388], [13.099785, 63.0832044], [13.0999219, 63.0830104]]}}, {"type": "Feature", "id": "way/371924523", "properties": {"access": "no", "class:bicycle:mtb": "2", "highway": "path", "mtb:scale": "1", "@id": "way/371924523", "@type": "way", "osm_id": 371924523}, "geometry": {"type": "LineString", "coordinates": [[13.1015444, 63.0905821], [13.1032649, 63.0899501], [13.104387, 63.0897469], [13.1052348, 63.0897244], [13.105933, 63.0894761], [13.1070053, 63.0893632], [13.1083269, 63.0892842], [13.1102469, 63.0888554], [13.1108454, 63.0884829], [13.1117929, 63.0883136], [13.1128402, 63.0879637], [13.1141369, 63.0877606], [13.1147354, 63.0875574], [13.1150484, 63.0873462]]}}, {"type": "Feature", "id": "way/371924524", "properties": {"fixme": "resurvey mtb:scale", "highway": "path", "mtb:scale": "1", "@id": "way/371924524", "@type": "way", "osm_id": 371924524}, "geometry": {"type": "LineString", "coordinates": [[13.097722, 63.0843937], [13.0982334, 63.0844336], [13.0985684, 63.0845772], [13.0989034, 63.084665], [13.0993266, 63.0845693], [13.0998379, 63.0846491], [13.1001377, 63.0848247], [13.1009487, 63.0850003], [13.1015659, 63.0852158], [13.1032938, 63.0860778], [13.1044576, 63.0867242], [13.1048631, 63.0869956], [13.1056211, 63.0872094], [13.1062737, 63.0874505], [13.1073669, 63.0875223], [13.1092183, 63.0875543]]}}, {"type": "Feature", "id": "way/371924525", "properties": {"class:bicycle:mtb": "2", "highway": "path", "mtb:scale": "1", "@id": "way/371924525", "@type": "way", "osm_id": 371924525}, "geometry": {"type": "LineString", "coordinates": [[13.0915405, 63.0912978], [13.0922184, 63.0912253], [13.0925924, 63.0911125], [13.0931659, 63.0910335], [13.0947618, 63.0908529], [13.095086, 63.0908868], [13.0967816, 63.0908416], [13.0970559, 63.0909319], [13.0973302, 63.091451], [13.0979037, 63.0913833], [13.098178, 63.0908304], [13.0991007, 63.0902774], [13.0995994, 63.0900742], [13.099749, 63.0898147], [13.1014945, 63.0890359], [13.1020431, 63.0888779], [13.1046863, 63.0885506], [13.1058333, 63.0883813]]}}, {"type": "Feature", "id": "way/371924526", "properties": {"fixme": "resurvey mtb:scale", "highway": "path", "mtb:scale": "1", "@id": "way/371924526", "@type": "way", "osm_id": 371924526}, "geometry": {"type": "LineString", "coordinates": [[13.0993089, 63.0836833], [13.0997497, 63.0837711], [13.0999966, 63.0837232], [13.1004727, 63.0837232], [13.1008253, 63.0836354], [13.1010758, 63.0835652]]}}, {"type": "Feature", "id": "way/371924527", "properties": {"class:bicycle:mtb": "2", "highway": "path", "mtb:scale": "1", "@id": "way/371924527", "@type": "way", "osm_id": 371924527}, "geometry": {"type": "LineString", "coordinates": [[13.1058333, 63.0883813], [13.1066312, 63.0883926], [13.1070552, 63.0882233], [13.1074292, 63.0883362], [13.1080027, 63.088291], [13.1083518, 63.0881217], [13.1087508, 63.0878734], [13.1092183, 63.0875543]]}}, {"type": "Feature", "id": "way/372981800", "properties": {"highway": "path", "name": "Lunndörren-Vålådalen", "source": "GPS", "surface": "dirt", "@id": "way/372981800", "@type": "way", "osm_id": 372981800}, "geometry": {"type": "LineString", "coordinates": [[13.0272652, 63.1068423], [13.0273695, 63.1068335], [13.0278501, 63.1068102], [13.0279789, 63.1067481], [13.0282106, 63.106686], [13.0283737, 63.1066277], [13.0284853, 63.1065889], [13.0287943, 63.106488], [13.0290346, 63.1063831], [13.0304851, 63.1059444], [13.0308628, 63.105793], [13.0310945, 63.1055989], [13.0313864, 63.105397], [13.0316439, 63.105164], [13.0319013, 63.1049738], [13.032279, 63.1047369], [13.032691, 63.1044069], [13.0331459, 63.1041002], [13.033412, 63.1039837], [13.033927, 63.1037857], [13.0341844, 63.1037468], [13.0343904, 63.1036692], [13.034605, 63.1036342], [13.034811, 63.1035644], [13.0350342, 63.1035255], [13.0351801, 63.1035178], [13.0353002, 63.1034634], [13.0358066, 63.1033547], [13.0361929, 63.1032188], [13.0364418, 63.1030674], [13.036828, 63.1028771], [13.037137, 63.1027645], [13.0373602, 63.1026208], [13.0375833, 63.102547], [13.0376606, 63.1024655], [13.037652, 63.1024073], [13.037549, 63.102349], [13.0374889, 63.1021277], [13.0374374, 63.1020617], [13.0374288, 63.1019646], [13.0372658, 63.1018675], [13.0372572, 63.1017122], [13.0371542, 63.1016268], [13.0369139, 63.1013278], [13.0367851, 63.101122], [13.0368194, 63.1010404], [13.036828, 63.100955], [13.0369053, 63.1008773], [13.0368795, 63.1007997], [13.0368624, 63.1007492], [13.0370512, 63.1006676], [13.0372829, 63.1004114], [13.0375061, 63.1002949], [13.0376778, 63.1002327], [13.0378065, 63.100225], [13.0380812, 63.1001356], [13.0385103, 63.1000386], [13.0385961, 63.0999764], [13.0389137, 63.0999337], [13.038948, 63.0997085], [13.0390081, 63.0996269], [13.0390596, 63.0993745], [13.0389824, 63.0992697], [13.0390167, 63.0991182], [13.039197, 63.0989279], [13.0391197, 63.0988114], [13.0391884, 63.0987726], [13.039154, 63.0987376], [13.0391369, 63.0986716], [13.0392399, 63.0985939], [13.039197, 63.0984774], [13.0391111, 63.0983998], [13.039094, 63.0982095], [13.0389995, 63.0981046], [13.038948, 63.0979804], [13.0391197, 63.0978134], [13.0391455, 63.0976347], [13.0392485, 63.097526], [13.03936, 63.0974133], [13.0395059, 63.0973201], [13.0396261, 63.0972541], [13.0398493, 63.097126], [13.0399265, 63.097025], [13.0403128, 63.0966599], [13.0405187, 63.0965201], [13.0406647, 63.0964657], [13.0406647, 63.0964308], [13.0407677, 63.0963997], [13.040802, 63.0963181], [13.0411711, 63.0961706], [13.0412311, 63.0960385], [13.0414801, 63.0959492], [13.0415745, 63.0958288], [13.0415144, 63.0956734], [13.0415401, 63.0955375], [13.0414543, 63.0954404], [13.0414286, 63.0952268], [13.041686, 63.0948656], [13.0416431, 63.0947801], [13.0416517, 63.0946287], [13.0415745, 63.0944888], [13.0415401, 63.0942364], [13.0412311, 63.0940694], [13.0411711, 63.093949], [13.041214, 63.0938752], [13.0412826, 63.0936188], [13.0412226, 63.0935023], [13.0412483, 63.0933042], [13.0410938, 63.0931527], [13.0411281, 63.0930129], [13.0409307, 63.0926982], [13.0408363, 63.0926167], [13.0408363, 63.0924807], [13.0407762, 63.0922011], [13.0408621, 63.0921001], [13.0408535, 63.0919913], [13.0409908, 63.0918476], [13.041008, 63.0917272], [13.0412998, 63.0914941], [13.0412912, 63.0913581], [13.041214, 63.0912649], [13.041111, 63.0911134], [13.0410252, 63.0910707], [13.041008, 63.0909658], [13.040905, 63.0907988], [13.0409822, 63.0907017], [13.0409908, 63.0906395], [13.0408106, 63.0905191], [13.0407848, 63.0904492], [13.0408192, 63.0903987], [13.0408449, 63.0902433], [13.0410252, 63.0900724], [13.0410166, 63.089917], [13.041111, 63.089781], [13.0411196, 63.089513], [13.041008, 63.0894469], [13.0409651, 63.0892954], [13.0408707, 63.0891478], [13.0408792, 63.088872], [13.0409994, 63.0885884], [13.041008, 63.0883942], [13.0409651, 63.0880678], [13.0410166, 63.0879396], [13.0409994, 63.0877881], [13.0409994, 63.0876638], [13.0408792, 63.087524], [13.0408878, 63.0874346], [13.0407677, 63.087151], [13.0408192, 63.0870578], [13.0407505, 63.0867353], [13.0406818, 63.0865294], [13.0407076, 63.0863856], [13.0406647, 63.086203], [13.0407162, 63.0860787], [13.0409136, 63.0858106], [13.0411367, 63.0855698], [13.0414028, 63.0854299], [13.0414286, 63.0853095], [13.0413513, 63.0851074], [13.0414371, 63.0849792], [13.041789, 63.0847072], [13.0418749, 63.0845363], [13.0418663, 63.0843653], [13.0420036, 63.0842021], [13.0419435, 63.0840856], [13.0420294, 63.0839069], [13.0419435, 63.0836349], [13.0419092, 63.0834717], [13.0416431, 63.0832152], [13.0415916, 63.0830365], [13.0417118, 63.0828694], [13.0418062, 63.0826907], [13.0419092, 63.082442], [13.0420036, 63.0823798], [13.0422697, 63.0820379], [13.0424843, 63.0818825], [13.0424843, 63.0817348], [13.0425272, 63.0816066], [13.0425358, 63.0815172], [13.0426302, 63.0814045], [13.0427418, 63.0812141], [13.0429478, 63.0810781], [13.0430508, 63.0809382], [13.0431967, 63.0808722], [13.0432224, 63.0808294], [13.0433512, 63.0807556], [13.0433426, 63.0806701], [13.0434027, 63.080639], [13.0435057, 63.0804603], [13.043643, 63.0802465], [13.0436516, 63.0801999], [13.0436859, 63.0801105], [13.0438576, 63.0800056], [13.0441408, 63.0799318], [13.0442781, 63.0798074], [13.0442524, 63.0796248], [13.0443725, 63.0794694], [13.0443125, 63.0793683], [13.044424, 63.079174], [13.0444498, 63.0790924], [13.0446558, 63.0789836], [13.0448017, 63.078832], [13.0449047, 63.0787815], [13.0449133, 63.0787349], [13.0449047, 63.0786533], [13.0448446, 63.0785173], [13.044836, 63.0783657], [13.0449219, 63.078288], [13.0450077, 63.0781325], [13.0449734, 63.0780315], [13.0447588, 63.0777711], [13.0449047, 63.0774524], [13.0449991, 63.0774252], [13.0450592, 63.0773747], [13.044836, 63.0771765], [13.0448275, 63.0770716], [13.0449905, 63.0769822], [13.0454025, 63.0768617], [13.0455656, 63.0767101], [13.0455999, 63.0765702], [13.0455999, 63.0764653], [13.0455313, 63.0763176], [13.0453434, 63.0760841], [13.0453434, 63.0758665], [13.0453348, 63.0756994], [13.0453692, 63.0755789], [13.0454893, 63.0752952], [13.0457039, 63.0751514], [13.0460043, 63.0750969], [13.0462361, 63.0749765], [13.0464077, 63.0747899], [13.0463476, 63.0746694], [13.0465451, 63.07458], [13.0466309, 63.0743701], [13.0468712, 63.0741058], [13.0473261, 63.0737638], [13.0477982, 63.0735384], [13.0484848, 63.0732119], [13.0491371, 63.0729165], [13.0496178, 63.0727066], [13.0498753, 63.0726483], [13.0502358, 63.0724423], [13.0503817, 63.072419], [13.0506048, 63.0724073], [13.0508366, 63.0723373], [13.0510426, 63.0723257], [13.0515318, 63.0721741], [13.0518065, 63.0720419], [13.0522013, 63.0719758], [13.0524416, 63.071902], [13.0526648, 63.0718825], [13.0528965, 63.0717465], [13.0531712, 63.071626], [13.0533858, 63.0714744], [13.0534888, 63.0712956], [13.0535488, 63.0711401], [13.0536347, 63.0709885], [13.0536261, 63.0707864], [13.0536948, 63.0705998], [13.0537977, 63.0704832], [13.0540209, 63.070145], [13.0542698, 63.0699545], [13.054287, 63.0698573], [13.0543213, 63.0697446], [13.0545187, 63.0695425], [13.0545702, 63.0694725], [13.0547419, 63.0693287], [13.0547848, 63.0690604], [13.0548878, 63.0688699], [13.0550165, 63.0686639], [13.0550251, 63.0684268], [13.0553255, 63.0682013], [13.0553684, 63.0681002], [13.0555659, 63.0679603], [13.0558234, 63.0677853], [13.0561667, 63.0674976], [13.0563469, 63.0674316], [13.05651, 63.0673421], [13.0565701, 63.0672527], [13.056716, 63.0671478], [13.056819, 63.0670117], [13.0569992, 63.0669417], [13.0570336, 63.066829], [13.0571623, 63.0666812], [13.0571451, 63.0665957], [13.0572567, 63.0664441], [13.0574627, 63.0663352], [13.0576086, 63.0661875], [13.0576344, 63.0660397], [13.0577803, 63.0659076], [13.0577545, 63.0658181], [13.0579348, 63.0656471], [13.0580979, 63.0655266], [13.0581579, 63.0653671], [13.0582609, 63.0653166], [13.0583296, 63.065235], [13.0584069, 63.0650833], [13.0584927, 63.065025], [13.0584927, 63.06492], [13.0585785, 63.0647529], [13.058527, 63.0646557], [13.0586558, 63.0644924], [13.0590506, 63.0642591], [13.0592394, 63.0642202], [13.0594454, 63.0640763], [13.0599947, 63.0639169], [13.0604582, 63.0637886], [13.0609646, 63.0635631], [13.0611449, 63.063427], [13.0612393, 63.0632987], [13.0613251, 63.0632209], [13.0615654, 63.0630965], [13.0618315, 63.0628243], [13.0621405, 63.0626533], [13.0622934, 63.0625013]]}}, {"type": "Feature", "id": "way/373065236", "properties": {"highway": "path", "mtb:scale": "1", "@id": "way/373065236", "@type": "way", "osm_id": 373065236}, "geometry": {"type": "LineString", "coordinates": [[13.1111985, 63.0871886], [13.1108497, 63.0871758], [13.1088268, 63.0870557], [13.1083002, 63.0869822], [13.1068535, 63.0868493], [13.106179, 63.0870268], [13.1058073, 63.0872059], [13.1056211, 63.0872094], [13.1040891, 63.0872385], [13.1029106, 63.0872466], [13.1020351, 63.0873318], [13.0997511, 63.0876917], [13.098143, 63.0878695], [13.0965137, 63.088049], [13.0946206, 63.0882977], [13.0942164, 63.0886333], [13.0932807, 63.0891902]]}}, {"type": "Feature", "id": "way/373065239", "properties": {"class:bicycle:mtb": "2", "highway": "path", "mtb:scale": "1", "@id": "way/373065239", "@type": "way", "osm_id": 373065239}, "geometry": {"type": "LineString", "coordinates": [[13.1092183, 63.0875543], [13.1100432, 63.0873814], [13.1101704, 63.0873547], [13.1111985, 63.0871886]]}}, {"type": "Feature", "id": "way/373065240", "properties": {"fixme": "resurvey mtb:scale", "highway": "path", "mtb:scale": "1", "@id": "way/373065240", "@type": "way", "osm_id": 373065240}, "geometry": {"type": "LineString", "coordinates": [[13.1058333, 63.0883813], [13.1058084, 63.0879976], [13.1062073, 63.0877606], [13.1068806, 63.0876364], [13.1074043, 63.087659], [13.1080526, 63.0878622], [13.1083518, 63.0881217]]}}, {"type": "Feature", "id": "way/373425906", "properties": {"class:bicycle:mtb": "0", "highway": "path", "mtb:scale": "3", "name": "Lunndörren-Vålådalen", "source": "GPS", "surface": "dirt", "@id": "way/373425906", "@type": "way", "osm_id": 373425906}, "geometry": {"type": "LineString", "coordinates": [[12.987896, 63.1363129], [12.9880676, 63.1361306], [12.9886083, 63.1359017], [12.9888658, 63.1357854], [12.9890375, 63.1356496], [12.9893293, 63.1355216], [12.9893894, 63.1353781], [12.9893894, 63.1353006], [12.9897756, 63.1349554], [12.9899387, 63.1348894], [12.9901619, 63.1346645], [12.9905052, 63.1345442], [12.9907799, 63.1344783], [12.9910631, 63.1343969], [12.9913034, 63.1341641], [12.9913807, 63.1340788], [12.9913549, 63.1338655], [12.9912691, 63.1337607], [12.9911833, 63.1336095], [12.9916811, 63.1332953], [12.9918785, 63.1330238], [12.9920158, 63.1328802], [12.9922218, 63.1327212], [12.9924707, 63.1325699], [12.9923077, 63.1322984], [12.9922647, 63.1321898], [12.9921446, 63.1320773], [12.9922304, 63.1319609], [12.9922991, 63.1318562], [12.9923506, 63.1317941], [12.9923592, 63.1316118], [12.9918013, 63.1310067], [12.9916296, 63.1309019], [12.991415, 63.1305839], [12.9912605, 63.1303783], [12.991003, 63.1301843], [12.9909515, 63.1300291], [12.9910202, 63.1299554], [12.9910202, 63.1296839], [12.9909344, 63.1295908], [12.991209, 63.1293309], [12.9914665, 63.1292377], [12.9916124, 63.1290748], [12.9916468, 63.1289313], [12.9916468, 63.1287683], [12.991724, 63.1284502], [12.9916983, 63.1283028], [12.9916553, 63.1282562], [12.9916897, 63.1282175], [12.991724, 63.1280623], [12.9917927, 63.1278411], [12.9916553, 63.1277131], [12.9916124, 63.1275502], [12.9918098, 63.1273096], [12.992136, 63.1270846], [12.9922905, 63.1269139], [12.9925566, 63.1268286], [12.9926681, 63.126716], [12.992651, 63.1265958], [12.9927883, 63.1264406], [12.992857, 63.1263164], [12.9931831, 63.1260526], [12.9932565, 63.1260149], [12.9936209, 63.1258276], [12.9945221, 63.1252611], [12.9948826, 63.1250167], [12.9950971, 63.1248498], [12.9954233, 63.1246869], [12.995595, 63.1245394], [12.9958525, 63.1244269], [12.9963245, 63.1240855], [12.9966078, 63.1238915], [12.9969082, 63.1236975], [12.9970884, 63.1235694], [12.9972515, 63.1234918], [12.997612, 63.1231892], [12.9978695, 63.1230728], [12.9983244, 63.1227119], [12.9986849, 63.1224558], [12.9989509, 63.1223355], [12.9997835, 63.1217224], [13.0002556, 63.1214586], [13.0006418, 63.1212257], [13.00144, 63.1206825], [13.0018239, 63.1204191]]}}, {"type": "Feature", "id": "way/373425908", "properties": {"class:bicycle:mtb": "0", "highway": "path", "mtb:scale": "3", "surface": "dirt", "@id": "way/373425908", "@type": "way", "osm_id": 373425908}, "geometry": {"type": "LineString", "coordinates": [[13.038591, 63.1078529], [13.0381741, 63.1078375], [13.0371566, 63.107611], [13.0367895, 63.1075567], [13.0367079, 63.1075679], [13.0363272, 63.10749], [13.0358332, 63.1074162], [13.0355295, 63.1073435], [13.035201, 63.1072809], [13.0348882, 63.1071979], [13.0344418, 63.1070923], [13.0341064, 63.1070811], [13.0339388, 63.1070677], [13.0338277, 63.107077], [13.033558, 63.1070677], [13.032885, 63.107077], [13.0323706, 63.1071374], [13.0322845, 63.1071405], [13.032178, 63.1071549], [13.0315254, 63.1071754], [13.0313305, 63.1071764], [13.0309045, 63.1071487], [13.0305487, 63.1071087], [13.0302541, 63.1070626], [13.0301, 63.1070308], [13.0298802, 63.1069775], [13.0294655, 63.1069652], [13.0291256, 63.1069365], [13.0287653, 63.1068791], [13.0284118, 63.1068843], [13.0274034, 63.106873], [13.0272652, 63.1068423]]}}, {"type": "Feature", "id": "way/373425909", "properties": {"highway": "path", "mtb:name": "Kyrkstenen", "mtb:scale": "1", "sac_scale": "mountain_hiking", "@id": "way/373425909", "@type": "way", "osm_id": 373425909}, "geometry": {"type": "LineString", "coordinates": [[12.8629054, 63.1651238], [12.8642709, 63.1657607], [12.8644367, 63.1662869], [12.8646355, 63.1664114], [12.8648341, 63.1664189], [12.8651283, 63.1663815], [12.8652826, 63.1661735], [12.8661267, 63.1655044], [12.8664485, 63.1653258], [12.8668928, 63.1651952], [12.8672784, 63.1651082], [12.8678954, 63.1650912], [12.8699358, 63.1650661], [12.8723465, 63.1646164], [12.8732745, 63.1646286], [12.8743155, 63.1648774], [12.8750407, 63.1649129], [12.8757783, 63.1648603], [12.8778111, 63.1645687], [12.8782637, 63.1644138], [12.8784859, 63.1641076], [12.8808128, 63.1633217], [12.882828, 63.1630345], [12.8841692, 63.1629077], [12.8847937, 63.1627866], [12.8857493, 63.1626995], [12.8867426, 63.1624479], [12.8878919, 63.1623041], [12.8886538, 63.1620127], [12.8894091, 63.1618474], [12.890144, 63.1617708], [12.8911902, 63.161766], [12.8917721, 63.1618878], [12.8922919, 63.1618991], [12.89279, 63.1620264], [12.8932346, 63.1620485], [12.893824, 63.1618321]]}}, {"type": "Feature", "id": "way/403350779", "properties": {"highway": "path", "piste:grooming": "backcountry", "piste:type": "nordic", "sac_scale": "mountain_hiking", "snowmobile": "designated", "source": "gpx", "@id": "way/403350779", "@type": "way", "osm_id": 403350779}, "geometry": {"type": "LineString", "coordinates": [[13.1501005, 63.1282234], [13.1502546, 63.1281555], [13.1507522, 63.1280526], [13.1512197, 63.128027], [13.1513275, 63.1279809], [13.1514748, 63.1279011], [13.1528024, 63.1278734], [13.153973, 63.127709], [13.1543649, 63.12763], [13.1548324, 63.1276279], [13.1552328, 63.1275348], [13.1559751, 63.1274072], [13.1563059, 63.1273504], [13.1566601, 63.1272372], [13.1576226, 63.1270959], [13.1609191, 63.1271177], [13.1614062, 63.1271753], [13.1619437, 63.1273171], [13.1626954, 63.1273205], [13.1630354, 63.1273461], [13.1633266, 63.1272975], [13.163451, 63.1271903], [13.1634982, 63.1270878], [13.1636526, 63.1269351], [13.1636257, 63.126155], [13.1637343, 63.1257536], [13.1637867, 63.1253751], [13.1639988, 63.124603], [13.1641735, 63.1242785], [13.1644381, 63.1239071], [13.1644947, 63.123811], [13.1648677, 63.1236807], [13.1649669, 63.1235484], [13.1651887, 63.12342], [13.1656045, 63.1233093], [13.1662137, 63.1233402], [13.1667473, 63.1231812], [13.1672988, 63.1229584], [13.1676115, 63.1228716], [13.167961, 63.1228374], [13.1685761, 63.1228434], [13.1689244, 63.1228609], [13.1692974, 63.1229314], [13.1700908, 63.1230381], [13.1706256, 63.1230379], [13.1715804, 63.1229252], [13.172415, 63.1227581], [13.1727182, 63.1226692], [13.173193, 63.1223319], [13.1735524, 63.1220368], [13.173554, 63.1218932], [13.1743891, 63.1213418], [13.1752856, 63.1208199], [13.1761115, 63.1205915], [13.1766475, 63.1203567], [13.1772001, 63.1199836], [13.1780955, 63.1196626], [13.1789435, 63.1195029], [13.1809123, 63.1187321], [13.1826128, 63.1185036], [13.1834925, 63.1181641], [13.1852467, 63.117888], [13.1864483, 63.1176164], [13.1889213, 63.1173005], [13.1902323, 63.1172754], [13.1909013, 63.1173559], [13.1920112, 63.1173103], [13.1927068, 63.1170725], [13.1934399, 63.1169665], [13.1939003, 63.1169273], [13.1945787, 63.1168155], [13.194985, 63.1166529], [13.1955264, 63.11659], [13.1961129, 63.1165505], [13.1970759, 63.1165533], [13.1976669, 63.1166314], [13.197972, 63.1166425], [13.1989075, 63.1167437], [13.1996867, 63.1168334], [13.2000765, 63.1169593], [13.2006115, 63.11716], [13.2008518, 63.1171841]]}}, {"type": "Feature", "id": "way/403350782", "properties": {"description": "Sommarled Anaris - Lunndörrstugorna", "highway": "path", "@id": "way/403350782", "@type": "way", "osm_id": 403350782}, "geometry": {"type": "LineString", "coordinates": [[13.3342855, 63.0912916], [13.3328233, 63.091119], [13.3316154, 63.0907449], [13.3310856, 63.090649], [13.3299412, 63.0907545], [13.3282247, 63.0908792], [13.3272711, 63.0907257], [13.3270168, 63.0906202], [13.32494, 63.0905723], [13.324495, 63.0903709], [13.3235626, 63.0902366], [13.3218037, 63.0901215], [13.3167389, 63.0899297], [13.3157429, 63.0897666], [13.3146409, 63.0894309], [13.3129032, 63.0887979], [13.3120344, 63.0884334], [13.3093642, 63.0877045], [13.304914, 63.0863712], [13.3046173, 63.0862465], [13.3034306, 63.0862177], [13.3021379, 63.0859395], [13.3009936, 63.0855654], [13.3001883, 63.0850474], [13.2987897, 63.0840785], [13.2970943, 63.0826012], [13.2956321, 63.0813636], [13.2945302, 63.0803466], [13.2932799, 63.0794927], [13.2929196, 63.078917], [13.2921355, 63.0786388], [13.289974, 63.0782837], [13.2891687, 63.0780631], [13.2889356, 63.0778328], [13.2880668, 63.077449], [13.2871767, 63.0764606], [13.2863291, 63.0758369], [13.285333, 63.0753667], [13.2837437, 63.074292], [13.2829172, 63.0741768], [13.2818788, 63.0738314], [13.2810312, 63.0736682], [13.279463, 63.0733803], [13.277471, 63.0733803], [13.2762419, 63.0733611], [13.2748644, 63.0733323], [13.2737625, 63.0733995], [13.2714314, 63.0728717], [13.2681679, 63.072459], [13.2653494, 63.0725262], [13.2636541, 63.0726894], [13.2601151, 63.072651], [13.2567669, 63.0724878], [13.256004, 63.0723535], [13.2537577, 63.072555], [13.2519352, 63.0726606], [13.2497101, 63.0723343], [13.2484174, 63.0721519], [13.2466585, 63.0719984], [13.245387, 63.0720848], [13.2440943, 63.0718352], [13.2429712, 63.0717968], [13.2407461, 63.0718832], [13.237419, 63.0719216], [13.2336045, 63.0720368], [13.2325873, 63.0721135], [13.2297689, 63.0723151], [13.2278192, 63.0725358], [13.2266961, 63.072411], [13.2257213, 63.0724878], [13.2240048, 63.0722959], [13.2234114, 63.0721135], [13.2226485, 63.0720272], [13.2224366, 63.0722479], [13.2205505, 63.0730348], [13.2195333, 63.0731404], [13.217287, 63.0731404], [13.2152103, 63.073198], [13.2145321, 63.073054], [13.2131123, 63.073054], [13.2119468, 63.073198], [13.2085137, 63.073246], [13.2053986, 63.0729677], [13.2036185, 63.0733035], [13.2030635, 63.0733858], [13.2021869, 63.0734164], [13.2018348, 63.0733858], [13.2014751, 63.0735012], [13.2010556, 63.0733621], [13.2000441, 63.0732874], [13.1992499, 63.0733621], [13.1985456, 63.0737149], [13.1975791, 63.0739321], [13.1967849, 63.0743969], [13.1963429, 63.0745699], [13.1953989, 63.0753537], [13.1942975, 63.0759474], [13.1933235, 63.0765037], [13.192769, 63.0768633], [13.1916902, 63.0775147], [13.1908435, 63.0779964], [13.1901692, 63.0782067], [13.1895773, 63.0784544], [13.1882287, 63.0788411], [13.187442, 63.0790209], [13.1866178, 63.079082], [13.1857562, 63.0791905], [13.1853292, 63.0793262], [13.1841678, 63.079567], [13.1832013, 63.0797875], [13.1821299, 63.0797129], [13.1813133, 63.0797706], [13.1804516, 63.0798723], [13.1800546, 63.0798995], [13.1797623, 63.080008], [13.1793128, 63.0800623], [13.1788483, 63.0800793], [13.1780331, 63.0802989], [13.1768343, 63.0803328], [13.1759502, 63.0806788], [13.1750361, 63.0806109], [13.1733279, 63.0806788], [13.1718744, 63.0807805], [13.1709603, 63.0812011], [13.1701811, 63.0812283], [13.1688774, 63.0812486], [13.1674988, 63.0815268], [13.1660004, 63.0818049], [13.1631832, 63.0818727], [13.1608756, 63.0821305], [13.1567398, 63.0833651], [13.1532634, 63.0846472], [13.1509557, 63.0852984], [13.1493074, 63.0856104], [13.1469249, 63.0860581], [13.1436882, 63.0865329], [13.1416927, 63.086757], [13.1414488, 63.0868492], [13.1411142, 63.0868939], [13.1409086, 63.0869605], [13.1407332, 63.0869979], [13.1406364, 63.0870335], [13.1404953, 63.0870171]]}}, {"type": "Feature", "id": "way/429376008", "properties": {"fixme": "resurvey mtb:scale", "highway": "path", "mtb:name": "Bäverkroken", "mtb:scale": "1", "@id": "way/429376008", "@type": "way", "osm_id": 429376008}, "geometry": {"type": "LineString", "coordinates": [[13.0838013, 63.1501245], [13.0846695, 63.1500285], [13.0856441, 63.1498924], [13.0862819, 63.1499485], [13.0868489, 63.1498924], [13.0878412, 63.1499245], [13.0882842, 63.1500525], [13.0891169, 63.1500685], [13.0897194, 63.1500525], [13.090623, 63.1501405], [13.0918102, 63.1501965], [13.0929619, 63.1504926], [13.0941136, 63.1505247], [13.0951121, 63.1506272], [13.0964525, 63.1507647]]}}, {"type": "Feature", "id": "way/429376012", "properties": {"highway": "path", "sac_scale": "mountain_hiking", "@id": "way/429376012", "@type": "way", "osm_id": 429376012}, "geometry": {"type": "LineString", "coordinates": [[13.1501005, 63.1282234], [13.1498833, 63.1284369], [13.1498077, 63.1290687], [13.1497888, 63.1293163], [13.1496377, 63.1295126], [13.1490143, 63.1297944], [13.1485043, 63.13017], [13.1484287, 63.130392], [13.1485232, 63.1306225], [13.1483154, 63.130947], [13.1480887, 63.1312031], [13.1477487, 63.1313738], [13.1470687, 63.1314507], [13.1464075, 63.1317153], [13.1458408, 63.1317409], [13.1455764, 63.1318946], [13.1450474, 63.132108], [13.1443674, 63.1320909], [13.1438574, 63.1319202], [13.1434229, 63.1319202], [13.1429884, 63.1320909], [13.1429318, 63.1325007], [13.141515, 63.1331581], [13.1410428, 63.133252], [13.1404572, 63.1333203], [13.1400605, 63.1335422], [13.138946, 63.1338324], [13.1383226, 63.1339861], [13.1372837, 63.1341056], [13.1363958, 63.1345324], [13.1359614, 63.1347373], [13.1340346, 63.1352153], [13.1324478, 63.1359324], [13.1319378, 63.1361543], [13.1313144, 63.1369908], [13.1307288, 63.1374859], [13.1306344, 63.1378443], [13.1304266, 63.1380833], [13.1297654, 63.138254], [13.1291987, 63.1384503], [13.1289154, 63.1386893], [13.1283676, 63.1388686], [13.127782, 63.1391417], [13.1269131, 63.1392185], [13.1263653, 63.1392356], [13.1254208, 63.1392953], [13.1248918, 63.1392782], [13.1242118, 63.1391844], [13.1235318, 63.139227], [13.1231162, 63.1391673], [13.1216805, 63.1391246], [13.1205849, 63.1393892], [13.119376, 63.1397221], [13.1184126, 63.1398842], [13.1177892, 63.1400891], [13.1174492, 63.1402427], [13.1172414, 63.140456], [13.1170903, 63.1406865], [13.1173547, 63.1411047], [13.1177703, 63.1415314], [13.1178081, 63.1417277], [13.1176003, 63.1419581], [13.1168825, 63.1425469], [13.1157302, 63.1428968], [13.1151257, 63.1432723], [13.1151824, 63.1435369], [13.1153524, 63.1438014], [13.1152013, 63.144083], [13.1149368, 63.1442707], [13.1146346, 63.1447828], [13.1141434, 63.1450644], [13.1132556, 63.1452947], [13.1121411, 63.1455934], [13.11182, 63.1456958], [13.1102143, 63.1459774], [13.1098932, 63.1464296], [13.1090809, 63.1472317], [13.1088731, 63.1477522], [13.1083253, 63.1480764], [13.1076264, 63.1483751], [13.1075797, 63.1487582]]}}, {"type": "Feature", "id": "way/436509528", "properties": {"highway": "path", "@id": "way/436509528", "@type": "way", "osm_id": 436509528}, "geometry": {"type": "LineString", "coordinates": [[12.7422555, 63.1265838], [12.7423725, 63.1262629], [12.7423958, 63.1259891], [12.7422979, 63.1258564], [12.7421581, 63.125808], [12.7419997, 63.1257679], [12.7418087, 63.1257532], [12.7416316, 63.1256858], [12.7415478, 63.1255531], [12.7415338, 63.1254352], [12.7415338, 63.1253046]]}}, {"type": "Feature", "id": "way/436509529", "properties": {"highway": "path", "sac_scale": "mountain_hiking", "@id": "way/436509529", "@type": "way", "osm_id": 436509529}, "geometry": {"type": "LineString", "coordinates": [[12.7837869, 63.1126577], [12.7837631, 63.1128965], [12.783791, 63.1131367], [12.7835953, 63.1134992], [12.7832599, 63.113811], [12.7829244, 63.1142029], [12.782561, 63.1144431], [12.7818248, 63.1147507], [12.7811539, 63.1150415], [12.78107, 63.1151173], [12.78107, 63.1152353], [12.7810327, 63.1155008], [12.780893, 63.1156019], [12.7806786, 63.115682], [12.7805389, 63.1157662], [12.7798959, 63.1159053], [12.7794486, 63.1159643], [12.7791783, 63.1160991], [12.778144, 63.1162972], [12.7776781, 63.1163983], [12.777529, 63.1164194], [12.777268, 63.1165036], [12.7769139, 63.116491], [12.7760194, 63.11663], [12.775628, 63.1167522], [12.7751621, 63.1170261], [12.77478, 63.117182], [12.7742116, 63.1172537], [12.7738016, 63.1172031], [12.7731027, 63.1173421], [12.7719938, 63.1176202], [12.7713694, 63.1178562], [12.7708523, 63.1180708], [12.7705214, 63.1181764], [12.7703164, 63.1183534], [12.7696082, 63.118682], [12.7692262, 63.1188969], [12.7690864, 63.1190612], [12.7681638, 63.1193393], [12.7677538, 63.119432], [12.7673159, 63.1196553], [12.7671502, 63.1198825], [12.7670083, 63.1199797], [12.7657783, 63.1203167], [12.765741, 63.1203841], [12.7646321, 63.12046], [12.7643153, 63.1206285], [12.7639425, 63.1208771], [12.7634859, 63.1210161], [12.7624795, 63.1212141], [12.7622838, 63.1212731], [12.761557, 63.1213615], [12.7606811, 63.1214837], [12.7597306, 63.1215806], [12.759479, 63.1215848], [12.7590596, 63.1216522], [12.7581837, 63.1216817], [12.7576246, 63.1217112], [12.75714, 63.1217112], [12.7567327, 63.1216884], [12.7563107, 63.1216607], [12.7554534, 63.121509], [12.7550433, 63.1214795], [12.7548197, 63.1214121], [12.7544097, 63.1214079], [12.7536735, 63.1215259], [12.7534871, 63.1215848], [12.7518378, 63.1217028], [12.75126, 63.1217028], [12.7503748, 63.1216902], [12.749797, 63.1217112], [12.7494243, 63.1218081], [12.7492565, 63.1219219], [12.7489677, 63.1220272], [12.7487627, 63.122082], [12.7484179, 63.1221283], [12.7483247, 63.122203], [12.7480079, 63.1224569], [12.7479333, 63.1225833], [12.7481197, 63.122874], [12.7480265, 63.1229582], [12.7479333, 63.1230509], [12.7479985, 63.1231225], [12.748129, 63.1231141], [12.748539, 63.1231731], [12.7487906, 63.1233205], [12.7489117, 63.1234974], [12.7489304, 63.1236744], [12.7491447, 63.1237965], [12.7492286, 63.123944], [12.7491727, 63.1240956], [12.7489583, 63.1241672], [12.7487999, 63.1242093], [12.7485763, 63.1243947], [12.7481942, 63.1245843], [12.7478308, 63.1246306], [12.7474115, 63.1246264], [12.7471692, 63.1246811], [12.7467592, 63.1246896], [12.7464423, 63.1247612], [12.7458087, 63.1248244], [12.7455664, 63.1249213], [12.7446718, 63.1250308], [12.7440568, 63.1252709], [12.7436095, 63.1257427], [12.7431156, 63.1258438], [12.7423701, 63.1265135], [12.7422555, 63.1265838], [12.7421092, 63.1266736], [12.7412706, 63.1269768], [12.7409985, 63.1271091], [12.7410428, 63.1272628], [12.7407799, 63.1274126], [12.7405135, 63.1274986], [12.7404855, 63.1275547], [12.7403995, 63.1276404]]}}, {"type": "Feature", "id": "way/436509530", "properties": {"highway": "path", "sac_scale": "mountain_hiking", "@id": "way/436509530", "@type": "way", "osm_id": 436509530}, "geometry": {"type": "LineString", "coordinates": [[12.813148, 63.0900959], [12.8127227, 63.0906067], [12.8126668, 63.0911001], [12.8125364, 63.0913995], [12.8126295, 63.0915978], [12.812527, 63.0918128], [12.8123034, 63.0919731], [12.8121077, 63.0922852], [12.8123593, 63.0924707], [12.8120518, 63.0928756], [12.8118188, 63.0930948], [12.8118841, 63.0933352], [12.8115859, 63.0938792], [12.8112784, 63.0940437], [12.8112131, 63.0941786], [12.8104324, 63.0952867]]}}, {"type": "Feature", "id": "way/436509531", "properties": {"highway": "path", "sac_scale": "mountain_hiking", "@id": "way/436509531", "@type": "way", "osm_id": 436509531}, "geometry": {"type": "LineString", "coordinates": [[12.789739, 63.106051], [12.78989, 63.106269], [12.7899925, 63.1065219], [12.7897875, 63.1067285], [12.7894753, 63.1069202], [12.7894054, 63.1070825], [12.7890141, 63.1072279], [12.7888836, 63.1073944], [12.7888323, 63.107426], [12.7886934, 63.1076469], [12.7886227, 63.1078096], [12.7885714, 63.1079192], [12.7883045, 63.1080692], [12.7879983, 63.1081658], [12.7877747, 63.1083554], [12.7875743, 63.1085261], [12.7874672, 63.1086568], [12.7874705, 63.1088259]]}}, {"type": "Feature", "id": "way/436509532", "properties": {"highway": "path", "piste:grooming": "backcountry", "piste:type": "nordic", "sac_scale": "mountain_hiking", "source": "survey", "@id": "way/436509532", "@type": "way", "osm_id": 436509532}, "geometry": {"type": "LineString", "coordinates": [[12.7837869, 63.1126577], [12.7844135, 63.1123226], [12.7845168, 63.112237], [12.7845383, 63.1121242], [12.7845006, 63.1120837], [12.7844834, 63.1120455], [12.7845116, 63.1120255], [12.7851346, 63.1116605], [12.7853378, 63.111507], [12.7853657, 63.1113616], [12.7854285, 63.1112377], [12.7854487, 63.1109732], [12.785775, 63.1103495], [12.7861613, 63.1100343], [12.7862708, 63.1099232], [12.7863897, 63.1097579], [12.7866031, 63.1096147], [12.7867048, 63.109505], [12.7868725, 63.1092849], [12.7871042, 63.1090668], [12.7874705, 63.1088259]]}}, {"type": "Feature", "id": "way/436509533", "properties": {"highway": "path", "piste:grooming": "backcountry", "piste:type": "nordic", "sac_scale": "mountain_hiking", "source": "survey", "@id": "way/436509533", "@type": "way", "osm_id": 436509533}, "geometry": {"type": "LineString", "coordinates": [[12.789739, 63.106051], [12.7898642, 63.1058883], [12.789887, 63.1058196], [12.7899471, 63.1057722], [12.7899555, 63.1057256], [12.7900884, 63.1056116], [12.7906277, 63.1053076], [12.7908796, 63.1050978], [12.7919479, 63.1045172], [12.7922143, 63.1042784], [12.792363, 63.1041908], [12.7937447, 63.1035561], [12.7943149, 63.1033822], [12.7954727, 63.1032067], [12.7954841, 63.103177], [12.7959394, 63.1030699], [12.7960881, 63.1029964], [12.7963849, 63.1028936], [12.7963555, 63.1028821], [12.7964599, 63.1028475], [12.797243, 63.1026923], [12.797969, 63.1026195], [12.7980804, 63.1025047], [12.7982378, 63.1024217], [12.7992711, 63.1022208], [12.7993785, 63.1021795], [12.7997039, 63.1019805]]}}, {"type": "Feature", "id": "way/436509534", "properties": {"highway": "path", "sac_scale": "mountain_hiking", "@id": "way/436509534", "@type": "way", "osm_id": 436509534}, "geometry": {"type": "LineString", "coordinates": [[12.808512, 63.0965702], [12.8081613, 63.0969131], [12.8078072, 63.0971956], [12.8074065, 63.0974317], [12.806661, 63.0977395], [12.806484, 63.0978576], [12.8062603, 63.0979124], [12.8060926, 63.0979377], [12.8060087, 63.0980094], [12.8057012, 63.0980262], [12.805226, 63.0982961], [12.8049744, 63.0983635], [12.8043407, 63.098743], [12.8040891, 63.0988864], [12.8037163, 63.0990258], [12.8034461, 63.0991646], [12.8032318, 63.0993712], [12.8029895, 63.0994893], [12.8028032, 63.0997001], [12.8024304, 63.0999024], [12.8019924, 63.1001301], [12.8019365, 63.1002735], [12.8015638, 63.1005391], [12.8011817, 63.1008173], [12.8008929, 63.1009101], [12.8005108, 63.1012262], [12.8002033, 63.1015298], [12.8001381, 63.1016647], [12.8000542, 63.1017954], [12.7997039, 63.1019805]]}}, {"type": "Feature", "id": "way/436509535", "properties": {"highway": "path", "piste:grooming": "backcountry", "piste:type": "nordic", "sac_scale": "mountain_hiking", "source": "survey", "@id": "way/436509535", "@type": "way", "osm_id": 436509535}, "geometry": {"type": "LineString", "coordinates": [[12.808512, 63.0965702], [12.8092709, 63.0960876], [12.8098634, 63.0956479], [12.8104324, 63.0952867]]}}, {"type": "Feature", "id": "way/499665373", "properties": {"highway": "path", "@id": "way/499665373", "@type": "way", "osm_id": 499665373}, "geometry": {"type": "LineString", "coordinates": [[12.7520373, 62.9707433], [12.7593067, 62.9718245], [12.7642205, 62.9721462], [12.7674821, 62.9727118], [12.7686194, 62.9741159], [12.7684906, 62.9752274], [12.7688339, 62.9766411], [12.7688769, 62.9778792], [12.7701643, 62.9791953], [12.7731899, 62.9812521], [12.7740911, 62.9830067], [12.7752069, 62.9842738], [12.7760008, 62.9866422], [12.7798632, 62.9897705], [12.7833179, 62.9924795], [12.7846268, 62.9947108], [12.7874592, 62.9967373], [12.7895454, 62.9991091], [12.7927307, 63.0012815], [12.7943587, 63.0022197], [12.7949391, 63.0036657], [12.8006609, 63.0050767], [12.8056606, 63.0056026], [12.8080638, 63.0060701], [12.8107889, 63.0066642], [12.813793, 63.0070636], [12.8157671, 63.0078622], [12.8182777, 63.008018], [12.8204234, 63.0089139], [12.8224405, 63.0092937], [12.8284701, 63.0097709], [12.8296502, 63.0104526], [12.8309806, 63.01055], [12.8351649, 63.0118841], [12.8379973, 63.0146105], [12.839671, 63.015107], [12.8394564, 63.0156815], [12.8406795, 63.0163046], [12.8412588, 63.017103], [12.8419562, 63.0180863], [12.8423103, 63.0187191], [12.8428789, 63.0190306], [12.8429862, 63.0195904], [12.8432329, 63.0200674], [12.8430613, 63.020447], [12.8432008, 63.0205639], [12.8432008, 63.0208997], [12.8435012, 63.0210895], [12.8437157, 63.0217028], [12.8440162, 63.0219072], [12.8438874, 63.0221408], [12.8440913, 63.022282], [12.8441449, 63.0222284], [12.8448101, 63.0225643], [12.8447028, 63.0228758], [12.844971, 63.023085], [12.84525, 63.0232359], [12.8457328, 63.0232408], [12.8460654, 63.0236107], [12.8461619, 63.0239465], [12.8463765, 63.0241752], [12.8463658, 63.0244624], [12.8465052, 63.0247787], [12.8467198, 63.0251437], [12.847031, 63.0253773], [12.8470095, 63.0254843], [12.8470739, 63.0260975], [12.847149, 63.02637], [12.8471919, 63.0266474], [12.8475459, 63.0267447], [12.8477605, 63.0267496], [12.8479536, 63.0269345], [12.8478785, 63.0270708], [12.8481468, 63.0272557], [12.8482004, 63.0273287], [12.8483291, 63.027392], [12.8483399, 63.0276693], [12.8485008, 63.0278251], [12.8488656, 63.0278494], [12.8491123, 63.027864], [12.8492626, 63.0280051], [12.8492733, 63.0281657], [12.8493806, 63.0284187], [12.8495415, 63.0285112], [12.849563, 63.0286377], [12.8498097, 63.0287253], [12.8500565, 63.0288372], [12.8507539, 63.0290221], [12.8508719, 63.029134], [12.8508504, 63.029353], [12.8511723, 63.0294357], [12.8516122, 63.029426], [12.8518375, 63.0295914], [12.8520413, 63.0295963], [12.852095, 63.0297763], [12.852331, 63.0298639], [12.8524812, 63.0299612], [12.8533181, 63.0302288], [12.8535326, 63.0303115], [12.8536185, 63.0304527], [12.8540047, 63.0307008], [12.8539832, 63.0307981], [12.8541978, 63.0309149], [12.8547664, 63.0311047], [12.8547879, 63.0312312], [12.8549596, 63.0312749], [12.8554531, 63.0316155], [12.8555389, 63.0318539], [12.8556891, 63.0319075], [12.8556999, 63.0320096], [12.8562256, 63.0320242], [12.8564938, 63.0321897], [12.8565367, 63.0322529], [12.8568371, 63.0323843], [12.8570088, 63.0324232], [12.857395, 63.0325546], [12.8574272, 63.0326227], [12.8577061, 63.0326908], [12.8581741, 63.0331933]]}}, {"type": "Feature", "id": "way/499665374", "properties": {"highway": "path", "@id": "way/499665374", "@type": "way", "osm_id": 499665374}, "geometry": {"type": "LineString", "coordinates": [[12.8581741, 63.0331933], [12.8582307, 63.0333202], [12.8582732, 63.0333587], [12.8581246, 63.0334518], [12.8582591, 63.033654], [12.8589669, 63.03393], [12.8592642, 63.0340295], [12.859696, 63.0341996], [12.8599508, 63.0342703], [12.8601915, 63.0342221], [12.8605312, 63.0342446], [12.8609205, 63.034267], [12.8609418, 63.03445], [12.8615647, 63.0348255], [12.8615647, 63.0349315], [12.8613948, 63.0351401], [12.8614373, 63.035246], [12.8616071, 63.0355445], [12.8616921, 63.035567], [12.8618053, 63.0356761], [12.8618336, 63.0359425], [12.8617204, 63.0361126], [12.8616921, 63.0362859], [12.8618053, 63.0363629], [12.8620177, 63.0364271], [12.8622442, 63.0365587], [12.8621309, 63.0367577], [12.8620248, 63.0372455], [12.862458, 63.0373076]]}}, {"type": "Feature", "id": "way/507203882", "properties": {"highway": "path", "surface": "ground", "@id": "way/507203882", "@type": "way", "osm_id": 507203882}, "geometry": {"type": "LineString", "coordinates": [[12.9287573, 63.1261326], [12.9288871, 63.12623], [12.9290956, 63.1262755], [12.929314, 63.1263739], [12.9296155, 63.1265064], [12.9296181, 63.1268426], [12.930077, 63.1274597], [12.9302135, 63.127678], [12.930098, 63.1277634], [12.930014, 63.1278584], [12.930119, 63.1280577], [12.9301085, 63.1282001], [12.9305025, 63.1285819], [12.9305112, 63.1286822], [12.9315873, 63.1294857], [12.9322611, 63.1301839], [12.9322296, 63.1304687], [12.9323451, 63.130649], [12.9324606, 63.1311392]]}}, {"type": "Feature", "id": "way/507203884", "properties": {"class:bicycle:mtb": "2", "fixme": "resurvey mtb:scale", "highway": "path", "mtb:name": "Blanktjärnsrundan", "mtb:scale": "1", "surface": "ground", "@id": "way/507203884", "@type": "way", "osm_id": 507203884}, "geometry": {"type": "LineString", "coordinates": [[12.9324606, 63.1311392], [12.9326907, 63.132238], [12.9329427, 63.1324848], [12.9329742, 63.1327268], [12.9332967, 63.133205], [12.9335788, 63.1335137], [12.9339872, 63.1337989], [12.9344253, 63.1340439], [12.9354351, 63.1344734], [12.9356727, 63.1346713], [12.9360217, 63.1348794], [12.9363038, 63.135084], [12.9364746, 63.1352585], [12.9363781, 63.135386], [12.9363409, 63.1355638], [12.9360588, 63.135792], [12.9359538, 63.1359225], [12.9359695, 63.1359699], [12.9360483, 63.136015], [12.9361271, 63.1361099], [12.9364683, 63.1362594], [12.9367466, 63.1364705], [12.9369251, 63.1365014], [12.9371561, 63.1365417], [12.9376339, 63.1366366], [12.9378649, 63.1367338], [12.9380539, 63.1368382], [12.9381799, 63.1369521], [12.9383427, 63.1370897], [12.9385264, 63.1372131], [12.9387574, 63.1372605], [12.9392247, 63.1374835], [12.9392457, 63.1375713], [12.9393665, 63.137697], [12.9395082, 63.1378038], [12.9395817, 63.1378251], [12.939818, 63.1378536], [12.9401278, 63.1379532], [12.940175, 63.1379983], [12.9403903, 63.1381169], [12.9405635, 63.1381786], [12.9407263, 63.1381667], [12.9409363, 63.1381976], [12.9411673, 63.1381667], [12.9414246, 63.1380908], [12.9415234, 63.1380279], [12.9416504, 63.1379675], [12.9418879, 63.1379255], [12.9420038, 63.1379236], [12.9421352, 63.1379467], [12.9422401, 63.1379184], [12.9423755, 63.1379013], [12.9424903, 63.1379124], [12.9427391, 63.137879], [12.9429386, 63.137898], [12.9436631, 63.1380545], [12.9443036, 63.1383013], [12.9445767, 63.1383724], [12.9452802, 63.1385195], [12.9454571, 63.1386072], [12.9456564, 63.1386478], [12.9457444, 63.1386292], [12.9459077, 63.1385916], [12.9462435, 63.1385638], [12.9467687, 63.1385248], [12.9470707, 63.1384717], [12.9474044, 63.1384096], [12.947649, 63.1384104], [12.9478336, 63.1384138], [12.9479875, 63.1384224], [12.948377, 63.1383816], [12.9487841, 63.1383143], [12.9490215, 63.1382954], [12.9494531, 63.1382844], [12.9496288, 63.1383155], [12.9502331, 63.138415], [12.950457, 63.1384246], [12.950666, 63.1384414], [12.9508602, 63.1384383], [12.9510098, 63.1384185], [12.9511643, 63.1383716], [12.951329, 63.1383295], [12.9514717, 63.1383165], [12.9516058, 63.138325], [12.9517289, 63.1383387], [12.9518944, 63.1383296], [12.9520363, 63.138325], [12.9521562, 63.1383354], [12.9523204, 63.1383236], [12.9524553, 63.1383322], [12.9527041, 63.1384009], [12.9530035, 63.1385574], [12.9530805, 63.1386351], [12.9531162, 63.1387035], [12.9533446, 63.1388659], [12.9535174, 63.1389732], [12.9537009, 63.1390155], [12.9538543, 63.1390678], [12.9540625, 63.1391006], [12.9542462, 63.1391094], [12.9544085, 63.1391284], [12.9545849, 63.1391502], [12.9547287, 63.139163], [12.9559984, 63.139173], [12.9573275, 63.1391361], [12.9574193, 63.1391455], [12.9581145, 63.1392166], [12.9586343, 63.1391932], [12.959013, 63.139277], [12.9593456, 63.1393479], [12.9596892, 63.1394159], [12.9600107, 63.1394988]]}}, {"type": "Feature", "id": "way/507207604", "properties": {"class:bicycle:mtb": "2", "fixme": "resurvey mtb:scale", "highway": "path", "mtb:name": "Blanktjärnsrundan", "mtb:scale": "1+", "surface": "ground", "@id": "way/507207604", "@type": "way", "osm_id": 507207604}, "geometry": {"type": "LineString", "coordinates": [[12.9592493, 63.1134493], [12.9591319, 63.1134831], [12.9588812, 63.1135553], [12.9588655, 63.1135812], [12.9587861, 63.1136478], [12.9587029, 63.1136845], [12.9586592, 63.113738], [12.9585839, 63.1137767], [12.9584711, 63.1138064], [12.9582643, 63.1138366], [12.9579897, 63.1138631], [12.9577564, 63.1138986], [12.9574686, 63.1139637], [12.957254, 63.1139956], [12.9570577, 63.1140233], [12.9568269, 63.1140824], [12.9565349, 63.1141451], [12.9562243, 63.1141917], [12.9559644, 63.1142186], [12.955734, 63.1142552], [12.9553962, 63.114325], [12.9551509, 63.1143702], [12.9546629, 63.1144583], [12.9543104, 63.1144974], [12.9538637, 63.1145273], [12.9534352, 63.1145467], [12.9531066, 63.1145512], [12.9528041, 63.1145851], [12.9525626, 63.1146428], [12.952269, 63.1147002], [12.9520698, 63.1147391], [12.9518384, 63.1148578], [12.9516127, 63.1149086], [12.9512551, 63.1149718], [12.9507062, 63.1149436], [12.9505276, 63.1149425], [12.9500756, 63.1150612], [12.9498494, 63.1151508], [12.9495111, 63.1152019], [12.9491389, 63.1152416], [12.9489433, 63.1152619], [12.9484854, 63.1154263], [12.9481644, 63.1155316], [12.9478836, 63.1156091], [12.9475208, 63.1157142], [12.9473716, 63.1157416], [12.9471011, 63.1157462], [12.9466937, 63.1158111], [12.9461436, 63.1158517], [12.9457623, 63.1159202], [12.9453674, 63.1159943], [12.9449665, 63.1160933], [12.9447809, 63.1161576], [12.9444265, 63.1162659], [12.944238, 63.1163362], [12.9440377, 63.1163687], [12.9437211, 63.116469], [12.9434727, 63.1165537], [12.9432825, 63.1166152], [12.9431679, 63.1166673], [12.9430282, 63.1167604], [12.9429798, 63.1168057], [12.94296, 63.1168841], [12.9429032, 63.1169164], [12.9427447, 63.1170041]]}}, {"type": "Feature", "id": "way/507207607", "properties": {"highway": "path", "surface": "ground", "@id": "way/507207607", "@type": "way", "osm_id": 507207607}, "geometry": {"type": "LineString", "coordinates": [[12.9588812, 63.1135553], [12.9588702, 63.1134878], [12.9588531, 63.1134164], [12.9588666, 63.1133606], [12.9588692, 63.1133084], [12.9589673, 63.1130665], [12.9590681, 63.1129921], [12.9592262, 63.1130549]]}}, {"type": "Feature", "id": "way/521243570", "properties": {"bicycle": "no", "check_date": "2025-09-05", "description:en": "As of 9/2025 according to signs at Gåsån and Ljungan shelters, cyckling is not allowed in the Holkendurrie area between Gåsån and Ljungan.", "highway": "path", "mtb:scale": "2", "@id": "way/521243570", "@type": "way", "osm_id": 521243570}, "geometry": {"type": "LineString", "coordinates": [[12.5202412, 63.0299559], [12.5198865, 63.0302616], [12.5196344, 63.0303394], [12.5194627, 63.0303491], [12.5192535, 63.0304294], [12.5189531, 63.0304635], [12.518658, 63.0305292], [12.5181913, 63.0306022], [12.5176549, 63.0307725], [12.5173277, 63.0308746], [12.5165391, 63.0312493], [12.5157559, 63.0315631], [12.5155842, 63.0316677], [12.5151712, 63.0317772], [12.5151014, 63.0318794], [12.5150354, 63.0318953], [12.514919, 63.0319232], [12.5146186, 63.0319402], [12.5137871, 63.0322686], [12.5132078, 63.0324608], [12.5128752, 63.0326749], [12.5119901, 63.0330252], [12.5116253, 63.0333414], [12.5113356, 63.0335311], [12.5111532, 63.0337939], [12.5109386, 63.0339009], [12.510606, 63.0342561], [12.5105417, 63.0343874], [12.5104022, 63.0344847], [12.51037, 63.0346161], [12.5104988, 63.0347085], [12.5104451, 63.0347766], [12.510134, 63.0348204], [12.5098979, 63.0350539], [12.5096083, 63.0352291], [12.509619, 63.0353507], [12.509383, 63.0355064], [12.5087714, 63.0357399], [12.5086641, 63.0358761], [12.5081921, 63.0361582], [12.5075805, 63.0363771], [12.5069582, 63.0366155], [12.5064754, 63.0367469], [12.5058424, 63.0369123], [12.5049412, 63.0373355], [12.5044691, 63.0374911], [12.5038791, 63.0376614], [12.5033641, 63.0379192], [12.5027525, 63.0383327], [12.5024092, 63.0386537], [12.5017548, 63.0390672], [12.5008643, 63.0396023], [12.5006282, 63.0398795], [12.499963, 63.0403416], [12.49933, 63.0407697], [12.498976, 63.0412658], [12.4987936, 63.0414555], [12.4982357, 63.0418494], [12.4977958, 63.0420294], [12.4971521, 63.0422483], [12.4966907, 63.0424088], [12.4958432, 63.0426763], [12.4950063, 63.0430848], [12.4944699, 63.043294], [12.4939334, 63.0436685], [12.4928498, 63.0441451], [12.4922705, 63.0444952], [12.4906289, 63.0452393], [12.4895775, 63.0459007], [12.4889552, 63.0462849], [12.4876785, 63.046815], [12.4871313, 63.0469414], [12.4866807, 63.04717], [12.4861443, 63.0473353], [12.485919, 63.0474617], [12.485404, 63.0474715], [12.4853611, 63.0475493], [12.4855435, 63.0476757], [12.4854469, 63.0479383], [12.4853396, 63.0480112], [12.48505, 63.0480793], [12.4848354, 63.0482398], [12.484417, 63.0484392], [12.4839556, 63.0488233], [12.4836767, 63.0492415], [12.4830866, 63.0495965], [12.4830544, 63.0497958], [12.4824536, 63.0500292], [12.4819171, 63.0504182], [12.4813592, 63.0506127], [12.4806833, 63.0508121], [12.4804795, 63.0509871], [12.4795031, 63.0515365], [12.4791276, 63.0519012], [12.4785375, 63.0521638], [12.4781942, 63.052436], [12.4775934, 63.0525965], [12.4770784, 63.052932], [12.476306, 63.0531362], [12.4759626, 63.0533015], [12.4755335, 63.0534084], [12.474761, 63.0536904], [12.4744606, 63.0539481], [12.4729907, 63.0543954], [12.4724972, 63.0545509], [12.4716282, 63.0549885], [12.4709308, 63.0553969], [12.4703193, 63.0556156], [12.4699116, 63.0558149], [12.4693107, 63.0560045], [12.4692035, 63.0561018], [12.4688709, 63.0561698], [12.4682271, 63.0564567], [12.4679053, 63.0565296], [12.467519, 63.0566997], [12.466532, 63.0569282], [12.4659634, 63.0572636], [12.4651372, 63.0578713], [12.4647188, 63.0581241], [12.4645793, 63.0582699], [12.4644077, 63.0583622], [12.4646652, 63.0584984], [12.4650514, 63.0586442], [12.4652821, 63.0586563], [12.4652982, 63.0587268], [12.4654014, 63.0587923]]}}, {"type": "Feature", "id": "way/521243572", "properties": {"bicycle": "no", "check_date": "2025-09-05", "description:en": "As of 9/2025 according to signs at Gåsån and Ljungan shelters, cyckling is not allowed in the Holkendurrie area between Gåsån and Ljungan.", "highway": "path", "@id": "way/521243572", "@type": "way", "osm_id": 521243572}, "geometry": {"type": "LineString", "coordinates": [[12.5231588, 63.0283395], [12.5225848, 63.0283931], [12.5217265, 63.0286267], [12.5212974, 63.0287824], [12.5211257, 63.0290938], [12.5206966, 63.0293274], [12.5199662, 63.029551]]}}, {"type": "Feature", "id": "way/521243573", "properties": {"highway": "path", "@id": "way/521243573", "@type": "way", "osm_id": 521243573}, "geometry": {"type": "LineString", "coordinates": [[12.6561218, 62.9747031], [12.6555204, 62.974676], [12.6551127, 62.9746028], [12.6547372, 62.9743981], [12.6535463, 62.9740812], [12.6521838, 62.9745736], [12.6507568, 62.9750562]]}}, {"type": "Feature", "id": "way/521243574", "properties": {"bicycle": "no", "check_date": "2025-09-05", "description:en": "As of 9/2025 according to signs at Gåsån and Ljungan shelters, cyckling is not allowed in the Holkendurrie area between Gåsån and Ljungan.", "highway": "path", "@id": "way/521243574", "@type": "way", "osm_id": 521243574}, "geometry": {"type": "LineString", "coordinates": [[12.6018326, 62.984168], [12.6002616, 62.9846437], [12.5996736, 62.984755], [12.5992316, 62.9848387], [12.5988936, 62.9852869], [12.5984216, 62.9855355], [12.5975525, 62.9858522], [12.5966835, 62.9862908], [12.5954389, 62.9865539], [12.5942159, 62.9869292], [12.5938243, 62.9872557], [12.5937652, 62.9873775], [12.5938833, 62.9875578]]}}, {"type": "Feature", "id": "way/521243575", "properties": {"bicycle": "no", "check_date": "2025-09-05", "description:en": "As of 9/2025 according to signs at Gåsån and Ljungan shelters, cyckling is not allowed in the Holkendurrie area between Gåsån and Ljungan.", "highway": "path", "@id": "way/521243575", "@type": "way", "osm_id": 521243575}, "geometry": {"type": "LineString", "coordinates": [[12.5759715, 62.9972337], [12.5744266, 62.996961], [12.573225, 62.9969999], [12.5718517, 62.9971168], [12.5709934, 62.9971948], [12.5705642, 62.9975455], [12.5698776, 62.9975845], [12.5688476, 62.9977793], [12.5685043, 62.9978962], [12.5678884, 62.997944], [12.5672168, 62.9979352], [12.5671261, 62.9979558], [12.5656719, 62.9982859], [12.5648135, 62.9985587], [12.5636119, 62.9991432], [12.5624811, 62.9996196], [12.5612087, 63.0001174], [12.5601637, 63.0005158], [12.5590629, 63.0009746], [12.5585479, 63.0014812], [12.5581896, 63.0021913], [12.5575887, 63.0028926], [12.5563013, 63.0033991], [12.5556297, 63.003741], [12.5550288, 63.0043644], [12.554428, 63.0049098], [12.5540256, 63.0057084]]}}, {"type": "Feature", "id": "way/521320892", "properties": {"bicycle": "no", "check_date": "2025-09-05", "description:en": "As of 9/2025 according to signs at Gåsån and Ljungan shelters, cyckling is not allowed in the Holkendurrie area between Gåsån and Ljungan.", "highway": "path", "mtb:scale": "2", "@id": "way/521320892", "@type": "way", "osm_id": 521320892}, "geometry": {"type": "LineString", "coordinates": [[12.5641858, 63.0015785], [12.5625551, 63.001861], [12.5616646, 63.0022117], [12.5601089, 63.0027377], [12.5597334, 63.0031078], [12.5595188, 63.0031224], [12.5593579, 63.0032491], [12.5588214, 63.0034828], [12.5585854, 63.0037897], [12.5579631, 63.0039991], [12.5572872, 63.0044276], [12.5561714, 63.0046273], [12.5552058, 63.0051143], [12.5540256, 63.0057084], [12.5536501, 63.0060444], [12.5530815, 63.0063805], [12.5529742, 63.0065899], [12.552706, 63.00677], [12.552706, 63.0070086], [12.55247, 63.0071888], [12.5523681, 63.0074031], [12.5519657, 63.0078024], [12.5515365, 63.0081432], [12.5514829, 63.008338], [12.5513381, 63.008455], [12.5513327, 63.0087909], [12.5511396, 63.0089564], [12.5510645, 63.0092778], [12.5512373, 63.0094376], [12.551043, 63.0095651], [12.5505173, 63.0096479], [12.5501365, 63.0098183], [12.5499809, 63.0101348], [12.5501365, 63.0105974], [12.5500238, 63.0107678], [12.5497448, 63.0111719], [12.5493801, 63.0114056], [12.5493479, 63.0116831], [12.5491226, 63.0117854], [12.5487792, 63.0120872], [12.5484788, 63.0124475], [12.5481474, 63.0125927], [12.5478136, 63.0129782], [12.5474167, 63.0133093], [12.5471806, 63.0136987], [12.5467944, 63.0141369], [12.5464296, 63.0144631], [12.5461721, 63.0145799], [12.5461078, 63.0147649], [12.5455875, 63.0150376], [12.5451636, 63.0152956], [12.5446594, 63.0155487], [12.5439513, 63.0160355], [12.5431842, 63.0166344], [12.5427496, 63.016941], [12.5421381, 63.0172039], [12.5418699, 63.017418], [12.5416124, 63.0174813], [12.5414944, 63.0176809], [12.5408614, 63.0182602], [12.540164, 63.0187908], [12.5399709, 63.0190536], [12.5396919, 63.0192337], [12.5396383, 63.0194381], [12.5392842, 63.0196182], [12.5390911, 63.0199492], [12.5387585, 63.020105], [12.5381362, 63.0201245], [12.5374336, 63.020217], [12.5369239, 63.0203678], [12.5364411, 63.0207621], [12.5359261, 63.0210298], [12.5354862, 63.0213413], [12.5350249, 63.0216139], [12.5342739, 63.0218669], [12.533952, 63.0223001], [12.5335014, 63.0225581], [12.5329435, 63.0228696], [12.5328684, 63.0230399], [12.5324929, 63.0232248], [12.5320262, 63.0236045], [12.5311679, 63.0242664], [12.5289094, 63.0256825], [12.5279922, 63.0259405], [12.5273859, 63.0263103], [12.5267208, 63.0266802], [12.5260889, 63.0271951], [12.5253314, 63.0275756], [12.5250685, 63.0277848], [12.5243389, 63.0280281], [12.5239205, 63.0281254], [12.5236952, 63.0282519], [12.5231588, 63.0283395]]}}, {"type": "Feature", "id": "way/545917911", "properties": {"bridge": "yes", "highway": "track", "layer": "1", "source": "DigitalGlobe Premium aerials, shifted from Strava heatmap", "surface": "wood", "@id": "way/545917911", "@type": "way", "osm_id": 545917911}, "geometry": {"type": "LineString", "coordinates": [[13.0124715, 63.1209938], [13.0123401, 63.1210678]]}}, {"type": "Feature", "id": "way/545925696", "properties": {"fixme": "resurvey mtb:scale", "highway": "path", "mtb:name": "Bäverkroken", "mtb:scale": "1", "@id": "way/545925696", "@type": "way", "osm_id": 545925696}, "geometry": {"type": "LineString", "coordinates": [[13.1117669, 63.1570151], [13.1123639, 63.1571021], [13.1127892, 63.1572621], [13.1134625, 63.1573501], [13.1132683, 63.1575474]]}}, {"type": "Feature", "id": "way/545925699", "properties": {"bridge": "yes", "fixme": "resurvey mtb:scale", "highway": "path", "layer": "1", "mtb:name": "Bäverkroken", "mtb:scale": "1", "@id": "way/545925699", "@type": "way", "osm_id": 545925699}, "geometry": {"type": "LineString", "coordinates": [[13.1113717, 63.1570861], [13.1117669, 63.1570151]]}}, {"type": "Feature", "id": "way/545925704", "properties": {"bridge": "yes", "highway": "track", "layer": "1", "noexit": "yes", "source": "DigitalGlobe Premium aerials, shifted from Strava heatmap", "tracktype": "grade3", "@id": "way/545925704", "@type": "way", "osm_id": 545925704}, "geometry": {"type": "LineString", "coordinates": [[13.1221765, 63.1539385], [13.1219485, 63.153861]]}}, {"type": "Feature", "id": "way/545925707", "properties": {"highway": "track", "noexit": "yes", "source": "DigitalGlobe Premium aerials, shifted from Strava heatmap", "tracktype": "grade3", "@id": "way/545925707", "@type": "way", "osm_id": 545925707}, "geometry": {"type": "LineString", "coordinates": [[13.1270394, 63.1563997], [13.1268918, 63.1561551], [13.1266236, 63.1556561], [13.126511, 63.1555107], [13.1261891, 63.1553315], [13.1252825, 63.1549947], [13.1246281, 63.1547452], [13.1235766, 63.1544521], [13.1224867, 63.1540523], [13.1223934, 63.1540181], [13.1221765, 63.1539385]]}}, {"type": "Feature", "id": "way/545925708", "properties": {"highway": "track", "noexit": "yes", "source": "DigitalGlobe Premium aerials, shifted from Strava heatmap", "tracktype": "grade3", "@id": "way/545925708", "@type": "way", "osm_id": 545925708}, "geometry": {"type": "LineString", "coordinates": [[13.1219485, 63.153861], [13.1218278, 63.1538041], [13.1207523, 63.1534855], [13.1192932, 63.15307], [13.1182954, 63.1527575], [13.1174263, 63.1524644], [13.1169569, 63.1522609], [13.1165171, 63.1520319], [13.1159002, 63.15166], [13.1156373, 63.1515389], [13.1154549, 63.1514868], [13.1152269, 63.1514577], [13.1149131, 63.1514493], [13.1145725, 63.1514807], [13.114095, 63.1515498], [13.1136471, 63.151631], [13.1125769, 63.1517582], [13.112196, 63.1517945], [13.1119359, 63.1517969], [13.1112948, 63.1518005], [13.1110239, 63.1518127], [13.1107369, 63.1518805], [13.1092349, 63.152405], [13.1086636, 63.1525152], [13.1078777, 63.1525891], [13.107124, 63.1526412], [13.1057614, 63.1527393], [13.1053886, 63.1527546], [13.1053215, 63.1527587], [13.1047448, 63.1527357], [13.104364, 63.1527187], [13.1040207, 63.1527212], [13.1035835, 63.1527587], [13.1032509, 63.1528144], [13.1029344, 63.1529319], [13.1027412, 63.1530397], [13.1025884, 63.153219], [13.1019071, 63.1539906], [13.1016871, 63.1543467], [13.1016549, 63.1546398]]}}, {"type": "Feature", "id": "way/545925709", "properties": {"highway": "track", "noexit": "yes", "tracktype": "grade2", "@id": "way/545925709", "@type": "way", "osm_id": 545925709}, "geometry": {"type": "LineString", "coordinates": [[13.1233141, 63.1763777], [13.1233, 63.1762304], [13.1232617, 63.1758319], [13.1230189, 63.1745926], [13.1227268, 63.1733499], [13.1224727, 63.1727028], [13.1221617, 63.1722423], [13.121623, 63.1717972], [13.1196733, 63.17052], [13.1177539, 63.1693079], [13.1149024, 63.1675113], [13.1142318, 63.1670476], [13.1138858, 63.1666771], [13.1138054, 63.16651], [13.1137812, 63.1662642], [13.1139797, 63.1655717], [13.1141219, 63.1651624], [13.1142345, 63.1649905], [13.1144732, 63.1647411], [13.1149855, 63.1642943], [13.1156722, 63.1638281], [13.116729, 63.1631403], [13.1178904, 63.1623835], [13.1182498, 63.1621873], [13.1197813, 63.1615637], [13.1202427, 63.1613154], [13.1211492, 63.1607439], [13.1218493, 63.1603224], [13.1232333, 63.1594566], [13.1239656, 63.1590048], [13.1244189, 63.1586766], [13.1248212, 63.1582988], [13.1256554, 63.1574607], [13.1260201, 63.1571034], [13.126739, 63.1565996], [13.1270394, 63.1563997], [13.1280525, 63.1557981], [13.129805, 63.1550084], [13.131383, 63.1543472], [13.132172, 63.1539001], [13.1328737, 63.153537], [13.1338599, 63.1530813], [13.1342886, 63.1529032], [13.1351838, 63.1526291], [13.1366479, 63.1522316], [13.138097, 63.1518171], [13.1385559, 63.1516749], [13.1391097, 63.1514676], [13.1396105, 63.1512466], [13.1399291, 63.1510667], [13.1401149, 63.150892], [13.1403312, 63.150575], [13.140756, 63.1503951]]}}, {"type": "Feature", "id": "way/545925710", "properties": {"highway": "track", "noexit": "yes", "source": "DigitalGlobe Premium aerials, shifted from Strava heatmap", "tracktype": "grade3", "@id": "way/545925710", "@type": "way", "osm_id": 545925710}, "geometry": {"type": "LineString", "coordinates": [[13.1267524, 63.1811164], [13.1268758, 63.1809373], [13.1269133, 63.1807788], [13.1269133, 63.1805404], [13.1269616, 63.1803008], [13.1270206, 63.1801701], [13.1271198, 63.1800176], [13.1272298, 63.1798808], [13.1274042, 63.1797659], [13.1276348, 63.1796727], [13.1278601, 63.1796085], [13.1282705, 63.1795589], [13.1286353, 63.1795117], [13.1288552, 63.1794512], [13.1291288, 63.1793641], [13.1295016, 63.1792189], [13.1298181, 63.1790724], [13.1300649, 63.1789938], [13.130376, 63.1789224], [13.1308025, 63.1788631], [13.1315535, 63.1787747], [13.131752, 63.1787336], [13.1322777, 63.1785532], [13.1339675, 63.1779094], [13.1347829, 63.1776504], [13.1353381, 63.1774858], [13.1360248, 63.1773296], [13.1363037, 63.177257], [13.1365558, 63.1771336], [13.1367221, 63.1770162], [13.1368804, 63.1768891], [13.1370547, 63.1766906], [13.1370816, 63.1765756], [13.137095, 63.1763106], [13.1370681, 63.1760709], [13.1370681, 63.1759257], [13.1371137, 63.1758349], [13.1372479, 63.175663], [13.1374302, 63.1755287], [13.1376904, 63.1753871], [13.1381196, 63.1751765], [13.138876, 63.1748702], [13.1395358, 63.1746475], [13.1401446, 63.1745011], [13.140555, 63.174426], [13.1408688, 63.1743885], [13.141188, 63.1743764], [13.1422931, 63.1744212], [13.143028, 63.1744659], [13.1437603, 63.1744902], [13.1443718, 63.174472], [13.1448036, 63.1744248], [13.1452891, 63.1743473], [13.145619, 63.1742759], [13.1471318, 63.1739237], [13.1477836, 63.1738147], [13.1481832, 63.1737712], [13.1484488, 63.1737627], [13.1488055, 63.1737603], [13.1491032, 63.1737252], [13.1494412, 63.173661], [13.1496692, 63.1735751], [13.1498086, 63.1734855], [13.1499132, 63.1732834], [13.1501386, 63.1728391], [13.1503236, 63.1725413], [13.1505382, 63.1723404], [13.1508332, 63.1721237], [13.1511793, 63.1719155], [13.1519946, 63.171487], [13.1521931, 63.1713139], [13.1522655, 63.1711807], [13.1522816, 63.171056], [13.1522119, 63.1708611], [13.1520241, 63.1706747], [13.1517667, 63.1704883], [13.1508788, 63.1700379], [13.1492776, 63.1693648], [13.148312, 63.1689435], [13.148033, 63.1687583], [13.1474134, 63.1682195], [13.1470379, 63.1676796], [13.1468475, 63.1672934], [13.1463888, 63.1667558], [13.1458202, 63.1660415], [13.1453723, 63.1655584], [13.1452623, 63.1653997], [13.1452167, 63.1652653], [13.1451872, 63.1651297], [13.1451952, 63.164821], [13.1452087, 63.1643451], [13.1452891, 63.1640654], [13.1453964, 63.1638366], [13.1454152, 63.1636525], [13.1452677, 63.1634321]]}}, {"type": "Feature", "id": "way/583438391", "properties": {"highway": "path", "lit": "yes", "operator": "Vålådalens Fjällstation", "piste:grooming": "classic;skating", "piste:type": "nordic", "surface": "asphalt", "@id": "way/583438391", "@type": "way", "osm_id": 583438391}, "geometry": {"type": "LineString", "coordinates": [[12.9721453, 63.1491678], [12.971788, 63.1490991], [12.9715096, 63.149077], [12.9712341, 63.1490666]]}}, {"type": "Feature", "id": "way/583439845", "properties": {"highway": "path", "lit": "yes", "piste:grooming": "classic;skating", "piste:type": "nordic", "surface": "asphalt", "@id": "way/583439845", "@type": "way", "osm_id": 583439845}, "geometry": {"type": "LineString", "coordinates": [[12.988064, 63.1490746], [12.9879525, 63.14918], [12.9878006, 63.1493352], [12.9873694, 63.149585], [12.9870939, 63.1497686], [12.9870541, 63.1497879], [12.9869093, 63.1498582], [12.9865925, 63.150012], [12.9860166, 63.1502617], [12.9856481, 63.1504203], [12.9853716, 63.1506596], [12.9850607, 63.1510472], [12.9848994, 63.1512274], [12.984669, 63.1514009], [12.9846142, 63.1514657], [12.9846328, 63.1515324], [12.9848801, 63.1515086], [12.9852719, 63.1514112], [12.9857118, 63.1513506], [12.9862321, 63.1513022], [12.9869027, 63.1512053], [12.9873372, 63.1511229], [12.9877932, 63.1510139], [12.9883296, 63.150854], [12.9884526, 63.1508266], [12.9887105, 63.1507692], [12.9890109, 63.1507473], [12.989322, 63.1507328], [12.9897941, 63.1507134], [12.9900945, 63.150711], [12.9903091, 63.1507255], [12.9905022, 63.1507595], [12.991146, 63.1509145], [12.9915644, 63.1509775], [12.9922618, 63.1510357], [12.9926909, 63.151055], [12.9930879, 63.1510454], [12.9934956, 63.151089], [12.9940518, 63.1511975], [12.9946089, 63.1512857], [12.9950191, 63.1513991], [12.9952059, 63.1514794], [12.9953615, 63.1515836], [12.9954634, 63.1517217], [12.9955922, 63.1518307], [12.9957853, 63.151918], [12.9960318, 63.151956], [12.9963003, 63.1519906], [12.9964556, 63.1520505], [12.9966275, 63.1521069], [12.9967774, 63.1521256]]}}, {"type": "Feature", "id": "way/583439847", "properties": {"highway": "path", "lit": "yes", "piste:grooming": "classic;skating", "piste:type": "nordic", "surface": "dirt", "@id": "way/583439847", "@type": "way", "osm_id": 583439847}, "geometry": {"type": "LineString", "coordinates": [[13.0116028, 63.1544442], [13.0114837, 63.1544069], [13.0113204, 63.1543277], [13.0110736, 63.1541872], [13.0108539, 63.1541201], [13.0106552, 63.1540903], [13.010457, 63.1540838], [13.0101244, 63.1540959], [13.0097006, 63.1541371], [13.0094428, 63.1541751], [13.0091853, 63.1541872], [13.0089708, 63.1541751], [13.0086864, 63.1541242], [13.0083273, 63.1540547], [13.0079947, 63.1540159], [13.0077426, 63.1540135], [13.0075116, 63.1540443], [13.007281, 63.1541049], [13.0070127, 63.1541751], [13.0068035, 63.1542018], [13.006648, 63.1542066], [13.0064551, 63.1541783], [13.0062244, 63.1541322], [13.0059613, 63.1541024], [13.0056129, 63.154108], [13.0052854, 63.1541267], [13.0049423, 63.1541492], [13.0045022, 63.154117], [13.0041913, 63.1540668], [13.0038748, 63.1540474], [13.0034993, 63.1540135], [13.0031235, 63.1539474], [13.0029572, 63.1538844], [13.0028714, 63.153802], [13.0028714, 63.1536954], [13.0029841, 63.153349], [13.0029948, 63.1532109], [13.0029519, 63.1531116], [13.0028341, 63.153013], [13.0026571, 63.152904], [13.0022974, 63.1527555], [13.0020399, 63.1526634], [13.00182, 63.1525592], [13.0016593, 63.1524461], [13.0014928, 63.1522564], [13.0013372, 63.1521038], [13.0011172, 63.151956], [13.0007686, 63.1517888], [13.0004467, 63.1516895], [13.0001677, 63.1516483], [12.9998995, 63.151658], [12.9996691, 63.1516975], [12.9995404, 63.1517581], [12.9992936, 63.1519131], [12.9989661, 63.1520359], [12.9986928, 63.1521021], [12.9984568, 63.1521505], [12.9982154, 63.1521675], [12.9979201, 63.1521643], [12.9976465, 63.1521377], [12.9973675, 63.152111], [12.9970832, 63.1521062], [12.996874, 63.152128], [12.9967774, 63.1521256]]}}, {"type": "Feature", "id": "way/583439848", "properties": {"highway": "path", "lit": "yes", "operator": "Vålådalens Fjällstation", "piste:grooming": "classic;skating", "piste:type": "nordic", "surface": "asphalt", "@id": "way/583439848", "@type": "way", "osm_id": 583439848}, "geometry": {"type": "LineString", "coordinates": [[12.9850359, 63.1478314], [12.984808, 63.1478001], [12.9843331, 63.1477163], [12.9841613, 63.1476597], [12.9839895, 63.1476031], [12.983571, 63.1474892], [12.9832142, 63.1474573], [12.9830593, 63.1474415], [12.9809865, 63.1473483], [12.9794587, 63.1472597], [12.9782642, 63.1472702], [12.9771846, 63.1473603], [12.9762786, 63.1476008], [12.9760701, 63.1477283], [12.9759612, 63.1477951], [12.9750697, 63.1479528], [12.9746504, 63.1482146], [12.9737813, 63.1485789], [12.9730933, 63.1487939], [12.9726684, 63.1489081], [12.972372, 63.1490305], [12.9721453, 63.1491678]]}}, {"type": "Feature", "id": "way/583439854", "properties": {"highway": "path", "lit": "yes", "piste:grooming": "classic;skating", "piste:type": "nordic", "surface": "dirt", "@id": "way/583439854", "@type": "way", "osm_id": 583439854}, "geometry": {"type": "LineString", "coordinates": [[13.0114378, 63.1546609], [13.0115245, 63.1546579], [13.0117066, 63.1546645], [13.0118678, 63.1546797], [13.0120395, 63.1547136], [13.0122219, 63.1547766], [13.0124914, 63.1548264], [13.0127811, 63.1548361], [13.0131083, 63.1548482], [13.0133282, 63.1548725], [13.0134999, 63.1549112], [13.0136447, 63.1549912], [13.0138325, 63.1551486], [13.0140471, 63.1553884], [13.0142134, 63.1554732], [13.0143904, 63.1555071], [13.0147337, 63.1555532], [13.0149698, 63.155621], [13.0152112, 63.1556694], [13.0155116, 63.1557058], [13.0162465, 63.1557785], [13.0167454, 63.1558632], [13.0169868, 63.155919], [13.0172014, 63.1560062], [13.0173355, 63.15612], [13.0173784, 63.1562072], [13.0174588, 63.1562678], [13.0176359, 63.1563017], [13.0180328, 63.1563356], [13.0185317, 63.1564276], [13.0190682, 63.156556], [13.0196636, 63.1566723], [13.0200123, 63.1567377], [13.0201947, 63.1567498], [13.0203449, 63.1567329], [13.0204683, 63.1566747], [13.0206078, 63.1565439], [13.0207097, 63.1564276], [13.0208009, 63.1563574], [13.0210584, 63.1562896], [13.0215036, 63.1561612], [13.021804, 63.1561321], [13.0221634, 63.1561515], [13.0225872, 63.156229], [13.0231076, 63.1563211], [13.0234885, 63.1563598], [13.0240249, 63.1563768], [13.0246257, 63.1564252], [13.0250334, 63.1564979], [13.0252587, 63.1565827], [13.0253875, 63.1567207], [13.0256181, 63.1569266], [13.0258595, 63.1570502], [13.0261546, 63.1571519], [13.0265891, 63.1572512], [13.0268627, 63.1573215], [13.0270987, 63.1573675], [13.0272865, 63.1573869], [13.0276191, 63.1574232], [13.0278068, 63.1573772], [13.0280107, 63.1572851], [13.0283003, 63.1571834], [13.0285846, 63.1571519], [13.0288958, 63.1571568], [13.0293035, 63.1572101], [13.0295985, 63.1572827], [13.0297809, 63.1573215], [13.0299097, 63.1573239], [13.0300009, 63.1573069], [13.0301403, 63.1572488], [13.0304729, 63.1571301], [13.0306339, 63.1570768]]}}, {"type": "Feature", "id": "way/583439860", "properties": {"highway": "path", "lit": "yes", "piste:grooming": "classic;skating", "piste:type": "nordic", "surface": "dirt", "@id": "way/583439860", "@type": "way", "osm_id": 583439860}, "geometry": {"type": "LineString", "coordinates": [[12.9962515, 63.1527523], [12.9970886, 63.1529412], [12.9977023, 63.1530566], [12.9980971, 63.1531552], [12.9983119, 63.1532165], [12.9985262, 63.1532352], [12.9988535, 63.15324], [12.999288, 63.1532303], [12.999712, 63.1532456], [13.0000444, 63.1532981], [13.0004306, 63.1533708], [13.0006774, 63.153412], [13.0009459, 63.1534297], [13.0012621, 63.1534338], [13.0015789, 63.1534345], [13.0017556, 63.1534508], [13.0019916, 63.1535065], [13.0022491, 63.15363], [13.0024425, 63.1537931], [13.002582, 63.1539966], [13.0027, 63.1540668], [13.0029521, 63.1541565], [13.003263, 63.1542405], [13.0036334, 63.1542848], [13.0038424, 63.1543495], [13.0040623, 63.1544149], [13.0042393, 63.1544319], [13.0044703, 63.154435], [13.0046741, 63.154406], [13.0048723, 63.1543616], [13.0051623, 63.1543333], [13.0054144, 63.1543309], [13.0056931, 63.1543471], [13.0060635, 63.1543842], [13.0064873, 63.1544472], [13.0068413, 63.1544762], [13.0072273, 63.15449], [13.0076246, 63.1545029], [13.007984, 63.1545271], [13.0083431, 63.1545797], [13.0086811, 63.1546015], [13.0089868, 63.1546136], [13.0093355, 63.1546063], [13.0096198, 63.1546184], [13.009824, 63.1546458], [13.01006, 63.1547136], [13.0102368, 63.1547928], [13.0103601, 63.1548243], [13.0104892, 63.1548251], [13.0106286, 63.1548129], [13.0107681, 63.1547718], [13.011079, 63.1547008], [13.0113365, 63.1546645], [13.0114378, 63.1546609]]}}, {"type": "Feature", "id": "way/607145184", "properties": {"highway": "path", "source": "GPS", "@id": "way/607145184", "@type": "way", "osm_id": 607145184}, "geometry": {"type": "LineString", "coordinates": [[13.0454677, 63.1568167], [13.0452986, 63.1568569], [13.045127, 63.1568714], [13.0447944, 63.1568375], [13.044376, 63.1567794], [13.043861, 63.1567164], [13.0433674, 63.156697], [13.0429276, 63.1566244], [13.0425091, 63.1565517], [13.0423268, 63.1564742], [13.0421873, 63.1563967], [13.0419405, 63.1562949], [13.0416186, 63.1562222], [13.0411251, 63.1561108], [13.0407282, 63.1560042], [13.0402132, 63.1558395], [13.0399879, 63.1557426], [13.0397518, 63.1555827], [13.0394192, 63.1554374], [13.0391939, 63.1553744], [13.0386897, 63.1552242], [13.0384429, 63.1551709], [13.0380996, 63.1551903], [13.0377777, 63.1552], [13.0376275, 63.1551661], [13.0373915, 63.1550837], [13.0372091, 63.1550643], [13.0369945, 63.1550692], [13.0367263, 63.1550886], [13.0364903, 63.1550789], [13.0362435, 63.1550353], [13.0359109, 63.1550062], [13.0355676, 63.1549626], [13.0353101, 63.154919], [13.0350741, 63.1548318], [13.0348166, 63.1547979], [13.0346556, 63.1547591], [13.0345376, 63.1546767], [13.034366, 63.1546041], [13.0340441, 63.1545411], [13.0335291, 63.1544781], [13.0330248, 63.1544006], [13.0323811, 63.1543037], [13.0318125, 63.1542116], [13.0314155, 63.1541777], [13.0312331, 63.1541486], [13.0310937, 63.1540808], [13.0309005, 63.1539936], [13.0307503, 63.1539791], [13.0305894, 63.1539742], [13.0302568, 63.1539403], [13.0299671, 63.1539403], [13.0292912, 63.15395], [13.0290123, 63.1539645], [13.0285617, 63.154013], [13.0281754, 63.154042], [13.0277784, 63.1540275], [13.0274459, 63.1539936], [13.0270811, 63.1539355], [13.0265124, 63.1538386], [13.0261799, 63.1537998], [13.0255898, 63.1537707], [13.0248173, 63.1537465], [13.0244203, 63.1537368], [13.0241736, 63.1537271], [13.0239912, 63.1536787], [13.0239268, 63.1535915], [13.0239161, 63.15348], [13.0238302, 63.1534073], [13.0236908, 63.153354], [13.023444, 63.1532717], [13.0231972, 63.1531699], [13.0229719, 63.1530585], [13.0228432, 63.1529325], [13.0226823, 63.1527484], [13.0224999, 63.1525546], [13.0223067, 63.1524092], [13.0221029, 63.1522735], [13.0218347, 63.1521815], [13.0215021, 63.1521185], [13.0212017, 63.1520603], [13.0209764, 63.1520167], [13.020912, 63.151978], [13.0209013, 63.1518956], [13.0208369, 63.151789], [13.0207296, 63.1516824], [13.0204507, 63.1515564], [13.0201073, 63.1514159], [13.0196138, 63.151256], [13.0189379, 63.1510573], [13.0183907, 63.1509217], [13.0180581, 63.1508151], [13.0179186, 63.150723], [13.0177255, 63.1505679], [13.0174895, 63.1504662], [13.0169745, 63.1503159], [13.0165024, 63.1501415], [13.0161269, 63.1500446], [13.0157836, 63.1499816], [13.0153008, 63.149938], [13.0147429, 63.1498992], [13.0142816, 63.1499089], [13.0138953, 63.1499525], [13.0134447, 63.1499767], [13.0131121, 63.1499041], [13.0128868, 63.1498362], [13.0126937, 63.1497296], [13.0124791, 63.1496618], [13.0121787, 63.1496182], [13.01205, 63.14956], [13.0120607, 63.1494679], [13.0120714, 63.1493516], [13.01205, 63.1492596], [13.011932, 63.1491578], [13.0116852, 63.1490367], [13.0114384, 63.1489882], [13.0113848, 63.1489494], [13.0113311, 63.1487944], [13.0112453, 63.1487023], [13.0110629, 63.1486248], [13.0108269, 63.1484842], [13.0106981, 63.1483534], [13.0105587, 63.1482128], [13.0103977, 63.1481111], [13.0101402, 63.1479512], [13.0100008, 63.14783], [13.0098398, 63.1477718], [13.0097111, 63.1477573], [13.0095716, 63.1477088], [13.0094643, 63.1476652], [13.0092819, 63.147641], [13.0090137, 63.1476265], [13.0087348, 63.1475925], [13.0085309, 63.1475247], [13.0083807, 63.1474568], [13.0082091, 63.1473696], [13.0080159, 63.1472291], [13.0078228, 63.1470255], [13.0077155, 63.1468753], [13.0076726, 63.1467541], [13.0075975, 63.1466475], [13.0075331, 63.1465118], [13.0075653, 63.1464634], [13.0076404, 63.1464149], [13.0076512, 63.1463567], [13.007619, 63.1462259], [13.0075868, 63.146032], [13.0075653, 63.1458188], [13.0075975, 63.1456152], [13.0076512, 63.1453245], [13.0076726, 63.145213], [13.0076512, 63.1451257], [13.0075868, 63.1449997], [13.0075868, 63.1448931], [13.0075331, 63.1447913], [13.0075224, 63.1446847], [13.0074795, 63.1445732], [13.0074795, 63.1445135], [13.0074795, 63.1444618], [13.0073829, 63.1443648], [13.0072113, 63.144234], [13.0070718, 63.1441588], [13.0069162, 63.1441104], [13.0067285, 63.1440692], [13.006648, 63.1440304], [13.0065354, 63.1439601], [13.0064924, 63.143885], [13.0064434, 63.1437265], [13.0064603, 63.1436184]]}}, {"type": "Feature", "id": "way/614487023", "properties": {"highway": "track", "name": "Lahti 10 km", "operator": "Vålådalens Fjällstation", "piste:grooming": "classic;skating", "piste:oneway": "yes", "piste:type": "nordic", "surface": "dirt", "width": "3 m", "@id": "way/614487023", "@type": "way", "osm_id": 614487023}, "geometry": {"type": "LineString", "coordinates": [[12.9069294, 63.157351], [12.9071889, 63.1571555], [12.9073574, 63.1569423], [12.9075968, 63.1565887], [12.9079384, 63.1564145], [12.9085977, 63.1562907], [12.9093498, 63.1560939], [12.9099303, 63.1559125], [12.9104592, 63.1558358], [12.9113401, 63.1556545], [12.9123596, 63.1553993], [12.9130776, 63.1553647], [12.9136583, 63.155268], [12.914847, 63.1549445], [12.9150877, 63.154897], [12.9153542, 63.1548921], [12.9155953, 63.1548319], [12.9161192, 63.1544736], [12.9166099, 63.154366], [12.9170956, 63.154351], [12.9177529, 63.1542236], [12.9182102, 63.1540696], [12.9184443, 63.1539253], [12.9186579, 63.1536135], [12.9188629, 63.1534238], [12.9193229, 63.1532081], [12.9198387, 63.1531533], [12.9211191, 63.1530802], [12.9218961, 63.1528551], [12.922306, 63.1527542], [12.9226902, 63.1527153], [12.9231061, 63.1526721], [12.9234447, 63.1526948], [12.9241092, 63.1528899], [12.9244242, 63.1529428], [12.9247779, 63.1529706], [12.9252529, 63.1530421], [12.9256235, 63.153072], [12.9260369, 63.153005], [12.9265548, 63.1529426], [12.9271271, 63.1529443], [12.9274933, 63.1529732], [12.928018, 63.1530778], [12.9284997, 63.1531941], [12.9288227, 63.1532502], [12.9291799, 63.1532792], [12.9297487, 63.1532527], [12.9302456, 63.1530941], [12.9307252, 63.1528347], [12.9314333, 63.1526283], [12.9320095, 63.1524114], [12.9321671, 63.1522324], [12.9322331, 63.1517727], [12.9323076, 63.1516425], [12.9325069, 63.1515246], [12.9327062, 63.1514647], [12.9331305, 63.1514187], [12.9334417, 63.1514011], [12.9338119, 63.1513962], [12.9340534, 63.1513486], [12.9345213, 63.1512675], [12.9350322, 63.1513027], [12.9354712, 63.1513499], [12.9357986, 63.1514088], [12.936452, 63.1515826], [12.9369095, 63.1516895], [12.9374395, 63.1518402], [12.9377432, 63.1518652], [12.938064, 63.1518261], [12.9390768, 63.1516015], [12.9396218, 63.1515512], [12.9404025, 63.1515163], [12.9411403, 63.1515086], [12.9414489, 63.151464], [12.9420236, 63.1513381], [12.9428694, 63.1512365], [12.9436636, 63.1511698], [12.9442497, 63.1510973], [12.9447585, 63.1509588], [12.9456332, 63.1506272], [12.9461303, 63.1503809], [12.9467897, 63.1502178], [12.94724, 63.1501797], [12.9479071, 63.1501606], [12.9484038, 63.1500988], [12.9488017, 63.1500195], [12.9490419, 63.1498975], [12.9501919, 63.1491301], [12.9507716, 63.1489049], [12.9514286, 63.1487825], [12.952171, 63.1487484], [12.9528791, 63.1487918], [12.9535431, 63.1488795], [12.9538323, 63.1489603], [12.9539583, 63.1490371], [12.9541647, 63.1491726], [12.954371, 63.1492654], [12.9548169, 63.1493348], [12.9551728, 63.1493521], [12.9554858, 63.1493267], [12.9561897, 63.1492354], [12.956812, 63.1491199], [12.9572111, 63.1491052], [12.9580338, 63.1491165], [12.9587105, 63.1491375], [12.9593008, 63.1491766], [12.9599158, 63.1492205], [12.9604792, 63.1492876], [12.9609934, 63.1493199], [12.9612414, 63.1493378]]}}, {"type": "Feature", "id": "way/614487024", "properties": {"highway": "path", "mtb:name": "Kyrkstenen", "mtb:scale": "1", "piste:grooming": "scooter", "piste:type": "nordic", "sac_scale": "mountain_hiking", "@id": "way/614487024", "@type": "way", "osm_id": 614487024}, "geometry": {"type": "LineString", "coordinates": [[12.9056132, 63.1571039], [12.905672, 63.1569991], [12.9057699, 63.1568885], [12.9057645, 63.1564049], [12.9058276, 63.1562612], [12.9059493, 63.1561263], [12.9059798, 63.1561025], [12.9063596, 63.1558062], [12.9066468, 63.1555218], [12.9069587, 63.1549551]]}}, {"type": "Feature", "id": "way/614487025", "properties": {"highway": "track", "motorcar": "no", "sac_scale": "mountain_hiking", "surface": "ground", "tracktype": "grade3", "@id": "way/614487025", "@type": "way", "osm_id": 614487025}, "geometry": {"type": "LineString", "coordinates": [[12.9069587, 63.1549551], [12.9055345, 63.1552621]]}}, {"type": "Feature", "id": "way/614487027", "properties": {"fixme": "resurvey mtb:scale", "highway": "path", "mtb:scale": "1", "name": "Vålådalen-Stensdalen/Vålåstugorna", "sac_scale": "mountain_hiking", "source": "GPS", "surface": "dirt", "@id": "way/614487027", "@type": "way", "osm_id": 614487027}, "geometry": {"type": "LineString", "coordinates": [[12.9383535, 63.1438238], [12.939254, 63.1442682], [12.9394167, 63.1443676], [12.9399591, 63.1446106], [12.9404029, 63.1447365], [12.9407115, 63.1447888], [12.9411088, 63.1449034], [12.9417062, 63.1450124], [12.9423784, 63.145044], [12.9430335, 63.1451333], [12.9436227, 63.1452041], [12.9439918, 63.1452547], [12.9444334, 63.1452937], [12.9449277, 63.1452788], [12.9452241, 63.1452847], [12.9453916, 63.1453212]]}}, {"type": "Feature", "id": "way/614490467", "properties": {"class:bicycle:mtb": "2", "fixme": "resurvey mtb:scale", "highway": "path", "mtb:name": "Blanktjärnsrundan", "mtb:scale": "1", "surface": "ground", "@id": "way/614490467", "@type": "way", "osm_id": 614490467}, "geometry": {"type": "LineString", "coordinates": [[12.9287573, 63.1261326], [12.9289016, 63.1261534], [12.929066, 63.1261865], [12.9292267, 63.1262572], [12.9293499, 63.1262975], [12.9294813, 63.1263314], [12.9295983, 63.1263498], [12.9296439, 63.1263643], [12.9297378, 63.1263813], [12.9298397, 63.1264165], [12.9298772, 63.1264771], [12.9298746, 63.1265329], [12.9299132, 63.1266333], [12.9299481, 63.1267885], [12.9299776, 63.1269037], [12.9299829, 63.1270007], [12.9300607, 63.1271619], [12.9301814, 63.1273547], [12.9302833, 63.127522], [12.930337, 63.1276505], [12.9304523, 63.1277924], [12.9306025, 63.1279342], [12.9307393, 63.1280397], [12.9307742, 63.1280894], [12.9307795, 63.1281355], [12.9308144, 63.1281706], [12.9308681, 63.1282046], [12.930919, 63.1282809], [12.9310612, 63.1283913], [12.9311604, 63.128464], [12.9312301, 63.1285513], [12.9313428, 63.1286361], [12.931493, 63.1287234], [12.9316003, 63.1287938], [12.9317156, 63.1288544], [12.931898, 63.1289562], [12.9320042, 63.1290206], [12.9320498, 63.1290558], [12.9320563, 63.1290883], [12.932074, 63.1291322], [12.9321088, 63.1291613], [12.932192, 63.1292195], [12.9323164, 63.1292714], [12.9324173, 63.129308], [12.9324602, 63.1293249], [12.9324854, 63.1293502], [12.9325498, 63.1293987], [12.9326169, 63.1294351], [12.9326855, 63.1294546], [12.9327349, 63.1294726], [12.9327499, 63.1294995], [12.932766, 63.1295322], [12.9328368, 63.1296339], [12.9329334, 63.1298084], [12.9329199, 63.1298642], [12.932877, 63.1298969], [12.9328518, 63.1299335], [12.9328743, 63.1299733], [12.9333105, 63.1303845], [12.9334204, 63.1305372], [12.9334365, 63.130599], [12.9334161, 63.1306352], [12.9333373, 63.1306827], [12.932936, 63.1308243], [12.9327617, 63.1308886], [12.932692, 63.1309322], [12.9326399, 63.1309882], [12.932589, 63.1310876], [12.9324606, 63.1311392]]}}, {"type": "Feature", "id": "way/614490468", "properties": {"class:bicycle:mtb": "2", "fixme": "resurvey mtb:scale", "highway": "path", "mtb:name": "Blanktjärnsrundan", "mtb:scale": "1", "surface": "ground", "@id": "way/614490468", "@type": "way", "osm_id": 614490468}, "geometry": {"type": "LineString", "coordinates": [[12.9291758, 63.1242404], [12.9291125, 63.1242588], [12.9290657, 63.1242887], [12.9290436, 63.1243341], [12.9290384, 63.124414], [12.9290273, 63.1245325], [12.9290051, 63.1246574], [12.9289149, 63.1248101], [12.9287779, 63.1249053], [12.928514, 63.1250447], [12.928382, 63.1251213], [12.9283277, 63.125205], [12.9282907, 63.1253641], [12.9282998, 63.1255952], [12.928355, 63.1257789], [12.9285062, 63.1259286], [12.9287117, 63.1260715], [12.9287573, 63.1261326]]}}, {"type": "Feature", "id": "way/614490471", "properties": {"class:bicycle:mtb": "1", "highway": "path", "surface": "ground", "@id": "way/614490471", "@type": "way", "osm_id": 614490471}, "geometry": {"type": "LineString", "coordinates": [[12.9618818, 63.1136304], [12.9622738, 63.1134775], [12.9625329, 63.1134209], [12.9632576, 63.1133408], [12.9636384, 63.1132439], [12.9638188, 63.113167], [12.9642136, 63.112903], [12.9645741, 63.1127128], [12.9648917, 63.1124838], [12.9651234, 63.1123751], [12.9655208, 63.1122604], [12.9657757, 63.1122082], [12.9660694, 63.1121495], [12.9663851, 63.1119171], [12.9665911, 63.1116842], [12.9667837, 63.11151], [12.9667635, 63.1114692]]}}, {"type": "Feature", "id": "way/618617218", "properties": {"ford": "yes", "highway": "path", "sac_scale": "mountain_hiking", "@id": "way/618617218", "@type": "way", "osm_id": 618617218}, "geometry": {"type": "LineString", "coordinates": [[12.6563963, 62.9743642], [12.6559847, 62.9743664], [12.6559449, 62.9744857], [12.6561218, 62.9747031]]}}, {"type": "Feature", "id": "way/618618973", "properties": {"ford": "stepping_stones", "highway": "path", "sac_scale": "mountain_hiking", "@id": "way/618618973", "@type": "way", "osm_id": 618618973}, "geometry": {"type": "LineString", "coordinates": [[12.6578219, 62.9760274], [12.6579858, 62.9760355], [12.6580734, 62.9760067], [12.6581343, 62.9760017], [12.6582431, 62.975993], [12.6585248, 62.9759579]]}}, {"type": "Feature", "id": "way/618618974", "properties": {"highway": "path", "sac_scale": "mountain_hiking", "surface": "ground", "@id": "way/618618974", "@type": "way", "osm_id": 618618974}, "geometry": {"type": "LineString", "coordinates": [[12.7139517, 62.9946509], [12.7143627, 62.994763], [12.7148911, 62.9948169], [12.7157779, 62.99495], [12.7160128, 62.9950113], [12.7163326, 62.9950955], [12.7165591, 62.995085], [12.716699, 62.9951585], [12.7170008, 62.9952319], [12.7175702, 62.995283], [12.7183978, 62.9952936], [12.7191076, 62.9952618], [12.7199929, 62.9952412], [12.7208537, 62.9952462], [12.7211971, 62.9954021], [12.7214889, 62.9955168], [12.721716, 62.995578], [12.722056, 62.995764], [12.7225371, 62.9958436], [12.722763, 62.9959499], [12.7235015, 62.9960651], [12.7242011, 62.9960646], [12.7254886, 62.9960646], [12.7265396, 62.996265], [12.727825, 62.99638], [12.7286112, 62.9965701], [12.7297344, 62.9967287], [12.7304788, 62.9969952], [12.7310676, 62.9971558], [12.7322193, 62.9976141], [12.7332992, 62.9980911], [12.7339687, 62.9984506], [12.7353167, 63.0002564], [12.7353322, 63.0002777], [12.7359074, 63.0007158], [12.735938, 63.0011107], [12.7372068, 63.0028552], [12.7381321, 63.0041276], [12.7401827, 63.0062612], [12.7411612, 63.0064684], [12.7420078, 63.0071394], [12.7422835, 63.0074699], [12.7425712, 63.0077336], [12.7432285, 63.0079902], [12.7437464, 63.0084361], [12.7446124, 63.0088845], [12.7450739, 63.0093718], [12.7452379, 63.0094514], [12.7462356, 63.0098559], [12.7468694, 63.0100506], [12.748809, 63.0106719], [12.7509848, 63.0118844], [12.7517296, 63.0122109], [12.7522037, 63.0126992], [12.7527791, 63.0129712], [12.7531974, 63.0133233], [12.7540598, 63.0137252], [12.7551187, 63.0143499], [12.7559741, 63.0146679], [12.7566093, 63.0150657], [12.7567293, 63.0151666], [12.756908, 63.0152281], [12.7579012, 63.0157203], [12.7583781, 63.0159056], [12.7593176, 63.0161775], [12.7597334, 63.0162999], [12.7601923, 63.016486], [12.7604064, 63.0166153], [12.7605882, 63.0167078], [12.7609244, 63.0169472], [12.7613352, 63.0171562], [12.7616436, 63.0174288], [12.7616316, 63.0175567], [12.7614165, 63.017686], [12.7612713, 63.0177983], [12.7611826, 63.0179278], [12.7604314, 63.0184836], [12.7599219, 63.0185603], [12.7592046, 63.0188122], [12.7578843, 63.0190577], [12.7571235, 63.0190372], [12.7568516, 63.0190377], [12.7566367, 63.0191287], [12.7559485, 63.0198987], [12.7557567, 63.0199871], [12.7552604, 63.0206688], [12.7552099, 63.0212915], [12.7555312, 63.0216479], [12.7559143, 63.0222669]]}}, {"type": "Feature", "id": "way/762469713", "properties": {"highway": "path", "@id": "way/762469713", "@type": "way", "osm_id": 762469713}, "geometry": {"type": "LineString", "coordinates": [[13.0922011, 62.9756396], [13.0918515, 62.9757728], [13.0908322, 62.9765138], [13.0901456, 62.9771865], [13.0898237, 62.9776252], [13.0898747, 62.9785525], [13.0899927, 62.9790899], [13.0900839, 62.9793312], [13.0902877, 62.9797017], [13.0903843, 62.9801891], [13.0904219, 62.9804815], [13.0906123, 62.9807362], [13.0912453, 62.9810384], [13.0914679, 62.9811456], [13.0915993, 62.9812967], [13.09183, 62.9815952], [13.0920875, 62.9818889], [13.0920258, 62.982018], [13.0921733, 62.9820984], [13.0921948, 62.9822897], [13.0922323, 62.9824311], [13.0923986, 62.9829806], [13.0924094, 62.9835764], [13.092683, 62.9840016], [13.0928788, 62.9844195], [13.092868, 62.984802], [13.0928171, 62.9850896], [13.0925676, 62.9853089], [13.0925328, 62.9854465], [13.0922645, 62.9858242], [13.0920982, 62.9863176], [13.0919132, 62.9866526], [13.091822, 62.9868281], [13.0918783, 62.9869267], [13.0915484, 62.9875456], [13.0914679, 62.9877685], [13.0914867, 62.9879671], [13.0913687, 62.9881949], [13.0912212, 62.9885457], [13.0908322, 62.9893863], [13.0906633, 62.9897225], [13.0905533, 62.9898625], [13.0905694, 62.9899247], [13.0904514, 62.9901451], [13.0902234, 62.9903608], [13.0901054, 62.9904899], [13.0898854, 62.9906848], [13.0895045, 62.9911257], [13.0890311, 62.9914686], [13.0885483, 62.991845], [13.0883834, 62.9921805], [13.0882949, 62.9924351], [13.0879596, 62.9928407], [13.0876833, 62.9931927], [13.0872595, 62.9940465], [13.0869779, 62.9945422], [13.0868465, 62.995117], [13.0867204, 62.9956091], [13.0866212, 62.9959623], [13.0864951, 62.9963434], [13.0861947, 62.9965846], [13.0859479, 62.9968306], [13.0854785, 62.997118], [13.0852908, 62.9974224], [13.0850869, 62.9980033], [13.0848509, 62.9984247], [13.0846578, 62.9986475], [13.084293, 62.9988594], [13.0841455, 62.9989921], [13.0838075, 62.9994074], [13.0834722, 62.9997179], [13.0832872, 62.9999225], [13.0832684, 63.0000674], [13.0832764, 63.0002561], [13.0831584, 63.0004351], [13.0831611, 63.0007213], [13.0831289, 63.0009855], [13.0830109, 63.0013983], [13.0826649, 63.0019097], [13.0823243, 63.0024528], [13.0820185, 63.0027742], [13.0815572, 63.0031736], [13.0812755, 63.0034853], [13.0810744, 63.0037458], [13.0810958, 63.0040478], [13.0804494, 63.005023], [13.0805352, 63.005236], [13.0806023, 63.0055002], [13.0807096, 63.005891], [13.0806613, 63.0062831], [13.0805433, 63.0067481], [13.0805996, 63.0070659], [13.0806211, 63.0072326], [13.0805272, 63.007464], [13.080554, 63.0077646], [13.0805165, 63.0079874], [13.0807149, 63.0081919], [13.0808169, 63.0087422], [13.0807847, 63.0088761], [13.0805165, 63.0092303], [13.0803904, 63.0094628], [13.0800444, 63.0101871], [13.0797359, 63.0105255], [13.0794972, 63.0107398], [13.0788133, 63.0111755], [13.0786255, 63.0114031], [13.0783063, 63.0119046], [13.0780649, 63.0123282], [13.0774856, 63.0130013], [13.0773595, 63.0132374], [13.077381, 63.0134285], [13.0774534, 63.0136318], [13.0773917, 63.0137474], [13.0771074, 63.0139251], [13.076351, 63.0143195], [13.0761471, 63.0145495], [13.0759191, 63.0148611], [13.0757073, 63.014984], [13.07538, 63.0154538], [13.0749804, 63.0161572], [13.0746934, 63.0164895], [13.074283, 63.0169738], [13.0740631, 63.0172318], [13.0733952, 63.0176846], [13.0727139, 63.0183478], [13.0723518, 63.018865], [13.0722097, 63.0190633], [13.072156, 63.0192386], [13.0720273, 63.0193517], [13.0718717, 63.0195343], [13.0718529, 63.0196414], [13.0717376, 63.0200332], [13.0717698, 63.0201488], [13.0716035, 63.0205771], [13.071472, 63.0207329], [13.0709678, 63.0212707], [13.070536, 63.0219278], [13.0700022, 63.0223549], [13.0693343, 63.022973], [13.0692539, 63.0232893], [13.06905, 63.0236483], [13.0688435, 63.0240267], [13.0687791, 63.0244136], [13.0688167, 63.0248114], [13.0686772, 63.0251046], [13.0684653, 63.0254404], [13.0682534, 63.0256107], [13.0682293, 63.0258821], [13.0682105, 63.0260317], [13.0680174, 63.0262835], [13.0675614, 63.0269028], [13.0672744, 63.0272069], [13.0672556, 63.0273614], [13.0670464, 63.0275305], [13.0667916, 63.0278128], [13.0665582, 63.0281035], [13.0664483, 63.0283712], [13.0663168, 63.0286169], [13.0661264, 63.0291096], [13.0659521, 63.0294855], [13.0657375, 63.0298358], [13.0657509, 63.0301204], [13.0657321, 63.0303564], [13.0657268, 63.0304793], [13.0656061, 63.0308479], [13.0654532, 63.0310936], [13.0653325, 63.0314439], [13.065311, 63.0318526], [13.065252, 63.0326809], [13.0649301, 63.0337112], [13.0647397, 63.0341125], [13.0643722, 63.0348873], [13.0642462, 63.0351476], [13.063876, 63.0357459], [13.0634925, 63.0362482], [13.0631518, 63.036669], [13.0625644, 63.037226], [13.0624866, 63.0373318], [13.062264, 63.0378718], [13.0621836, 63.0382391], [13.0621004, 63.0386246], [13.0619529, 63.039004], [13.0618536, 63.039297], [13.0616042, 63.039747], [13.0615023, 63.0400619], [13.0615157, 63.0403514], [13.0614567, 63.0407915], [13.0614084, 63.0412317], [13.0612045, 63.0417108], [13.0610329, 63.0419078], [13.0609578, 63.0421972], [13.0608451, 63.0425912], [13.0605876, 63.0429924], [13.0602711, 63.0432952], [13.0593941, 63.0435554], [13.0582783, 63.0439213], [13.057715, 63.0440818], [13.0573395, 63.0441986], [13.0571732, 63.0442156], [13.0570766, 63.0442764], [13.056803, 63.0443165], [13.0565241, 63.044398], [13.0556175, 63.0445937], [13.0555022, 63.0445961], [13.0551293, 63.0447044], [13.0546921, 63.04486], [13.0544588, 63.0449889], [13.0534959, 63.0453524], [13.0514789, 63.0469365], [13.05076, 63.0474812], [13.0504435, 63.0475639], [13.0491829, 63.0481012], [13.0490005, 63.0482033], [13.0487108, 63.04841], [13.0484855, 63.0485024], [13.047756, 63.0490446], [13.0470961, 63.0494846], [13.0466026, 63.0497618], [13.0467582, 63.0503404], [13.0471712, 63.0506808], [13.0474609, 63.0508801], [13.0475199, 63.051026], [13.0478311, 63.0511573], [13.0481315, 63.0512399], [13.0483139, 63.051415], [13.0482548, 63.051573], [13.0482763, 63.0517991], [13.0485284, 63.0520616], [13.0487215, 63.052227], [13.0489361, 63.052453], [13.0489737, 63.0526451], [13.0491346, 63.0528955], [13.0493545, 63.0530413], [13.0498266, 63.0533865], [13.0499875, 63.0535251], [13.0503255, 63.053705], [13.0507064, 63.0538679], [13.0510068, 63.0540186], [13.051849, 63.0544245], [13.0530721, 63.0549958], [13.054145, 63.0554309], [13.0547243, 63.0557615], [13.0553198, 63.0562744], [13.0555987, 63.0565466], [13.0557382, 63.0565952], [13.0558938, 63.0567192], [13.0561727, 63.0570036], [13.0564678, 63.0571081], [13.0569237, 63.057424], [13.0576265, 63.0578008], [13.0581576, 63.0581265], [13.0593377, 63.0587487]]}}, {"type": "Feature", "id": "way/846943072", "properties": {"highway": "path", "piste:grooming": "classic;skating", "piste:type": "nordic", "surface": "ground", "width": "1", "@id": "way/846943072", "@type": "way", "osm_id": 846943072}, "geometry": {"type": "LineString", "coordinates": [[13.0813469, 63.1638906], [13.0814503, 63.1637446], [13.0815427, 63.1635026], [13.0816228, 63.1632244], [13.0817276, 63.1630825], [13.0816968, 63.1627821], [13.0817707, 63.1626124], [13.0817769, 63.1624427], [13.0816254, 63.1623447], [13.0813419, 63.1622808], [13.0809229, 63.1621862], [13.080547, 63.1620916], [13.0801588, 63.1620081], [13.0799924, 63.1619942], [13.0798322, 63.1620165], [13.0794563, 63.1620276], [13.0793331, 63.1620109], [13.0788278, 63.1620053], [13.0784088, 63.1619775], [13.0779836, 63.1619831], [13.0775338, 63.1619469], [13.0771271, 63.1618857], [13.0766587, 63.1618329], [13.076289, 63.1617633], [13.0759624, 63.1616743], [13.0756297, 63.161588], [13.0753893, 63.1615129], [13.0752045, 63.161346], [13.0750196, 63.1612041], [13.0748964, 63.1611346], [13.0746191, 63.1610511], [13.0742124, 63.161001], [13.0739659, 63.1609537], [13.0734704, 63.1607357]]}}, {"type": "Feature", "id": "way/912549726", "properties": {"class:bicycle:mtb": "0", "highway": "path", "mtb:scale": "3", "name": "Lunndörren-Vålådalen", "source": "GPS", "surface": "dirt", "@id": "way/912549726", "@type": "way", "osm_id": 912549726}, "geometry": {"type": "LineString", "coordinates": [[13.004281, 63.1187344], [13.0045814, 63.1185908], [13.0051565, 63.1184084], [13.0058346, 63.1181639], [13.0060921, 63.1181251], [13.0063066, 63.1180475], [13.0068216, 63.1179543], [13.0071478, 63.1178728], [13.0072937, 63.1177409], [13.0074825, 63.1175934], [13.0075941, 63.117411], [13.0076027, 63.117345], [13.0076799, 63.1172286], [13.0077228, 63.1170656], [13.0077658, 63.1169337], [13.0079117, 63.1168948], [13.0081091, 63.1166775], [13.0082807, 63.116596], [13.0083494, 63.1164835], [13.0084009, 63.1164058], [13.0084009, 63.1163243], [13.0089416, 63.115878], [13.0089846, 63.1157771], [13.0091734, 63.1157033], [13.0094137, 63.1154317], [13.0096884, 63.1152609], [13.0099544, 63.1150707], [13.0099802, 63.1149465], [13.0102205, 63.1148223], [13.0105467, 63.1146787], [13.010684, 63.1146321], [13.0109157, 63.1145234], [13.0111904, 63.1144497], [13.0115766, 63.1141586], [13.0117311, 63.1141237], [13.011877, 63.1141159], [13.0120916, 63.1140577], [13.0122118, 63.1139762], [13.0127697, 63.1137976], [13.0131473, 63.1136152], [13.0136194, 63.1136113], [13.0137224, 63.1136152], [13.0142975, 63.1135026], [13.0145206, 63.1135182], [13.0150099, 63.1134366], [13.0150785, 63.1133978], [13.0152073, 63.1134056], [13.0157051, 63.1133862], [13.0163059, 63.1132154], [13.0165119, 63.1130834], [13.0167265, 63.1130601], [13.0169239, 63.1129553], [13.0172672, 63.1128544], [13.0174217, 63.1128428], [13.017705, 63.1127496], [13.0179195, 63.1125788], [13.0183916, 63.1124236], [13.0188551, 63.1122411], [13.0191727, 63.1120393], [13.0193615, 63.1119034], [13.019413, 63.1117482], [13.019722, 63.1116317], [13.0197735, 63.1115618], [13.0199022, 63.111492], [13.020194, 63.1113289], [13.0204258, 63.1112668], [13.0207004, 63.1110883], [13.0209923, 63.1107971], [13.0212669, 63.1106613], [13.0215673, 63.1105564], [13.0216532, 63.1104633], [13.0215931, 63.1103507], [13.0217304, 63.1101605], [13.021636, 63.1100246], [13.0218248, 63.1098965], [13.0220222, 63.1092987], [13.0216446, 63.1091356], [13.0216532, 63.1090153], [13.0217047, 63.1089648], [13.0217218, 63.1088445], [13.0218506, 63.1087707], [13.0219278, 63.1087086], [13.022151, 63.1085766], [13.0222454, 63.1084291], [13.0224171, 63.1082777], [13.0224771, 63.1081108], [13.0225801, 63.1079943], [13.022666, 63.1077109], [13.0230436, 63.1074663], [13.0235071, 63.1071751], [13.0235586, 63.107113], [13.0237389, 63.1070354], [13.0240049, 63.1070315], [13.0243482, 63.1070043], [13.0246744, 63.1070198], [13.0250864, 63.1070043], [13.0257988, 63.1069383], [13.0264254, 63.1068646], [13.0268373, 63.1068451], [13.0270948, 63.1068568], [13.0272652, 63.1068423]]}}, {"type": "Feature", "id": "way/912549727", "properties": {"class:bicycle:mtb": "0", "highway": "path", "mtb:scale": "3", "name": "Lunndörren-Vålådalen", "piste:grooming": "classic;skating", "piste:oneway": "yes", "piste:type": "nordic", "source": "GPS", "surface": "dirt", "@id": "way/912549727", "@type": "way", "osm_id": 912549727}, "geometry": {"type": "LineString", "coordinates": [[13.0018239, 63.1204191], [13.0019293, 63.1203565], [13.0023327, 63.1200344], [13.0029678, 63.1196813], [13.0034828, 63.1192932], [13.0037832, 63.1191419], [13.004281, 63.1187344]]}}, {"type": "Feature", "id": "way/912933806", "properties": {"class:bicycle:mtb": "0", "highway": "path", "mtb:scale": "1", "name": "Lunndörren-Vålådalen", "source": "GPS", "surface": "dirt", "@id": "way/912933806", "@type": "way", "osm_id": 912933806}, "geometry": {"type": "LineString", "coordinates": [[12.9686937, 63.1417576], [12.9687236, 63.1416985], [12.9688587, 63.1415521], [12.9691591, 63.1414319], [12.969365, 63.1413248], [12.9695201, 63.1412084], [12.9695206, 63.14103], [12.9695928, 63.1409509], [12.9697561, 63.1408854], [12.9699532, 63.1408641], [12.9702523, 63.1408655], [12.9705441, 63.1408583], [12.9707059, 63.1408236], [12.9708376, 63.1407559], [12.9709612, 63.1406977], [12.9710897, 63.1406811], [12.9713635, 63.1406036], [12.9715878, 63.140597], [12.971804, 63.1405924], [12.9720022, 63.1406019], [12.9721899, 63.1406136], [12.9723839, 63.1406437], [12.9725974, 63.1406621], [12.9729357, 63.1406564], [12.9732658, 63.140612], [12.9735149, 63.1406175], [12.9736732, 63.1406497], [12.9738304, 63.140636], [12.9739551, 63.1405816], [12.9740423, 63.1405238], [12.9742408, 63.1404924], [12.9743804, 63.1404889]]}}, {"type": "Feature", "id": "way/912933807", "properties": {"class:bicycle:mtb": "0", "highway": "path", "mtb:scale": "1", "name": "Lunndörren-Vålådalen", "piste:type": "nordic", "source": "GPS", "surface": "dirt", "@id": "way/912933807", "@type": "way", "osm_id": 912933807}, "geometry": {"type": "LineString", "coordinates": [[12.9847932, 63.1388396], [12.9849777, 63.1387135], [12.9853725, 63.1385002], [12.9855442, 63.1383257], [12.9857845, 63.1381318], [12.985939, 63.1379456], [12.9859733, 63.137806], [12.9862394, 63.137519], [12.9863768, 63.1373367], [12.9865398, 63.1371118], [12.9867544, 63.1369993], [12.986969, 63.1367899], [12.9869003, 63.1366774], [12.9871063, 63.1366348], [12.9874067, 63.1365843], [12.9876213, 63.1364796], [12.987896, 63.1363129]]}}, {"type": "Feature", "id": "way/912941680", "properties": {"fixme": "resurvey mtb:scale", "highway": "path", "mtb:name": "Bäverkroken", "mtb:scale": "1", "@id": "way/912941680", "@type": "way", "osm_id": 912941680}, "geometry": {"type": "LineString", "coordinates": [[13.072833, 63.1600232], [13.0730914, 63.1595282], [13.0730166, 63.1592805], [13.0721688, 63.158954], [13.0720023, 63.1588731], [13.0717231, 63.1587373]]}}, {"type": "Feature", "id": "way/912941681", "properties": {"fixme": "resurvey mtb:scale", "highway": "path", "mtb:name": "Bäverkroken", "mtb:scale": "1", "piste:grooming": "classic;skating", "piste:type": "nordic", "@id": "way/912941681", "@type": "way", "osm_id": 912941681}, "geometry": {"type": "LineString", "coordinates": [[13.0734704, 63.1607357], [13.0732161, 63.1602825], [13.072833, 63.1600232]]}}, {"type": "Feature", "id": "way/912941682", "properties": {"highway": "path", "surface": "ground", "width": "1", "@id": "way/912941682", "@type": "way", "osm_id": 912941682}, "geometry": {"type": "LineString", "coordinates": [[13.0813412, 63.1641496], [13.0812716, 63.1640284], [13.0813469, 63.1638906]]}}, {"type": "Feature", "id": "way/912941685", "properties": {"highway": "path", "informal": "yes", "piste:grooming": "classic;skating", "piste:type": "nordic", "smoothness": "very_bad", "surface": "grass", "trail_visibility": "excellent", "@id": "way/912941685", "@type": "way", "osm_id": 912941685}, "geometry": {"type": "LineString", "coordinates": [[13.0554931, 63.16641], [13.0554351, 63.1663838], [13.0551605, 63.1662599], [13.0551069, 63.1661969], [13.0550355, 63.1660256], [13.0549853, 63.1658434], [13.0548725, 63.1656712], [13.0546992, 63.1655431], [13.0543549, 63.1653397], [13.0543012, 63.1650878], [13.0541918, 63.1649109], [13.0541746, 63.1646162], [13.0545446, 63.1645065], [13.0549378, 63.1643262], [13.0550282, 63.1641733], [13.0550448, 63.164053], [13.0549593, 63.1639391], [13.0543398, 63.1636699], [13.0539482, 63.1635271], [13.0529665, 63.1630936], [13.0523496, 63.1628756], [13.0514537, 63.162539], [13.0482672, 63.1615121], [13.046058, 63.1607418], [13.0457, 63.1606872], [13.0450927, 63.1604886], [13.0440347, 63.1601195], [13.043175, 63.1597968], [13.042496, 63.1594844], [13.0419485, 63.1592738], [13.0416212, 63.1590716], [13.0413781, 63.1589042], [13.0410594, 63.1587931], [13.0404436, 63.1586578], [13.0398451, 63.1586444], [13.0395404, 63.1586155], [13.0388688, 63.1583804], [13.0370925, 63.1577627], [13.0367819, 63.1576601], [13.0364548, 63.157598], [13.0358423, 63.1575102], [13.0353122, 63.1574624], [13.0344753, 63.1574963], [13.033896, 63.1575762], [13.0336571, 63.1575145], [13.0333917, 63.1573413], [13.0322115, 63.1571136], [13.031267, 63.1570849], [13.0308862, 63.1570578], [13.0306339, 63.1570768]]}}, {"type": "Feature", "id": "way/912947099", "properties": {"highway": "path", "lit": "yes", "piste:grooming": "classic;skating", "piste:type": "nordic", "surface": "dirt", "@id": "way/912947099", "@type": "way", "osm_id": 912947099}, "geometry": {"type": "LineString", "coordinates": [[13.0306339, 63.1570768], [13.0306446, 63.1570332], [13.0306231, 63.1569678], [13.030489, 63.156883], [13.0302583, 63.1567813], [13.0299204, 63.1566965], [13.0295663, 63.1566432], [13.0286168, 63.1565778], [13.0277693, 63.1564858], [13.026294, 63.1563477], [13.0250978, 63.1562242], [13.0241751, 63.1561176], [13.0240955, 63.1561049], [13.02307, 63.1559408], [13.0226516, 63.1558657], [13.0222976, 63.1558463], [13.0220293, 63.1558632], [13.0217992, 63.1558806], [13.0214392, 63.1559747], [13.0211174, 63.1560909], [13.0208384, 63.1561588], [13.0204951, 63.1561781], [13.0201947, 63.1561733], [13.0195081, 63.1561006], [13.0188643, 63.156028], [13.0184781, 63.1559601], [13.0183708, 63.155902], [13.0182742, 63.1558003], [13.0181669, 63.155684], [13.0180597, 63.1556162], [13.0176842, 63.1555338], [13.0172979, 63.1553788], [13.0168044, 63.1551753], [13.0158602, 63.1549185], [13.013693, 63.1543904], [13.0132639, 63.1542935], [13.0129635, 63.1542838], [13.0128454, 63.1543129], [13.0125826, 63.1544219], [13.0123466, 63.1544728], [13.0121572, 63.1544803], [13.0118139, 63.1544682], [13.0116028, 63.1544442]]}}, {"type": "Feature", "id": "way/912947101", "properties": {"highway": "path", "lit": "yes", "operator": "Vålådalens Fjällstation", "piste:grooming": "classic;skating", "piste:type": "nordic", "@id": "way/912947101", "@type": "way", "osm_id": 912947101}, "geometry": {"type": "LineString", "coordinates": [[12.9705842, 63.1490445], [12.9704317, 63.1491548], [12.970276, 63.1492623], [12.9702417, 63.1493274], [12.9701884, 63.1493896], [12.9700716, 63.1494555], [12.9698463, 63.1494797], [12.9691811, 63.1495258], [12.9686447, 63.1496833], [12.9680868, 63.1497487], [12.9674055, 63.1497293], [12.9667135, 63.1496178], [12.9663601, 63.1495433]]}}, {"type": "Feature", "id": "way/912947102", "properties": {"highway": "path", "@id": "way/912947102", "@type": "way", "osm_id": 912947102}, "geometry": {"type": "LineString", "coordinates": [[12.9655168, 63.1495183], [12.9663601, 63.1495433], [12.966609, 63.1495421], [12.9667484, 63.1495169], [12.9669184, 63.1495026]]}}, {"type": "Feature", "id": "way/912947103", "properties": {"highway": "track", "piste:grooming": "classic;skating", "piste:type": "nordic", "surface": "pebblestone", "@id": "way/912947103", "@type": "way", "osm_id": 912947103}, "geometry": {"type": "LineString", "coordinates": [[12.9655802, 63.1492718], [12.965526, 63.1494031], [12.9655168, 63.1495183]]}}, {"type": "Feature", "id": "way/986013443", "properties": {"highway": "path", "@id": "way/986013443", "@type": "way", "osm_id": 986013443}, "geometry": {"type": "LineString", "coordinates": [[12.5895227, 62.9657297], [12.5898714, 62.9658199], [12.5902147, 62.9658613], [12.5905259, 62.965893], [12.5907619, 62.9659491], [12.5910087, 62.9660198], [12.5913252, 62.966054], [12.5916738, 62.966032], [12.5922425, 62.9659784], [12.5926019, 62.9658979], [12.5928647, 62.9658809], [12.5931276, 62.9659028], [12.5934709, 62.9659759], [12.5937874, 62.9660076], [12.5941093, 62.9659491], [12.5944687, 62.9658223], [12.594753, 62.9657272], [12.594914, 62.9656273], [12.5951875, 62.9655005], [12.5954128, 62.96542], [12.5955738, 62.9654322], [12.5957368, 62.9654151], [12.5958136, 62.9654071], [12.5959052, 62.9653975], [12.5959922, 62.9653883], [12.5962014, 62.9653566], [12.5966467, 62.9653956], [12.5968612, 62.9654005], [12.5971456, 62.9654347], [12.5974567, 62.9655176], [12.5986998, 62.965876], [12.5989894, 62.9659613], [12.5993059, 62.9661027], [12.5997219, 62.9661617], [12.5999847, 62.9661592], [12.6004085, 62.9661105], [12.6007304, 62.9660154], [12.6008967, 62.9660007], [12.6012078, 62.9659983], [12.60146, 62.96593], [12.6018247, 62.9658179], [12.6023826, 62.9656228], [12.602903, 62.965635], [12.603345, 62.9656618], [12.6036347, 62.9656204], [12.6040853, 62.9655033], [12.6044393, 62.965496], [12.6047022, 62.9654668], [12.6050401, 62.9653765], [12.6058274, 62.9652376], [12.606278, 62.9652498], [12.6065408, 62.9652912], [12.6068144, 62.9653887], [12.6069968, 62.9655448], [12.6073938, 62.9658837], [12.6077049, 62.9662007], [12.6081233, 62.9665055], [12.6088207, 62.9669078], [12.6092552, 62.9670809], [12.6097756, 62.967254], [12.6102155, 62.9673417], [12.610768, 62.9674856], [12.6111489, 62.9676611], [12.6116907, 62.9678123], [12.6119986, 62.9678775], [12.6123044, 62.9680115], [12.6125726, 62.9681725], [12.6127657, 62.9683821], [12.6128998, 62.9684772], [12.6132324, 62.9685552], [12.6136616, 62.9685699], [12.6142678, 62.9685625], [12.6148872, 62.9685065], [12.6152735, 62.9685211], [12.6156114, 62.9685333], [12.6159172, 62.9685016], [12.6165864, 62.9683529], [12.6168922, 62.9683309], [12.6171229, 62.9683748], [12.6172731, 62.9684626], [12.6173911, 62.9685918], [12.617552, 62.968743], [12.6178149, 62.9688844], [12.6181904, 62.968977], [12.6190462, 62.9692986], [12.6191964, 62.9694327], [12.6193949, 62.9695277], [12.6197114, 62.9696204], [12.6200922, 62.9696838], [12.6205589, 62.9697447], [12.6208593, 62.9698447], [12.6221217, 62.9702414], [12.6226635, 62.9703097], [12.6233662, 62.9704462], [12.62401, 62.9705925], [12.6245196, 62.9706583], [12.6249595, 62.9706827], [12.6254155, 62.9707266], [12.6258875, 62.970807], [12.626306, 62.9709289], [12.6270194, 62.9711093], [12.6277704, 62.9712604], [12.6284571, 62.9713482], [12.6291813, 62.9714238], [12.6297767, 62.9714555], [12.6303704, 62.9714384], [12.6306677, 62.9714779], [12.6307191, 62.9714847], [12.6311429, 62.9715749], [12.6319811, 62.9717449], [12.6324733, 62.9717925], [12.6330513, 62.9718052], [12.6331662, 62.9718016], [12.6335685, 62.9717675], [12.6338635, 62.9717651], [12.6340406, 62.9717163], [12.6345876, 62.9716066], [12.6349953, 62.9715798], [12.6355907, 62.9716261], [12.6360789, 62.971631], [12.6370701, 62.9716627], [12.6375475, 62.9716359], [12.6380089, 62.9715871], [12.6386265, 62.9715066], [12.6390771, 62.9714823], [12.6396135, 62.9715042], [12.6399032, 62.9714774], [12.6403977, 62.9714311], [12.6407732, 62.9714238], [12.6411058, 62.9713969], [12.6413687, 62.9713165], [12.6416101, 62.9712824], [12.641696, 62.9712809], [12.6418837, 62.9712775], [12.6427464, 62.9712823], [12.6436047, 62.9712214], [12.6445656, 62.9710922], [12.6450484, 62.9710995], [12.6459335, 62.97118], [12.6462661, 62.9712239], [12.646588, 62.9712068], [12.6469379, 62.9711459], [12.6473456, 62.9711385], [12.6480001, 62.9711532], [12.6486867, 62.9711702], [12.6504973, 62.9712872], [12.6509908, 62.9713263], [12.6517207, 62.9713189], [12.6523966, 62.9713726], [12.6527614, 62.9714311], [12.6529867, 62.9714993], [12.6533247, 62.9715798], [12.6537324, 62.9715798], [12.6541185, 62.97157], [12.6544863, 62.9715483]]}}, {"type": "Feature", "id": "way/1086662584", "properties": {"highway": "path", "trail_visibility": "good", "@id": "way/1086662584", "@type": "way", "osm_id": 1086662584}, "geometry": {"type": "LineString", "coordinates": [[13.0554931, 63.16641], [13.0549979, 63.1663006], [13.0547351, 63.1662037], [13.0545419, 63.1661553], [13.0543274, 63.1661795], [13.0541128, 63.1661916], [13.0537802, 63.1662424], [13.0535817, 63.1662933], [13.0534691, 63.1663006], [13.0531526, 63.1663635], [13.053056, 63.1663926], [13.0528468, 63.1664265], [13.0525625, 63.166504], [13.0522406, 63.16655], [13.051908, 63.1665548], [13.0516881, 63.1665379], [13.0511516, 63.1664701], [13.0508459, 63.1663998], [13.0505723, 63.1663151], [13.0503792, 63.1662715], [13.0499983, 63.1661674], [13.0481881, 63.166026], [13.0475092, 63.1662134], [13.0461788, 63.1662134], [13.0457926, 63.1661165], [13.0453634, 63.1661068], [13.0449557, 63.166194], [13.0443549, 63.1664943], [13.0441356, 63.1665493], [13.0439687, 63.1665911], [13.0435395, 63.1665718], [13.0424022, 63.1662521], [13.0422306, 63.1660681], [13.0411792, 63.1657], [13.0405783, 63.1651749], [13.0397999, 63.1650413], [13.0373382, 63.1641114], [13.0361287, 63.1637153], [13.0357718, 63.163753], [13.0344629, 63.1638693], [13.0332613, 63.1641599], [13.0328107, 63.1641986], [13.0315017, 63.1641502], [13.0310511, 63.1642664], [13.0299139, 63.1643827], [13.0295706, 63.164528], [13.0287123, 63.1645473], [13.0275535, 63.164867], [13.0271244, 63.1648476], [13.0264163, 63.1650898], [13.0255794, 63.1652351], [13.0246997, 63.1657], [13.0244851, 63.1660875], [13.0240774, 63.1662424], [13.0236482, 63.1662521], [13.0232835, 63.166378], [13.0211592, 63.1660681], [13.0202365, 63.1661068], [13.0198717, 63.1662134], [13.0198073, 63.1664071], [13.0195927, 63.1665911], [13.019228, 63.1667267], [13.0188203, 63.1668042], [13.0187344, 63.1672013], [13.0183697, 63.1673176], [13.0180049, 63.1672013], [13.0162668, 63.1672207], [13.01543, 63.1670948], [13.0150008, 63.1670851], [13.014636, 63.1671917], [13.0144468, 63.1674945], [13.0144, 63.1675694], [13.0135202, 63.1675403], [13.0131125, 63.1674725], [13.0126834, 63.1674919], [13.0123186, 63.1676081], [13.0109238, 63.1676856], [13.0097222, 63.1679278], [13.0087137, 63.1683346], [13.0064606, 63.1683636], [13.0056238, 63.168538], [13.004272, 63.1685767], [13.0034351, 63.1684314], [13.0031776, 63.1682764], [13.0027914, 63.1681796], [13.0023622, 63.1682571], [13.0016112, 63.1685089], [12.9991865, 63.1686735], [12.9983282, 63.1687801], [12.9974484, 63.1687123], [12.9965687, 63.1687413], [12.9957104, 63.1688479], [12.9953456, 63.1689738], [12.9949593, 63.1693418], [12.9945771, 63.1694579], [12.9943403, 63.1695299], [12.9938435, 63.1696808], [12.9933929, 63.1697195]]}}, {"type": "Feature", "id": "way/1193113016", "properties": {"highway": "path", "surface": "ground", "@id": "way/1193113016", "@type": "way", "osm_id": 1193113016}, "geometry": {"type": "LineString", "coordinates": [[12.9588692, 63.1133084], [12.9593648, 63.113416]]}}, {"type": "Feature", "id": "way/1258418860", "properties": {"class:bicycle:mtb": "1", "highway": "path", "mtb:scale": "1", "@id": "way/1258418860", "@type": "way", "osm_id": 1258418860}, "geometry": {"type": "LineString", "coordinates": [[13.0819298, 63.0956933], [13.0829102, 63.0953673], [13.084052, 63.0951054], [13.0849182, 63.0948542], [13.0847567, 63.094587], [13.0852686, 63.0944337], [13.0855206, 63.0940329], [13.0861505, 63.0936516], [13.0877529, 63.0931509], [13.088375, 63.0927946], [13.0890877, 63.0925309], [13.0894105, 63.0923705], [13.0898869, 63.0920355], [13.0908161, 63.0917059], [13.0915405, 63.0912978]]}}, {"type": "Feature", "id": "way/1258418861", "properties": {"highway": "path", "piste:grooming": "backcountry", "piste:type": "nordic", "source": "Strava Heatmap;Lantmäteriet Topo", "@id": "way/1258418861", "@type": "way", "osm_id": 1258418861}, "geometry": {"type": "LineString", "coordinates": [[13.1383774, 63.089001], [13.1385201, 63.0890062], [13.1386918, 63.089043], [13.1388008, 63.089118], [13.138813, 63.0892556], [13.139026, 63.0894188], [13.1393014, 63.0895481], [13.1395111, 63.0896905], [13.1395063, 63.0897507], [13.1398901, 63.0899789], [13.1401843, 63.0901588], [13.1406129, 63.0903736], [13.1417934, 63.0907905], [13.1422294, 63.0910502], [13.1426541, 63.0915916], [13.1427727, 63.091677], [13.1431095, 63.0918448], [13.143773, 63.0920568], [13.1444103, 63.0921608], [13.1452951, 63.0922184], [13.1457355, 63.0922824], [13.1465415, 63.0924586], [13.1485083, 63.0929449], [13.1489121, 63.0931243], [13.1493329, 63.0932324], [13.1497488, 63.0934546], [13.1502017, 63.0936036], [13.1507953, 63.0938711], [13.1508774, 63.0940457], [13.1514714, 63.094386], [13.1518395, 63.0947076], [13.1520221, 63.0951209], [13.1524941, 63.095674], [13.1526781, 63.095802], [13.1532048, 63.0960541], [13.1532936, 63.0960856], [13.1537245, 63.0962382], [13.1541694, 63.0963875], [13.155076, 63.0962191], [13.1561286, 63.0960351], [13.1578494, 63.0955695], [13.1586818, 63.0951947], [13.1591632, 63.0952005], [13.1595405, 63.0954184], [13.1600999, 63.0958386], [13.1609071, 63.0963565], [13.1617, 63.0968488], [13.1631367, 63.0973089], [13.1636515, 63.0976023], [13.1647474, 63.0983226], [13.1652655, 63.0989663], [13.1663899, 63.0994341], [13.1669793, 63.0998318], [13.1685561, 63.100822], [13.1700627, 63.1016993], [13.171618, 63.1020119], [13.1723188, 63.1022286], [13.1734372, 63.1033804], [13.1742281, 63.1041581], [13.1748461, 63.1050401], [13.175873, 63.1068237]]}}, {"type": "Feature", "id": "way/1272741438", "properties": {"highway": "path", "ice_road": "yes", "snowmobile": "designated", "@id": "way/1272741438", "@type": "way", "osm_id": 1272741438}, "geometry": {"type": "LineString", "coordinates": [[13.169629, 63.021317], [13.169683, 63.020517], [13.170133, 63.01985], [13.180517, 63.01415], [13.190817, 63.0086], [13.2012698, 63.0032216]]}}, {"type": "Feature", "id": "way/1290983129", "properties": {"highway": "path", "@id": "way/1290983129", "@type": "way", "osm_id": 1290983129}, "geometry": {"type": "LineString", "coordinates": [[13.1559751, 63.1274072], [13.1560025, 63.1267995], [13.15507, 63.1259845], [13.1550684, 63.1236015], [13.1532791, 63.1224069], [13.1514798, 63.1213729], [13.1505797, 63.119377], [13.150924, 63.1185408], [13.1523722, 63.1181029], [13.1563177, 63.1160197], [13.1582282, 63.1155151], [13.1588084, 63.1151794], [13.1607134, 63.1149011], [13.1611585, 63.1145156], [13.1608914, 63.1130516], [13.1583134, 63.1119065], [13.1589148, 63.1107078], [13.157611, 63.108863], [13.1588268, 63.1079978], [13.1570799, 63.1068426], [13.1562953, 63.1047506], [13.1549101, 63.1046088], [13.153843, 63.1035051], [13.1537859, 63.1016887], [13.154363, 63.1002284], [13.1550382, 63.0983492], [13.1555135, 63.0975565], [13.1540061, 63.0964727], [13.153646, 63.0963515], [13.1533988, 63.096269], [13.1532936, 63.0960856]]}}, {"type": "Feature", "id": "way/1290983130", "properties": {"highway": "path", "@id": "way/1290983130", "@type": "way", "osm_id": 1290983130}, "geometry": {"type": "LineString", "coordinates": [[13.1356591, 63.0898435], [13.1367043, 63.0897708], [13.1374981, 63.0898969], [13.1389395, 63.0900628]]}}, {"type": "Feature", "id": "way/1293820899", "properties": {"highway": "track", "@id": "way/1293820899", "@type": "way", "osm_id": 1293820899}, "geometry": {"type": "LineString", "coordinates": [[13.1739072, 63.1570593], [13.1813242, 63.1566955], [13.1937213, 63.1596649], [13.2064134, 63.1627991], [13.2080852, 63.166677], [13.20985, 63.1681347], [13.2086858, 63.1706876], [13.2083934, 63.1738189], [13.2080663, 63.1755287], [13.2047171, 63.177103], [13.1958195, 63.1800152], [13.1929214, 63.180681], [13.1926587, 63.1815184], [13.1938665, 63.1841233], [13.1895766, 63.1869362], [13.1865545, 63.1879191], [13.1840312, 63.1910999]]}}, {"type": "Feature", "id": "way/1293820906", "properties": {"highway": "path", "@id": "way/1293820906", "@type": "way", "osm_id": 1293820906}, "geometry": {"type": "LineString", "coordinates": [[12.6315974, 63.0996502], [12.6219916, 63.0985553], [12.6009503, 63.0947793], [12.5907959, 63.0925728], [12.5810985, 63.0882339], [12.5714574, 63.0874547], [12.5544842, 63.0859076], [12.5519677, 63.0852669], [12.5313801, 63.084016], [12.5253292, 63.0826718], [12.5131014, 63.0820787], [12.5044142, 63.0815892], [12.4906882, 63.080744], [12.4847445, 63.0801953], [12.470049, 63.0806054], [12.4630391, 63.0788618], [12.4588265, 63.0766629], [12.4526472, 63.0750606], [12.4465951, 63.0745406]]}}, {"type": "Feature", "id": "way/1293820907", "properties": {"highway": "path", "informal": "yes", "@id": "way/1293820907", "@type": "way", "osm_id": 1293820907}, "geometry": {"type": "LineString", "coordinates": [[12.5312629, 63.0642171], [12.5365909, 63.0535893], [12.5367698, 63.0528033], [12.5371157, 63.0522376], [12.538805, 63.0513027], [12.5390541, 63.0507386], [12.5456304, 63.0503116]]}}, {"type": "Feature", "id": "way/1294478389", "properties": {"highway": "path", "informal": "no", "surface": "dirt", "@id": "way/1294478389", "@type": "way", "osm_id": 1294478389}, "geometry": {"type": "LineString", "coordinates": [[13.0634639, 63.153624], [13.0634916, 63.1534032]]}}, {"type": "Feature", "id": "way/1295246983", "properties": {"highway": "path", "informal": "yes", "trail_visibility": "horrible", "@id": "way/1295246983", "@type": "way", "osm_id": 1295246983}, "geometry": {"type": "LineString", "coordinates": [[13.0472398, 63.137623], [13.0467409, 63.1373781], [13.0460208, 63.1368133], [13.0450306, 63.1366234], [13.0447436, 63.1367255], [13.0421119, 63.1367096], [13.0390905, 63.1329768], [13.0372252, 63.1322722], [13.0337801, 63.1304087], [13.0337386, 63.1294076], [13.032219, 63.1280788], [13.0302703, 63.1277294], [13.0293696, 63.1271005], [13.0266845, 63.1263178], [13.0258461, 63.1262517], [13.0249533, 63.1259604], [13.0241868, 63.1257413], [13.0226511, 63.1258018], [13.0204353, 63.1256192], [13.0188062, 63.125762], [13.0185249, 63.1256816]]}}, {"type": "Feature", "id": "way/1295246984", "properties": {"highway": "path", "informal": "yes", "trail_visibility": "intermediate", "@id": "way/1295246984", "@type": "way", "osm_id": 1295246984}, "geometry": {"type": "LineString", "coordinates": [[13.0241502, 63.1230614], [13.0191574, 63.1235333], [13.0194793, 63.1239238], [13.0192069, 63.1245599], [13.0185249, 63.1256816], [13.0180848, 63.1263594], [13.0181616, 63.127156], [13.0180608, 63.1288848], [13.0163297, 63.1300441], [13.0111926, 63.1320589], [13.0077625, 63.1348561], [13.0068097, 63.1363757], [13.0079397, 63.1398136], [13.0081574, 63.140488], [13.0074687, 63.1414024], [13.0070207, 63.1429134], [13.006888, 63.1435226], [13.0064603, 63.1436184]]}}, {"type": "Feature", "id": "way/1295246985", "properties": {"highway": "path", "informal": "yes", "@id": "way/1295246985", "@type": "way", "osm_id": 1295246985}, "geometry": {"type": "LineString", "coordinates": [[13.0541091, 63.1363992], [13.05447, 63.1369811], [13.0545892, 63.1377201], [13.0555309, 63.138262], [13.056632, 63.1387287], [13.057882, 63.1389201], [13.0585683, 63.1395], [13.0614737, 63.1405384], [13.0637172, 63.1412587], [13.0655645, 63.1414699], [13.0670975, 63.1420462], [13.0676541, 63.1430748], [13.0675569, 63.1432813], [13.0684123, 63.1441522], [13.0684374, 63.1448245], [13.068356, 63.1457833], [13.0676513, 63.1468941], [13.0676056, 63.1476745], [13.0675434, 63.1483851], [13.0676, 63.148433]]}}, {"type": "Feature", "id": "way/1295246986", "properties": {"highway": "path", "source": "GPS", "@id": "way/1295246986", "@type": "way", "osm_id": 1295246986}, "geometry": {"type": "LineString", "coordinates": [[13.0062481, 63.1436128], [13.0060526, 63.1436184], [13.005956, 63.1436427], [13.0057414, 63.1436427], [13.0055161, 63.14357], [13.0053552, 63.1435118], [13.0051728, 63.1434924], [13.0049689, 63.1434536], [13.0048509, 63.1433615], [13.0047973, 63.1432791], [13.0046685, 63.1431871], [13.0045398, 63.1430998], [13.0044754, 63.1430368], [13.0043359, 63.1429738], [13.004057, 63.1429156], [13.0037351, 63.1427799], [13.0034776, 63.1426878], [13.0032094, 63.1426345], [13.0029627, 63.1426151], [13.0028017, 63.1426103], [13.0026193, 63.1425618], [13.002394, 63.1424794], [13.0019971, 63.1424358], [13.0017181, 63.1423437], [13.0015894, 63.1422274], [13.0014392, 63.1421595], [13.0012031, 63.1421256], [13.0010529, 63.142111], [13.0008276, 63.1420674], [13.0007525, 63.141985], [13.0005916, 63.1419559], [13.0004306, 63.1418978], [13.0002161, 63.141859], [13.0000981, 63.141796], [12.9998835, 63.1417766], [12.9997118, 63.141762], [12.9995187, 63.1417039], [12.9992397, 63.1416554], [12.9990252, 63.1416215], [12.9987355, 63.1416118], [12.9985424, 63.1415778], [12.9981025, 63.1415682], [12.9978235, 63.141573], [12.9975124, 63.1415633], [12.9972335, 63.1415148], [12.996933, 63.1415245], [12.9967077, 63.1414712], [12.9964824, 63.141413], [12.9962571, 63.141413], [12.9960318, 63.1414421], [12.9958172, 63.1414664], [12.9956134, 63.1414664], [12.9953988, 63.1414906], [12.9951735, 63.1415439], [12.9950019, 63.1415488], [12.9946907, 63.1415488], [12.9944654, 63.1415778], [12.9941865, 63.1416263], [12.9939719, 63.1416263], [12.9938217, 63.1415778], [12.9935856, 63.1415536], [12.9932423, 63.1415682], [12.9930814, 63.1415391], [12.9928346, 63.1415439], [12.9925879, 63.1415342], [12.9923733, 63.1415536], [12.9923089, 63.1416118], [12.9920407, 63.1416942], [12.9917617, 63.1418008], [12.9915686, 63.1418154], [12.9913755, 63.1417572], [12.9910536, 63.1417523], [12.9908069, 63.1416586], [12.9905494, 63.1415536], [12.9903455, 63.1414567], [12.9901846, 63.1414518], [12.9899378, 63.1414276], [12.9897662, 63.1414065], [12.9895301, 63.1412967], [12.9893478, 63.1412531], [12.9891117, 63.1412434], [12.9888864, 63.1412143], [12.9886826, 63.1411707], [12.9884465, 63.1411852], [12.9882105, 63.1411804], [12.9879637, 63.141098], [12.9876848, 63.1410398], [12.987556, 63.1409283], [12.9875024, 63.1407829], [12.9873415, 63.1406472], [12.9871913, 63.1405599], [12.9870411, 63.140526], [12.986923, 63.1404921], [12.9868694, 63.1404387], [12.9868694, 63.1403709], [12.9867407, 63.1403176], [12.9865261, 63.14024], [12.9861935, 63.1402012], [12.986054, 63.1401431], [12.9860218, 63.1400752], [12.9858287, 63.1399879], [12.9856356, 63.139954], [12.9854961, 63.1399443], [12.9852923, 63.1399782], [12.9850348, 63.1399589], [12.9848631, 63.1399104], [12.9847773, 63.1398958], [12.984434, 63.1398958], [12.9842392, 63.1398602], [12.9840477, 63.1397843], [12.9839031, 63.1396978], [12.9836883, 63.1396195], [12.9834364, 63.1395863], [12.983345, 63.1395468], [12.9832272, 63.1394966], [12.9830821, 63.1394626]]}}, {"type": "Feature", "id": "way/1295246987", "properties": {"bridge": "yes", "highway": "path", "layer": "1", "source": "GPS", "@id": "way/1295246987", "@type": "way", "osm_id": 1295246987}, "geometry": {"type": "LineString", "coordinates": [[13.0064603, 63.1436184], [13.0062481, 63.1436128]]}}, {"type": "Feature", "id": "way/1295458853", "properties": {"highway": "path", "informal": "yes", "@id": "way/1295458853", "@type": "way", "osm_id": 1295458853}, "geometry": {"type": "LineString", "coordinates": [[13.1233, 63.1762304], [13.1246902, 63.1747081], [13.1261563, 63.17309], [13.1301401, 63.1712207], [13.1341425, 63.1708367], [13.1360386, 63.1699597], [13.1363416, 63.1675206], [13.1362245, 63.165674], [13.1378635, 63.1643437], [13.1387986, 63.1606637], [13.1414822, 63.1591954], [13.1445629, 63.1580666], [13.1478471, 63.1573088], [13.1492511, 63.1560301], [13.1522962, 63.1550844], [13.1542694, 63.1535257], [13.156582, 63.1512453], [13.1589922, 63.149621], [13.158992, 63.1467378], [13.1582406, 63.144886], [13.1589915, 63.1442477], [13.1600525, 63.1433458], [13.1620327, 63.1420195], [13.1626659, 63.1408164], [13.1643985, 63.1404466]]}}, {"type": "Feature", "id": "way/1295458854", "properties": {"highway": "path", "informal": "yes", "@id": "way/1295458854", "@type": "way", "osm_id": 1295458854}, "geometry": {"type": "LineString", "coordinates": [[13.1611772, 63.1405074], [13.1557798, 63.1413515], [13.1548575, 63.1425623], [13.1542815, 63.1435343], [13.152812, 63.1439347], [13.1463505, 63.1446367], [13.1416394, 63.1460983], [13.140098, 63.1474325], [13.1309924, 63.148314], [13.1263033, 63.148856], [13.1243827, 63.1485819], [13.1229912, 63.1477934], [13.119596, 63.1477623], [13.1181791, 63.1473304], [13.1166864, 63.1476032], [13.1143271, 63.1478919], [13.1121873, 63.1492291], [13.1098363, 63.1493784], [13.1085687, 63.1490676], [13.1075797, 63.1487582]]}}, {"type": "Feature", "id": "way/1295458855", "properties": {"highway": "path", "sac_scale": "mountain_hiking", "@id": "way/1295458855", "@type": "way", "osm_id": 1295458855}, "geometry": {"type": "LineString", "coordinates": [[13.1075797, 63.1487582], [13.1065786, 63.1488862], [13.1061063, 63.1489288], [13.1059914, 63.1489548], [13.1056908, 63.1490227], [13.1046329, 63.149381], [13.1034051, 63.1498161], [13.1025928, 63.1501233], [13.1017239, 63.1502769], [13.1014027, 63.1504475], [13.1002693, 63.150456], [13.0991926, 63.1504816], [13.098437, 63.1505499], [13.0978703, 63.1506437], [13.0977587, 63.1506519], [13.0972912, 63.1506863], [13.097058, 63.1507034], [13.0967369, 63.1507632], [13.0964525, 63.1507647]]}}, {"type": "Feature", "id": "way/1295458856", "properties": {"highway": "path", "informal": "yes", "@id": "way/1295458856", "@type": "way", "osm_id": 1295458856}, "geometry": {"type": "LineString", "coordinates": [[13.1132683, 63.1575474], [13.1137154, 63.1578603], [13.1142333, 63.1579908], [13.1175258, 63.1576973], [13.1179064, 63.1569776], [13.1183364, 63.1552031], [13.120849, 63.154607], [13.1223934, 63.1540181], [13.1235713, 63.1535689], [13.124787, 63.1524617], [13.1270968, 63.1523436], [13.1293462, 63.1509345], [13.1301224, 63.1499656], [13.1325044, 63.1494214], [13.1366888, 63.1491207], [13.1397378, 63.1493913], [13.1412551, 63.1495138], [13.1456597, 63.1491536], [13.149941, 63.1486157], [13.1509097, 63.1479391], [13.1511025, 63.1472574], [13.151446, 63.1470054], [13.1540219, 63.1464829], [13.1553447, 63.1455739], [13.1561736, 63.1445098], [13.1578538, 63.1443093], [13.1587297, 63.1442275], [13.1589915, 63.1442477]]}}, {"type": "Feature", "id": "way/1295458857", "properties": {"highway": "path", "informal": "yes", "@id": "way/1295458857", "@type": "way", "osm_id": 1295458857}, "geometry": {"type": "LineString", "coordinates": [[13.140756, 63.1503951], [13.1412551, 63.1495138]]}}, {"type": "Feature", "id": "way/1295458858", "properties": {"highway": "path", "informal": "yes", "@id": "way/1295458858", "@type": "way", "osm_id": 1295458858}, "geometry": {"type": "LineString", "coordinates": [[13.1127319, 63.1594788], [13.1156674, 63.1606641], [13.1167699, 63.1610097], [13.1170806, 63.1619072], [13.1178904, 63.1623835]]}}, {"type": "Feature", "id": "way/1295458861", "properties": {"highway": "path", "informal": "yes", "trail_visibility": "horrible", "@id": "way/1295458861", "@type": "way", "osm_id": 1295458861}, "geometry": {"type": "LineString", "coordinates": [[12.9266334, 63.1153735], [12.9229831, 63.1145028], [12.9212, 63.1141828], [12.9204133, 63.1146459], [12.9197056, 63.1148301], [12.9190594, 63.1149447], [12.9191114, 63.1151242], [12.9188836, 63.1152638], [12.918847, 63.1153935], [12.9179693, 63.1164093]]}}, {"type": "Feature", "id": "way/1295458862", "properties": {"highway": "path", "informal": "yes", "@id": "way/1295458862", "@type": "way", "osm_id": 1295458862}, "geometry": {"type": "LineString", "coordinates": [[12.8237456, 63.1120233], [12.8201878, 63.1124274], [12.8190821, 63.1128415], [12.8171816, 63.1127898], [12.8168215, 63.1123359], [12.8178428, 63.1104218], [12.8180714, 63.1084131], [12.8189266, 63.1073023], [12.8195557, 63.1059123], [12.8199713, 63.105062]]}}, {"type": "Feature", "id": "way/1304883798", "properties": {"highway": "track", "@id": "way/1304883798", "@type": "way", "osm_id": 1304883798}, "geometry": {"type": "LineString", "coordinates": [[12.9614894, 63.1486206], [12.9616783, 63.1484866], [12.9621941, 63.1484459], [12.9627177, 63.148413], [12.963237, 63.1483994], [12.963325, 63.1483868], [12.963413, 63.1483621]]}}, {"type": "Feature", "id": "way/1304883799", "properties": {"highway": "track", "@id": "way/1304883799", "@type": "way", "osm_id": 1304883799}, "geometry": {"type": "LineString", "coordinates": [[12.963413, 63.1483621], [12.9635423, 63.1483044]]}}, {"type": "Feature", "id": "way/1304883800", "properties": {"highway": "path", "mtb:name": "Nulltjärn", "mtb:scale": "1", "piste:grooming": "scooter", "piste:type": "nordic", "@id": "way/1304883800", "@type": "way", "osm_id": 1304883800}, "geometry": {"type": "LineString", "coordinates": [[12.9270997, 63.1441227], [12.9261549, 63.144442], [12.9256426, 63.1444864], [12.9251056, 63.1446244], [12.9250205, 63.1447283], [12.9249877, 63.1448961], [12.9248432, 63.1450579], [12.9247529, 63.1452487], [12.9242257, 63.145457], [12.9241174, 63.1455355], [12.9239499, 63.1456586], [12.9229535, 63.1459502], [12.922511, 63.1461683], [12.922098, 63.146529], [12.921877, 63.146642], [12.9215476, 63.1467327], [12.9212535, 63.1468607], [12.9209262, 63.1471502], [12.9203992, 63.1473603], [12.9202678, 63.1474935], [12.9201725, 63.1476258], [12.919972, 63.1477877], [12.9199194, 63.1478695], [12.9200438, 63.1481703], [12.9200032, 63.1483375], [12.9200907, 63.1484779], [12.9201833, 63.1486186], [12.9202852, 63.1487688], [12.92046, 63.1491578], [12.9204224, 63.1493382], [12.9201728, 63.1498146], [12.920194, 63.1500796], [12.9203558, 63.1504794]]}}, {"type": "Feature", "id": "way/1304883801", "properties": {"bridge": "yes", "highway": "path", "layer": "1", "mtb:name": "Nulltjärn", "mtb:scale": "1", "piste:grooming": "scooter", "piste:type": "nordic", "@id": "way/1304883801", "@type": "way", "osm_id": 1304883801}, "geometry": {"type": "LineString", "coordinates": [[12.9203558, 63.1504794], [12.920395, 63.1505277]]}}, {"type": "Feature", "id": "way/1304890949", "properties": {"highway": "path", "@id": "way/1304890949", "@type": "way", "osm_id": 1304890949}, "geometry": {"type": "LineString", "coordinates": [[12.920489, 63.1506211], [12.9205538, 63.1506619], [12.9206839, 63.1506898], [12.9208173, 63.1507089], [12.9209474, 63.1507809]]}}, {"type": "Feature", "id": "way/1304890950", "properties": {"highway": "track", "@id": "way/1304890950", "@type": "way", "osm_id": 1304890950}, "geometry": {"type": "LineString", "coordinates": [[12.9236293, 63.1510293], [12.9234289, 63.150941], [12.9230647, 63.1509043], [12.9224207, 63.1508455], [12.9217702, 63.1508059], [12.9214255, 63.1507926], [12.9209474, 63.1507809], [12.9207304, 63.1507797], [12.9205437, 63.1507873]]}}, {"type": "Feature", "id": "way/1305104080", "properties": {"highway": "path", "informal": "yes", "surface": "dirt", "trail_visibility": "good", "@id": "way/1305104080", "@type": "way", "osm_id": 1305104080}, "geometry": {"type": "LineString", "coordinates": [[12.9701884, 63.1493896], [12.9702355, 63.1495336], [12.970197, 63.1497867], [12.9699683, 63.1500043], [12.9700836, 63.1501407], [12.9700966, 63.1502267], [12.9700481, 63.1503639], [12.9700163, 63.1504861], [12.9700895, 63.1508318], [12.9700182, 63.1509047], [12.9699282, 63.1510659], [12.9696227, 63.1512764], [12.9696, 63.1514357], [12.969561, 63.1517182], [12.9690267, 63.1519486], [12.9687055, 63.1522911], [12.9682549, 63.1526468], [12.9679823, 63.153029]]}}, {"type": "Feature", "id": "way/1305104082", "properties": {"highway": "footway", "@id": "way/1305104082", "@type": "way", "osm_id": 1305104082}, "geometry": {"type": "LineString", "coordinates": [[12.9687383, 63.1491327], [12.9687378, 63.1491954], [12.9688195, 63.1492587]]}}, {"type": "Feature", "id": "way/1305104086", "properties": {"highway": "path", "lit": "yes", "piste:grooming": "classic;skating", "piste:type": "nordic", "surface": "asphalt", "@id": "way/1305104086", "@type": "way", "osm_id": 1305104086}, "geometry": {"type": "LineString", "coordinates": [[12.9879163, 63.1480159], [12.9877201, 63.147951], [12.9873801, 63.1479319], [12.9866731, 63.1478746], [12.9859628, 63.1478704], [12.9853792, 63.1478665], [12.9852243, 63.1478506]]}}, {"type": "Feature", "id": "way/1305104087", "properties": {"bridge": "yes", "highway": "path", "layer": "1", "lit": "yes", "piste:grooming": "classic;skating", "piste:type": "nordic", "surface": "asphalt", "@id": "way/1305104087", "@type": "way", "osm_id": 1305104087}, "geometry": {"type": "LineString", "coordinates": [[12.9852243, 63.1478506], [12.9850359, 63.1478314]]}}, {"type": "Feature", "id": "way/1305109149", "properties": {"highway": "path", "informal": "yes", "@id": "way/1305109149", "@type": "way", "osm_id": 1305109149}, "geometry": {"type": "LineString", "coordinates": [[12.9655168, 63.1495183], [12.9647555, 63.1498543], [12.9634416, 63.1501566], [12.9644244, 63.1503625], [12.9649251, 63.1504908], [12.965103, 63.1509016], [12.964854, 63.1515718], [12.9643209, 63.152526], [12.9634772, 63.1535241], [12.9628121, 63.1543302], [12.9624607, 63.1547754], [12.9623519, 63.1550791], [12.962488, 63.1553033]]}}, {"type": "Feature", "id": "way/1310570340", "properties": {"highway": "path", "name": "Vålåstugorna-Gåsen/Helags", "sac_scale": "mountain_hiking", "source": "GPS", "surface": "ground", "trail_visibility": "excellent", "@id": "way/1310570340", "@type": "way", "osm_id": 1310570340}, "geometry": {"type": "LineString", "coordinates": [[12.7994195, 63.0404691], [12.7993583, 63.0404906], [12.7992506, 63.0404915], [12.7990445, 63.0404531], [12.7987526, 63.0404356], [12.7980059, 63.0403807], [12.7976999, 63.0403599], [12.7974293, 63.0402911], [12.7971584, 63.0403077], [12.7969294, 63.0403003]]}}, {"type": "Feature", "id": "way/1310570341", "properties": {"bridge": "yes", "highway": "path", "layer": "1", "name": "Vålåstugorna-Gåsen/Helags", "sac_scale": "mountain_hiking", "source": "GPS", "surface": "ground", "@id": "way/1310570341", "@type": "way", "osm_id": 1310570341}, "geometry": {"type": "LineString", "coordinates": [[12.7955964, 63.0401365], [12.795518, 63.0401355]]}}, {"type": "Feature", "id": "way/1310570342", "properties": {"highway": "path", "name": "Vålåstugorna-Gåsen", "sac_scale": "mountain_hiking", "source": "GPS", "surface": "ground", "trail_visibility": "excellent", "@id": "way/1310570342", "@type": "way", "osm_id": 1310570342}, "geometry": {"type": "LineString", "coordinates": [[12.7860233, 63.0379154], [12.7856618, 63.0379049], [12.7854572, 63.0379079], [12.7852243, 63.0379018], [12.7849972, 63.0378477], [12.7843799, 63.0377732], [12.7841532, 63.037791], [12.7839737, 63.037728], [12.7835514, 63.0376994], [12.7831954, 63.037708], [12.783044, 63.0377314]]}}, {"type": "Feature", "id": "way/1310570343", "properties": {"bridge": "yes", "highway": "path", "layer": "1", "name": "Vålåstugorna-Gåsen", "sac_scale": "mountain_hiking", "source": "GPS", "surface": "ground", "@id": "way/1310570343", "@type": "way", "osm_id": 1310570343}, "geometry": {"type": "LineString", "coordinates": [[12.783044, 63.0377314], [12.7829717, 63.0377072]]}}, {"type": "Feature", "id": "way/1310570344", "properties": {"highway": "path", "name": "Vålåstugorna-Gåsen", "sac_scale": "mountain_hiking", "source": "GPS", "surface": "ground", "trail_visibility": "intermediate", "@id": "way/1310570344", "@type": "way", "osm_id": 1310570344}, "geometry": {"type": "LineString", "coordinates": [[12.6804093, 63.0368667], [12.6801518, 63.0371275], [12.6798428, 63.0373221], [12.679757, 63.0377112], [12.6793793, 63.0379369], [12.6791819, 63.0379836], [12.6788386, 63.038151], [12.6781777, 63.0381782], [12.677697, 63.0382288]]}}, {"type": "Feature", "id": "way/1310570345", "properties": {"highway": "path", "sac_scale": "mountain_hiking", "surface": "ground", "trail_visibility": "intermediate", "@id": "way/1310570345", "@type": "way", "osm_id": 1310570345}, "geometry": {"type": "LineString", "coordinates": [[12.6774491, 63.0371117], [12.6765261, 63.0371426], [12.6758414, 63.0372403], [12.6743927, 63.0370894], [12.6738063, 63.0370911], [12.6729363, 63.0369196], [12.6718999, 63.0367755], [12.670852, 63.0365594], [12.6700993, 63.0363639], [12.6692456, 63.0362418]]}}, {"type": "Feature", "id": "way/1310570346", "properties": {"highway": "path", "name": "Gåsen-Vålåstugorna", "sac_scale": "mountain_hiking", "source": "local_knowledge", "surface": "ground", "trail_visibility": "intermediate", "@id": "way/1310570346", "@type": "way", "osm_id": 1310570346}, "geometry": {"type": "LineString", "coordinates": [[12.6771211, 63.038029], [12.6757087, 63.0380616], [12.6743248, 63.0376191], [12.6701929, 63.0366136], [12.6692456, 63.0362418]]}}, {"type": "Feature", "id": "way/1310570347", "properties": {"highway": "path", "sac_scale": "mountain_hiking", "surface": "ground", "trail_visibility": "bad", "@id": "way/1310570347", "@type": "way", "osm_id": 1310570347}, "geometry": {"type": "LineString", "coordinates": [[12.6804093, 63.0368667], [12.6804714, 63.0367358], [12.6806246, 63.0365513], [12.6805588, 63.036529]]}}, {"type": "Feature", "id": "way/1310570348", "properties": {"ford": "stepping_stones", "highway": "path", "sac_scale": "mountain_hiking", "surface": "stepping_stones", "trail_visibility": "bad", "@id": "way/1310570348", "@type": "way", "osm_id": 1310570348}, "geometry": {"type": "LineString", "coordinates": [[12.6805588, 63.036529], [12.6803415, 63.0365127], [12.6801337, 63.0364999]]}}, {"type": "Feature", "id": "way/1310570349", "properties": {"highway": "path", "sac_scale": "mountain_hiking", "surface": "ground", "trail_visibility": "bad", "@id": "way/1310570349", "@type": "way", "osm_id": 1310570349}, "geometry": {"type": "LineString", "coordinates": [[12.6801337, 63.0364999], [12.6799797, 63.0366243], [12.679329, 63.036945], [12.6783721, 63.0370705], [12.6780165, 63.0369796], [12.6774491, 63.0371117]]}}, {"type": "Feature", "id": "way/1310616870", "properties": {"highway": "path", "name": "Vålåstugorna-Lunndörren", "source": "GPS", "surface": "dirt", "trail_visibility": "good", "@id": "way/1310616870", "@type": "way", "osm_id": 1310616870}, "geometry": {"type": "LineString", "coordinates": [[13.016506, 63.0574255], [13.0166057, 63.0575861], [13.0167344, 63.0576989], [13.0167516, 63.05787], [13.0168718, 63.0580606], [13.0169919, 63.0581695], [13.0170091, 63.0582861], [13.0170606, 63.0583872], [13.0174383, 63.0585856], [13.0175327, 63.0586867], [13.0177816, 63.0587761], [13.0179618, 63.0589083], [13.0182966, 63.0590289], [13.0188974, 63.0592933], [13.0191377, 63.0593205], [13.0195325, 63.0594489], [13.019584, 63.0595655], [13.0192925, 63.0598144], [13.0194124, 63.0600322], [13.0195239, 63.0600749], [13.0197729, 63.0602538], [13.0199188, 63.060561], [13.0201333, 63.060771], [13.0203308, 63.0608099], [13.0206998, 63.0608449], [13.0210775, 63.060876], [13.021335, 63.0608838], [13.0214208, 63.0609071], [13.0215925, 63.0609032], [13.0217985, 63.0609227], [13.0222276, 63.0608449], [13.0225881, 63.0607321], [13.0229915, 63.0607088], [13.0232576, 63.060736], [13.0235837, 63.0608254], [13.0239614, 63.0608993], [13.0247081, 63.0610004], [13.024794, 63.0610393], [13.0249399, 63.0610393], [13.0252746, 63.0610937], [13.0255578, 63.0611443], [13.0260986, 63.0612182], [13.0271357, 63.0610754], [13.0275942, 63.0611434], [13.0279975, 63.061188], [13.0283511, 63.0611587], [13.0288135, 63.0611261], [13.0292668, 63.061091], [13.0300006, 63.0612289], [13.0305087, 63.0612289], [13.0310682, 63.0612959], [13.0316261, 63.061261], [13.0319694, 63.0612804], [13.0324586, 63.0612648], [13.0331109, 63.0613193], [13.0337203, 63.0612921], [13.0341066, 63.0612648], [13.0343212, 63.0612182], [13.0346731, 63.0612143], [13.0352567, 63.061121], [13.0357889, 63.0611326], [13.0359605, 63.0611599], [13.0361837, 63.0611404], [13.036733, 63.0611404], [13.0370629, 63.0611808], [13.0374282, 63.0611793], [13.0377201, 63.0611832], [13.038235, 63.0611948], [13.0387586, 63.0611871], [13.039162, 63.0612376], [13.0397972, 63.0612143], [13.0400031, 63.0612376], [13.0405439, 63.0612221], [13.0406812, 63.0612493], [13.040973, 63.061261]]}}, {"type": "Feature", "id": "way/1310616871", "properties": {"bridge": "yes", "highway": "path", "layer": "1", "name": "Vålåstugorna-Lunndörren", "source": "GPS", "surface": "dirt", "@id": "way/1310616871", "@type": "way", "osm_id": 1310616871}, "geometry": {"type": "LineString", "coordinates": [[13.016324, 63.057099], [13.016506, 63.0574255]]}}, {"type": "Feature", "id": "way/1310616872", "properties": {"fixme": "Bypass of muddy trail section has been seen by waz markings on begin and end and on Lantmäteriet topographical map, but not verified on the whole stretch.", "highway": "path", "name": "Vålåstugorna-Lunndörren", "surface": "ground", "trail_visibility": "good", "@id": "way/1310616872", "@type": "way", "osm_id": 1310616872}, "geometry": {"type": "LineString", "coordinates": [[13.0593377, 63.0587487], [13.057996, 63.0589315], [13.0562114, 63.0593288], [13.0536422, 63.0594752], [13.0522421, 63.0590291], [13.0501037, 63.058576], [13.0490114, 63.0586945], [13.0485037, 63.0585969], [13.0458835, 63.0586595], [13.044119, 63.0596634], [13.0419652, 63.0607925], [13.040973, 63.061261]]}}, {"type": "Feature", "id": "way/1310616873", "properties": {"highway": "path", "source": "GPS", "surface": "mud", "trail_visibility": "horrible", "@id": "way/1310616873", "@type": "way", "osm_id": 1310616873}, "geometry": {"type": "LineString", "coordinates": [[13.040973, 63.061261], [13.041488, 63.0612493], [13.0424236, 63.0612648], [13.0425781, 63.0612882], [13.0426896, 63.0612765], [13.0434621, 63.0612648], [13.0437368, 63.0612843], [13.0438569, 63.0613076], [13.0442604, 63.0613037], [13.0445865, 63.0612882], [13.0447668, 63.0613037], [13.0448612, 63.0612921], [13.0452045, 63.0613232], [13.045256, 63.0613465], [13.0453761, 63.0613387], [13.0460628, 63.0613776], [13.0466979, 63.0614476], [13.0469898, 63.0614631], [13.0480283, 63.0615409], [13.0482858, 63.0615448], [13.0486892, 63.0615837], [13.0491184, 63.0616226], [13.0497278, 63.0616537], [13.0501655, 63.0617003], [13.0506376, 63.0617431], [13.0511611, 63.0617703], [13.051616, 63.0617976], [13.0519336, 63.0618364], [13.0522598, 63.061922], [13.0526117, 63.0619609], [13.0528091, 63.0619453], [13.0530322, 63.0619648], [13.0532039, 63.0619725], [13.05347, 63.0620036]]}}, {"type": "Feature", "id": "way/1310616874", "properties": {"highway": "path", "name": "Vålåstugorna-Lunndörren", "@id": "way/1310616874", "@type": "way", "osm_id": 1310616874}, "geometry": {"type": "LineString", "coordinates": [[13.0593377, 63.0587487], [13.0600727, 63.0590355], [13.0607754, 63.0591497], [13.0618268, 63.0593733], [13.06237, 63.059508]]}}, {"type": "Feature", "id": "way/1310616875", "properties": {"highway": "path", "surface": "ground", "trail_visibility": "intermediate", "@id": "way/1310616875", "@type": "way", "osm_id": 1310616875}, "geometry": {"type": "LineString", "coordinates": [[13.0573838, 63.063283], [13.0577851, 63.0633151], [13.0583819, 63.063338], [13.0590567, 63.0632531], [13.0595079, 63.0631418], [13.0597593, 63.0630569], [13.0601822, 63.0629333], [13.0607857, 63.0627883], [13.0611516, 63.0627368], [13.0616129, 63.0626927], [13.0618046, 63.062665], [13.0620702, 63.0626119], [13.0622934, 63.0625013], [13.0623878, 63.062478], [13.0625251, 63.062513], [13.0626195, 63.0625013]]}}, {"type": "Feature", "id": "way/1310616876", "properties": {"bridge": "yes", "highway": "path", "layer": "1", "@id": "way/1310616876", "@type": "way", "osm_id": 1310616876}, "geometry": {"type": "LineString", "coordinates": [[13.0570769, 63.0632107], [13.0573838, 63.063283]]}}, {"type": "Feature", "id": "way/1310616877", "properties": {"highway": "path", "surface": "ground", "trail_visibility": "intermediate", "@id": "way/1310616877", "@type": "way", "osm_id": 1310616877}, "geometry": {"type": "LineString", "coordinates": [[13.05347, 63.0620036], [13.053881, 63.0621526], [13.0541007, 63.0623965], [13.0546983, 63.0627683], [13.0556647, 63.0630136], [13.0570769, 63.0632107]]}}, {"type": "Feature", "id": "way/1310616878", "properties": {"highway": "path", "snowmobile": "designated", "@id": "way/1310616878", "@type": "way", "osm_id": 1310616878}, "geometry": {"type": "LineString", "coordinates": [[13.0626195, 63.0625013], [13.0625621, 63.0623281], [13.0624635, 63.0621732], [13.0624405, 63.0620168], [13.0625109, 63.0618582], [13.0626003, 63.0616895], [13.063236, 63.0608963], [13.0633182, 63.0605774], [13.0629181, 63.0603395], [13.0620713, 63.0602408], [13.0618875, 63.0601276], [13.0618572, 63.0598913], [13.0619746, 63.0598043], [13.0622397, 63.0596079], [13.06237, 63.059508]]}}, {"type": "Feature", "id": "way/1317455013", "properties": {"highway": "path", "surface": "ground", "@id": "way/1317455013", "@type": "way", "osm_id": 1317455013}, "geometry": {"type": "LineString", "coordinates": [[12.9590681, 63.1129921], [12.9591036, 63.1129468], [12.9590298, 63.1128261]]}}, {"type": "Feature", "id": "way/1332444010", "properties": {"highway": "path", "informal": "yes", "surface": "dirt", "@id": "way/1332444010", "@type": "way", "osm_id": 1332444010}, "geometry": {"type": "LineString", "coordinates": [[13.0618046, 63.062665], [13.0617519, 63.062374], [13.0617629, 63.0621623], [13.0619032, 63.061786], [13.0620297, 63.0616365], [13.0617299, 63.0610124], [13.0614027, 63.0607046], [13.0613532, 63.0603346], [13.0614247, 63.0599808], [13.0614247, 63.0598014], [13.0615484, 63.0597042], [13.0619746, 63.0598043]]}}, {"type": "Feature", "id": "way/1333190511", "properties": {"highway": "path", "surface": "asphalt", "@id": "way/1333190511", "@type": "way", "osm_id": 1333190511}, "geometry": {"type": "LineString", "coordinates": [[12.9870541, 63.1497879], [12.9872692, 63.1497774], [12.9878458, 63.1496102], [12.9881356, 63.1494865], [12.9880777, 63.1492625], [12.9880841, 63.1491243], [12.988064, 63.1490746]]}}, {"type": "Feature", "id": "way/1333190530", "properties": {"highway": "path", "surface": "dirt", "@id": "way/1333190530", "@type": "way", "osm_id": 1333190530}, "geometry": {"type": "LineString", "coordinates": [[12.9988999, 63.1504215], [12.9986389, 63.1504926], [12.9984994, 63.1504999], [12.9983707, 63.1504708], [12.9982097, 63.1504006], [12.9980705, 63.1503553], [12.9979042, 63.1503456], [12.9975982, 63.1503666], [12.9974048, 63.1504067], [12.9970886, 63.1504777], [12.9969193, 63.1505402]]}}, {"type": "Feature", "id": "way/1333190531", "properties": {"highway": "path", "lit": "yes", "piste:grooming": "classic;skating", "piste:type": "nordic", "surface": "asphalt", "@id": "way/1333190531", "@type": "way", "osm_id": 1333190531}, "geometry": {"type": "LineString", "coordinates": [[12.988064, 63.1490746], [12.9881417, 63.1489356], [12.9881988, 63.1486255], [12.9882345, 63.148295], [12.9882112, 63.1481829], [12.9879163, 63.1480159]]}}, {"type": "Feature", "id": "way/1333190532", "properties": {"highway": "path", "surface": "dirt", "@id": "way/1333190532", "@type": "way", "osm_id": 1333190532}, "geometry": {"type": "LineString", "coordinates": [[13.0217992, 63.1558806], [13.0216722, 63.155742], [13.0215972, 63.1556742], [13.0215397, 63.1556029], [13.0231603, 63.1554368], [13.0237198, 63.1553402], [13.0243181, 63.1553136], [13.0257763, 63.1554925], [13.0282762, 63.1558217], [13.029745, 63.1562365], [13.03099, 63.1563754], [13.0318478, 63.1562813], [13.0324043, 63.1562645], [13.0331966, 63.156268], [13.0350979, 63.1561672], [13.0359289, 63.1562336], [13.0366158, 63.1563002], [13.0371009, 63.1564105], [13.0376562, 63.1566705], [13.037917, 63.1567614]]}}, {"type": "Feature", "id": "way/1333190533", "properties": {"highway": "path", "surface": "dirt", "width": "0.2", "@id": "way/1333190533", "@type": "way", "osm_id": 1333190533}, "geometry": {"type": "LineString", "coordinates": [[13.0450252, 63.1590867], [13.0454503, 63.1591132], [13.0455829, 63.1590958], [13.0456502, 63.1590611], [13.0458138, 63.1590752], [13.0459046, 63.1590831], [13.0460968, 63.1591257], [13.0463876, 63.1591405], [13.0464536, 63.1591504], [13.0466325, 63.1592485], [13.0467631, 63.1592989], [13.0470934, 63.1593726], [13.047438, 63.1594289], [13.0477956, 63.1594579], [13.0480987, 63.1595649], [13.0484674, 63.1596507], [13.0489461, 63.1597285], [13.0494555, 63.1598304], [13.0496474, 63.1598276], [13.0499341, 63.1598921], [13.0502904, 63.1600008], [13.0505417, 63.1600866], [13.0506611, 63.1601202], [13.050847, 63.1602148], [13.0509359, 63.1603191], [13.0510747, 63.1603655], [13.0511186, 63.1605356], [13.0515103, 63.160666], [13.0518105, 63.1609686], [13.0522597, 63.1612649], [13.0525788, 63.1613934], [13.0529487, 63.1615052], [13.053175, 63.161693], [13.0534897, 63.1617663], [13.0537906, 63.1617964], [13.0540209, 63.1618632], [13.0542916, 63.1619689], [13.0544033, 63.1620907], [13.0547567, 63.1622436], [13.0548995, 63.1623472], [13.0554719, 63.1624969], [13.0556319, 63.1625629], [13.0556926, 63.1626376], [13.0560223, 63.1627273], [13.0560762, 63.1627305], [13.0565698, 63.1627596], [13.0569667, 63.162843], [13.0574383, 63.1629715], [13.0578165, 63.1631051], [13.0579539, 63.1631678], [13.0580773, 63.163247], [13.0581619, 63.163266]]}}, {"type": "Feature", "id": "way/1333190537", "properties": {"highway": "path", "piste:grooming": "classic;skating", "piste:type": "nordic", "@id": "way/1333190537", "@type": "way", "osm_id": 1333190537}, "geometry": {"type": "LineString", "coordinates": [[12.9612414, 63.1493378], [12.9612982, 63.1491821], [12.9612915, 63.1489764], [12.9613983, 63.1487338], [12.9614894, 63.1486206]]}}, {"type": "Feature", "id": "way/1333190538", "properties": {"fixme": "resurvey mtb:scale", "highway": "path", "mtb:scale": "1", "name": "Vålådalen-Stensdalen/Vålåstugorna", "piste:grooming": "scooter", "piste:type": "nordic", "sac_scale": "mountain_hiking", "source": "GPS", "surface": "dirt", "@id": "way/1333190538", "@type": "way", "osm_id": 1333190538}, "geometry": {"type": "LineString", "coordinates": [[12.9480921, 63.1449594], [12.9482891, 63.1448882], [12.9485533, 63.144851], [12.9489702, 63.1448576], [12.9493416, 63.1448425], [12.9497623, 63.1448451], [12.9500078, 63.1448578], [12.9503633, 63.1448839], [12.9508954, 63.1449631], [12.9515064, 63.1450957], [12.9520927, 63.1452507], [12.9525574, 63.1452608], [12.953302, 63.1453534], [12.9533611, 63.1453522], [12.9535669, 63.1453481], [12.9536913, 63.1453531], [12.9537948, 63.145376], [12.9538369, 63.1453748], [12.9538698, 63.1453739], [12.9539441, 63.1453891], [12.9540411, 63.1453803], [12.9541778, 63.1454177], [12.9542758, 63.1454294], [12.9544594, 63.1454653], [12.9545333, 63.1454798], [12.9547307, 63.1454992], [12.9551587, 63.1455277], [12.9556719, 63.14554], [12.9564709, 63.1455479], [12.9569366, 63.1455379], [12.9575975, 63.1454681], [12.9579975, 63.1454691], [12.9586274, 63.1454604], [12.9589026, 63.1454569], [12.9593466, 63.1454264], [12.9600265, 63.1454022], [12.9601665, 63.1453805], [12.960495, 63.1453781], [12.9608079, 63.1453794], [12.961191, 63.1453942], [12.9616366, 63.1454308], [12.9623133, 63.1455359], [12.9628755, 63.145585], [12.9632623, 63.1456736], [12.9635455, 63.1457783], [12.9637601, 63.1459257], [12.9641064, 63.1462617], [12.9642492, 63.146462], [12.9644166, 63.1465271]]}}, {"type": "Feature", "id": "way/1333190539", "properties": {"bridge": "yes", "fixme": "resurvey mtb:scale", "highway": "path", "layer": "1", "mtb:scale": "1", "name": "Vålådalen-Stensdalen/Vålåstugorna", "piste:grooming": "scooter", "piste:type": "nordic", "sac_scale": "mountain_hiking", "source": "GPS", "surface": "dirt", "@id": "way/1333190539", "@type": "way", "osm_id": 1333190539}, "geometry": {"type": "LineString", "coordinates": [[12.9477788, 63.1450753], [12.9480921, 63.1449594]]}}, {"type": "Feature", "id": "way/1357030557", "properties": {"highway": "path", "informal": "yes", "surface": "mud", "@id": "way/1357030557", "@type": "way", "osm_id": 1357030557}, "geometry": {"type": "LineString", "coordinates": [[13.0471077, 63.1377871], [13.0468312, 63.1378597]]}}, {"type": "Feature", "id": "way/1357030558", "properties": {"highway": "path", "surface": "dirt", "@id": "way/1357030558", "@type": "way", "osm_id": 1357030558}, "geometry": {"type": "LineString", "coordinates": [[13.0634639, 63.153624], [13.0642153, 63.1540273], [13.064747, 63.1542675], [13.065053, 63.1544426], [13.0651942, 63.1546089], [13.0652878, 63.1548182], [13.0657633, 63.1563139], [13.0658381, 63.1566655], [13.0659157, 63.1569706]]}}, {"type": "Feature", "id": "way/1357030559", "properties": {"highway": "path", "@id": "way/1357030559", "@type": "way", "osm_id": 1357030559}, "geometry": {"type": "LineString", "coordinates": [[13.0659157, 63.1569706], [13.066013, 63.1568969]]}}, {"type": "Feature", "id": "way/1385393714", "properties": {"highway": "path", "informal": "yes", "@id": "way/1385393714", "@type": "way", "osm_id": 1385393714}, "geometry": {"type": "LineString", "coordinates": [[13.06068, 63.1640838], [13.0604644, 63.1643715], [13.0602497, 63.1645639], [13.0601384, 63.1648382], [13.0596584, 63.1652368], [13.0595941, 63.1654619], [13.0590787, 63.1656564]]}}, {"type": "Feature", "id": "way/1417227105", "properties": {"highway": "path", "sac_scale": "mountain_hiking", "@id": "way/1417227105", "@type": "way", "osm_id": 1417227105}, "geometry": {"type": "LineString", "coordinates": [[12.7409985, 63.1271091], [12.7408777, 63.126998], [12.7406301, 63.1269167], [12.7403295, 63.1269074], [12.7401438, 63.1269381], [12.740038, 63.1269962]]}}, {"type": "Feature", "id": "way/1421536693", "properties": {"highway": "path", "sac_scale": "mountain_hiking", "surface": "ground", "@id": "way/1421536693", "@type": "way", "osm_id": 1421536693}, "geometry": {"type": "LineString", "coordinates": [[12.6205249, 63.047591], [12.6207655, 63.0476642], [12.6264904, 63.0487535], [12.6268246, 63.0488353]]}}, {"type": "Feature", "id": "way/1421536694", "properties": {"highway": "path", "sac_scale": "mountain_hiking", "surface": "ground", "@id": "way/1421536694", "@type": "way", "osm_id": 1421536694}, "geometry": {"type": "LineString", "coordinates": [[12.6268246, 63.0488353], [12.6269732, 63.048866], [12.6271753, 63.0489211]]}}, {"type": "Feature", "id": "way/1422657209", "properties": {"highway": "path", "surface": "dirt", "@id": "way/1422657209", "@type": "way", "osm_id": 1422657209}, "geometry": {"type": "LineString", "coordinates": [[12.9298832, 63.122211], [12.9300864, 63.122045], [12.9302383, 63.1219102], [12.9304012, 63.1217679], [12.9308013, 63.1215095], [12.9311689, 63.1212055], [12.9314931, 63.1209886], [12.9318449, 63.1207927], [12.9321484, 63.1206678], [12.9324465, 63.1204888], [12.9326105, 63.1204491], [12.9327927, 63.1203839], [12.9328562, 63.120326], [12.9328818, 63.1202276], [12.9329263, 63.1200617], [12.9330525, 63.1198529], [12.9330284, 63.1198408]]}}, {"type": "Feature", "id": "way/1422657211", "properties": {"ford": "ford", "highway": "path", "surface": "pebblestone", "@id": "way/1422657211", "@type": "way", "osm_id": 1422657211}, "geometry": {"type": "LineString", "coordinates": [[12.9326496, 63.1195358], [12.9325753, 63.1194923], [12.9325064, 63.1194519], [12.9323876, 63.1194313], [12.9323172, 63.1194364]]}}, {"type": "Feature", "id": "way/1422657214", "properties": {"highway": "path", "surface": "dirt", "@id": "way/1422657214", "@type": "way", "osm_id": 1422657214}, "geometry": {"type": "LineString", "coordinates": [[12.9328888, 63.1197178], [12.9327806, 63.1196253], [12.9326496, 63.1195358]]}}, {"type": "Feature", "id": "way/1422657218", "properties": {"ford": "ford", "highway": "path", "surface": "pebblestone", "@id": "way/1422657218", "@type": "way", "osm_id": 1422657218}, "geometry": {"type": "LineString", "coordinates": [[12.9330284, 63.1198408], [12.9329542, 63.1197754], [12.9328888, 63.1197178]]}}, {"type": "Feature", "id": "way/1422657220", "properties": {"highway": "path", "informal": "yes", "surface": "dirt", "@id": "way/1422657220", "@type": "way", "osm_id": 1422657220}, "geometry": {"type": "LineString", "coordinates": [[12.90537, 63.1092461], [12.9052705, 63.1092811], [12.9052779, 63.1093363], [12.9053717, 63.1094658], [12.9053939, 63.109564], [12.905331, 63.109669], [12.905315, 63.1097259], [12.9054236, 63.1098102]]}}, {"type": "Feature", "id": "way/1422657221", "properties": {"highway": "path", "informal": "yes", "surface": "dirt", "trail_visibility": "intermediate", "@id": "way/1422657221", "@type": "way", "osm_id": 1422657221}, "geometry": {"type": "LineString", "coordinates": [[12.9054236, 63.1098102], [12.9054079, 63.109938], [12.9054802, 63.1101428], [12.9055422, 63.1102595], [12.9055731, 63.1103569], [12.9057384, 63.1105515], [12.9060052, 63.1106332], [12.9061119, 63.1107671], [12.9063012, 63.1109314], [12.906463, 63.111119], [12.9066127, 63.1112474], [12.9066541, 63.1113237], [12.9067177, 63.111449], [12.9068038, 63.1115751], [12.906926, 63.1116942], [12.9068313, 63.1118507], [12.9070844, 63.1124296], [12.907138, 63.1126871], [12.9073188, 63.1128355], [12.9071011, 63.1131474], [12.906994, 63.1134502]]}}, {"type": "Feature", "id": "way/1422657222", "properties": {"highway": "path", "informal": "yes", "@id": "way/1422657222", "@type": "way", "osm_id": 1422657222}, "geometry": {"type": "LineString", "coordinates": [[12.906994, 63.1134502], [12.9069538, 63.1137531], [12.906706, 63.1140756], [12.9064951, 63.1145162], [12.9063873, 63.1149524]]}}, {"type": "Feature", "id": "way/1422657223", "properties": {"highway": "path", "informal": "yes", "surface": "dirt", "trail_visibility": "intermediate", "@id": "way/1422657223", "@type": "way", "osm_id": 1422657223}, "geometry": {"type": "LineString", "coordinates": [[12.9116353, 63.1183077], [12.9116807, 63.1185948], [12.9118111, 63.1188768], [12.9116864, 63.1192281], [12.9114199, 63.1193921], [12.9117091, 63.1195485], [12.9118565, 63.1196126], [12.9121287, 63.1196485], [12.9123158, 63.1197818], [12.9121684, 63.1198818], [12.9116977, 63.1199536], [12.9114993, 63.119969], [12.9112328, 63.1201689], [12.9115613, 63.1202325], [12.9121851, 63.1201454], [12.9130526, 63.119989], [12.9138408, 63.1197429], [12.9140109, 63.1196377], [12.9141753, 63.1194301], [12.9144021, 63.119225], [12.9150826, 63.1190455], [12.9158197, 63.1189558], [12.9161372, 63.118884], [12.9165965, 63.1187968], [12.917396, 63.1183507], [12.9183033, 63.1177482], [12.9186492, 63.1174713], [12.9197095, 63.1169304], [12.9202879, 63.1165765], [12.9204353, 63.1164586], [12.9204467, 63.1162432], [12.9200838, 63.1158842], [12.9196188, 63.1155714], [12.9192162, 63.1154612], [12.918847, 63.1153935]]}}, {"type": "Feature", "id": "way/1422657224", "properties": {"highway": "path", "informal": "yes", "trail_visibility": "no", "@id": "way/1422657224", "@type": "way", "osm_id": 1422657224}, "geometry": {"type": "LineString", "coordinates": [[12.9063873, 63.1149524], [12.9059307, 63.1157216], [12.9066146, 63.1161405], [12.9077007, 63.1168144], [12.9089195, 63.1170869], [12.9106405, 63.1177258], [12.9113637, 63.1179892], [12.9116182, 63.1181406], [12.9116353, 63.1183077]]}}, {"type": "Feature", "id": "way/1426087789", "properties": {"highway": "path", "@id": "way/1426087789", "@type": "way", "osm_id": 1426087789}, "geometry": {"type": "LineString", "coordinates": [[13.0725232, 63.1600231], [13.072833, 63.1600232]]}}, {"type": "Feature", "id": "way/1426087796", "properties": {"fixme": "resurvey mtb:scale", "highway": "path", "mtb:name": "Bäverkroken", "mtb:scale": "1", "@id": "way/1426087796", "@type": "way", "osm_id": 1426087796}, "geometry": {"type": "LineString", "coordinates": [[13.1132683, 63.1575474], [13.113179, 63.1576381], [13.1131613, 63.1578542]]}}, {"type": "Feature", "id": "way/1426087804", "properties": {"highway": "path", "surface": "dirt", "width": "0.2", "@id": "way/1426087804", "@type": "way", "osm_id": 1426087804}, "geometry": {"type": "LineString", "coordinates": [[13.06068, 63.1640838], [13.0608163, 63.1641075], [13.0609115, 63.1641618], [13.0611314, 63.1642919], [13.06142, 63.1643697], [13.0617923, 63.1644966], [13.0621111, 63.1645929], [13.0629118, 63.1647402], [13.0631726, 63.1647846], [13.0639996, 63.16485], [13.0646444, 63.1649949], [13.065359, 63.1651281], [13.065757, 63.1651487], [13.065955, 63.165249], [13.0672119, 63.1654396], [13.0680559, 63.1656508], [13.0685745, 63.1658475], [13.0691096, 63.1659266], [13.0694873, 63.1660684], [13.0699998, 63.1661287], [13.0704484, 63.1663403], [13.0705662, 63.1664292], [13.0706086, 63.1665194], [13.070627, 63.1665584], [13.0706097, 63.1667416], [13.0705182, 63.1668389], [13.0701069, 63.1671867], [13.0700182, 63.16734], [13.0699873, 63.1674592]]}}, {"type": "Feature", "id": "way/1426092518", "properties": {"highway": "track", "operator": "Vålådalens Fjällstation", "piste:grooming": "classic;skating", "piste:type": "nordic", "surface": "gravel", "tracktype": "grade2", "@id": "way/1426092518", "@type": "way", "osm_id": 1426092518}, "geometry": {"type": "LineString", "coordinates": [[12.9802838, 63.1495834], [12.9804041, 63.1501932], [12.9804269, 63.1506046], [12.9804102, 63.1508755], [12.9803029, 63.1511147], [12.9801853, 63.1512999], [12.9799864, 63.1514906], [12.9796048, 63.1517252], [12.9788029, 63.1521521], [12.9743753, 63.1542312], [12.9722722, 63.1551625], [12.9714478, 63.1554829], [12.9706447, 63.1557641], [12.9698412, 63.1560436], [12.9694596, 63.1562511], [12.9691587, 63.1564702], [12.9687328, 63.1569002]]}}, {"type": "Feature", "id": "way/1426092520", "properties": {"class:bicycle:mtb": "2", "highway": "path", "mtb:scale": "1", "piste:grooming": "backcountry", "piste:type": "nordic", "@id": "way/1426092520", "@type": "way", "osm_id": 1426092520}, "geometry": {"type": "LineString", "coordinates": [[13.1381188, 63.0889731], [13.138241, 63.0889947]]}}, {"type": "Feature", "id": "way/1426092521", "properties": {"class:bicycle:mtb": "2", "fixme": "resurvey mtb:scale", "highway": "path", "mtb:scale": "1", "@id": "way/1426092521", "@type": "way", "osm_id": 1426092521}, "geometry": {"type": "LineString", "coordinates": [[13.1403784, 63.087185], [13.1404409, 63.0871165], [13.1404973, 63.0870572], [13.1404953, 63.0870171]]}}, {"type": "Feature", "id": "way/1426092522", "properties": {"fixme": "resurvey mtb:scale", "highway": "path", "mtb:scale": "1", "surface": "dirt", "@id": "way/1426092522", "@type": "way", "osm_id": 1426092522}, "geometry": {"type": "LineString", "coordinates": [[13.0999219, 63.0830104], [13.0995763, 63.0827331], [13.0992796, 63.082618], [13.0978386, 63.0817114], [13.096832, 63.0815099], [13.0948188, 63.0808432], [13.0941639, 63.0806465]]}}, {"type": "Feature", "id": "way/1426092523", "properties": {"fixme": "resurvey mtb:scale", "highway": "path", "mtb:scale": "1", "surface": "dirt", "@id": "way/1426092523", "@type": "way", "osm_id": 1426092523}, "geometry": {"type": "LineString", "coordinates": [[13.0915405, 63.0912978], [13.0920799, 63.0908809], [13.092387, 63.0906421], [13.0928595, 63.0901289], [13.0931193, 63.0897921], [13.0932807, 63.0891902], [13.0933123, 63.0890722], [13.0934225, 63.0887728], [13.0934816, 63.0885804], [13.0937807, 63.0881915], [13.0935091, 63.0880244], [13.0934461, 63.0879175], [13.0940318, 63.087717], [13.0943025, 63.0874252]]}}, {"type": "Feature", "id": "way/1426273888", "properties": {"fixme": "survey", "highway": "path", "@id": "way/1426273888", "@type": "way", "osm_id": 1426273888}, "geometry": {"type": "LineString", "coordinates": [[12.811407, 63.141774], [12.81133, 63.1415918]]}}, {"type": "Feature", "id": "way/1426273893", "properties": {"fixme": "survey", "highway": "path", "@id": "way/1426273893", "@type": "way", "osm_id": 1426273893}, "geometry": {"type": "LineString", "coordinates": [[12.8612096, 63.1653621], [12.8604627, 63.1640969], [12.8598404, 63.1626099], [12.8590464, 63.1607257], [12.8586817, 63.1586718]]}}, {"type": "Feature", "id": "way/1433621395", "properties": {"highway": "path", "informal": "yes", "surface": "dirt", "@id": "way/1433621395", "@type": "way", "osm_id": 1433621395}, "geometry": {"type": "LineString", "coordinates": [[12.9634483, 63.1642007], [12.9635144, 63.1643754], [12.9632082, 63.1645328], [12.9630277, 63.1646502], [12.9629233, 63.1647469], [12.9629251, 63.1648523], [12.9630244, 63.1649421], [12.9630845, 63.1649988], [12.9630858, 63.1650039], [12.9630985, 63.1650575], [12.9630373, 63.1651215], [12.9630394, 63.1651846], [12.9630769, 63.1652176], [12.9631275, 63.1652621], [12.9632382, 63.1653136], [12.9633494, 63.1653342], [12.9635049, 63.1652919], [12.9636036, 63.1652473], [12.9637418, 63.1652351], [12.9638948, 63.1652462], [12.9640331, 63.1652607], [12.9640824, 63.1652674]]}}, {"type": "Feature", "id": "way/1433621396", "properties": {"highway": "path", "informal": "yes", "@id": "way/1433621396", "@type": "way", "osm_id": 1433621396}, "geometry": {"type": "LineString", "coordinates": [[12.9622555, 63.1649693], [12.9627033, 63.1649768], [12.962914, 63.1649879], [12.9630858, 63.1650039]]}}, {"type": "Feature", "id": "way/1433621398", "properties": {"highway": "path", "informal": "yes", "surface": "grass", "trail_visibility": "horrible", "@id": "way/1433621398", "@type": "way", "osm_id": 1433621398}, "geometry": {"type": "LineString", "coordinates": [[12.8474014, 63.2123994], [12.8474483, 63.2123705], [12.8474813, 63.2121635], [12.8474952, 63.2120757], [12.8475172, 63.2119847], [12.8477513, 63.2118311], [12.8478029, 63.2114137], [12.8478946, 63.2112512], [12.8480915, 63.211076], [12.8484468, 63.2109613], [12.8493816, 63.2107585], [12.8499174, 63.2105684], [12.8505468, 63.2099345], [12.8507477, 63.2097564], [12.8506741, 63.2094969], [12.8506875, 63.2089807], [12.8502589, 63.2083318], [12.8508683, 63.2080631], [12.8510089, 63.2079454], [12.8511629, 63.2075288], [12.8514107, 63.206587], [12.851471, 63.2062037], [12.8511094, 63.2056331], [12.8515647, 63.2050505], [12.8514844, 63.2048181], [12.8516317, 63.2038097], [12.8524888, 63.2033267], [12.8529174, 63.2032965], [12.853942, 63.2030399], [12.8542567, 63.2028346], [12.854692, 63.2027742], [12.8550201, 63.2028346], [12.8556697, 63.2027833], [12.8562523, 63.2026716], [12.8567077, 63.2024874], [12.8571631, 63.2023425], [12.8570626, 63.2011077], [12.8571497, 63.2003921], [12.8573238, 63.200211], [12.8575916, 63.2001083], [12.8577323, 63.1995799], [12.8579265, 63.1991119], [12.8581541, 63.1987647], [12.8583283, 63.1985503], [12.8584118, 63.1982739], [12.8583589, 63.1980924], [12.8584037, 63.1979127], [12.8585258, 63.1975363], [12.8588773, 63.1971993], [12.8590592, 63.1971443], [12.8595796, 63.197093], [12.8596853, 63.1970527], [12.8597666, 63.1969207], [12.8600471, 63.1966787], [12.860226, 63.196521], [12.8605187, 63.1964037], [12.8611651, 63.196301], [12.861657, 63.1962919], [12.8621408, 63.1963414], [12.8625921, 63.196202], [12.8632873, 63.196015], [12.8634296, 63.1958592], [12.8634011, 63.1956447], [12.8634987, 63.1954962], [12.8642111, 63.1949044], [12.8648121, 63.1946583], [12.8659114, 63.1936918], [12.8661408, 63.1933744], [12.8664808, 63.1922972], [12.8664888, 63.1908455], [12.8661741, 63.1906818], [12.865317, 63.1905006], [12.8646942, 63.1899931], [12.8648616, 63.1897938], [12.8643501, 63.1894192], [12.8638135, 63.1893887], [12.8632078, 63.189088], [12.8631387, 63.1889541], [12.8633419, 63.1888642], [12.8638501, 63.1888918], [12.8641092, 63.1887951], [12.8644648, 63.1887924], [12.8647518, 63.1886652], [12.864537, 63.1876878], [12.8649013, 63.1873213], [12.8650227, 63.1867736], [12.8647431, 63.1860486], [12.8647159, 63.1859781], [12.86492, 63.1857172], [12.8648633, 63.1854614], [12.8643813, 63.1852056], [12.8640436, 63.1848122], [12.8644923, 63.1841416], [12.8645324, 63.1837035], [12.8648271, 63.1834045], [12.8652892, 63.1827851], [12.8657864, 63.1819789], [12.8651386, 63.1818458], [12.8641111, 63.1816703], [12.8640583, 63.1813259], [12.8641117, 63.1813133], [12.8643512, 63.1812566], [12.8650378, 63.1811873], [12.8657243, 63.1812284], [12.8661421, 63.1812761], [12.8667182, 63.1811418], [12.8670025, 63.1809323], [12.8673708, 63.1808175], [12.8677927, 63.1807117], [12.8684288, 63.1803703], [12.8687101, 63.1799383], [12.8690248, 63.1797963], [12.8692592, 63.1794276], [12.8696878, 63.1791799], [12.8698887, 63.1788294], [12.8703775, 63.1784094], [12.870699, 63.1780256], [12.8709601, 63.177941], [12.8711744, 63.1773639], [12.8713887, 63.1769862], [12.8714557, 63.1767747], [12.8712548, 63.1765752], [12.8715628, 63.1763002], [12.8719512, 63.1761431], [12.8723597, 63.1760373], [12.8732425, 63.175813], [12.8738051, 63.1751261], [12.8741139, 63.1743844], [12.8754045, 63.1737323], [12.8757795, 63.1736178], [12.8763421, 63.1727865], [12.8774672, 63.1722439], [12.8775554, 63.1719054], [12.8783717, 63.171298], [12.8790776, 63.1707753], [12.8800042, 63.1702924], [12.88103, 63.1700684], [12.8828707, 63.1694701], [12.8843948, 63.1688527], [12.8858408, 63.1686763], [12.8876554, 63.1683447], [12.8894271, 63.1678566], [12.8909773, 63.167545], [12.8906811, 63.1671787], [12.8905672, 63.1667827], [12.8906878, 63.1664139], [12.8912168, 63.1662265], [12.8917458, 63.1661539], [12.8922949, 63.1662537], [12.892824, 63.1662204], [12.8935807, 63.1663807], [12.894016, 63.1663655], [12.8948731, 63.1662174], [12.8954691, 63.1659635], [12.8961321, 63.1656461], [12.8966008, 63.1653952], [12.8965138, 63.1651775], [12.8972236, 63.1648269], [12.8978062, 63.1646062], [12.8996338, 63.1634662], [12.9006369, 63.1627268], [12.9015817, 63.1627268], [12.9022918, 63.1625965], [12.9032765, 63.1625244]]}}, {"type": "Feature", "id": "way/1433621402", "properties": {"highway": "path", "@id": "way/1433621402", "@type": "way", "osm_id": 1433621402}, "geometry": {"type": "LineString", "coordinates": [[12.9055345, 63.1552621], [12.9056305, 63.1554373], [12.9057932, 63.1556613], [12.9058013, 63.1558283], [12.9059314, 63.1559899], [12.9059798, 63.1561025]]}}, {"type": "Feature", "id": "way/1433621405", "properties": {"highway": "path", "informal": "yes", "source": "GPS", "@id": "way/1433621405", "@type": "way", "osm_id": 1433621405}, "geometry": {"type": "LineString", "coordinates": [[12.9649878, 63.148703], [12.9650089, 63.1486542], [12.9648326, 63.1485662], [12.9647375, 63.1484829], [12.9647288, 63.14841], [12.964775, 63.1482888], [12.9647663, 63.148199], [12.964726, 63.1481078], [12.9646308, 63.1480218], [12.9645126, 63.147945], [12.9643914, 63.1478941], [12.9643223, 63.1478551], [12.9641637, 63.1477679], [12.9639361, 63.1476697], [12.9638025, 63.1476051]]}}, {"type": "Feature", "id": "way/1446874971", "properties": {"highway": "path", "mtb:name": "Nulltjärn", "mtb:scale": "1", "@id": "way/1446874971", "@type": "way", "osm_id": 1446874971}, "geometry": {"type": "LineString", "coordinates": [[12.9086523, 63.1535838], [12.9086317, 63.1538511], [12.9083309, 63.1543038], [12.9080772, 63.1546407]]}}, {"type": "Feature", "id": "way/1446874972", "properties": {"fixme": "resurvey mtb:scale", "highway": "path", "mtb:scale": "1", "name": "Vålådalen-Stensdalen/Vålåstugorna", "piste:grooming": "scooter", "piste:type": "nordic", "sac_scale": "mountain_hiking", "source": "GPS", "surface": "dirt", "@id": "way/1446874972", "@type": "way", "osm_id": 1446874972}, "geometry": {"type": "LineString", "coordinates": [[12.9270997, 63.1441227], [12.927579, 63.1442411], [12.9278853, 63.1442656], [12.9282654, 63.1443309], [12.9286296, 63.144336], [12.9288178, 63.1443669], [12.9291539, 63.1443711], [12.9294021, 63.1444329], [12.9298767, 63.1445253], [12.930129, 63.1445443], [12.9303812, 63.144541], [12.9304063, 63.1445415], [12.930526, 63.1445228], [12.9309041, 63.1444639], [12.9314969, 63.1442766], [12.9318483, 63.1441421], [12.932496, 63.143817], [12.9327752, 63.1437156], [12.9330392, 63.1436847], [12.933382, 63.1436627], [12.9335649, 63.1436187]]}}, {"type": "Feature", "id": "way/1446874976", "properties": {"class:bicycle:mtb": "2", "fixme": "resurvey mtb:scale", "highway": "path", "mtb:scale": "0", "piste:grooming": "scooter", "piste:type": "nordic", "surface": "ground", "@id": "way/1446874976", "@type": "way", "osm_id": 1446874976}, "geometry": {"type": "LineString", "coordinates": [[12.9642854, 63.1468342], [12.9643793, 63.1466624], [12.9644166, 63.1465271]]}}, {"type": "Feature", "id": "way/1446874977", "properties": {"highway": "track", "name": "Lahti 10 km", "operator": "Vålådalens Fjällstation", "piste:grooming": "classic;skating", "piste:oneway": "yes", "piste:type": "nordic", "surface": "dirt", "width": "3 m", "@id": "way/1446874977", "@type": "way", "osm_id": 1446874977}, "geometry": {"type": "LineString", "coordinates": [[12.9612414, 63.1493378], [12.961658, 63.1493537], [12.9621584, 63.1493679], [12.9624208, 63.1493973], [12.9628283, 63.1494292], [12.962851, 63.1494413], [12.9629076, 63.1494713]]}}, {"type": "Feature", "id": "way/1448605117", "properties": {"highway": "path", "lit": "yes", "surface": "asphalt", "@id": "way/1448605117", "@type": "way", "osm_id": 1448605117}, "geometry": {"type": "LineString", "coordinates": [[12.9879163, 63.1480159], [12.987962, 63.148246], [12.9878788, 63.148628], [12.9879747, 63.1489533], [12.988064, 63.1490746]]}}, {"type": "Feature", "id": "way/1448605118", "properties": {"highway": "path", "lit": "yes", "piste:grooming": "classic+skating", "piste:oneway": "no", "piste:type": "nordic", "surface": "asphalt", "@id": "way/1448605118", "@type": "way", "osm_id": 1448605118}, "geometry": {"type": "LineString", "coordinates": [[12.9869093, 63.1498582], [12.9868979, 63.1499373], [12.9869824, 63.1500229], [12.9872069, 63.150194], [12.9877461, 63.1504323], [12.988093, 63.1505587], [12.9884468, 63.1506401], [12.9885445, 63.1506963], [12.9885328, 63.1507661], [12.9884526, 63.1508266]]}}, {"type": "Feature", "id": "way/1448605119", "properties": {"highway": "path", "lit": "yes", "piste:grooming": "classic+skating", "piste:type": "nordic", "surface": "asphalt", "@id": "way/1448605119", "@type": "way", "osm_id": 1448605119}, "geometry": {"type": "LineString", "coordinates": [[12.9869027, 63.1512053], [12.9868305, 63.151331], [12.9867392, 63.1514681]]}}, {"type": "Feature", "id": "way/1463722284", "properties": {"highway": "path", "@id": "way/1463722284", "@type": "way", "osm_id": 1463722284}, "geometry": {"type": "LineString", "coordinates": [[12.7573479, 63.023694], [12.7568028, 63.0236186], [12.7560804, 63.0235874], [12.755702, 63.0235874], [12.7550598, 63.0234885], [12.7542686, 63.0234365], [12.7536838, 63.0234677], [12.7529843, 63.0234599], [12.7525944, 63.0233611], [12.7522217, 63.0232102], [12.752044, 63.0230802], [12.7520978, 63.0229314], [12.752216, 63.0226042], [12.7523651, 63.0223441], [12.7524625, 63.0220476], [12.7528926, 63.0217303], [12.7537624, 63.0211245], [12.7539187, 63.0208955], [12.7540783, 63.0207818], [12.75429, 63.0206458], [12.7553582, 63.020142], [12.7556358, 63.0200726], [12.7557567, 63.0199871]]}}, {"type": "Feature", "id": "way/1463722285", "properties": {"highway": "path", "sac_scale": "mountain_hiking", "surface": "ground", "@id": "way/1463722285", "@type": "way", "osm_id": 1463722285}, "geometry": {"type": "LineString", "coordinates": [[12.6869149, 62.9839997], [12.6872939, 62.9840979], [12.6881066, 62.9842429], [12.6882826, 62.9843038], [12.6887295, 62.9845376], [12.6892298, 62.9849303], [12.6897551, 62.985355], [12.6902122, 62.9857743], [12.6903164, 62.9860241], [12.6909106, 62.9865122], [12.6914806, 62.9867991], [12.6916475, 62.9868492], [12.6921029, 62.9870771], [12.6922747, 62.9871859], [12.6924466, 62.987214], [12.6942047, 62.9879036], [12.6945794, 62.9881276], [12.6948296, 62.9881685], [12.6952052, 62.988195], [12.6964923, 62.9887148], [12.6979696, 62.9889105], [12.6988216, 62.9893455], [12.6993961, 62.9897895], [12.6997394, 62.9901014], [12.7011985, 62.9906471], [12.702227, 62.9910147], [12.7031607, 62.9913259], [12.7041253, 62.9916434], [12.7044522, 62.9917195], [12.7050291, 62.9919021], [12.7060909, 62.9921672], [12.7064249, 62.9923017], [12.7069147, 62.9925362], [12.7074371, 62.9927047], [12.7087191, 62.993166], [12.7089974, 62.9932562], [12.7092164, 62.9932818], [12.709678, 62.9934514], [12.7103524, 62.9936264], [12.7105526, 62.9937017], [12.7107101, 62.99377], [12.7110236, 62.9938239], [12.7113199, 62.9938906], [12.7117752, 62.9940013], [12.712099, 62.994077], [12.7123886, 62.9941231], [12.712845, 62.9943185], [12.713159, 62.994482], [12.7133421, 62.9945712], [12.7137069, 62.9946716]]}}, {"type": "Feature", "id": "way/1463722286", "properties": {"highway": "path", "sac_scale": "mountain_hiking", "@id": "way/1463722286", "@type": "way", "osm_id": 1463722286}, "geometry": {"type": "LineString", "coordinates": [[12.7137069, 62.9946716], [12.7138497, 62.9946696], [12.7139517, 62.9946509]]}}, {"type": "Feature", "id": "way/1463722287", "properties": {"highway": "path", "sac_scale": "mountain_hiking", "surface": "ground", "@id": "way/1463722287", "@type": "way", "osm_id": 1463722287}, "geometry": {"type": "LineString", "coordinates": [[12.6585248, 62.9759579], [12.6586681, 62.9759452], [12.6590422, 62.9760715], [12.6595035, 62.9761732], [12.6601304, 62.97641], [12.6604009, 62.9764759], [12.6605558, 62.9765144], [12.6606692, 62.9765625], [12.6608621, 62.9766248], [12.6611484, 62.9767494], [12.661468, 62.9768782], [12.6615946, 62.9768977], [12.6618416, 62.9769891], [12.6621566, 62.9770853], [12.6631031, 62.9773611], [12.663329, 62.977424], [12.6647967, 62.9777507], [12.6651147, 62.9778879], [12.6652789, 62.9779817], [12.6655699, 62.9781748], [12.6659283, 62.978348], [12.6660179, 62.9784498], [12.6661032, 62.9785489], [12.6661802, 62.9786064], [12.666268, 62.9788101], [12.666587, 62.9791134]]}}, {"type": "Feature", "id": "way/1463722288", "properties": {"bridge": "yes", "highway": "path", "layer": "1", "sac_scale": "mountain_hiking", "@id": "way/1463722288", "@type": "way", "osm_id": 1463722288}, "geometry": {"type": "LineString", "coordinates": [[12.686779, 62.9839419], [12.6869149, 62.9839997]]}}, {"type": "Feature", "id": "way/1463722289", "properties": {"highway": "path", "sac_scale": "mountain_hiking", "surface": "ground", "@id": "way/1463722289", "@type": "way", "osm_id": 1463722289}, "geometry": {"type": "LineString", "coordinates": [[12.6828241, 62.9831849], [12.6830882, 62.9833181], [12.6838229, 62.9835217], [12.6841849, 62.9836091], [12.6845577, 62.9837847], [12.6851985, 62.9838149], [12.6854897, 62.9838477], [12.6865427, 62.9839616], [12.686779, 62.9839419]]}}, {"type": "Feature", "id": "way/1463722290", "properties": {"bridge": "boardwalk", "highway": "path", "sac_scale": "mountain_hiking", "surface": "wood", "@id": "way/1463722290", "@type": "way", "osm_id": 1463722290}, "geometry": {"type": "LineString", "coordinates": [[12.6825627, 62.9831155], [12.682723, 62.9831379], [12.6828241, 62.9831849]]}}, {"type": "Feature", "id": "way/1463722291", "properties": {"highway": "path", "sac_scale": "mountain_hiking", "surface": "ground", "@id": "way/1463722291", "@type": "way", "osm_id": 1463722291}, "geometry": {"type": "LineString", "coordinates": [[12.6811898, 62.9828474], [12.6813201, 62.9828888], [12.6816336, 62.9829038], [12.6819231, 62.9829672], [12.6823467, 62.9830427], [12.6825627, 62.9831155]]}}, {"type": "Feature", "id": "way/1463722292", "properties": {"bridge": "boardwalk", "highway": "path", "sac_scale": "mountain_hiking", "surface": "wood", "@id": "way/1463722292", "@type": "way", "osm_id": 1463722292}, "geometry": {"type": "LineString", "coordinates": [[12.6810023, 62.9828439], [12.6811898, 62.9828474]]}}, {"type": "Feature", "id": "way/1463722293", "properties": {"highway": "path", "sac_scale": "mountain_hiking", "surface": "ground", "@id": "way/1463722293", "@type": "way", "osm_id": 1463722293}, "geometry": {"type": "LineString", "coordinates": [[12.6799322, 62.9827575], [12.6805235, 62.982785], [12.6810023, 62.9828439]]}}, {"type": "Feature", "id": "way/1463722294", "properties": {"bridge": "boardwalk", "highway": "path", "sac_scale": "mountain_hiking", "surface": "wood", "@id": "way/1463722294", "@type": "way", "osm_id": 1463722294}, "geometry": {"type": "LineString", "coordinates": [[12.6794962, 62.9827071], [12.6799322, 62.9827575]]}}, {"type": "Feature", "id": "way/1463722295", "properties": {"highway": "path", "sac_scale": "mountain_hiking", "surface": "ground", "@id": "way/1463722295", "@type": "way", "osm_id": 1463722295}, "geometry": {"type": "LineString", "coordinates": [[12.6771951, 62.9823888], [12.677329, 62.9824073], [12.6779497, 62.9825377], [12.6782779, 62.9825757], [12.6787243, 62.9826437], [12.6793054, 62.9826914]]}}, {"type": "Feature", "id": "way/1463722296", "properties": {"bridge": "boardwalk", "highway": "path", "layer": "1", "sac_scale": "mountain_hiking", "surface": "wood", "@id": "way/1463722296", "@type": "way", "osm_id": 1463722296}, "geometry": {"type": "LineString", "coordinates": [[12.6767257, 62.9823144], [12.6768989, 62.9823603]]}}, {"type": "Feature", "id": "way/1463722297", "properties": {"highway": "path", "sac_scale": "mountain_hiking", "surface": "ground", "@id": "way/1463722297", "@type": "way", "osm_id": 1463722297}, "geometry": {"type": "LineString", "coordinates": [[12.6768989, 62.9823603], [12.6771371, 62.9823967]]}}, {"type": "Feature", "id": "way/1463722298", "properties": {"bridge": "boardwalk", "highway": "path", "layer": "1", "sac_scale": "mountain_hiking", "surface": "wood", "@id": "way/1463722298", "@type": "way", "osm_id": 1463722298}, "geometry": {"type": "LineString", "coordinates": [[12.6771371, 62.9823967], [12.6771951, 62.9823888]]}}, {"type": "Feature", "id": "way/1463722299", "properties": {"bridge": "boardwalk", "highway": "path", "sac_scale": "mountain_hiking", "surface": "wood", "@id": "way/1463722299", "@type": "way", "osm_id": 1463722299}, "geometry": {"type": "LineString", "coordinates": [[12.6760364, 62.9822049], [12.6761975, 62.9822262], [12.6763764, 62.982282], [12.6765377, 62.9822982]]}}, {"type": "Feature", "id": "way/1463722300", "properties": {"highway": "path", "sac_scale": "mountain_hiking", "surface": "ground", "@id": "way/1463722300", "@type": "way", "osm_id": 1463722300}, "geometry": {"type": "LineString", "coordinates": [[12.6755351, 62.9821095], [12.6757375, 62.9821349], [12.6759131, 62.9822008], [12.6760364, 62.9822049]]}}, {"type": "Feature", "id": "way/1463722301", "properties": {"highway": "path", "sac_scale": "mountain_hiking", "surface": "ground", "@id": "way/1463722301", "@type": "way", "osm_id": 1463722301}, "geometry": {"type": "LineString", "coordinates": [[12.6765377, 62.9822982], [12.6767257, 62.9823144]]}}, {"type": "Feature", "id": "way/1463722302", "properties": {"bridge": "boardwalk", "highway": "path", "sac_scale": "mountain_hiking", "surface": "wood", "@id": "way/1463722302", "@type": "way", "osm_id": 1463722302}, "geometry": {"type": "LineString", "coordinates": [[12.6732646, 62.9815467], [12.6738909, 62.9816948], [12.6743028, 62.9817614], [12.6746656, 62.9817772], [12.6752467, 62.9820266], [12.6755351, 62.9821095]]}}, {"type": "Feature", "id": "way/1463722303", "properties": {"highway": "path", "sac_scale": "mountain_hiking", "surface": "ground", "@id": "way/1463722303", "@type": "way", "osm_id": 1463722303}, "geometry": {"type": "LineString", "coordinates": [[12.6697347, 62.9806619], [12.6699561, 62.9807838], [12.6706032, 62.9810057], [12.6710009, 62.9810364], [12.6716573, 62.9812532], [12.6732646, 62.9815467]]}}, {"type": "Feature", "id": "way/1463722304", "properties": {"bridge": "boardwalk", "highway": "path", "layer": "1", "sac_scale": "mountain_hiking", "surface": "wood", "@id": "way/1463722304", "@type": "way", "osm_id": 1463722304}, "geometry": {"type": "LineString", "coordinates": [[12.6690894, 62.9802924], [12.6697347, 62.9806619]]}}, {"type": "Feature", "id": "way/1463722305", "properties": {"highway": "path", "sac_scale": "mountain_hiking", "surface": "ground", "@id": "way/1463722305", "@type": "way", "osm_id": 1463722305}, "geometry": {"type": "LineString", "coordinates": [[12.668135, 62.9800592], [12.6686367, 62.9801312], [12.6689262, 62.9801989], [12.6690894, 62.9802924]]}}, {"type": "Feature", "id": "way/1463722306", "properties": {"bridge": "boardwalk", "highway": "path", "layer": "1", "sac_scale": "mountain_hiking", "surface": "wood", "@id": "way/1463722306", "@type": "way", "osm_id": 1463722306}, "geometry": {"type": "LineString", "coordinates": [[12.6678817, 62.9799867], [12.668135, 62.9800592]]}}, {"type": "Feature", "id": "way/1463722307", "properties": {"highway": "path", "sac_scale": "mountain_hiking", "surface": "ground", "@id": "way/1463722307", "@type": "way", "osm_id": 1463722307}, "geometry": {"type": "LineString", "coordinates": [[12.6666808, 62.9791885], [12.6668732, 62.9793497], [12.6668911, 62.9794325], [12.6670276, 62.9794859], [12.6670824, 62.9795792], [12.6671573, 62.9796293], [12.6672728, 62.9797259], [12.6674549, 62.9797706], [12.6676931, 62.9798465], [12.6677567, 62.9799026], [12.6678817, 62.9799867]]}}, {"type": "Feature", "id": "way/1463722308", "properties": {"bridge": "boardwalk", "highway": "path", "layer": "1", "sac_scale": "mountain_hiking", "surface": "wood", "@id": "way/1463722308", "@type": "way", "osm_id": 1463722308}, "geometry": {"type": "LineString", "coordinates": [[12.666587, 62.9791134], [12.6666808, 62.9791885]]}}, {"type": "Feature", "id": "way/1463722309", "properties": {"highway": "path", "sac_scale": "mountain_hiking", "@id": "way/1463722309", "@type": "way", "osm_id": 1463722309}, "geometry": {"type": "LineString", "coordinates": [[12.6440245, 62.9605846], [12.6442319, 62.9607501], [12.6447545, 62.9609781], [12.6451516, 62.9611331], [12.6455237, 62.9613546], [12.6458729, 62.9615171], [12.6461417, 62.9615768], [12.6472127, 62.9618918], [12.6485383, 62.9622313], [12.6491411, 62.9626158], [12.6493082, 62.9627627], [12.6501435, 62.9635294], [12.6504664, 62.963835], [12.6507263, 62.9641011], [12.6509412, 62.9643375], [12.6510707, 62.9645876], [12.6515332, 62.9652486], [12.6518733, 62.9661291], [12.6519695, 62.9665091], [12.6520973, 62.9668773], [12.6520562, 62.9669948], [12.6521652, 62.9671048], [12.6521688, 62.9672216], [12.6523684, 62.9676237], [12.6522869, 62.9677368], [12.6525317, 62.9679525], [12.6528955, 62.9681871], [12.6529369, 62.9688662], [12.6528227, 62.9690365], [12.6529292, 62.969176], [12.6529052, 62.9693874], [12.6533515, 62.96984], [12.6534542, 62.9698908], [12.6535469, 62.9700305], [12.6541434, 62.9706885], [12.6539926, 62.9708007], [12.6540658, 62.9709653], [12.6543428, 62.9712041], [12.6544863, 62.9715483], [12.654742, 62.9718223], [12.6551186, 62.9721772], [12.6554204, 62.9723885], [12.6557869, 62.9725899], [12.655991, 62.9729723], [12.6559932, 62.9732452], [12.6561107, 62.9734603], [12.6564062, 62.9737982], [12.6565548, 62.9739012], [12.6568634, 62.9740234], [12.6566329, 62.9742764], [12.6563963, 62.9743642]]}}, {"type": "Feature", "id": "way/1463722310", "properties": {"bridge": "yes", "highway": "path", "layer": "1", "sac_scale": "mountain_hiking", "@id": "way/1463722310", "@type": "way", "osm_id": 1463722310}, "geometry": {"type": "LineString", "coordinates": [[12.6438522, 62.960483], [12.6440245, 62.9605846]]}}, {"type": "Feature", "id": "way/1463722311", "properties": {"highway": "path", "sac_scale": "mountain_hiking", "@id": "way/1463722311", "@type": "way", "osm_id": 1463722311}, "geometry": {"type": "LineString", "coordinates": [[12.6418375, 62.9594833], [12.642163, 62.9596903], [12.6424728, 62.9598404], [12.6427231, 62.9599474], [12.6430285, 62.9600727], [12.6432971, 62.9602621], [12.643588, 62.9604122], [12.6438522, 62.960483]]}}, {"type": "Feature", "id": "way/1463722312", "properties": {"bridge": "boardwalk", "highway": "path", "sac_scale": "mountain_hiking", "surface": "wood", "@id": "way/1463722312", "@type": "way", "osm_id": 1463722312}, "geometry": {"type": "LineString", "coordinates": [[12.6409189, 62.9587214], [12.6415082, 62.9591299], [12.6416854, 62.9592667], [12.6418375, 62.9594833]]}}, {"type": "Feature", "id": "way/1463722313", "properties": {"highway": "path", "sac_scale": "mountain_hiking", "@id": "way/1463722313", "@type": "way", "osm_id": 1463722313}, "geometry": {"type": "LineString", "coordinates": [[12.6407238, 62.9585076], [12.6409189, 62.9587214]]}}, {"type": "Feature", "id": "way/1463722314", "properties": {"bridge": "boardwalk", "highway": "path", "sac_scale": "mountain_hiking", "surface": "wood", "@id": "way/1463722314", "@type": "way", "osm_id": 1463722314}, "geometry": {"type": "LineString", "coordinates": [[12.6405879, 62.9584428], [12.6407238, 62.9585076]]}}, {"type": "Feature", "id": "way/1463722315", "properties": {"highway": "path", "sac_scale": "mountain_hiking", "@id": "way/1463722315", "@type": "way", "osm_id": 1463722315}, "geometry": {"type": "LineString", "coordinates": [[12.6401762, 62.9583562], [12.6405879, 62.9584428]]}}, {"type": "Feature", "id": "way/1463722316", "properties": {"bridge": "boardwalk", "highway": "path", "sac_scale": "mountain_hiking", "surface": "wood", "@id": "way/1463722316", "@type": "way", "osm_id": 1463722316}, "geometry": {"type": "LineString", "coordinates": [[12.639238, 62.9579267], [12.6393949, 62.9579826], [12.6398637, 62.9581065], [12.6399879, 62.9581943], [12.6401762, 62.9583562]]}}, {"type": "Feature", "id": "way/1463722317", "properties": {"highway": "path", "sac_scale": "mountain_hiking", "@id": "way/1463722317", "@type": "way", "osm_id": 1463722317}, "geometry": {"type": "LineString", "coordinates": [[12.6296072, 62.9500533], [12.6312381, 62.9508271], [12.6321065, 62.9514433], [12.632367, 62.9515197], [12.6326325, 62.9516623], [12.6326717, 62.951822], [12.6333322, 62.9522646], [12.6334999, 62.9525216], [12.6339737, 62.9528973], [12.6344621, 62.9536464], [12.6351873, 62.9541751], [12.6355867, 62.9545764], [12.6357675, 62.9547664], [12.6359584, 62.9551847], [12.6362084, 62.9553824], [12.6363705, 62.9556257], [12.6368013, 62.9564435], [12.6373105, 62.9567666], [12.6378206, 62.9571673], [12.638125, 62.9573535], [12.639238, 62.9579267]]}}, {"type": "Feature", "id": "way/1463729027", "properties": {"bridge": "boardwalk", "highway": "path", "sac_scale": "mountain_hiking", "surface": "wood", "@id": "way/1463729027", "@type": "way", "osm_id": 1463729027}, "geometry": {"type": "LineString", "coordinates": [[12.6793054, 62.9826914], [12.6794153, 62.9827005]]}}, {"type": "Feature", "id": "way/1463729028", "properties": {"highway": "path", "sac_scale": "mountain_hiking", "surface": "ground", "@id": "way/1463729028", "@type": "way", "osm_id": 1463729028}, "geometry": {"type": "LineString", "coordinates": [[12.6794153, 62.9827005], [12.6794962, 62.9827071]]}}, {"type": "Feature", "id": "way/1463764581", "properties": {"fixme": "resurvey mtb:scale", "highway": "path", "mtb:scale": "1", "name": "Vålådalen-Stensdalen/Vålåstugorna", "sac_scale": "mountain_hiking", "source": "GPS", "surface": "dirt", "@id": "way/1463764581", "@type": "way", "osm_id": 1463764581}, "geometry": {"type": "LineString", "coordinates": [[12.9456784, 63.1453754], [12.9460224, 63.1453182], [12.9465914, 63.1452984], [12.9469935, 63.1452623], [12.9472626, 63.1452129], [12.9475742, 63.1451468], [12.9476822, 63.1451083], [12.9477788, 63.1450753]]}}, {"type": "Feature", "id": "way/1463764582", "properties": {"bridge": "boardwalk", "fixme": "resurvey mtb:scale", "highway": "path", "mtb:scale": "1", "name": "Vålådalen-Stensdalen/Vålåstugorna", "sac_scale": "mountain_hiking", "source": "GPS", "surface": "wood", "@id": "way/1463764582", "@type": "way", "osm_id": 1463764582}, "geometry": {"type": "LineString", "coordinates": [[12.9455916, 63.1453871], [12.9456784, 63.1453754]]}}, {"type": "Feature", "id": "way/1463764583", "properties": {"fixme": "resurvey mtb:scale", "highway": "path", "mtb:scale": "1", "name": "Vålådalen-Stensdalen/Vålåstugorna", "sac_scale": "mountain_hiking", "source": "GPS", "surface": "dirt", "@id": "way/1463764583", "@type": "way", "osm_id": 1463764583}, "geometry": {"type": "LineString", "coordinates": [[12.9454792, 63.145349], [12.9455916, 63.1453871]]}}, {"type": "Feature", "id": "way/1463764584", "properties": {"bridge": "boardwalk", "fixme": "resurvey mtb:scale", "highway": "path", "mtb:scale": "1", "name": "Vålådalen-Stensdalen/Vålåstugorna", "sac_scale": "mountain_hiking", "source": "GPS", "surface": "wood", "@id": "way/1463764584", "@type": "way", "osm_id": 1463764584}, "geometry": {"type": "LineString", "coordinates": [[12.9453916, 63.1453212], [12.9454792, 63.145349]]}}, {"type": "Feature", "id": "way/1463764585", "properties": {"fixme": "resurvey mtb:scale", "highway": "path", "mtb:scale": "1", "name": "Vålådalen-Stensdalen/Vålåstugorna", "sac_scale": "mountain_hiking", "source": "GPS", "surface": "dirt", "@id": "way/1463764585", "@type": "way", "osm_id": 1463764585}, "geometry": {"type": "LineString", "coordinates": [[12.9335649, 63.1436187], [12.9340286, 63.1435229], [12.9343015, 63.1434405], [12.9345706, 63.1433982], [12.9350551, 63.1432791], [12.9354157, 63.1432195], [12.9356086, 63.1431777], [12.9357972, 63.1430883], [12.9359267, 63.143048], [12.9361545, 63.1431071], [12.9363614, 63.1431994], [12.9367836, 63.1434595], [12.9371333, 63.1435532], [12.937543, 63.1437414], [12.9377939, 63.1438882], [12.9378774, 63.1438932]]}}, {"type": "Feature", "id": "way/1463764586", "properties": {"bridge": "boardwalk", "fixme": "resurvey mtb:scale", "highway": "path", "mtb:scale": "1", "name": "Vålådalen-Stensdalen/Vålåstugorna", "sac_scale": "mountain_hiking", "source": "GPS", "surface": "wood", "@id": "way/1463764586", "@type": "way", "osm_id": 1463764586}, "geometry": {"type": "LineString", "coordinates": [[12.9378774, 63.1438932], [12.937966, 63.143898], [12.9380547, 63.1439029], [12.9381805, 63.1438639], [12.9383535, 63.1438238]]}}, {"type": "Feature", "id": "way/1463764587", "properties": {"highway": "path", "sac_scale": "mountain_hiking", "@id": "way/1463764587", "@type": "way", "osm_id": 1463764587}, "geometry": {"type": "LineString", "coordinates": [[12.8145713, 63.0923037], [12.8145646, 63.0921615], [12.814625, 63.0920379], [12.8146184, 63.0919224], [12.8145877, 63.0918728]]}}, {"type": "Feature", "id": "way/1463764588", "properties": {"bridge": "boardwalk", "highway": "path", "sac_scale": "mountain_hiking", "surface": "wood", "@id": "way/1463764588", "@type": "way", "osm_id": 1463764588}, "geometry": {"type": "LineString", "coordinates": [[12.8145877, 63.0918728], [12.8145242, 63.0917431], [12.8145193, 63.0916652]]}}, {"type": "Feature", "id": "way/1463764589", "properties": {"highway": "path", "sac_scale": "mountain_hiking", "@id": "way/1463764589", "@type": "way", "osm_id": 1463764589}, "geometry": {"type": "LineString", "coordinates": [[12.7974329, 63.0457937], [12.7974216, 63.0456908], [12.7973185, 63.0454517], [12.797215, 63.045329], [12.797059, 63.0452557], [12.7969947, 63.0452014], [12.7969685, 63.0451048], [12.7970231, 63.0450357], [12.7969786, 63.0447125], [12.7971761, 63.0443898], [12.7972958, 63.044338], [12.7974264, 63.0442818], [12.7974357, 63.0442238], [12.7974976, 63.0440087], [12.797623, 63.0439405], [12.7976998, 63.0438484], [12.7979478, 63.0435985], [12.7983283, 63.0434989], [12.7987701, 63.0432986], [12.799031, 63.0431373], [12.7992111, 63.0429467], [12.7992973, 63.0426961], [12.7994057, 63.042572], [12.7994685, 63.0424507], [12.7993849, 63.0423456], [12.799711, 63.0419191], [12.799833, 63.0416677], [12.7996686, 63.0415289], [12.7997424, 63.0413867], [12.7997637, 63.0411574], [12.7999151, 63.0408634], [12.7999075, 63.0408136], [12.7998771, 63.0406615], [12.7998076, 63.0405504], [12.7997113, 63.0404813]]}}, {"type": "Feature", "id": "way/1463764590", "properties": {"bridge": "boardwalk", "highway": "path", "sac_scale": "mountain_hiking", "surface": "wood", "@id": "way/1463764590", "@type": "way", "osm_id": 1463764590}, "geometry": {"type": "LineString", "coordinates": [[12.799356, 63.0651755], [12.7991122, 63.0647788], [12.7990745, 63.0645785], [12.7991484, 63.0644237]]}}, {"type": "Feature", "id": "way/1463764591", "properties": {"highway": "path", "sac_scale": "mountain_hiking", "@id": "way/1463764591", "@type": "way", "osm_id": 1463764591}, "geometry": {"type": "LineString", "coordinates": [[12.7991484, 63.0644237], [12.7991697, 63.0643815], [12.7991631, 63.0643022], [12.7991147, 63.064223], [12.7991556, 63.0640084], [12.7992251, 63.0639665], [12.799349, 63.0636841], [12.7995904, 63.0635039], [12.7997269, 63.0631946], [12.7997799, 63.0629913], [12.7998814, 63.0629181], [12.800051, 63.0625794], [12.7999039, 63.0624699], [12.7999432, 63.0623668], [12.7999132, 63.0623287]]}}, {"type": "Feature", "id": "way/1463764592", "properties": {"bridge": "boardwalk", "highway": "path", "sac_scale": "mountain_hiking", "surface": "wood", "@id": "way/1463764592", "@type": "way", "osm_id": 1463764592}, "geometry": {"type": "LineString", "coordinates": [[12.7999132, 63.0623287], [12.7995732, 63.0620659], [12.7994523, 63.0619098], [12.7994442, 63.0618324]]}}, {"type": "Feature", "id": "way/1463764593", "properties": {"highway": "path", "sac_scale": "mountain_hiking", "@id": "way/1463764593", "@type": "way", "osm_id": 1463764593}, "geometry": {"type": "LineString", "coordinates": [[12.7994442, 63.0618324], [12.7993996, 63.0617295], [12.7991376, 63.061568], [12.7990397, 63.0614387], [12.7989365, 63.0612935], [12.7987747, 63.0611351], [12.7985576, 63.0607253], [12.7985108, 63.0605574], [12.7982817, 63.0600024]]}}, {"type": "Feature", "id": "way/1463764594", "properties": {"bridge": "boardwalk", "highway": "path", "sac_scale": "mountain_hiking", "surface": "wood", "@id": "way/1463764594", "@type": "way", "osm_id": 1463764594}, "geometry": {"type": "LineString", "coordinates": [[12.7982817, 63.0600024], [12.7982455, 63.0598892], [12.7981675, 63.0597777]]}}, {"type": "Feature", "id": "way/1463764595", "properties": {"highway": "path", "sac_scale": "mountain_hiking", "@id": "way/1463764595", "@type": "way", "osm_id": 1463764595}, "geometry": {"type": "LineString", "coordinates": [[12.7981675, 63.0597777], [12.7980259, 63.0594889], [12.7979867, 63.0593018], [12.798003, 63.0591841], [12.7979919, 63.0590567], [12.7980133, 63.0590115]]}}, {"type": "Feature", "id": "way/1463764596", "properties": {"highway": "path", "sac_scale": "mountain_hiking", "@id": "way/1463764596", "@type": "way", "osm_id": 1463764596}, "geometry": {"type": "LineString", "coordinates": [[12.7980133, 63.0590115], [12.7980106, 63.0589785]]}}, {"type": "Feature", "id": "way/1463764597", "properties": {"highway": "path", "sac_scale": "mountain_hiking", "@id": "way/1463764597", "@type": "way", "osm_id": 1463764597}, "geometry": {"type": "LineString", "coordinates": [[12.7980106, 63.0589785], [12.7980269, 63.0589598]]}}, {"type": "Feature", "id": "way/1463764598", "properties": {"bridge": "boardwalk", "highway": "path", "sac_scale": "mountain_hiking", "surface": "wood", "@id": "way/1463764598", "@type": "way", "osm_id": 1463764598}, "geometry": {"type": "LineString", "coordinates": [[12.7980269, 63.0589598], [12.7980784, 63.0589218]]}}, {"type": "Feature", "id": "way/1463764599", "properties": {"highway": "path", "sac_scale": "mountain_hiking", "@id": "way/1463764599", "@type": "way", "osm_id": 1463764599}, "geometry": {"type": "LineString", "coordinates": [[12.7980784, 63.0589218], [12.7980719, 63.0588874], [12.7981804, 63.0588226], [12.7983748, 63.0587603], [12.7984631, 63.058621], [12.7987892, 63.0584029]]}}, {"type": "Feature", "id": "way/1463764600", "properties": {"bridge": "boardwalk", "highway": "path", "sac_scale": "mountain_hiking", "surface": "wood", "@id": "way/1463764600", "@type": "way", "osm_id": 1463764600}, "geometry": {"type": "LineString", "coordinates": [[12.7987892, 63.0584029], [12.7989031, 63.0583198], [12.7989505, 63.0582327]]}}, {"type": "Feature", "id": "way/1463764601", "properties": {"highway": "path", "sac_scale": "mountain_hiking", "@id": "way/1463764601", "@type": "way", "osm_id": 1463764601}, "geometry": {"type": "LineString", "coordinates": [[12.7989505, 63.0582327], [12.799256, 63.0577967], [12.7993796, 63.0574821], [12.7994455, 63.0570407], [12.7993647, 63.0568601], [12.7994032, 63.0567547], [12.7994149, 63.0564439], [12.799364, 63.056362]]}}, {"type": "Feature", "id": "way/1463764602", "properties": {"bridge": "boardwalk", "highway": "path", "sac_scale": "mountain_hiking", "surface": "wood", "@id": "way/1463764602", "@type": "way", "osm_id": 1463764602}, "geometry": {"type": "LineString", "coordinates": [[12.799364, 63.056362], [12.7992819, 63.0562479]]}}, {"type": "Feature", "id": "way/1463764603", "properties": {"highway": "path", "sac_scale": "mountain_hiking", "@id": "way/1463764603", "@type": "way", "osm_id": 1463764603}, "geometry": {"type": "LineString", "coordinates": [[12.7992819, 63.0562479], [12.7991969, 63.0561708], [12.7990808, 63.0561018], [12.7989508, 63.0560186], [12.7988725, 63.0559488], [12.7987645, 63.0559149], [12.798692, 63.0558548], [12.7986705, 63.0555074], [12.7984164, 63.0552949], [12.7983736, 63.055087], [12.7982464, 63.054889], [12.7980321, 63.0546374], [12.7977733, 63.0543978], [12.7977095, 63.0543605]]}}, {"type": "Feature", "id": "way/1463764604", "properties": {"bridge": "boardwalk", "highway": "path", "sac_scale": "mountain_hiking", "surface": "wood", "@id": "way/1463764604", "@type": "way", "osm_id": 1463764604}, "geometry": {"type": "LineString", "coordinates": [[12.7977095, 63.0543605], [12.797632, 63.0543055]]}}, {"type": "Feature", "id": "way/1463764605", "properties": {"highway": "path", "sac_scale": "mountain_hiking", "@id": "way/1463764605", "@type": "way", "osm_id": 1463764605}, "geometry": {"type": "LineString", "coordinates": [[12.797632, 63.0543055], [12.7975224, 63.0542446]]}}, {"type": "Feature", "id": "way/1463764606", "properties": {"bridge": "boardwalk", "highway": "path", "sac_scale": "mountain_hiking", "surface": "wood", "@id": "way/1463764606", "@type": "way", "osm_id": 1463764606}, "geometry": {"type": "LineString", "coordinates": [[12.7975224, 63.0542446], [12.7974803, 63.0541982]]}}, {"type": "Feature", "id": "way/1463764607", "properties": {"highway": "path", "sac_scale": "mountain_hiking", "@id": "way/1463764607", "@type": "way", "osm_id": 1463764607}, "geometry": {"type": "LineString", "coordinates": [[12.7974803, 63.0541982], [12.7973285, 63.0537217], [12.7974404, 63.0535971]]}}, {"type": "Feature", "id": "way/1463764608", "properties": {"bridge": "boardwalk", "highway": "path", "sac_scale": "mountain_hiking", "surface": "wood", "@id": "way/1463764608", "@type": "way", "osm_id": 1463764608}, "geometry": {"type": "LineString", "coordinates": [[12.7974404, 63.0535971], [12.7975856, 63.0533714]]}}, {"type": "Feature", "id": "way/1463764609", "properties": {"highway": "path", "sac_scale": "mountain_hiking", "@id": "way/1463764609", "@type": "way", "osm_id": 1463764609}, "geometry": {"type": "LineString", "coordinates": [[12.7975856, 63.0533714], [12.7976665, 63.0532831], [12.7977453, 63.0529207], [12.7978495, 63.0528346], [12.7978316, 63.0527816], [12.7978283, 63.0527546]]}}, {"type": "Feature", "id": "way/1463764610", "properties": {"bridge": "boardwalk", "highway": "path", "sac_scale": "mountain_hiking", "surface": "wood", "@id": "way/1463764610", "@type": "way", "osm_id": 1463764610}, "geometry": {"type": "LineString", "coordinates": [[12.7978283, 63.0527546], [12.7978616, 63.0526266], [12.7979029, 63.052485], [12.7978662, 63.0524002]]}}, {"type": "Feature", "id": "way/1463764611", "properties": {"highway": "path", "sac_scale": "mountain_hiking", "@id": "way/1463764611", "@type": "way", "osm_id": 1463764611}, "geometry": {"type": "LineString", "coordinates": [[12.7978662, 63.0524002], [12.7977938, 63.0523208], [12.7978727, 63.0522149], [12.7978522, 63.0521324], [12.7979643, 63.0518907], [12.7980029, 63.0516457], [12.798013, 63.0514055], [12.7980846, 63.0511011], [12.7981715, 63.0510062], [12.7980897, 63.0509213]]}}, {"type": "Feature", "id": "way/1463764612", "properties": {"bridge": "boardwalk", "highway": "path", "sac_scale": "mountain_hiking", "surface": "wood", "@id": "way/1463764612", "@type": "way", "osm_id": 1463764612}, "geometry": {"type": "LineString", "coordinates": [[12.7980897, 63.0509213], [12.7979442, 63.0505861], [12.7979593, 63.0503466]]}}, {"type": "Feature", "id": "way/1463764613", "properties": {"bridge": "boardwalk", "highway": "path", "sac_scale": "mountain_hiking", "surface": "wood", "@id": "way/1463764613", "@type": "way", "osm_id": 1463764613}, "geometry": {"type": "LineString", "coordinates": [[12.7979593, 63.0503466], [12.7977973, 63.0502673]]}}, {"type": "Feature", "id": "way/1463764614", "properties": {"highway": "path", "sac_scale": "mountain_hiking", "@id": "way/1463764614", "@type": "way", "osm_id": 1463764614}, "geometry": {"type": "LineString", "coordinates": [[12.7977973, 63.0502673], [12.7977654, 63.0502066], [12.7979101, 63.0500676], [12.7979322, 63.0497849], [12.7979719, 63.0496304], [12.7979341, 63.0495015], [12.7979557, 63.0493487], [12.798075, 63.0493081], [12.7978871, 63.0489482], [12.7979313, 63.0489232]]}}, {"type": "Feature", "id": "way/1463764615", "properties": {"bridge": "yes", "highway": "path", "layer": "1", "sac_scale": "mountain_hiking", "@id": "way/1463764615", "@type": "way", "osm_id": 1463764615}, "geometry": {"type": "LineString", "coordinates": [[12.7979313, 63.0489232], [12.7979, 63.0489003]]}}, {"type": "Feature", "id": "way/1463764616", "properties": {"highway": "path", "sac_scale": "mountain_hiking", "@id": "way/1463764616", "@type": "way", "osm_id": 1463764616}, "geometry": {"type": "LineString", "coordinates": [[12.7979, 63.0489003], [12.7977435, 63.0487856], [12.7975938, 63.0487558], [12.7974431, 63.048593], [12.7975355, 63.0484236], [12.797515, 63.0483261], [12.7974379, 63.0482231], [12.7974616, 63.0478447], [12.7974287, 63.0476734], [12.7974085, 63.0475331], [12.7973167, 63.0474608], [12.7973274, 63.0473999], [12.7973826, 63.0473775], [12.797396, 63.0472679], [12.7973569, 63.0472279], [12.7972955, 63.0468718], [12.7973573, 63.0466526], [12.7974379, 63.0458786], [12.7974306, 63.0458526]]}}, {"type": "Feature", "id": "way/1463764617", "properties": {"bridge": "yes", "highway": "path", "layer": "1", "sac_scale": "mountain_hiking", "@id": "way/1463764617", "@type": "way", "osm_id": 1463764617}, "geometry": {"type": "LineString", "coordinates": [[12.7974306, 63.0458526], [12.7974329, 63.0457937]]}}, {"type": "Feature", "id": "way/1463777969", "properties": {"bridge": "boardwalk", "highway": "path", "layer": "1", "name": "Vålåstugorna-Gåsen/Helags", "sac_scale": "mountain_hiking", "source": "GPS", "surface": "wood", "trail_visibility": "excellent", "@id": "way/1463777969", "@type": "way", "osm_id": 1463777969}, "geometry": {"type": "LineString", "coordinates": [[12.795518, 63.0401355], [12.7952547, 63.0400251], [12.7950626, 63.0399856], [12.7947705, 63.0398916], [12.794482, 63.0398449], [12.7943481, 63.0397976], [12.7942748, 63.0397789], [12.7939243, 63.0397046]]}}, {"type": "Feature", "id": "way/1463777970", "properties": {"highway": "path", "name": "Vålåstugorna-Gåsen/Helags", "sac_scale": "mountain_hiking", "source": "GPS", "surface": "ground", "trail_visibility": "excellent", "@id": "way/1463777970", "@type": "way", "osm_id": 1463777970}, "geometry": {"type": "LineString", "coordinates": [[12.7967185, 63.0402157], [12.7961739, 63.040122], [12.795685, 63.0401073], [12.7955964, 63.0401365]]}}, {"type": "Feature", "id": "way/1463777971", "properties": {"bridge": "boardwalk", "highway": "path", "name": "Vålåstugorna-Gåsen/Helags", "sac_scale": "mountain_hiking", "source": "GPS", "surface": "wood", "trail_visibility": "excellent", "@id": "way/1463777971", "@type": "way", "osm_id": 1463777971}, "geometry": {"type": "LineString", "coordinates": [[12.7969294, 63.0403003], [12.7968462, 63.0402976], [12.7967185, 63.0402157]]}}, {"type": "Feature", "id": "way/1463781830", "properties": {"highway": "path", "name": "Vålådalen-Stensdalen", "source": "GPS", "surface": "dirt", "@id": "way/1463781830", "@type": "way", "osm_id": 1463781830}, "geometry": {"type": "LineString", "coordinates": [[12.8483676, 63.1348888], [12.8487573, 63.1348181], [12.8489192, 63.1347119], [12.8490073, 63.1346225], [12.8492436, 63.1345225], [12.8493347, 63.134469], [12.8495235, 63.1344004], [12.8501203, 63.1342919], [12.8506954, 63.1342027], [12.8511073, 63.1339816], [12.8518626, 63.1337295], [12.8521261, 63.1337468], [12.8530128, 63.1336038], [12.8535071, 63.1336084], [12.8539226, 63.1335666], [12.8540942, 63.1333998], [12.8549505, 63.1328979], [12.8553302, 63.1327792], [12.8555249, 63.1327176], [12.8559378, 63.1325719], [12.8563602, 63.132496], [12.8565833, 63.1324301], [12.8569438, 63.1324029], [12.8572976, 63.1323605], [12.857637, 63.1323166], [12.8581626, 63.1321857], [12.8587402, 63.1321494]]}}, {"type": "Feature", "id": "way/1463781831", "properties": {"bridge": "boardwalk", "highway": "path", "name": "Vålådalen-Stensdalen", "sac_scale": "mountain_hiking", "source": "GPS", "surface": "wood", "@id": "way/1463781831", "@type": "way", "osm_id": 1463781831}, "geometry": {"type": "LineString", "coordinates": [[12.8469732, 63.1350518], [12.8473879, 63.1349629], [12.8478824, 63.1349031], [12.8480137, 63.1348737], [12.8481635, 63.1348677], [12.8482818, 63.1348857], [12.8483676, 63.1348888]]}}, {"type": "Feature", "id": "way/1463785797", "properties": {"highway": "track", "@id": "way/1463785797", "@type": "way", "osm_id": 1463785797}, "geometry": {"type": "LineString", "coordinates": [[12.9704857, 63.1472344], [12.9703274, 63.1469619], [12.9703274, 63.1467695], [12.9705176, 63.1465959]]}}, {"type": "Feature", "id": "way/1463967741", "properties": {"highway": "path", "name": "Vålådalen-Stensdalen", "source": "GPS", "surface": "dirt", "@id": "way/1463967741", "@type": "way", "osm_id": 1463967741}, "geometry": {"type": "LineString", "coordinates": [[12.8341254, 63.1361027], [12.8344562, 63.1361808], [12.8348167, 63.1361808], [12.8351857, 63.136142], [12.8359325, 63.1362506], [12.8367736, 63.1361597], [12.8372014, 63.136142], [12.8374431, 63.1361808], [12.8381297, 63.1361808], [12.838672, 63.1360666], [12.8391828, 63.1360452], [12.839599, 63.1359914], [12.8407047, 63.1357464], [12.841048, 63.1357774], [12.8413398, 63.1357464], [12.841666, 63.1357852], [12.841837, 63.1356997], [12.8419257, 63.1356051], [12.8420522, 63.1355447], [12.8424556, 63.1354051], [12.842653, 63.1352616], [12.843341, 63.1352124], [12.8435653, 63.1350908], [12.8440263, 63.1350094], [12.8444125, 63.1351064], [12.8447559, 63.1350172], [12.8449704, 63.1350482], [12.845597, 63.1350676], [12.8459575, 63.1349901], [12.8464553, 63.1349901], [12.84673, 63.135087], [12.8469732, 63.1350518]]}}, {"type": "Feature", "id": "way/1463967742", "properties": {"bridge": "boardwalk", "highway": "path", "layer": "1", "name": "Vålådalen-Stensdalen", "source": "GPS", "surface": "wood", "@id": "way/1463967742", "@type": "way", "osm_id": 1463967742}, "geometry": {"type": "LineString", "coordinates": [[12.8336549, 63.1360777], [12.8340669, 63.1360818], [12.8341254, 63.1361027]]}}, {"type": "Feature", "id": "way/1463967743", "properties": {"fixme": "resurvey mtb:scale", "highway": "path", "mtb:scale": "1", "name": "Vålådalen-Stensdalen/Vålåstugorna", "sac_scale": "mountain_hiking", "source": "GPS", "surface": "dirt", "@id": "way/1463967743", "@type": "way", "osm_id": 1463967743}, "geometry": {"type": "LineString", "coordinates": [[12.8817363, 63.1334111], [12.8822639, 63.1332834], [12.8826072, 63.133264], [12.8835685, 63.133361], [12.8838517, 63.13333], [12.8841092, 63.133361], [12.8842208, 63.1334075], [12.8850276, 63.1334968], [12.8858859, 63.1334968], [12.8865554, 63.133458], [12.8868987, 63.1334851], [12.8873279, 63.1333998], [12.8876582, 63.1333592], [12.8884605, 63.1332634], [12.8894072, 63.133002], [12.8899554, 63.1329251], [12.8900309, 63.1329541]]}}, {"type": "Feature", "id": "way/1463967744", "properties": {"bridge": "boardwalk", "fixme": "resurvey mtb:scale", "highway": "path", "layer": "1", "mtb:scale": "1", "name": "Vålådalen-Stensdalen/Vålåstugorna", "sac_scale": "mountain_hiking", "source": "GPS", "surface": "wood", "@id": "way/1463967744", "@type": "way", "osm_id": 1463967744}, "geometry": {"type": "LineString", "coordinates": [[12.8900309, 63.1329541], [12.8903222, 63.1330661], [12.8906871, 63.1331706]]}}, {"type": "Feature", "id": "way/1463967745", "properties": {"bridge": "boardwalk", "fixme": "resurvey mtb:scale", "highway": "path", "layer": "1", "mtb:scale": "1", "name": "Vålådalen-Stensdalen/Vålåstugorna", "sac_scale": "mountain_hiking", "source": "GPS", "surface": "wook", "@id": "way/1463967745", "@type": "way", "osm_id": 1463967745}, "geometry": {"type": "LineString", "coordinates": [[12.8814571, 63.1334512], [12.8817363, 63.1334111]]}}, {"type": "Feature", "id": "way/1463967746", "properties": {"highway": "path", "name": "Vålådalen - Vålåstugorna", "sac_scale": "mountain_hiking", "surface": "dirt", "@id": "way/1463967746", "@type": "way", "osm_id": 1463967746}, "geometry": {"type": "LineString", "coordinates": [[12.881338, 63.1334572], [12.8813012, 63.1334581], [12.8811205, 63.1334404]]}}, {"type": "Feature", "id": "way/1463967747", "properties": {"bridge": "boardwalk", "highway": "path", "layer": "1", "name": "Vålådalen - Vålåstugorna", "sac_scale": "mountain_hiking", "surface": "wook", "@id": "way/1463967747", "@type": "way", "osm_id": 1463967747}, "geometry": {"type": "LineString", "coordinates": [[12.8805731, 63.1333867], [12.880358, 63.1333898]]}}, {"type": "Feature", "id": "way/1463967748", "properties": {"highway": "path", "name": "Vålådalen - Vålåstugorna", "sac_scale": "mountain_hiking", "surface": "dirt", "@id": "way/1463967748", "@type": "way", "osm_id": 1463967748}, "geometry": {"type": "LineString", "coordinates": [[12.8808121, 63.1334101], [12.8805731, 63.1333867]]}}, {"type": "Feature", "id": "way/1463967749", "properties": {"bridge": "boardwalk", "highway": "path", "layer": "1", "name": "Vålådalen - Vålåstugorna", "sac_scale": "mountain_hiking", "surface": "wook", "@id": "way/1463967749", "@type": "way", "osm_id": 1463967749}, "geometry": {"type": "LineString", "coordinates": [[12.8811205, 63.1334404], [12.8808121, 63.1334101]]}}, {"type": "Feature", "id": "way/1463967750", "properties": {"fixme": "resurvey mtb:scale", "highway": "path", "mtb:scale": "1", "name": "Vålådalen-Stensdalen/Vålåstugorna", "sac_scale": "mountain_hiking", "source": "GPS", "surface": "dirt", "@id": "way/1463967750", "@type": "way", "osm_id": 1463967750}, "geometry": {"type": "LineString", "coordinates": [[12.881338, 63.1334572], [12.8814571, 63.1334512]]}}, {"type": "Feature", "id": "way/1463967751", "properties": {"highway": "path", "surface": "fine_gravel", "@id": "way/1463967751", "@type": "way", "osm_id": 1463967751}, "geometry": {"type": "LineString", "coordinates": [[12.9663514, 63.1485344], [12.9667288, 63.1485283], [12.9670585, 63.1484456], [12.9672916, 63.1483764]]}}, {"type": "Feature", "id": "way/1530891341", "properties": {"fixme": "resurvey mtb:scale", "highway": "path", "mtb:name": "Bäverkroken", "mtb:scale": "1", "surface": "sand", "@id": "way/1530891341", "@type": "way", "osm_id": 1530891341}, "geometry": {"type": "LineString", "coordinates": [[13.095713, 63.1749739], [13.0954574, 63.1747107], [13.0953092, 63.1744872], [13.0952033, 63.1742845], [13.095116, 63.1740158], [13.0950501, 63.1737205], [13.0946359, 63.1730693], [13.0934206, 63.1724493], [13.0933143, 63.1722928], [13.0926909, 63.1721014], [13.0921673, 63.1716175], [13.0918729, 63.1714722], [13.0913532, 63.1713503], [13.0910815, 63.1712691], [13.0902329, 63.1708333], [13.0901198, 63.1707752], [13.0899648, 63.170633], [13.0897984, 63.1703796], [13.0891607, 63.1701656], [13.0886713, 63.1699551], [13.0883521, 63.1697493], [13.0881169, 63.1693128], [13.0879468, 63.169087], [13.0873297, 63.168545], [13.0872375, 63.1683508], [13.0872549, 63.1681736], [13.0873065, 63.1679842], [13.0873968, 63.1677875], [13.0875334, 63.1676334], [13.0875997, 63.1675127], [13.0874992, 63.1673886], [13.0873644, 63.1673079], [13.0871432, 63.1671755], [13.0868582, 63.1670359], [13.0865763, 63.1669509], [13.0857691, 63.1668092], [13.0855837, 63.1667533], [13.0853523, 63.1666506], [13.0851961, 63.166518], [13.0850147, 63.1664434], [13.0844798, 63.1662979], [13.0842692, 63.1661789], [13.0842391, 63.1660391], [13.0842333, 63.1660119], [13.084158, 63.1658632], [13.0837173, 63.1653484], [13.0835146, 63.1649657], [13.0833608, 63.1648253], [13.0827166, 63.1644253], [13.0822179, 63.164324], [13.0813412, 63.1641496], [13.0807467, 63.1640313], [13.0790261, 63.163446], [13.0780038, 63.1629957], [13.077131, 63.1627255], [13.0765575, 63.1624778], [13.0751112, 63.1619938], [13.074438, 63.1615435], [13.0736899, 63.1611269], [13.0734704, 63.1607357]]}}, {"type": "Feature", "id": "way/1532576437", "properties": {"highway": "path", "source": "Lantmäteriet Topo", "@id": "way/1532576437", "@type": "way", "osm_id": 1532576437}, "geometry": {"type": "LineString", "coordinates": [[13.2005538, 63.1141024], [13.1999445, 63.1140533], [13.1994372, 63.1139921], [13.1989489, 63.113951], [13.1987126, 63.1138966], [13.1985707, 63.1137255], [13.1983327, 63.1136247], [13.1980731, 63.1134683], [13.1979193, 63.1133111], [13.1976114, 63.1130968], [13.1974443, 63.1130005], [13.1972953, 63.1127918], [13.197145, 63.1125653], [13.1970386, 63.1124595], [13.1969532, 63.1123424], [13.1967346, 63.1122444], [13.1964646, 63.1120627], [13.1958484, 63.1120343], [13.1950636, 63.1120332], [13.1942785, 63.1120169], [13.1937755, 63.1119897], [13.1935062, 63.1119562], [13.1928613, 63.1117851], [13.1927596, 63.1116777], [13.1926411, 63.1116071], [13.1921036, 63.1115945], [13.190973, 63.1116296], [13.1901365, 63.1116155], [13.189551, 63.1115813], [13.1890472, 63.1115119], [13.1885725, 63.1114982], [13.1883118, 63.1114563], [13.1873347, 63.1114695], [13.1868357, 63.1115075], [13.1860444, 63.1114609], [13.1857329, 63.1113049], [13.1856521, 63.1112535], [13.1850018, 63.110927], [13.1849645, 63.1108292], [13.1850262, 63.1103914], [13.1850806, 63.1101098], [13.1849635, 63.1099072], [13.1843454, 63.1095722], [13.1833697, 63.1090433], [13.1827503, 63.1087899], [13.1822371, 63.1086728], [13.1813689, 63.1085839], [13.1811002, 63.1084933], [13.1806418, 63.1084266], [13.1802824, 63.1083253], [13.1801813, 63.108224], [13.1790628, 63.1079876], [13.1780886, 63.1078035], [13.1772898, 63.107535], [13.1765188, 63.1071861], [13.175873, 63.1068237]]}}, {"type": "Feature", "id": "way/1532576439", "properties": {"highway": "path", "source": "survey", "@id": "way/1532576439", "@type": "way", "osm_id": 1532576439}, "geometry": {"type": "LineString", "coordinates": [[13.1395063, 63.0897507], [13.1396239, 63.0899061], [13.139656, 63.0900761], [13.1394656, 63.0902188]]}}, {"type": "Feature", "id": "way/1532576440", "properties": {"highway": "path", "source": "survey", "@id": "way/1532576440", "@type": "way", "osm_id": 1532576440}, "geometry": {"type": "LineString", "coordinates": [[13.1384284, 63.0891086], [13.1386331, 63.0891428], [13.138813, 63.0892556]]}}, {"type": "Feature", "id": "way/1532587111", "properties": {"highway": "path", "@id": "way/1532587111", "@type": "way", "osm_id": 1532587111}, "geometry": {"type": "LineString", "coordinates": [[12.7483247, 63.122203], [12.747534, 63.1221829], [12.7471378, 63.1222204], [12.7461665, 63.1224599], [12.7454088, 63.1224165], [12.7441235, 63.1221501], [12.7431204, 63.1220446], [12.7422445, 63.1221732], [12.7407963, 63.1223682], [12.739986, 63.1225065], [12.7394584, 63.1226557], [12.7392209, 63.1227229], [12.7386901, 63.1228997], [12.7384145, 63.1230789], [12.7382328, 63.1233391], [12.7383105, 63.1237226], [12.7389661, 63.1240641], [12.7390253, 63.1242494], [12.7390986, 63.1244597], [12.7388168, 63.1247081], [12.7384511, 63.124877], [12.7384145, 63.1250184], [12.738536, 63.1251293], [12.7387459, 63.1252533], [12.7389253, 63.1253119], [12.7389448, 63.1253808], [12.7387341, 63.1254946], [12.7387117, 63.1256187], [12.7386681, 63.1257538], [12.7388367, 63.1259012], [12.7389597, 63.1259903], [12.7387884, 63.12617], [12.7384475, 63.1262556], [12.7383188, 63.1263621], [12.7382859, 63.1266097], [12.738397, 63.1267109], [12.7387051, 63.1267982], [12.7389531, 63.1268524], [12.7390662, 63.1269326], [12.7392099, 63.1269674], [12.7392707, 63.1270063], [12.7391812, 63.1270893]]}}, {"type": "Feature", "id": "way/1547049061", "properties": {"highway": "path", "informal": "yes", "surface": "dirt", "trail_visibility": "good", "@id": "way/1547049061", "@type": "way", "osm_id": 1547049061}, "geometry": {"type": "LineString", "coordinates": [[12.9702385, 63.1491284], [12.97029, 63.1491695], [12.970276, 63.1492623]]}}, {"type": "Feature", "id": "way/1549589606", "properties": {"highway": "path", "informal": "no", "surface": "dirt", "@id": "way/1549589606", "@type": "way", "osm_id": 1549589606}, "geometry": {"type": "LineString", "coordinates": [[13.0545204, 63.1459786], [13.0548004, 63.145229]]}}, {"type": "Feature", "id": "way/1549589607", "properties": {"bridge": "boardwalk", "highway": "path", "informal": "no", "surface": "wood", "@id": "way/1549589607", "@type": "way", "osm_id": 1549589607}, "geometry": {"type": "LineString", "coordinates": [[13.0549962, 63.1471594], [13.0551692, 63.1469013]]}}, {"type": "Feature", "id": "way/1549589609", "properties": {"highway": "path", "informal": "no", "surface": "dirt", "@id": "way/1549589609", "@type": "way", "osm_id": 1549589609}, "geometry": {"type": "LineString", "coordinates": [[13.0554239, 63.1420375], [13.0547594, 63.1415663]]}}, {"type": "Feature", "id": "way/1549589611", "properties": {"bridge": "boardwalk", "highway": "path", "informal": "no", "surface": "wood", "@id": "way/1549589611", "@type": "way", "osm_id": 1549589611}, "geometry": {"type": "LineString", "coordinates": [[13.0547594, 63.1415663], [13.0544719, 63.1413712]]}}, {"type": "Feature", "id": "way/1549589612", "properties": {"highway": "path", "informal": "no", "surface": "dirt", "@id": "way/1549589612", "@type": "way", "osm_id": 1549589612}, "geometry": {"type": "LineString", "coordinates": [[13.0549772, 63.1450365], [13.0553394, 63.1446376]]}}, {"type": "Feature", "id": "way/1549589613", "properties": {"highway": "path", "surface": "dirt", "@id": "way/1549589613", "@type": "way", "osm_id": 1549589613}, "geometry": {"type": "LineString", "coordinates": [[13.059137, 63.1510061], [13.0592965, 63.1511055], [13.0607145, 63.1520261], [13.0622655, 63.1529467], [13.0630496, 63.1534017], [13.0634639, 63.153624]]}}, {"type": "Feature", "id": "way/1549589614", "properties": {"highway": "path", "informal": "no", "surface": "dirt", "@id": "way/1549589614", "@type": "way", "osm_id": 1549589614}, "geometry": {"type": "LineString", "coordinates": [[13.0623379, 63.1521757], [13.0609614, 63.1508649], [13.0584178, 63.1489582], [13.0571949, 63.1486696], [13.0558082, 63.1480044], [13.054998, 63.14777], [13.0548195, 63.14738], [13.0549962, 63.1471594]]}}, {"type": "Feature", "id": "way/1549589615", "properties": {"bridge": "boardwalk", "highway": "path", "informal": "no", "surface": "wood", "@id": "way/1549589615", "@type": "way", "osm_id": 1549589615}, "geometry": {"type": "LineString", "coordinates": [[13.0549193, 63.1465518], [13.0545204, 63.1459786]]}}, {"type": "Feature", "id": "way/1549589616", "properties": {"bridge": "boardwalk", "highway": "path", "informal": "no", "surface": "wood", "@id": "way/1549589616", "@type": "way", "osm_id": 1549589616}, "geometry": {"type": "LineString", "coordinates": [[13.0548004, 63.145229], [13.0549772, 63.1450365]]}}, {"type": "Feature", "id": "way/1549589617", "properties": {"bridge": "boardwalk", "highway": "path", "surface": "wood", "@id": "way/1549589617", "@type": "way", "osm_id": 1549589617}, "geometry": {"type": "LineString", "coordinates": [[13.0585748, 63.1506695], [13.059137, 63.1510061]]}}, {"type": "Feature", "id": "way/1549589618", "properties": {"bridge": "boardwalk", "highway": "path", "informal": "no", "surface": "wood", "@id": "way/1549589618", "@type": "way", "osm_id": 1549589618}, "geometry": {"type": "LineString", "coordinates": [[13.0634916, 63.1534032], [13.0635009, 63.1530116]]}}, {"type": "Feature", "id": "way/1549589619", "properties": {"bridge": "boardwalk", "highway": "path", "surface": "wood", "@id": "way/1549589619", "@type": "way", "osm_id": 1549589619}, "geometry": {"type": "LineString", "coordinates": [[13.0468312, 63.1378597], [13.046487, 63.1379649]]}}, {"type": "Feature", "id": "way/1549589621", "properties": {"highway": "path", "informal": "no", "surface": "dirt", "@id": "way/1549589621", "@type": "way", "osm_id": 1549589621}, "geometry": {"type": "LineString", "coordinates": [[13.0551692, 63.1469013], [13.0549193, 63.1465518]]}}, {"type": "Feature", "id": "way/1549589622", "properties": {"bridge": "boardwalk", "highway": "path", "informal": "no", "surface": "wood", "@id": "way/1549589622", "@type": "way", "osm_id": 1549589622}, "geometry": {"type": "LineString", "coordinates": [[13.0629144, 63.1526278], [13.0626434, 63.1524881], [13.0623379, 63.1521757]]}}, {"type": "Feature", "id": "way/1549589623", "properties": {"highway": "path", "informal": "no", "surface": "dirt", "@id": "way/1549589623", "@type": "way", "osm_id": 1549589623}, "geometry": {"type": "LineString", "coordinates": [[13.0635009, 63.1530116], [13.0629144, 63.1526278]]}}, {"type": "Feature", "id": "way/1549589624", "properties": {"highway": "path", "informal": "no", "surface": "dirt", "@id": "way/1549589624", "@type": "way", "osm_id": 1549589624}, "geometry": {"type": "LineString", "coordinates": [[13.0544719, 63.1413712], [13.0532391, 63.1403905], [13.0513037, 63.1392462], [13.0503404, 63.1384354], [13.0487576, 63.1379909], [13.047428, 63.1377008], [13.0471077, 63.1377871]]}}, {"type": "Feature", "id": "way/1549589625", "properties": {"bridge": "boardwalk", "highway": "path", "informal": "no", "surface": "wood", "@id": "way/1549589625", "@type": "way", "osm_id": 1549589625}, "geometry": {"type": "LineString", "coordinates": [[13.0553394, 63.1446376], [13.0556233, 63.1443307], [13.0559813, 63.1437554], [13.055913, 63.1430067], [13.0554239, 63.1420375]]}}, {"type": "Feature", "id": "way/1549589627", "properties": {"highway": "path", "informal": "no", "@id": "way/1549589627", "@type": "way", "osm_id": 1549589627}, "geometry": {"type": "LineString", "coordinates": [[13.046487, 63.1379649], [13.0462304, 63.1380233], [13.0445022, 63.1383397], [13.0437061, 63.1386644], [13.043645, 63.1398377], [13.0439617, 63.1402931], [13.0450252, 63.1407975], [13.0461546, 63.1415419], [13.0468971, 63.1419116], [13.0472601, 63.142248], [13.0475752, 63.1424393]]}}, {"type": "Feature", "id": "way/1550632049", "properties": {"highway": "footway", "surface": "gravel", "width": "1", "@id": "way/1550632049", "@type": "way", "osm_id": 1550632049}, "geometry": {"type": "LineString", "coordinates": [[13.021403, 63.1555455], [13.0213085, 63.1555021], [13.0212575, 63.1554417], [13.0212311, 63.155398], [13.0213247, 63.1552988], [13.0212495, 63.1552685], [13.0211171, 63.1552667]]}}, {"type": "Feature", "id": "way/1550654933", "properties": {"highway": "path", "informal": "yes", "@id": "way/1550654933", "@type": "way", "osm_id": 1550654933}, "geometry": {"type": "LineString", "coordinates": [[13.0456502, 63.1590611], [13.0455671, 63.1588775]]}}, {"type": "Feature", "id": "way/1550654934", "properties": {"highway": "path", "informal": "yes", "@id": "way/1550654934", "@type": "way", "osm_id": 1550654934}, "geometry": {"type": "LineString", "coordinates": [[13.0463876, 63.1591405], [13.0463257, 63.1590659], [13.0462575, 63.1590092], [13.0462041, 63.158994]]}}, {"type": "Feature", "id": "way/1550654935", "properties": {"highway": "path", "surface": "dirt", "width": "0.2", "@id": "way/1550654935", "@type": "way", "osm_id": 1550654935}, "geometry": {"type": "LineString", "coordinates": [[13.0581868, 63.1632717], [13.0582572, 63.1632743], [13.0584403, 63.1632856], [13.058675, 63.1633345], [13.0592763, 63.1635785], [13.0594373, 63.1636549], [13.0595164, 63.1636925], [13.0597834, 63.1638165], [13.0602759, 63.1639412], [13.06068, 63.1640838]]}}, {"type": "Feature", "id": "way/1550654936", "properties": {"bridge": "yes", "highway": "path", "layer": "1", "surface": "wood", "width": "0.2", "@id": "way/1550654936", "@type": "way", "osm_id": 1550654936}, "geometry": {"type": "LineString", "coordinates": [[13.0581619, 63.163266], [13.0581868, 63.1632717]]}}, {"type": "Feature", "id": "way/1550654937", "properties": {"highway": "path", "informal": "yes", "surface": "grass", "@id": "way/1550654937", "@type": "way", "osm_id": 1550654937}, "geometry": {"type": "LineString", "coordinates": [[13.0596386, 63.1635751], [13.0595367, 63.1636232], [13.0594373, 63.1636549], [13.059263, 63.1636946], [13.0590306, 63.1637289], [13.0588124, 63.1637148], [13.0583556, 63.1636933], [13.0581265, 63.1636481], [13.0580105, 63.1636471], [13.0578266, 63.1636681], [13.057755, 63.1637074], [13.0577229, 63.1637526], [13.0576929, 63.1637895], [13.0577572, 63.1638764], [13.0578569, 63.1639824], [13.0579506, 63.1641422]]}}, {"type": "Feature", "id": "way/1550654938", "properties": {"highway": "path", "informal": "yes", "surface": "grass", "@id": "way/1550654938", "@type": "way", "osm_id": 1550654938}, "geometry": {"type": "LineString", "coordinates": [[13.0576749, 63.163663], [13.0575063, 63.1635067], [13.0571695, 63.1632502], [13.0569875, 63.1631768], [13.0568546, 63.1630991], [13.0566594, 63.162944], [13.0565243, 63.1628788], [13.0560762, 63.1627305]]}}, {"type": "Feature", "id": "way/1550654939", "properties": {"bridge": "yes", "highway": "path", "informal": "yes", "layer": "1", "@id": "way/1550654939", "@type": "way", "osm_id": 1550654939}, "geometry": {"type": "LineString", "coordinates": [[13.0576906, 63.1636748], [13.0576749, 63.163663]]}}, {"type": "Feature", "id": "way/1550654940", "properties": {"highway": "path", "informal": "yes", "@id": "way/1550654940", "@type": "way", "osm_id": 1550654940}, "geometry": {"type": "LineString", "coordinates": [[13.057755, 63.1637074], [13.0576906, 63.1636748]]}}, {"type": "Feature", "id": "way/1550654970", "properties": {"highway": "path", "informal": "yes", "@id": "way/1550654970", "@type": "way", "osm_id": 1550654970}, "geometry": {"type": "LineString", "coordinates": [[13.0212495, 63.1552685], [13.0213771, 63.1552405], [13.0217954, 63.15522], [13.0220309, 63.1551916], [13.0222515, 63.1551356], [13.0225002, 63.1550695]]}}, {"type": "Feature", "id": "way/1550654971", "properties": {"highway": "path", "surface": "dirt", "@id": "way/1550654971", "@type": "way", "osm_id": 1550654971}, "geometry": {"type": "LineString", "coordinates": [[13.0379707, 63.1567825], [13.0381352, 63.1568465], [13.0383559, 63.1569577]]}}, {"type": "Feature", "id": "way/1550654972", "properties": {"bridge": "yes", "highway": "path", "layer": "1", "surface": "wood", "@id": "way/1550654972", "@type": "way", "osm_id": 1550654972}, "geometry": {"type": "LineString", "coordinates": [[13.037917, 63.1567614], [13.0379707, 63.1567825]]}}, {"type": "Feature", "id": "relation/3587034", "properties": {"description": "closed: https://www.lansstyrelsen.se/jamtland/besoksmal/nyheter-besoksmal/besoksmalsnyheter/2020-07-09-leden-mellan-storulvan-och-gasans-rastskydd.html", "distance": "20", "name": "Storulvån - Gåsen sommarled", "network": "rwn", "opening_hours": "closed", "operator": "Länsstyrelsen", "route": "hiking", "trail_visibility": "excellent", "type": "route", "@id": "relation/3587034", "@type": "relation", "osm_id": 3587034}, "geometry": {"type": "MultiLineString", "coordinates": [[[12.5168652, 63.0532423], [12.5173927, 63.0530878], [12.5183261, 63.0527261], [12.5191915, 63.0523757], [12.5197945, 63.052127], [12.519953, 63.0519728], [12.5203691, 63.0517467], [12.520734, 63.0514905], [12.5216643, 63.0513127], [12.5221214, 63.0511555], [12.5224202, 63.0509235], [12.5226451, 63.0508792], [12.5229595, 63.0507133], [12.5232301, 63.0506606], [12.523485, 63.0505672], [12.5236023, 63.0504831], [12.5244645, 63.0503578], [12.5250665, 63.0502256], [12.5253675, 63.0501057], [12.5261063, 63.0500023], [12.5265441, 63.0498246], [12.526929, 63.0497477], [12.5274241, 63.0495584], [12.5279372, 63.0493668], [12.528457, 63.0492449], [12.5291811, 63.049098], [12.5295857, 63.049044], [12.5311758, 63.0489212], [12.5317158, 63.0488159], [12.532856, 63.0487374], [12.5335765, 63.0486009], [12.5345616, 63.0485637], [12.5358933, 63.0484108], [12.5361578, 63.048448], [12.5368419, 63.048357], [12.5381284, 63.0483542], [12.5388927, 63.0484833], [12.5400343, 63.0487084], [12.5406287, 63.0487945], [12.5412101, 63.0489112], [12.5419588, 63.0490681], [12.5429008, 63.049303], [12.5432719, 63.0493777], [12.5438547, 63.0495916], [12.5441015, 63.0495576]], [[12.4654014, 63.0587923], [12.4656689, 63.0587263], [12.4657939, 63.0586867], [12.4659276, 63.0586448], [12.4662362, 63.0586494], [12.4663845, 63.0586836], [12.4666092, 63.0588019], [12.4668767, 63.0587028], [12.4675305, 63.0585953], [12.4676855, 63.0584837], [12.4682601, 63.0584465], [12.4684973, 63.0583225], [12.4688257, 63.0583266], [12.4691267, 63.0581448], [12.4694003, 63.0581655], [12.4698928, 63.0580911], [12.4708414, 63.0576819], [12.4714069, 63.0574877], [12.4725562, 63.057558], [12.4732345, 63.0574977], [12.4734203, 63.0575068], [12.4736131, 63.0575161], [12.4740429, 63.0576076], [12.4747088, 63.0575704], [12.4750007, 63.0575993], [12.4754595, 63.0575306], [12.4759857, 63.0574877], [12.4764509, 63.0575042], [12.4769708, 63.0574422], [12.4774998, 63.0574629], [12.4780927, 63.0573555], [12.4785636, 63.057299], [12.4788406, 63.0572356], [12.4797307, 63.0572156], [12.4806406, 63.0570854], [12.4813834, 63.0568555], [12.4821881, 63.0566942], [12.4824299, 63.0565364], [12.483406, 63.0563233], [12.4855082, 63.055756], [12.4871405, 63.0554632], [12.4882057, 63.0552672], [12.488582, 63.0551815], [12.4890746, 63.0551733], [12.4902238, 63.0548757], [12.4906251, 63.0548054], [12.4912735, 63.0545141], [12.4919478, 63.0545333], [12.4921575, 63.0544872], [12.4928427, 63.05457], [12.4934832, 63.0546138], [12.4937628, 63.0547434], [12.4949394, 63.0546773], [12.4955567, 63.0547727], [12.4967414, 63.0548255], [12.497995, 63.0547682], [12.5008929, 63.0547981], [12.5020047, 63.0546041], [12.5032396, 63.0545654], [12.5042864, 63.0543375], [12.5049788, 63.0543449], [12.507408, 63.0539705], [12.5077668, 63.0539845], [12.5093964, 63.0538341], [12.5107903, 63.0537536], [12.5121212, 63.0535533], [12.51268, 63.0535407], [12.5130786, 63.0536119], [12.5140482, 63.0535655], [12.5154985, 63.0532679], [12.5168652, 63.0532423]], [[12.464176, 63.0591283], [12.4647693, 63.0589764], [12.4654014, 63.0587923]], [[12.4465951, 63.0745406], [12.4468459, 63.0743778], [12.4471877, 63.0739573], [12.4474005, 63.0737966], [12.4478069, 63.0736418], [12.4480068, 63.0733994], [12.4482723, 63.0732189], [12.4484841, 63.0728533], [12.4486776, 63.0726021], [12.4489226, 63.0724297], [12.4491226, 63.0721464], [12.4493935, 63.0719653], [12.4494322, 63.0717696], [12.4495418, 63.0716878], [12.4497288, 63.071647], [12.4498449, 63.0714162], [12.4500384, 63.0712205], [12.4501545, 63.0707824], [12.4502577, 63.0705604], [12.4505092, 63.0703851], [12.450535, 63.07028], [12.4508898, 63.0700492], [12.4513283, 63.0695847], [12.4513735, 63.0693452], [12.4517992, 63.0689859], [12.4521345, 63.0687698], [12.4524119, 63.0686646], [12.4526247, 63.0683491], [12.4528827, 63.0681417], [12.4530439, 63.0678087], [12.4532955, 63.0675691], [12.4536115, 63.0673588], [12.4537147, 63.0671601], [12.4549208, 63.0662136], [12.4552046, 63.0658426], [12.45623, 63.0651999], [12.4568492, 63.0649545], [12.4575264, 63.0644578], [12.4576812, 63.0641919], [12.4579198, 63.06404], [12.4579392, 63.0639085], [12.4581778, 63.0637654], [12.4583971, 63.0634206], [12.4586293, 63.0632541], [12.4587389, 63.0629911], [12.4594484, 63.0624126], [12.4599966, 63.0620328], [12.4604739, 63.0617961], [12.4605642, 63.0616325], [12.4606996, 63.0615448], [12.460461, 63.0613987], [12.4604739, 63.0612088], [12.4612156, 63.0609341], [12.461422, 63.0608523], [12.4615316, 63.0607208], [12.4619315, 63.0606449], [12.4627119, 63.0602183], [12.4634085, 63.0599114], [12.4634988, 63.0596046], [12.464176, 63.0591283]], [[12.4383582, 63.082496], [12.4386226, 63.0823325], [12.4386549, 63.0820989], [12.4389128, 63.08195], [12.4391515, 63.0816317], [12.4392224, 63.0813894], [12.4399706, 63.0810886], [12.4401705, 63.080963], [12.4403318, 63.0807499], [12.440235, 63.0806506], [12.4402866, 63.0805338], [12.4405897, 63.0804316], [12.4410412, 63.0803265], [12.4410606, 63.0800812], [12.4407316, 63.0797045], [12.4408026, 63.0795235], [12.4410606, 63.0793921], [12.4410606, 63.0792402], [12.4416926, 63.0788811], [12.4417894, 63.0787058], [12.4425311, 63.0782649], [12.4425417, 63.0782131], [12.4425633, 63.0781072], [12.442626, 63.0780083], [12.4432663, 63.0774093], [12.4432921, 63.0772633], [12.4436856, 63.0768778], [12.4441177, 63.0763171], [12.4447691, 63.0759491], [12.444969, 63.0757359], [12.4457946, 63.0753329], [12.4460913, 63.075108], [12.4461751, 63.0749123], [12.4464589, 63.074629], [12.4465951, 63.0745406]], [[12.4293752, 63.1156629], [12.4291216, 63.1155769], [12.4290707, 63.1155211], [12.4289928, 63.1154643], [12.4286161, 63.1152157], [12.4285003, 63.1150151], [12.42836, 63.1149492], [12.4281468, 63.1147106], [12.428074, 63.1145476], [12.4279394, 63.1143876], [12.4276317, 63.1141885], [12.4275036, 63.1139441], [12.4274505, 63.1138391], [12.4271986, 63.1136627], [12.4270564, 63.1134152], [12.4263211, 63.1131119], [12.4255601, 63.112826], [12.4249667, 63.1128494], [12.4244765, 63.1127735], [12.4239605, 63.1125927], [12.4236123, 63.1125577], [12.423264, 63.1124643], [12.423006, 63.112476], [12.4227738, 63.1124235], [12.4225545, 63.1122718], [12.4223546, 63.1121785], [12.4216774, 63.112056], [12.4213227, 63.1120793], [12.4210905, 63.1120677], [12.4208841, 63.1119539], [12.4205552, 63.1119043], [12.420403, 63.1117596], [12.4202262, 63.1112597], [12.4204068, 63.1111197], [12.4203294, 63.1108717], [12.4203165, 63.1106442], [12.4203939, 63.1103904], [12.4202133, 63.1102067], [12.4196264, 63.1099354], [12.4194071, 63.109807], [12.4194136, 63.1096349], [12.4197425, 63.1093549], [12.4198005, 63.1081618], [12.4199166, 63.1077417], [12.4203423, 63.1074033], [12.4205423, 63.1073333], [12.4209034, 63.1073129], [12.4211034, 63.1072166], [12.4214259, 63.106566], [12.4216, 63.1057667], [12.4219289, 63.105507], [12.4221353, 63.1054166], [12.4225545, 63.105332], [12.4226513, 63.1051248], [12.42269, 63.1046959], [12.4233865, 63.1040074], [12.423393, 63.103736], [12.4232511, 63.1036398], [12.4229609, 63.1035872], [12.4225416, 63.103275], [12.4223223, 63.1029658], [12.4218644, 63.102639], [12.4216709, 63.1024785], [12.4216064, 63.1023355], [12.4215613, 63.102178], [12.4215742, 63.1016382], [12.4214581, 63.1006344], [12.4214968, 63.1004564], [12.4217161, 63.1003397], [12.4218902, 63.1003309], [12.422432, 63.1000654], [12.4226384, 63.0997619], [12.4230512, 63.0994526], [12.4230468, 63.0985329], [12.4229145, 63.0983878], [12.422834, 63.0982994], [12.4227501, 63.0980718], [12.4224792, 63.0978675], [12.4223502, 63.0975523], [12.4223309, 63.0972196], [12.422189, 63.0971058], [12.4222213, 63.0969453], [12.4220471, 63.0968082], [12.4221052, 63.0966389], [12.4222471, 63.0965426], [12.4223502, 63.0963033], [12.422318, 63.096169], [12.4229759, 63.0960406], [12.4234596, 63.0957605], [12.4234596, 63.095569], [12.4234596, 63.0955474], [12.4237176, 63.0954365], [12.4241626, 63.0953752], [12.4246528, 63.0951709], [12.4251107, 63.0945901], [12.4257169, 63.0940122], [12.4258201, 63.0937729], [12.4262265, 63.0934606], [12.4263426, 63.0932096], [12.4267231, 63.0929207], [12.4277873, 63.0925529], [12.4287225, 63.0918465], [12.4288773, 63.0913708], [12.4290256, 63.0912219], [12.4296319, 63.0908366], [12.4297415, 63.0906731], [12.4297608, 63.0902878], [12.4298769, 63.0900981], [12.4303736, 63.0899609], [12.4306444, 63.0895989], [12.4307283, 63.0894647], [12.4313152, 63.0890239], [12.4315796, 63.0889042], [12.4318441, 63.0886502], [12.4321343, 63.0884955], [12.4323729, 63.0881277], [12.4327212, 63.0878474], [12.4334113, 63.0875117], [12.4335403, 63.0874037], [12.4337725, 63.0873774], [12.4342433, 63.0871235], [12.4343207, 63.0869279], [12.43454, 63.0867264], [12.4346497, 63.0866505], [12.4349012, 63.0866009], [12.4349528, 63.0864462], [12.4350495, 63.0863294], [12.4351011, 63.0860083], [12.4355913, 63.0854769], [12.4356171, 63.0852901], [12.4357719, 63.0851383], [12.4357912, 63.0849718], [12.4360105, 63.0848025], [12.4359912, 63.0845835], [12.4363395, 63.0843295], [12.436391, 63.0841806], [12.4366942, 63.0839558], [12.4367845, 63.0837427], [12.4374617, 63.0833339], [12.4375713, 63.08315], [12.4382808, 63.0827091], [12.4383582, 63.082496]], [[12.4296086, 63.1157835], [12.4293752, 63.1156629]], [[12.4292973, 63.1171043], [12.4302045, 63.116543], [12.4302816, 63.1162097], [12.4300781, 63.1160444], [12.4300007, 63.1160019], [12.4296086, 63.1157835]], [[12.4280787, 63.1177786], [12.4288424, 63.1173172], [12.4292973, 63.1171043]], [[12.4267068, 63.1184537], [12.4265431, 63.1183005], [12.4265361, 63.1181823], [12.4274283, 63.1180478], [12.4280787, 63.1177786]], [[12.4240529, 63.119193], [12.4244978, 63.1188307], [12.4249331, 63.1184207], [12.4253569, 63.1183907], [12.4258956, 63.1184127], [12.4264406, 63.1184838], [12.4266675, 63.118469], [12.4267068, 63.1184537]], [[12.401068, 63.1409051], [12.4014979, 63.1404849], [12.4017792, 63.1400786], [12.4021523, 63.1394161], [12.4023771, 63.1390318], [12.4025658, 63.1388299], [12.4027776, 63.1385413], [12.4028577, 63.1382042], [12.4028693, 63.138042], [12.4028799, 63.1377327], [12.4028494, 63.137563], [12.4027899, 63.1373707], [12.40283, 63.1372442], [12.4029692, 63.137064], [12.4032947, 63.1368348], [12.4037044, 63.1366319], [12.4042251, 63.136383], [12.4049693, 63.1360951], [12.4062035, 63.1357105], [12.4066075, 63.1355542], [12.4070554, 63.1352844], [12.4075801, 63.1348275], [12.4084626, 63.1343341], [12.4091443, 63.1338591], [12.4098609, 63.1331195], [12.4119344, 63.1318689], [12.4121542, 63.1316989], [12.4122137, 63.1315873], [12.4118304, 63.1309609], [12.4119893, 63.1304311], [12.4122088, 63.1301923], [12.4132078, 63.1295125], [12.4136618, 63.1292765], [12.414933, 63.1281889], [12.4155913, 63.1271629], [12.4165447, 63.1266909], [12.416749, 63.1264036], [12.4182472, 63.1257571], [12.4188751, 63.1251912], [12.4192122, 63.1245175], [12.4195199, 63.1240068], [12.4201652, 63.1235251], [12.4213596, 63.1227676], [12.4215782, 63.1222827], [12.4220331, 63.1216491], [12.4224648, 63.1205959], [12.4227418, 63.1200924], [12.4229059, 63.119914], [12.4233997, 63.1196548], [12.423773, 63.1193932], [12.4238586, 63.1192441], [12.4240529, 63.119193]], [[12.3813385, 63.1615637], [12.3816044, 63.161377], [12.3821206, 63.1610301], [12.3826859, 63.1606211], [12.3828425, 63.1604982], [12.3829877, 63.1603333], [12.3831163, 63.1601227], [12.3832105, 63.1599516], [12.3832822, 63.1598665], [12.3834099, 63.1597099], [12.3835001, 63.1595667], [12.3836209, 63.1593006], [12.3839585, 63.1586292], [12.3841662, 63.1583105], [12.38443, 63.1579024], [12.3845838, 63.1577351], [12.3849768, 63.1573553], [12.3853633, 63.1569913], [12.3857039, 63.1567408], [12.3859773, 63.1565376], [12.3862103, 63.1563201], [12.3867585, 63.1557771], [12.3872103, 63.1554039], [12.387856, 63.1548959], [12.3882283, 63.1545859], [12.3886828, 63.154222], [12.389263, 63.1537033], [12.3893987, 63.1535279], [12.3894694, 63.153341], [12.3894689, 63.1532381], [12.3894272, 63.1531031], [12.3892957, 63.1527921], [12.3892276, 63.152592], [12.3892082, 63.1524561], [12.389214, 63.1523056], [12.3892705, 63.1521362], [12.3893761, 63.1519359], [12.3895313, 63.1516821]], [[12.3895313, 63.1516821], [12.3897082, 63.1513526], [12.3900532, 63.1506472], [12.3907251, 63.1500731], [12.3916399, 63.1500537], [12.3930786, 63.1501938], [12.3942675, 63.1501678]], [[12.3942675, 63.1501678], [12.3944816, 63.1500008], [12.3946659, 63.1498608], [12.3948956, 63.1496724], [12.3950213, 63.149555], [12.395287, 63.1492694], [12.3954959, 63.1489629], [12.3956785, 63.1485973], [12.3959617, 63.1479505], [12.3961175, 63.1476081], [12.3962209, 63.1472827], [12.3962609, 63.1468441], [12.3963406, 63.1465708], [12.396383, 63.1464258], [12.3964828, 63.1461857], [12.3968815, 63.1455136], [12.3971386, 63.1451203], [12.3974106, 63.1446764], [12.3975785, 63.1444467], [12.3977689, 63.1442052], [12.3981169, 63.1438597], [12.3983015, 63.1436995], [12.3984936, 63.143541], [12.3987583, 63.143359], [12.3995491, 63.142887], [12.3998896, 63.1426395], [12.4001518, 63.142441], [12.400306, 63.1423025], [12.4006957, 63.1418602], [12.4010305, 63.1415674], [12.4011121, 63.1414827], [12.4011641, 63.1413931], [12.4011563, 63.1413153], [12.4011354, 63.1412154], [12.4010793, 63.1410417], [12.401068, 63.1409051]], [[12.375644, 63.16129], [12.3759302, 63.1614014], [12.3767079, 63.1614108], [12.3784253, 63.1613621], [12.3789541, 63.1612968], [12.379365, 63.161379], [12.3798237, 63.1614099], [12.3805642, 63.1615118], [12.381053, 63.1615749], [12.3813385, 63.1615637]], [[12.3653474, 63.1661192], [12.3655053, 63.1659812], [12.3657559, 63.1659025], [12.3659054, 63.1657456], [12.3666303, 63.1656119], [12.3669961, 63.1654504], [12.3676996, 63.1651669], [12.3682446, 63.1648484], [12.3684341, 63.1646884], [12.3684527, 63.1645248], [12.3686991, 63.1641746], [12.3691526, 63.1640286], [12.3692378, 63.1631447], [12.3695499, 63.1627198], [12.3697541, 63.1623659], [12.3700924, 63.1622473], [12.370611, 63.1615202], [12.3708382, 63.1614728], [12.3709952, 63.1613344], [12.3714746, 63.1613541], [12.3725656, 63.1612128], [12.3732814, 63.160985], [12.3736991, 63.16093], [12.3741123, 63.1608004], [12.3747086, 63.1609684]], [[12.3646005, 63.1666246], [12.3646694, 63.1665776], [12.3649815, 63.1663761], [12.3653474, 63.1661192]], [[12.3603056, 63.1680695], [12.3605187, 63.1680188], [12.3604889, 63.1679125], [12.3606733, 63.1678543], [12.3613657, 63.1677119], [12.3615782, 63.1675956], [12.362065, 63.1676048], [12.3629669, 63.1671027], [12.3634492, 63.1669618], [12.3638201, 63.1668124], [12.3640735, 63.1668081], [12.3644174, 63.1667493], [12.3646005, 63.1666246]], [[12.3602561, 63.1685121], [12.36033, 63.1683205], [12.3603265, 63.1682041], [12.3603056, 63.1680695]], [[12.3601739, 63.1687516], [12.3602561, 63.1685121]], [[12.361531, 63.1692953], [12.3614346, 63.1692416], [12.3612105, 63.1691752], [12.3603025, 63.1691], [12.3601866, 63.1690684], [12.3601496, 63.1690143], [12.3601132, 63.168948], [12.3601739, 63.1687516]]]}}, {"type": "Feature", "id": "relation/3587103", "properties": {"distance": "18", "name": "Gåsen - Helags sommarled", "network": "rwn", "route": "hiking", "type": "route", "@id": "relation/3587103", "@type": "relation", "osm_id": 3587103}, "geometry": {"type": "MultiLineString", "coordinates": [[[12.5059907, 62.9168564], [12.5059497, 62.9168939], [12.5059015, 62.9169769], [12.5056922, 62.9171498], [12.505424, 62.9173921], [12.5054723, 62.9175899], [12.5049627, 62.9178122], [12.5043082, 62.9183543], [12.5035465, 62.9185351], [12.5034821, 62.9189014], [12.5029135, 62.9192189], [12.502111, 62.9198409], [12.5014865, 62.9202446], [12.501111, 62.9206548], [12.5009394, 62.9210309], [12.5011217, 62.9215339], [12.501272, 62.922457], [12.5014222, 62.922623], [12.5011325, 62.9229258], [12.5013146, 62.9231137], [12.5014114, 62.9236779], [12.5013041, 62.924093], [12.5013041, 62.9249036], [12.5015402, 62.9250843], [12.5015616, 62.9255531], [12.5019479, 62.9262709], [12.5017869, 62.9267787], [12.5014329, 62.927394], [12.5007892, 62.927975], [12.5003493, 62.9283559], [12.5001132, 62.9287075], [12.4993944, 62.9291225], [12.4986219, 62.9295668], [12.4976349, 62.9298842], [12.4970877, 62.9301771], [12.4969375, 62.9303431], [12.4962079, 62.9306068], [12.4953818, 62.9311585], [12.494663, 62.9318224], [12.4939442, 62.9321398], [12.4932361, 62.9324962], [12.4929249, 62.9327403], [12.4922275, 62.9333212], [12.491852, 62.9336776], [12.4911547, 62.9341804], [12.4910581, 62.9343952], [12.4908864, 62.9345173], [12.4907577, 62.9349127], [12.4903285, 62.9352349], [12.4899959, 62.9356791], [12.489953, 62.9360647], [12.488966, 62.9364064], [12.4883652, 62.9365822], [12.4881184, 62.9367725], [12.4868846, 62.9370703], [12.4866378, 62.9372753], [12.4864018, 62.9373729], [12.4862409, 62.9376072], [12.4846315, 62.9383052], [12.4836981, 62.9387982], [12.4831188, 62.9392961], [12.4826789, 62.9396231], [12.4818957, 62.9399843], [12.4805009, 62.9406041], [12.4791706, 62.9409116], [12.4784839, 62.9413606], [12.47769, 62.9417999], [12.4774754, 62.9421708], [12.4771857, 62.9423758], [12.4772715, 62.9427223], [12.4770892, 62.9429468], [12.4769497, 62.9433372], [12.4767029, 62.9435275], [12.4767029, 62.9438057], [12.4764132, 62.9444011], [12.4760914, 62.9449379], [12.4758875, 62.9454649], [12.4756408, 62.9457772], [12.4756193, 62.9460554], [12.4752438, 62.9464701], [12.4749434, 62.9471143], [12.4746859, 62.9475534], [12.474364, 62.9476705], [12.4742889, 62.9477925], [12.4744713, 62.9479584], [12.4744391, 62.9480902], [12.4742997, 62.9481829], [12.474364, 62.9483293], [12.4736559, 62.9487879], [12.4738276, 62.9489831], [12.473731, 62.9494564], [12.4735701, 62.9495881], [12.4737096, 62.9497199], [12.4731731, 62.9503737], [12.4728942, 62.9507689], [12.4727011, 62.9511738], [12.4724221, 62.9516422], [12.4722934, 62.9520032], [12.4720359, 62.9522813], [12.4718857, 62.9527497], [12.4715853, 62.9529058], [12.4715531, 62.9531741], [12.4711239, 62.9533888], [12.4710059, 62.953779], [12.4710596, 62.954062], [12.4707162, 62.9548035], [12.4700618, 62.9550377], [12.4695468, 62.9550816], [12.4689674, 62.955267], [12.4684203, 62.9556279], [12.4678194, 62.9563158], [12.4683022, 62.9569694], [12.4686563, 62.9572279], [12.4690747, 62.9575938], [12.4688387, 62.957906], [12.4685383, 62.9580962], [12.4684632, 62.9583937], [12.468195, 62.9590815], [12.4678302, 62.9593985], [12.4674654, 62.9600424], [12.4675405, 62.9603399], [12.467283, 62.9610617], [12.4671328, 62.9612129], [12.4670041, 62.961447], [12.4671113, 62.9616909], [12.4666285, 62.9619835], [12.4665749, 62.9621445], [12.4663925, 62.9622371], [12.466371, 62.9623542], [12.4659741, 62.962598], [12.4661565, 62.9627249], [12.4659955, 62.9629443], [12.465502, 62.963315], [12.4655986, 62.9635149], [12.4654591, 62.9636027], [12.4654913, 62.9636807], [12.4654054, 62.9638368], [12.4654698, 62.9640416], [12.4652982, 62.9642367], [12.4652767, 62.9644415], [12.4649334, 62.9647731], [12.4650836, 62.965017], [12.464869, 62.9653583], [12.4646759, 62.9660215], [12.464354, 62.9662361], [12.4642038, 62.966987], [12.4637961, 62.9674259], [12.4637317, 62.967933], [12.4643648, 62.9687278], [12.4639785, 62.9690496], [12.4635708, 62.9692447], [12.4633026, 62.9696299], [12.4633455, 62.9707123], [12.4631309, 62.9709268], [12.4632919, 62.9712096], [12.4631305, 62.971528], [12.4630988, 62.9717118], [12.4633455, 62.9719117], [12.4634635, 62.9726771], [12.4634777, 62.9733265], [12.4638605, 62.9747296], [12.4640321, 62.9754706], [12.4645042, 62.9762311], [12.46459, 62.977206], [12.4648046, 62.9778689], [12.4651479, 62.9781419], [12.4651908, 62.9790388], [12.4655342, 62.9795457], [12.4655771, 62.9800039], [12.4660921, 62.9809689], [12.4661779, 62.9812614], [12.46665, 62.9821192], [12.4671006, 62.9832011], [12.4676156, 62.983474], [12.4677229, 62.983708], [12.467637, 62.9839711], [12.4677479, 62.9842727], [12.4679374, 62.984517], [12.4680018, 62.9849945], [12.4682379, 62.9854234], [12.468431, 62.9855306], [12.4686026, 62.9860277], [12.4685117, 62.9862281], [12.468667, 62.9864273], [12.4690103, 62.9867586], [12.4691391, 62.9871582], [12.4694824, 62.9873336], [12.4700188, 62.9874506], [12.4702549, 62.987587], [12.4705338, 62.9876163], [12.4706626, 62.9877917], [12.4708342, 62.9878794], [12.4700403, 62.9881425], [12.4699116, 62.9885811], [12.470169, 62.9887955], [12.4701047, 62.9890001], [12.4702823, 62.9891294], [12.4703836, 62.9893412], [12.4705124, 62.98977], [12.4708771, 62.9899941], [12.4708342, 62.9903352], [12.4709844, 62.9905008], [12.470963, 62.9907055], [12.4711561, 62.9908224], [12.4711561, 62.9910465], [12.4714565, 62.9913681], [12.4715509, 62.9916065], [12.4717355, 62.9919333], [12.4720359, 62.9924984], [12.4723508, 62.9928779], [12.4724221, 62.9932877], [12.4728727, 62.9940477], [12.4729585, 62.9943595], [12.4732375, 62.9947103], [12.4734521, 62.9949928], [12.4740529, 62.9952462], [12.4739241, 62.9956456], [12.4741387, 62.9960841], [12.4739241, 62.9962497], [12.4744177, 62.9968635], [12.4747395, 62.9972337], [12.4748039, 62.9977598], [12.4751687, 62.99813], [12.4749756, 62.9982761], [12.4750837, 62.9984468], [12.4754691, 62.998773], [12.4756837, 62.9988899], [12.4759626, 62.9993867], [12.4762416, 62.999601], [12.4768638, 62.9998348], [12.4773145, 62.9999128], [12.4773359, 63.0009746], [12.4777865, 63.0013934], [12.4786663, 63.0022214], [12.4790311, 63.0023578], [12.4789881, 63.0025721], [12.4792027, 63.0028448], [12.4795246, 63.0029228], [12.4795246, 63.0031176], [12.479825, 63.0034], [12.4802112, 63.0037312], [12.4804902, 63.0038871], [12.4805331, 63.0041111], [12.4807051, 63.0043274], [12.4810266, 63.0047442], [12.4815631, 63.0048513], [12.4815416, 63.0050364], [12.481842, 63.0054455], [12.4824214, 63.0058351], [12.4825715, 63.0062134], [12.4829793, 63.0066532], [12.483623, 63.0073252], [12.4837088, 63.00752], [12.4841491, 63.0077261], [12.4853396, 63.008562], [12.4862599, 63.0089665], [12.4862623, 63.0092048], [12.4864554, 63.0093119], [12.4865412, 63.0095748], [12.4871206, 63.0097891], [12.4876785, 63.0101883], [12.4886012, 63.0109479], [12.4895668, 63.0117854], [12.4906611, 63.0126325], [12.4911037, 63.0128285], [12.4913692, 63.013207], [12.4917125, 63.0133628], [12.4918628, 63.0135965], [12.4926567, 63.014132], [12.4927211, 63.0144144], [12.4934077, 63.0148136], [12.4935794, 63.0150765], [12.4940514, 63.0153491], [12.4949097, 63.0156996], [12.4954676, 63.0160988], [12.495768, 63.0165759], [12.496047, 63.0169361], [12.4960899, 63.0172963], [12.4966264, 63.0176079], [12.4970806, 63.0181416], [12.4980211, 63.0183575], [12.4992442, 63.0187859], [12.5008321, 63.0194089], [12.5017762, 63.0196913], [12.5022054, 63.0201683], [12.5022483, 63.0212391], [12.5036216, 63.0218718], [12.5048661, 63.022378], [12.505703, 63.0226116], [12.5062179, 63.0226213], [12.5074839, 63.0231956], [12.5087929, 63.0234487], [12.509973, 63.0239257], [12.510767, 63.0242858], [12.5117326, 63.024354], [12.5134277, 63.0250256], [12.5134492, 63.0258431], [12.5146293, 63.0266802], [12.5152731, 63.0269332], [12.5155091, 63.0271279], [12.5160992, 63.0274588], [12.5163674, 63.0277021], [12.5168073, 63.0276972], [12.517494, 63.0279892], [12.5175905, 63.0281449], [12.5179982, 63.0282957], [12.5181591, 63.0284709], [12.5188887, 63.0288115], [12.5190174, 63.0289818], [12.5195861, 63.0293565], [12.5198007, 63.0293516], [12.5198895, 63.0294586], [12.5199662, 63.029551], [12.5198758, 63.0297652], [12.519972, 63.0298335], [12.5200474, 63.0298869], [12.5202412, 63.0299559], [12.5203478, 63.0299939], [12.5204122, 63.0301934], [12.5208105, 63.0309114], [12.5210774, 63.0311228], [12.5210881, 63.0312736], [12.5212383, 63.0313904], [12.521646, 63.0314926], [12.5216675, 63.0317164], [12.5219786, 63.0319937], [12.522077, 63.0322616], [12.5220537, 63.0324413], [12.5222254, 63.0326846], [12.5222507, 63.0327606], [12.5223112, 63.0329425], [12.5225687, 63.0331809], [12.5228691, 63.0333852], [12.5228906, 63.0335895], [12.5230622, 63.0337063], [12.5230944, 63.0338766], [12.523309, 63.0339885], [12.5235021, 63.0342706], [12.5238454, 63.034475], [12.5240064, 63.0348496], [12.5243389, 63.035268], [12.5245298, 63.0355408], [12.524811, 63.0357691], [12.5253689, 63.0363626], [12.5257981, 63.036742], [12.525841, 63.0369366], [12.5259875, 63.0370977], [12.5261521, 63.0372041], [12.5261414, 63.0374425], [12.5264311, 63.0378122], [12.5269378, 63.0384936], [12.5273756, 63.0388576], [12.527461, 63.0391402], [12.5276327, 63.0392521], [12.5278473, 63.0394709], [12.5282228, 63.0396315], [12.5283193, 63.0398163], [12.5286734, 63.0400498], [12.5289631, 63.0401227], [12.5292206, 63.0403514], [12.5297463, 63.0406627], [12.5302396, 63.0408838], [12.5305295, 63.0412026], [12.5309694, 63.0414603], [12.5313878, 63.0418494], [12.531774, 63.0421218], [12.5322246, 63.0423018], [12.5322783, 63.0424817], [12.5326431, 63.0426325], [12.5327182, 63.0427638], [12.5329395, 63.0428686], [12.533201, 63.0430654], [12.5335872, 63.043187], [12.5342631, 63.043542], [12.5347137, 63.0439019], [12.5352287, 63.0441208], [12.5354004, 63.0442861], [12.5358832, 63.0444758], [12.5360227, 63.0446314], [12.5365698, 63.0448551], [12.5367093, 63.045001], [12.5370741, 63.0451518], [12.5371385, 63.0452928], [12.5374603, 63.0454582], [12.5376964, 63.0457889], [12.5386858, 63.0460688], [12.5392628, 63.0463627], [12.5393808, 63.0465232], [12.540282, 63.0469365], [12.5405073, 63.0471651], [12.5407326, 63.0471797], [12.5416875, 63.0476806], [12.5419986, 63.0478897], [12.5425458, 63.0480307]], [[12.5425458, 63.0480307], [12.5427818, 63.0482592], [12.5432217, 63.0483857], [12.5434417, 63.0486583], [12.5435328, 63.0489206], [12.5438118, 63.0491831], [12.5439727, 63.0494117], [12.5441015, 63.0495576]]]}}, {"type": "Feature", "id": "relation/3587104", "properties": {"distance": "18", "name": "Sylarna - Gåsen sommarled", "network": "rwn", "route": "hiking", "type": "route", "@id": "relation/3587104", "@type": "relation", "osm_id": 3587104}, "geometry": {"type": "MultiLineString", "coordinates": [[[12.5168652, 63.0532423], [12.5173927, 63.0530878], [12.5183261, 63.0527261], [12.5191915, 63.0523757], [12.5197945, 63.052127], [12.519953, 63.0519728], [12.5203691, 63.0517467], [12.520734, 63.0514905], [12.5216643, 63.0513127], [12.5221214, 63.0511555], [12.5224202, 63.0509235], [12.5226451, 63.0508792], [12.5229595, 63.0507133], [12.5232301, 63.0506606], [12.523485, 63.0505672], [12.5236023, 63.0504831], [12.5244645, 63.0503578], [12.5250665, 63.0502256], [12.5253675, 63.0501057], [12.5261063, 63.0500023], [12.5265441, 63.0498246], [12.526929, 63.0497477], [12.5274241, 63.0495584], [12.5279372, 63.0493668], [12.528457, 63.0492449], [12.5291811, 63.049098], [12.5295857, 63.049044], [12.5311758, 63.0489212], [12.5317158, 63.0488159], [12.532856, 63.0487374], [12.5335765, 63.0486009], [12.5345616, 63.0485637], [12.5358933, 63.0484108], [12.5361578, 63.048448], [12.5368419, 63.048357], [12.5381284, 63.0483542], [12.5388927, 63.0484833], [12.5400343, 63.0487084], [12.5406287, 63.0487945], [12.5412101, 63.0489112], [12.5419588, 63.0490681], [12.5429008, 63.049303], [12.5432719, 63.0493777], [12.5438547, 63.0495916], [12.5441015, 63.0495576]], [[12.4654014, 63.0587923], [12.4656689, 63.0587263], [12.4657939, 63.0586867], [12.4659276, 63.0586448], [12.4662362, 63.0586494], [12.4663845, 63.0586836], [12.4666092, 63.0588019], [12.4668767, 63.0587028], [12.4675305, 63.0585953], [12.4676855, 63.0584837], [12.4682601, 63.0584465], [12.4684973, 63.0583225], [12.4688257, 63.0583266], [12.4691267, 63.0581448], [12.4694003, 63.0581655], [12.4698928, 63.0580911], [12.4708414, 63.0576819], [12.4714069, 63.0574877], [12.4725562, 63.057558], [12.4732345, 63.0574977], [12.4734203, 63.0575068], [12.4736131, 63.0575161], [12.4740429, 63.0576076], [12.4747088, 63.0575704], [12.4750007, 63.0575993], [12.4754595, 63.0575306], [12.4759857, 63.0574877], [12.4764509, 63.0575042], [12.4769708, 63.0574422], [12.4774998, 63.0574629], [12.4780927, 63.0573555], [12.4785636, 63.057299], [12.4788406, 63.0572356], [12.4797307, 63.0572156], [12.4806406, 63.0570854], [12.4813834, 63.0568555], [12.4821881, 63.0566942], [12.4824299, 63.0565364], [12.483406, 63.0563233], [12.4855082, 63.055756], [12.4871405, 63.0554632], [12.4882057, 63.0552672], [12.488582, 63.0551815], [12.4890746, 63.0551733], [12.4902238, 63.0548757], [12.4906251, 63.0548054], [12.4912735, 63.0545141], [12.4919478, 63.0545333], [12.4921575, 63.0544872], [12.4928427, 63.05457], [12.4934832, 63.0546138], [12.4937628, 63.0547434], [12.4949394, 63.0546773], [12.4955567, 63.0547727], [12.4967414, 63.0548255], [12.497995, 63.0547682], [12.5008929, 63.0547981], [12.5020047, 63.0546041], [12.5032396, 63.0545654], [12.5042864, 63.0543375], [12.5049788, 63.0543449], [12.507408, 63.0539705], [12.5077668, 63.0539845], [12.5093964, 63.0538341], [12.5107903, 63.0537536], [12.5121212, 63.0535533], [12.51268, 63.0535407], [12.5130786, 63.0536119], [12.5140482, 63.0535655], [12.5154985, 63.0532679], [12.5168652, 63.0532423]], [[12.4654014, 63.0587923], [12.4645325, 63.0588443], [12.4638182, 63.0588804], [12.4636813, 63.0590788], [12.463353, 63.0590705], [12.4630626, 63.0590086], [12.4624226, 63.0588721], [12.4616925, 63.0589888], [12.4607899, 63.0592358], [12.4600943, 63.059557], [12.4595403, 63.0599714], [12.459333, 63.06032], [12.4590843, 63.0604043], [12.4585918, 63.0605251], [12.4581357, 63.0606119], [12.4576705, 63.0607028], [12.4570503, 63.0608481], [12.4563516, 63.0609276], [12.4561664, 63.0609551], [12.4555968, 63.0610901], [12.4554539, 63.0611498], [12.4546459, 63.0613054], [12.4538585, 63.0614561], [12.453526, 63.0616526], [12.4532165, 63.0618501], [12.4528834, 63.0620198], [12.4525356, 63.0621588], [12.4521334, 63.0623218], [12.4517475, 63.0624961], [12.4513569, 63.0627111], [12.4508585, 63.0629041], [12.450693, 63.0629366], [12.4503478, 63.0630714], [12.4497119, 63.0634445], [12.449107, 63.0636774], [12.4482689, 63.0640193], [12.4479665, 63.0641621], [12.4477348, 63.0642451], [12.4473687, 63.0643312], [12.4469074, 63.0644573], [12.4463263, 63.0646619], [12.4460027, 63.0647269], [12.4456959, 63.0647526], [12.4456464, 63.064846], [12.4454957, 63.0649308], [12.444795, 63.0651965], [12.4445461, 63.065284], [12.4440943, 63.0653361], [12.4438424, 63.0654184], [12.4435905, 63.0654493], [12.4433163, 63.065641], [12.4430623, 63.0657353], [12.4429653, 63.0658686], [12.4426796, 63.0660874], [12.4423726, 63.0663367], [12.4421695, 63.0664255], [12.4412454, 63.0668557], [12.441039, 63.0669107], [12.4407664, 63.0671689], [12.4400387, 63.067423], [12.4396309, 63.0674935], [12.4393974, 63.0676108], [12.4393244, 63.0677142], [12.4391208, 63.0678458], [12.4380011, 63.0683517], [12.4372293, 63.0687224], [12.4369898, 63.0688021], [12.4366936, 63.0688518], [12.4362064, 63.0688743], [12.4359129, 63.0689224], [12.4351321, 63.068993], [12.4343127, 63.0691753], [12.4334913, 63.0693533], [12.4320509, 63.069763], [12.430801, 63.0700488], [12.4308208, 63.0701186], [12.4307463, 63.0701949], [12.4302051, 63.0703581], [12.4290258, 63.0705605], [12.4281103, 63.0707914], [12.4277223, 63.0709482], [12.4275987, 63.0710516], [12.4273428, 63.0712161], [12.4270775, 63.0712843], [12.4262325, 63.0716616], [12.4255771, 63.0719421], [12.4251719, 63.0721648], [12.4249959, 63.0723575], [12.4244329, 63.072639], [12.4242169, 63.0726898], [12.4235646, 63.0729689], [12.4230658, 63.073023], [12.4226514, 63.0731494], [12.4224596, 63.0731301], [12.4221852, 63.0732052]], [[12.4221852, 63.0732052], [12.4221209, 63.0733442]], [[12.4221209, 63.0733442], [12.4221099, 63.0733525]], [[12.4221099, 63.0733525], [12.4218006, 63.0735866], [12.4214765, 63.0736533], [12.4212451, 63.0736514], [12.4210094, 63.0736514], [12.4206179, 63.073659], [12.4203275, 63.0736171], [12.4199908, 63.0735885], [12.4197888, 63.0736324], [12.4196563, 63.0737037], [12.4194617, 63.0737341], [12.4192122, 63.0738287], [12.4190691, 63.0738592], [12.4189249, 63.0738767], [12.4182821, 63.0739659], [12.4178907, 63.0740326], [12.4177181, 63.0740726], [12.4167382, 63.0741867], [12.4165544, 63.0741909], [12.4159925, 63.0742594], [12.4155064, 63.0743611], [12.4153021, 63.0743818], [12.4147256, 63.0742689], [12.414532, 63.0741603], [12.4143974, 63.0741088], [12.4141322, 63.0740726], [12.4137661, 63.0739658], [12.4136692, 63.0739125], [12.4135556, 63.0738458], [12.4134335, 63.0738325], [12.4133957, 63.0738039], [12.4133157, 63.0737925], [12.4132273, 63.0737448], [12.4131305, 63.0737238], [12.4129065, 63.0736559], [12.4125295, 63.0736049], [12.4122719, 63.0735294], [12.4119774, 63.0734828], [12.4117548, 63.0734736], [12.4115787, 63.0733901], [12.4111283, 63.0731966], [12.4107398, 63.0730565], [12.4103822, 63.072889], [12.4101465, 63.0727785], [12.4099571, 63.0726127], [12.4099279, 63.0724954], [12.4098134, 63.0723948], [12.4096751, 63.0723268], [12.4094941, 63.0722887], [12.4093847, 63.0722391], [12.4091658, 63.0721838], [12.4090227, 63.0721857], [12.4086145, 63.0722753], [12.4084414, 63.0723094], [12.4081068, 63.0723112], [12.4078693, 63.0723389], [12.4072214, 63.0723535], [12.4069848, 63.0723553], [12.4067703, 63.0723761], [12.4063427, 63.0723367], [12.4058746, 63.0723077], [12.4050009, 63.0722297], [12.4046456, 63.0721438], [12.4045277, 63.0720294], [12.404327, 63.0719533], [12.4038321, 63.0718508], [12.4035723, 63.0717725], [12.4030841, 63.0717073], [12.402617, 63.0716311], [12.4022087, 63.0715167], [12.4019317, 63.07145], [12.4017163, 63.0713528], [12.4013407, 63.0712976], [12.4011228, 63.0712803], [12.4007272, 63.0711927], [12.400389, 63.0711742], [12.4000654, 63.0710829], [12.3996523, 63.0710699], [12.3991969, 63.0709262], [12.3987103, 63.0708181], [12.3983125, 63.0706871], [12.3978927, 63.0705479], [12.3976253, 63.0705255], [12.3972019, 63.0704716], [12.3958579, 63.070322], [12.3938461, 63.0699986], [12.3934317, 63.0698193], [12.3932311, 63.0694678], [12.3929149, 63.069588], [12.3927182, 63.0695318], [12.3924268, 63.069465], [12.3921926, 63.0694126], [12.3915869, 63.0694126], [12.391008, 63.0695318], [12.3901266, 63.0695735], [12.3892536, 63.0694476], [12.3890606, 63.0693731], [12.3876411, 63.0690429], [12.3868499, 63.0689027], [12.3867613, 63.0688342], [12.3863847, 63.0687443], [12.3863123, 63.0687491], [12.385926, 63.0687016], [12.3856823, 63.0686322], [12.385049, 63.0684992], [12.384685, 63.0684497], [12.384037, 63.0683326], [12.3829787, 63.0680215], [12.3822821, 63.0679652], [12.3818093, 63.0678064], [12.3811302, 63.067739], [12.3807674, 63.067718], [12.3805926, 63.067579], [12.3802236, 63.067403], [12.3798309, 63.067329], [12.3793906, 63.067284], [12.3791346, 63.0672422], [12.3788032, 63.0671816], [12.3778092, 63.0669722], [12.3771673, 63.0669258], [12.3755461, 63.0667291], [12.3750185, 63.066614], [12.3744882, 63.0666182], [12.3740045, 63.0665424], [12.3734479, 63.0665016], [12.3731344, 63.0664535], [12.3728445, 63.0664375], [12.3722928, 63.0663865], [12.3715486, 63.0662516], [12.3711579, 63.0662643], [12.3708135, 63.066153], [12.3705905, 63.0661337], [12.3699951, 63.0661969], [12.3694255, 63.0660815], [12.3689486, 63.0660138], [12.3687858, 63.0659483], [12.3680137, 63.0658556], [12.3671393, 63.0660199], [12.3668438, 63.0660803], [12.3667114, 63.0659717], [12.3663113, 63.0658176], [12.366023, 63.0656954], [12.3653997, 63.0656407], [12.3650616, 63.0655395], [12.3641625, 63.065486], [12.3631926, 63.065437], [12.3623764, 63.0654131], [12.3618577, 63.0655155], [12.3616136, 63.0653752], [12.35997, 63.0651426], [12.3594071, 63.0649625]], [[12.3594071, 63.0649625], [12.3576973, 63.0647094], [12.357181, 63.0645419], [12.3564429, 63.0644718], [12.3558799, 63.0643913], [12.3552414, 63.0643386], [12.3548609, 63.0642634], [12.354438, 63.0642354], [12.3538983, 63.06417], [12.3533334, 63.0640677], [12.3528798, 63.0639814], [12.352456, 63.0638706], [12.3521139, 63.0638884], [12.3519483, 63.0637866], [12.3514237, 63.0636627], [12.3509366, 63.0635986], [12.3500881, 63.0633212], [12.3494468, 63.0631814], [12.348921, 63.0631449], [12.3486133, 63.0630532], [12.3482284, 63.0629602], [12.3478366, 63.0629437], [12.3470598, 63.0627898], [12.3467193, 63.0627385], [12.3456332, 63.0625751], [12.3449361, 63.0624837], [12.3444184, 63.062486], [12.3439419, 63.062465], [12.3437136, 63.0624514], [12.3433746, 63.0623625], [12.3427587, 63.0623882], [12.341919, 63.0623927], [12.3412718, 63.0623632], [12.3407516, 63.062367], [12.3396691, 63.0623622], [12.339083, 63.0623032], [12.3383925, 63.0622779], [12.3369468, 63.0622148], [12.3358257, 63.0622087], [12.33482, 63.0621661], [12.3343044, 63.0622104], [12.3341434, 63.0622105], [12.3335325, 63.0621762], [12.3330085, 63.0621768], [12.3325393, 63.0621694], [12.332355, 63.0622099], [12.3320758, 63.0622125], [12.3316244, 63.0622751], [12.3313721, 63.0622934], [12.3306882, 63.0622497], [12.330378, 63.0622251], [12.3301435, 63.0621543], [12.3299648, 63.0622049], [12.3297135, 63.0622276], [12.3293616, 63.0622352], [12.3288925, 63.0623491], [12.3283814, 63.0623068], [12.3281149, 63.0623199], [12.3280691, 63.062375], [12.3276621, 63.0624648], [12.327541, 63.062468], [12.3273958, 63.062425], [12.3271166, 63.0624174], [12.3269714, 63.0624705], [12.326748, 63.0624655], [12.3260052, 63.0624705], [12.3257523, 63.0624757], [12.3251675, 63.0626173], [12.3248969, 63.0626463], [12.324577, 63.0627759], [12.3241931, 63.0626965], [12.3237657, 63.062678], [12.3232073, 63.0625034], [12.3225888, 63.0625067], [12.3220233, 63.0624376], [12.3215877, 63.0623745], [12.321327, 63.0623311], [12.3209287, 63.0623314], [12.3204019, 63.0623107], [12.3199642, 63.0622268], [12.3194086, 63.0622649], [12.3190802, 63.0622453], [12.3187172, 63.0621922], [12.3181311, 63.0619963], [12.316473, 63.0617216], [12.3154717, 63.0615978], [12.3148396, 63.0615058], [12.3144003, 63.0613982], [12.3133784, 63.0614487], [12.3125551, 63.0614629], [12.3121385, 63.0614252], [12.3109838, 63.0611879], [12.3104243, 63.0611799], [12.3101193, 63.0611656], [12.3096699, 63.0610866], [12.309465, 63.0609947], [12.3092324, 63.0609706], [12.3088492, 63.0609965], [12.3084125, 63.060983], [12.30814, 63.0610041], [12.3077435, 63.0610825], [12.3073693, 63.0609662], [12.3068443, 63.0609029], [12.3065266, 63.060822], [12.3062859, 63.0608295], [12.3057221, 63.0607133], [12.3049126, 63.0607241], [12.3043174, 63.0608104], [12.3040674, 63.0609129], [12.3037672, 63.0609991], [12.3033483, 63.0609864], [12.3027937, 63.0610531], [12.3021197, 63.0611205], [12.3011926, 63.0611888], [12.3006819, 63.0612165], [12.3003605, 63.0612521], [12.299389, 63.0613767], [12.2987465, 63.0614494], [12.2976631, 63.0615734], [12.2969879, 63.0617009], [12.2962546, 63.0617356], [12.2959864, 63.0617259], [12.2955397, 63.0617703], [12.2949887, 63.0617605], [12.2940219, 63.0617884], [12.2930948, 63.0618517], [12.2923368, 63.0618851], [12.2912463, 63.0617591], [12.290766, 63.0617783], [12.2893895, 63.0617522], [12.2884427, 63.0617277], [12.2876441, 63.061629], [12.2871136, 63.061581], [12.2866054, 63.0615076], [12.2862256, 63.0614874], [12.2858682, 63.0614064], [12.2854081, 63.0613555], [12.2847658, 63.0612663], [12.2840667, 63.0611183], [12.2834444, 63.0609968], [12.2829938, 63.0608073], [12.2823501, 63.0607538], [12.2820389, 63.0606323], [12.2813523, 63.0605448], [12.2807085, 63.0603455], [12.2804671, 63.0602677], [12.2801855, 63.0602115], [12.2794962, 63.0600101], [12.2789703, 63.0599207], [12.2783154, 63.0597508], [12.2776723, 63.0597476]], [[12.2776723, 63.0597476], [12.277565, 63.0595094], [12.2775609, 63.0595029], [12.2775013, 63.059469], [12.2774889, 63.0593878]], [[12.2774889, 63.0593878], [12.2774464, 63.0592936]], [[12.2774464, 63.0592936], [12.2773549, 63.0591474]], [[12.2773549, 63.0591474], [12.2773075, 63.0589067], [12.2774316, 63.0587073], [12.2774255, 63.0585227], [12.2776079, 63.058197], [12.2777234, 63.0579829], [12.2779562, 63.0577747], [12.2780006, 63.0574906], [12.2785413, 63.0572539], [12.2784877, 63.0567775], [12.2786486, 63.0564955], [12.2787174, 63.0561071], [12.2786644, 63.055911], [12.2785842, 63.055601], [12.2783739, 63.0552297]], [[12.2783739, 63.0552297], [12.2781861, 63.0550989]], [[12.2781861, 63.0550989], [12.2780371, 63.0550371], [12.2778976, 63.0549156], [12.2777681, 63.0540904], [12.2778654, 63.053846], [12.2777474, 63.0535494], [12.2777316, 63.0534038]], [[12.2777316, 63.0534038], [12.277614, 63.0529914], [12.2780113, 63.0521791]], [[12.2780113, 63.0521791], [12.2781553, 63.0517642]], [[12.2781553, 63.0517642], [12.2780593, 63.051606]], [[12.2780593, 63.051606], [12.2779834, 63.0512594], [12.2776538, 63.050603]], [[12.2776538, 63.050603], [12.277621, 63.0505435]], [[12.277621, 63.0505435], [12.2775757, 63.0503444], [12.2776695, 63.0499408], [12.277333, 63.049426], [12.2773286, 63.0493512], [12.2774088, 63.0493059], [12.2775732, 63.0492017]], [[12.2775732, 63.0492017], [12.2775877, 63.049056], [12.2773719, 63.04894], [12.2771466, 63.048658], [12.2768569, 63.0482057], [12.2764599, 63.0475541], [12.2762668, 63.0468685], [12.2761273, 63.0466399], [12.2759879, 63.0462314], [12.2756445, 63.0453074], [12.2755798, 63.0451423], [12.2755647, 63.0449837], [12.2754561, 63.0448064], [12.2753549, 63.0446411], [12.2752797, 63.0443688], [12.274915, 63.044111], [12.2745502, 63.0439505], [12.27443, 63.0436658], [12.2740759, 63.0431936]], [[12.2740759, 63.0431936], [12.2740786, 63.0430223], [12.2741445, 63.0429352], [12.2741868, 63.0428548], [12.2739954, 63.0426779], [12.2742933, 63.0424986], [12.2741383, 63.0423991]]]}}, {"type": "Feature", "id": "relation/3587117", "properties": {"distance": "16", "name": "Gåsen - Vålåstugorna sommarled", "network": "rwn", "route": "hiking", "type": "route", "@id": "relation/3587117", "@type": "relation", "osm_id": 3587117}, "geometry": {"type": "MultiLineString", "coordinates": [[[12.7994195, 63.0404691], [12.7993583, 63.0404906], [12.7992506, 63.0404915], [12.7990445, 63.0404531], [12.7987526, 63.0404356], [12.7980059, 63.0403807], [12.7976999, 63.0403599], [12.7974293, 63.0402911], [12.7971584, 63.0403077], [12.7969294, 63.0403003]], [[12.7969294, 63.0403003], [12.7968462, 63.0402976], [12.7967185, 63.0402157]], [[12.7967185, 63.0402157], [12.7961739, 63.040122], [12.795685, 63.0401073], [12.7955964, 63.0401365]], [[12.7955964, 63.0401365], [12.795518, 63.0401355]], [[12.795518, 63.0401355], [12.7952547, 63.0400251], [12.7950626, 63.0399856], [12.7947705, 63.0398916], [12.794482, 63.0398449], [12.7943481, 63.0397976], [12.7942748, 63.0397789], [12.7939243, 63.0397046]], [[12.7939243, 63.0397046], [12.7937539, 63.0396993], [12.7935416, 63.0396444], [12.7933674, 63.0394866], [12.7931688, 63.0394276], [12.7928968, 63.0393666], [12.7924981, 63.0393307], [12.7921265, 63.0393184], [12.7915446, 63.0392854], [12.7908489, 63.0392817], [12.7906269, 63.0393269], [12.7902883, 63.0393745], [12.7899405, 63.0393785], [12.7897255, 63.039365], [12.7895274, 63.0392694], [12.7893428, 63.0390394], [12.7891686, 63.0389045], [12.7891711, 63.0388379], [12.7890684, 63.0386994], [12.78896, 63.0384798], [12.7887963, 63.0384255], [12.7886379, 63.0383694], [12.7881461, 63.0382787], [12.7875896, 63.0381781], [12.7873886, 63.038151], [12.7869126, 63.0380697], [12.7867183, 63.0380624], [12.7864786, 63.0379967], [12.7862529, 63.0379758], [12.7860233, 63.0379154]], [[12.7860233, 63.0379154], [12.7856618, 63.0379049], [12.7854572, 63.0379079], [12.7852243, 63.0379018], [12.7849972, 63.0378477], [12.7843799, 63.0377732], [12.7841532, 63.037791], [12.7839737, 63.037728], [12.7835514, 63.0376994], [12.7831954, 63.037708], [12.783044, 63.0377314]], [[12.783044, 63.0377314], [12.7829717, 63.0377072]], [[12.7829717, 63.0377072], [12.7825821, 63.0376918], [12.7822308, 63.0376605], [12.7820252, 63.0376262], [12.7815522, 63.0375594], [12.7812088, 63.0375283], [12.7809857, 63.0375205], [12.7806237, 63.0374928], [12.7802132, 63.037431], [12.7799332, 63.0373859], [12.7795085, 63.0373743], [12.7792673, 63.0373911], [12.7786829, 63.0373232], [12.7782675, 63.0372378], [12.7778507, 63.0371874], [12.7772778, 63.0369757], [12.7768853, 63.036849], [12.7763235, 63.0366787], [12.7756926, 63.0365936], [12.7750856, 63.0364106], [12.7745797, 63.0363863], [12.7736729, 63.0361473], [12.7732008, 63.0360884], [12.7724808, 63.0361515], [12.771888, 63.0361649], [12.7717212, 63.036203], [12.7712663, 63.0361592], [12.7709553, 63.0361198], [12.7706484, 63.0360534], [12.7701109, 63.0359716], [12.7697419, 63.0359794], [12.7691239, 63.0357692], [12.7684201, 63.0356992], [12.7678364, 63.0357187], [12.7673136, 63.0356005], [12.7666552, 63.0355522], [12.7656735, 63.0353956], [12.7649611, 63.0353411], [12.7647293, 63.0353489], [12.7642744, 63.0352633], [12.7632016, 63.0352244], [12.7626179, 63.0350454], [12.7622145, 63.0349714], [12.7614678, 63.0348624], [12.7612267, 63.0347886], [12.7608069, 63.0347846], [12.7604121, 63.0347379], [12.7601512, 63.0347061], [12.7598706, 63.034672], [12.7594759, 63.0346933], [12.7591741, 63.0347659], [12.7581805, 63.0346523], [12.7579058, 63.0346406], [12.7576787, 63.0345586], [12.7573236, 63.0344803], [12.7570154, 63.0344042], [12.7566911, 63.0343799], [12.756359, 63.0344549], [12.7561157, 63.0344368], [12.7557946, 63.0344197], [12.7553327, 63.0343813], [12.7549322, 63.0343895], [12.7546846, 63.0344047], [12.7542561, 63.034403], [12.7539617, 63.0344244], [12.7535595, 63.0344294], [12.7532539, 63.03441], [12.7527551, 63.0344508], [12.7524532, 63.0345381], [12.7516831, 63.0345355], [12.7511681, 63.0344849], [12.7507389, 63.0343487], [12.7504141, 63.0341499], [12.7498069, 63.0340277], [12.749114, 63.033839], [12.7484644, 63.0337571], [12.7481211, 63.0337182], [12.7477949, 63.0335119], [12.7473057, 63.0334068], [12.7470053, 63.0333367], [12.7457483, 63.033152], [12.7452237, 63.0331338], [12.7447565, 63.0330643], [12.7444178, 63.032924], [12.7438124, 63.0328307], [12.7434691, 63.0327451], [12.7429221, 63.0327017], [12.7427145, 63.0326287], [12.7422846, 63.0325583], [12.7415293, 63.0323247], [12.7412718, 63.0322858], [12.7405852, 63.0321107], [12.7402449, 63.0319688], [12.7398384, 63.0318265], [12.7395209, 63.031811], [12.7389201, 63.0318577], [12.7385744, 63.0317277], [12.7382677, 63.0316436], [12.737521, 63.031663], [12.7367228, 63.0316708], [12.7362336, 63.0317798], [12.7358044, 63.0317331], [12.735028, 63.0317993], [12.7346028, 63.0319822], [12.7338904, 63.0319667], [12.7332896, 63.0320445], [12.7324141, 63.0320445], [12.7320536, 63.0321223], [12.7310837, 63.0322158], [12.7299679, 63.032317], [12.7296675, 63.032317], [12.7293671, 63.0323325], [12.7289122, 63.0323325], [12.7285517, 63.0324104], [12.7278221, 63.0324882], [12.7275046, 63.0324337], [12.7270239, 63.0325388], [12.7269038, 63.0325972], [12.7267664, 63.0325972], [12.7264918, 63.0325661], [12.7259339, 63.0326167], [12.725376, 63.0326167], [12.7250927, 63.0327023], [12.7247151, 63.032749], [12.7244919, 63.0327412], [12.7242859, 63.0327724], [12.7238568, 63.0327996], [12.7233418, 63.0328113], [12.7230156, 63.0328969], [12.7219427, 63.0330215], [12.7216423, 63.0330448], [12.7213162, 63.0330837], [12.7209385, 63.0330721], [12.7203978, 63.0331616], [12.7199086, 63.0331888], [12.7191532, 63.0332784], [12.7188958, 63.0332939], [12.7183979, 63.0333718], [12.7182949, 63.0333562], [12.7177628, 63.033434], [12.7169388, 63.0335897], [12.7166813, 63.033617], [12.7164925, 63.0337221], [12.7158488, 63.0338388], [12.7152222, 63.0339945], [12.7148789, 63.0339283], [12.7144755, 63.0339945], [12.7138747, 63.0341813], [12.7135649, 63.0341958], [12.7127628, 63.0343774], [12.7120768, 63.0343843], [12.7113104, 63.0343891], [12.7110165, 63.0343681], [12.7106478, 63.0343757], [12.7104672, 63.0343837], [12.710038, 63.0344085], [12.7096432, 63.0344343], [12.7086991, 63.0345627], [12.7082957, 63.0345705], [12.7078665, 63.0345783], [12.7068082, 63.0348089], [12.7065224, 63.0349134], [12.7062958, 63.0350181], [12.7059063, 63.0350968], [12.7055075, 63.0352107], [12.70518, 63.0353489], [12.705077, 63.0354073], [12.7047337, 63.0353956], [12.7044762, 63.0354699], [12.7042923, 63.0354478], [12.7036007, 63.0354851], [12.7031458, 63.0354345], [12.7029742, 63.0354579], [12.7026909, 63.0354073], [12.7016867, 63.0355124], [12.7013005, 63.0354462], [12.7005709, 63.0354851], [12.7002705, 63.0353801], [12.7000988, 63.0353567], [12.6999466, 63.0353504], [12.699045, 63.0354914], [12.6984786, 63.0354829], [12.6977127, 63.0355435], [12.6970518, 63.0355435], [12.6965969, 63.0355747], [12.6962907, 63.0355872], [12.6961077, 63.0355747], [12.6958006, 63.035589], [12.6952923, 63.0356019], [12.6945885, 63.0354968], [12.6942452, 63.035419], [12.6939619, 63.0354345], [12.6936572, 63.0354462], [12.6934212, 63.0355435], [12.6932614, 63.0356002], [12.6929677, 63.0357046], [12.6924352, 63.0356824], [12.692011, 63.0356828], [12.6917561, 63.035777], [12.6915763, 63.0358451], [12.6912411, 63.0359794], [12.6909579, 63.0361351], [12.6904976, 63.0361939], [12.6901081, 63.0362246], [12.6895932, 63.0361857], [12.6881512, 63.0361857], [12.6873358, 63.0363102], [12.6868208, 63.0362713], [12.6860913, 63.0363491], [12.6857308, 63.0363725], [12.6854905, 63.0364503], [12.6851042, 63.0364776], [12.6847866, 63.0366138], [12.6841858, 63.0366138], [12.683585, 63.0365826], [12.6833876, 63.0366527], [12.6831559, 63.0366605], [12.6828726, 63.0367227], [12.6824005, 63.0367617], [12.6821001, 63.0368006], [12.6808127, 63.0369173], [12.6804093, 63.0368667]], [[12.6804093, 63.0368667], [12.6801518, 63.0371275], [12.6798428, 63.0373221], [12.679757, 63.0377112], [12.6793793, 63.0379369], [12.6791819, 63.0379836], [12.6788386, 63.038151], [12.6781777, 63.0381782], [12.677697, 63.0382288]], [[12.677697, 63.0382288], [12.6775742, 63.0381862]], [[12.6775742, 63.0381862], [12.6773743, 63.0380914], [12.6772598, 63.0380401]], [[12.6772598, 63.0380401], [12.6771211, 63.038029]], [[12.6771211, 63.038029], [12.6757087, 63.0380616], [12.6743248, 63.0376191], [12.6701929, 63.0366136], [12.6692456, 63.0362418]], [[12.6692456, 63.0362418], [12.6680024, 63.0357753], [12.6664221, 63.0362027], [12.6633217, 63.0364247], [12.6622726, 63.036763], [12.6620734, 63.0370642], [12.6612254, 63.0372904], [12.6603984, 63.0377446], [12.6594985, 63.0380313], [12.6576293, 63.0380629], [12.6560409, 63.0379222], [12.6550156, 63.0379762], [12.6540439, 63.0381615], [12.6533439, 63.0384583], [12.6524117, 63.0386655], [12.6516642, 63.0389998], [12.6503803, 63.0391784], [12.6493765, 63.0391249], [12.64868, 63.0389769], [12.6482426, 63.0390752], [12.6482514, 63.0392273], [12.6469033, 63.0397639], [12.6463713, 63.0400832], [12.6457526, 63.0401105], [12.645633, 63.0404441], [12.6437398, 63.041276], [12.641691, 63.0420805], [12.6395575, 63.0426348], [12.6366265, 63.0438713], [12.6332845, 63.0447629], [12.631604, 63.0447587], [12.6299783, 63.0450056], [12.6270948, 63.0453089], [12.6238411, 63.0458096], [12.6200643, 63.0463177]], [[12.6200643, 63.0463177], [12.6194609, 63.046361], [12.6190747, 63.0465088], [12.6186713, 63.0464971], [12.6177271, 63.0466527], [12.6172722, 63.0467305], [12.6170576, 63.0468084], [12.6166457, 63.0468978], [12.6162852, 63.0468589], [12.6161307, 63.0468978], [12.6159418, 63.0468473], [12.615341, 63.0469873], [12.614826, 63.046964], [12.6140107, 63.0470418], [12.6136416, 63.047104], [12.6132124, 63.0470534], [12.6125086, 63.0471974], [12.6121481, 63.0472207], [12.6118649, 63.0471896], [12.6116932, 63.0472752], [12.6113242, 63.0473452], [12.6108349, 63.0475008], [12.6101054, 63.0476759], [12.6097792, 63.0475008], [12.6090754, 63.0474931], [12.6085186, 63.0475647], [12.6081135, 63.0476258], [12.6075634, 63.0475949], [12.6071658, 63.0477185], [12.6065811, 63.0479147], [12.6059971, 63.0479011], [12.6055905, 63.0478579], [12.6049599, 63.0479277], [12.6047667, 63.0478821], [12.6036681, 63.0480377], [12.6032518, 63.0480343], [12.6029127, 63.0480377], [12.6023306, 63.0480161], [12.6018596, 63.0481459], [12.6016253, 63.0481816], [12.6013259, 63.048244], [12.6007927, 63.0485434], [12.6005782, 63.0485434], [12.6001318, 63.0486757], [12.599016, 63.0489091], [12.5984152, 63.0489402], [12.5982178, 63.0490569], [12.5977785, 63.0490964], [12.5973768, 63.0491471], [12.5966411, 63.049244], [12.5960347, 63.0493009], [12.5954712, 63.0493759], [12.594982, 63.0494809], [12.59457, 63.0495315], [12.5942095, 63.0496365], [12.5939005, 63.049726], [12.5937289, 63.049726], [12.593643, 63.0498232], [12.5932139, 63.0498544], [12.5928963, 63.0498621], [12.5924071, 63.0499088], [12.5921562, 63.0499692], [12.5917548, 63.0500255], [12.5911539, 63.0500644], [12.5908793, 63.0500489], [12.5904673, 63.0500955], [12.5902356, 63.0500761], [12.5900038, 63.0501656], [12.5897206, 63.0501733], [12.589506, 63.0503484], [12.5892313, 63.0503873], [12.5890082, 63.0504067], [12.5882185, 63.0503289], [12.5878065, 63.0504067], [12.5876177, 63.0504651], [12.5874289, 63.0504768], [12.5871886, 63.050504], [12.5867594, 63.0505234], [12.5860556, 63.050609], [12.5855406, 63.050679], [12.5853432, 63.0506712], [12.5850256, 63.0507179], [12.5847608, 63.050713], [12.5843705, 63.050733], [12.584179, 63.0507053], [12.5837935, 63.050745], [12.5835408, 63.0507179], [12.5832833, 63.0507101], [12.582897, 63.0507257], [12.5827082, 63.0506868], [12.5823992, 63.0506985], [12.5819958, 63.050679], [12.5817126, 63.0507101], [12.5813183, 63.0507277], [12.5810774, 63.050679], [12.5807942, 63.050679], [12.5804766, 63.0506985], [12.5801934, 63.0507374], [12.579893, 63.0507257], [12.5795668, 63.0507957], [12.579378, 63.0507957], [12.5788458, 63.0509124], [12.5783051, 63.0509124], [12.5777901, 63.0510291], [12.5773009, 63.0510369], [12.5770777, 63.050998], [12.5767601, 63.0510602], [12.5761851, 63.0510991], [12.5757902, 63.0511653], [12.5752581, 63.0513325], [12.5750435, 63.0512936], [12.5745944, 63.051298], [12.5742071, 63.0513102], [12.5735587, 63.0513325], [12.5729235, 63.0513325], [12.5724686, 63.051138], [12.5722712, 63.0511458], [12.5721682, 63.0510369], [12.5717562, 63.0509708], [12.5714815, 63.0509708], [12.5708979, 63.0507879], [12.5705546, 63.0507879], [12.5701083, 63.0506712], [12.5699194, 63.0505157], [12.569722, 63.050504], [12.5695246, 63.0504845], [12.5694903, 63.0504379], [12.5693358, 63.050399], [12.5690955, 63.0503873], [12.568735, 63.0503212], [12.5680483, 63.050115], [12.5677737, 63.0501033], [12.567293, 63.0499788], [12.5671214, 63.0499711], [12.5660914, 63.0496871], [12.5655592, 63.0495976], [12.5651301, 63.0496599], [12.5647438, 63.0495976], [12.5643404, 63.0496482], [12.5634306, 63.0495509], [12.5631388, 63.0495509], [12.5628764, 63.0495244], [12.562641, 63.0495043], [12.5614394, 63.0494926], [12.5611647, 63.049512], [12.5607355, 63.0495432], [12.5605811, 63.0495587], [12.5604094, 63.0495315], [12.560109, 63.0495315], [12.5596798, 63.049512], [12.5586499, 63.0495898], [12.5571049, 63.0495315], [12.5565899, 63.0494926], [12.5559462, 63.0495315], [12.5553711, 63.0495626], [12.5552767, 63.0496015], [12.5549506, 63.0496249], [12.5543154, 63.0496132], [12.5533713, 63.0496521], [12.5531824, 63.0496093], [12.5527962, 63.0496249], [12.5523327, 63.0495976], [12.5519293, 63.0496949], [12.5497664, 63.0496715], [12.548978, 63.0496624], [12.5487622, 63.0496599], [12.5483808, 63.0497117], [12.547782, 63.0497241], [12.5473294, 63.0497231], [12.5467204, 63.0498583], [12.5464692, 63.0499434], [12.5461631, 63.049866], [12.5458181, 63.0497472], [12.5452387, 63.0498444], [12.5441015, 63.0495576]]]}}, {"type": "Feature", "id": "relation/3587118", "properties": {"distance": "23", "name": "Helags - Vålåstugorna sommarled", "network": "rwn", "route": "hiking", "type": "route", "@id": "relation/3587118", "@type": "relation", "osm_id": 3587118}, "geometry": {"type": "MultiLineString", "coordinates": [[[12.7994195, 63.0404691], [12.7993583, 63.0404906], [12.7992506, 63.0404915], [12.7990445, 63.0404531], [12.7987526, 63.0404356], [12.7980059, 63.0403807], [12.7976999, 63.0403599], [12.7974293, 63.0402911], [12.7971584, 63.0403077], [12.7969294, 63.0403003]], [[12.7969294, 63.0403003], [12.7968462, 63.0402976], [12.7967185, 63.0402157]], [[12.7967185, 63.0402157], [12.7961739, 63.040122], [12.795685, 63.0401073], [12.7955964, 63.0401365]], [[12.7955964, 63.0401365], [12.795518, 63.0401355]], [[12.795518, 63.0401355], [12.7952547, 63.0400251], [12.7950626, 63.0399856], [12.7947705, 63.0398916], [12.794482, 63.0398449], [12.7943481, 63.0397976], [12.7942748, 63.0397789], [12.7939243, 63.0397046]], [[12.7939243, 63.0397046], [12.7937539, 63.0396993], [12.7935416, 63.0396444], [12.7933674, 63.0394866], [12.7931688, 63.0394276], [12.7928968, 63.0393666], [12.7924981, 63.0393307], [12.7921265, 63.0393184], [12.7915446, 63.0392854], [12.7908489, 63.0392817], [12.7906269, 63.0393269], [12.7902883, 63.0393745], [12.7899405, 63.0393785], [12.7897255, 63.039365], [12.7895274, 63.0392694], [12.7893428, 63.0390394], [12.7891686, 63.0389045], [12.7891711, 63.0388379], [12.7890684, 63.0386994], [12.78896, 63.0384798], [12.7887963, 63.0384255], [12.7886379, 63.0383694], [12.7881461, 63.0382787], [12.7875896, 63.0381781], [12.7873886, 63.038151], [12.7869126, 63.0380697], [12.7867183, 63.0380624], [12.7864786, 63.0379967], [12.7862529, 63.0379758], [12.7860233, 63.0379154]], [[12.7564019, 63.022741], [12.7567092, 63.0229211], [12.7573479, 63.023694], [12.7579229, 63.0237819], [12.7583739, 63.0239064], [12.7587203, 63.0240359], [12.7588652, 63.0241295], [12.7590856, 63.0242058], [12.7594063, 63.0243523], [12.7595298, 63.0244691], [12.7602923, 63.0247282], [12.7608526, 63.0249274], [12.7611828, 63.0249356], [12.7616439, 63.0250523], [12.7619845, 63.0251177], [12.762234, 63.0251482], [12.7627903, 63.0251432], [12.7635125, 63.0252555], [12.7641326, 63.025367], [12.7643429, 63.025437], [12.7648712, 63.0255254], [12.7651759, 63.0255459], [12.76561, 63.0256129], [12.7659285, 63.0257533], [12.7662671, 63.0257949], [12.7665201, 63.0257785], [12.7670435, 63.0258715], [12.7674029, 63.0260839], [12.7675056, 63.0263429], [12.7675916, 63.026446], [12.7680768, 63.0267351], [12.7683628, 63.0268622], [12.7687566, 63.0270249], [12.7692477, 63.0274138], [12.7693713, 63.0277077], [12.7693385, 63.0278279], [12.7694816, 63.027916], [12.7695977, 63.0280457], [12.7698191, 63.0281814], [12.7700009, 63.0285015], [12.7702529, 63.0288069], [12.7702785, 63.029056], [12.7703473, 63.0291534], [12.7704734, 63.0292809], [12.7706049, 63.0293913], [12.7709268, 63.0295262], [12.771459, 63.0299033], [12.7717137, 63.0300024], [12.771855, 63.0301407], [12.772272, 63.0303906], [12.7724697, 63.030879], [12.7727751, 63.0311112], [12.7729835, 63.0314021], [12.7734055, 63.0316549], [12.7735559, 63.0320081], [12.7739796, 63.0323058], [12.7740959, 63.0324788], [12.7746576, 63.0328444], [12.7749459, 63.0330257], [12.7754201, 63.0333689], [12.7758253, 63.0335276], [12.7767019, 63.0336939], [12.7772792, 63.0339372], [12.7780522, 63.0340996], [12.7783073, 63.0340662], [12.7787497, 63.0341257], [12.7789213, 63.0344771], [12.7790629, 63.0345933], [12.7790318, 63.034734], [12.7790714, 63.034826], [12.7794682, 63.035288], [12.7798215, 63.0354184], [12.7802287, 63.0355], [12.781068, 63.0356109], [12.7821656, 63.035938], [12.7824753, 63.036091], [12.7831291, 63.0363141], [12.7835122, 63.0363574], [12.7837747, 63.0365344], [12.7839426, 63.0365491], [12.7840558, 63.0365591], [12.7845439, 63.0368471], [12.7849828, 63.0372142], [12.7853911, 63.0374905], [12.785743, 63.0378125], [12.7860233, 63.0379154]], [[12.7559143, 63.0222669], [12.7564019, 63.022741]], [[12.7139517, 62.9946509], [12.7143627, 62.994763], [12.7148911, 62.9948169], [12.7157779, 62.99495], [12.7160128, 62.9950113], [12.7163326, 62.9950955], [12.7165591, 62.995085], [12.716699, 62.9951585], [12.7170008, 62.9952319], [12.7175702, 62.995283], [12.7183978, 62.9952936], [12.7191076, 62.9952618], [12.7199929, 62.9952412], [12.7208537, 62.9952462], [12.7211971, 62.9954021], [12.7214889, 62.9955168], [12.721716, 62.995578], [12.722056, 62.995764], [12.7225371, 62.9958436], [12.722763, 62.9959499], [12.7235015, 62.9960651], [12.7242011, 62.9960646], [12.7254886, 62.9960646], [12.7265396, 62.996265], [12.727825, 62.99638], [12.7286112, 62.9965701], [12.7297344, 62.9967287], [12.7304788, 62.9969952], [12.7310676, 62.9971558], [12.7322193, 62.9976141], [12.7332992, 62.9980911], [12.7339687, 62.9984506], [12.7353167, 63.0002564], [12.7353322, 63.0002777], [12.7359074, 63.0007158], [12.735938, 63.0011107], [12.7372068, 63.0028552], [12.7381321, 63.0041276], [12.7401827, 63.0062612], [12.7411612, 63.0064684], [12.7420078, 63.0071394], [12.7422835, 63.0074699], [12.7425712, 63.0077336], [12.7432285, 63.0079902], [12.7437464, 63.0084361], [12.7446124, 63.0088845], [12.7450739, 63.0093718], [12.7452379, 63.0094514], [12.7462356, 63.0098559], [12.7468694, 63.0100506], [12.748809, 63.0106719], [12.7509848, 63.0118844], [12.7517296, 63.0122109], [12.7522037, 63.0126992], [12.7527791, 63.0129712], [12.7531974, 63.0133233], [12.7540598, 63.0137252], [12.7551187, 63.0143499], [12.7559741, 63.0146679], [12.7566093, 63.0150657], [12.7567293, 63.0151666], [12.756908, 63.0152281], [12.7579012, 63.0157203], [12.7583781, 63.0159056], [12.7593176, 63.0161775], [12.7597334, 63.0162999], [12.7601923, 63.016486], [12.7604064, 63.0166153], [12.7605882, 63.0167078], [12.7609244, 63.0169472], [12.7613352, 63.0171562], [12.7616436, 63.0174288], [12.7616316, 63.0175567], [12.7614165, 63.017686], [12.7612713, 63.0177983], [12.7611826, 63.0179278], [12.7604314, 63.0184836], [12.7599219, 63.0185603], [12.7592046, 63.0188122], [12.7578843, 63.0190577], [12.7571235, 63.0190372], [12.7568516, 63.0190377], [12.7566367, 63.0191287], [12.7559485, 63.0198987], [12.7557567, 63.0199871], [12.7552604, 63.0206688], [12.7552099, 63.0212915], [12.7555312, 63.0216479], [12.7559143, 63.0222669]], [[12.7137069, 62.9946716], [12.7138497, 62.9946696], [12.7139517, 62.9946509]], [[12.6869149, 62.9839997], [12.6872939, 62.9840979], [12.6881066, 62.9842429], [12.6882826, 62.9843038], [12.6887295, 62.9845376], [12.6892298, 62.9849303], [12.6897551, 62.985355], [12.6902122, 62.9857743], [12.6903164, 62.9860241], [12.6909106, 62.9865122], [12.6914806, 62.9867991], [12.6916475, 62.9868492], [12.6921029, 62.9870771], [12.6922747, 62.9871859], [12.6924466, 62.987214], [12.6942047, 62.9879036], [12.6945794, 62.9881276], [12.6948296, 62.9881685], [12.6952052, 62.988195], [12.6964923, 62.9887148], [12.6979696, 62.9889105], [12.6988216, 62.9893455], [12.6993961, 62.9897895], [12.6997394, 62.9901014], [12.7011985, 62.9906471], [12.702227, 62.9910147], [12.7031607, 62.9913259], [12.7041253, 62.9916434], [12.7044522, 62.9917195], [12.7050291, 62.9919021], [12.7060909, 62.9921672], [12.7064249, 62.9923017], [12.7069147, 62.9925362], [12.7074371, 62.9927047], [12.7087191, 62.993166], [12.7089974, 62.9932562], [12.7092164, 62.9932818], [12.709678, 62.9934514], [12.7103524, 62.9936264], [12.7105526, 62.9937017], [12.7107101, 62.99377], [12.7110236, 62.9938239], [12.7113199, 62.9938906], [12.7117752, 62.9940013], [12.712099, 62.994077], [12.7123886, 62.9941231], [12.712845, 62.9943185], [12.713159, 62.994482], [12.7133421, 62.9945712], [12.7137069, 62.9946716]], [[12.686779, 62.9839419], [12.6869149, 62.9839997]], [[12.6828241, 62.9831849], [12.6830882, 62.9833181], [12.6838229, 62.9835217], [12.6841849, 62.9836091], [12.6845577, 62.9837847], [12.6851985, 62.9838149], [12.6854897, 62.9838477], [12.6865427, 62.9839616], [12.686779, 62.9839419]], [[12.6825627, 62.9831155], [12.682723, 62.9831379], [12.6828241, 62.9831849]], [[12.6811898, 62.9828474], [12.6813201, 62.9828888], [12.6816336, 62.9829038], [12.6819231, 62.9829672], [12.6823467, 62.9830427], [12.6825627, 62.9831155]], [[12.6810023, 62.9828439], [12.6811898, 62.9828474]], [[12.6799322, 62.9827575], [12.6805235, 62.982785], [12.6810023, 62.9828439]], [[12.6794962, 62.9827071], [12.6799322, 62.9827575]], [[12.6794153, 62.9827005], [12.6794962, 62.9827071]], [[12.6793054, 62.9826914], [12.6794153, 62.9827005]], [[12.6771951, 62.9823888], [12.677329, 62.9824073], [12.6779497, 62.9825377], [12.6782779, 62.9825757], [12.6787243, 62.9826437], [12.6793054, 62.9826914]], [[12.6771371, 62.9823967], [12.6771951, 62.9823888]], [[12.6768989, 62.9823603], [12.6771371, 62.9823967]], [[12.6767257, 62.9823144], [12.6768989, 62.9823603]], [[12.6765377, 62.9822982], [12.6767257, 62.9823144]], [[12.6760364, 62.9822049], [12.6761975, 62.9822262], [12.6763764, 62.982282], [12.6765377, 62.9822982]], [[12.6755351, 62.9821095], [12.6757375, 62.9821349], [12.6759131, 62.9822008], [12.6760364, 62.9822049]], [[12.6732646, 62.9815467], [12.6738909, 62.9816948], [12.6743028, 62.9817614], [12.6746656, 62.9817772], [12.6752467, 62.9820266], [12.6755351, 62.9821095]], [[12.6697347, 62.9806619], [12.6699561, 62.9807838], [12.6706032, 62.9810057], [12.6710009, 62.9810364], [12.6716573, 62.9812532], [12.6732646, 62.9815467]], [[12.6690894, 62.9802924], [12.6697347, 62.9806619]], [[12.668135, 62.9800592], [12.6686367, 62.9801312], [12.6689262, 62.9801989], [12.6690894, 62.9802924]], [[12.6678817, 62.9799867], [12.668135, 62.9800592]], [[12.6666808, 62.9791885], [12.6668732, 62.9793497], [12.6668911, 62.9794325], [12.6670276, 62.9794859], [12.6670824, 62.9795792], [12.6671573, 62.9796293], [12.6672728, 62.9797259], [12.6674549, 62.9797706], [12.6676931, 62.9798465], [12.6677567, 62.9799026], [12.6678817, 62.9799867]], [[12.666587, 62.9791134], [12.6666808, 62.9791885]], [[12.6585248, 62.9759579], [12.6586681, 62.9759452], [12.6590422, 62.9760715], [12.6595035, 62.9761732], [12.6601304, 62.97641], [12.6604009, 62.9764759], [12.6605558, 62.9765144], [12.6606692, 62.9765625], [12.6608621, 62.9766248], [12.6611484, 62.9767494], [12.661468, 62.9768782], [12.6615946, 62.9768977], [12.6618416, 62.9769891], [12.6621566, 62.9770853], [12.6631031, 62.9773611], [12.663329, 62.977424], [12.6647967, 62.9777507], [12.6651147, 62.9778879], [12.6652789, 62.9779817], [12.6655699, 62.9781748], [12.6659283, 62.978348], [12.6660179, 62.9784498], [12.6661032, 62.9785489], [12.6661802, 62.9786064], [12.666268, 62.9788101], [12.666587, 62.9791134]], [[12.6578219, 62.9760274], [12.6579858, 62.9760355], [12.6580734, 62.9760067], [12.6581343, 62.9760017], [12.6582431, 62.975993], [12.6585248, 62.9759579]], [[12.6561218, 62.9747031], [12.6561493, 62.9748963], [12.6562738, 62.9751005], [12.6561919, 62.9753109], [12.6562766, 62.9754002], [12.656629, 62.9755156], [12.6570208, 62.9757479], [12.6571944, 62.9758201], [12.657612, 62.9759065], [12.6578219, 62.9760274]], [[12.6563963, 62.9743642], [12.6559847, 62.9743664], [12.6559449, 62.9744857], [12.6561218, 62.9747031]], [[12.6440245, 62.9605846], [12.6442319, 62.9607501], [12.6447545, 62.9609781], [12.6451516, 62.9611331], [12.6455237, 62.9613546], [12.6458729, 62.9615171], [12.6461417, 62.9615768], [12.6472127, 62.9618918], [12.6485383, 62.9622313], [12.6491411, 62.9626158], [12.6493082, 62.9627627], [12.6501435, 62.9635294], [12.6504664, 62.963835], [12.6507263, 62.9641011], [12.6509412, 62.9643375], [12.6510707, 62.9645876], [12.6515332, 62.9652486], [12.6518733, 62.9661291], [12.6519695, 62.9665091], [12.6520973, 62.9668773], [12.6520562, 62.9669948], [12.6521652, 62.9671048], [12.6521688, 62.9672216], [12.6523684, 62.9676237], [12.6522869, 62.9677368], [12.6525317, 62.9679525], [12.6528955, 62.9681871], [12.6529369, 62.9688662], [12.6528227, 62.9690365], [12.6529292, 62.969176], [12.6529052, 62.9693874], [12.6533515, 62.96984], [12.6534542, 62.9698908], [12.6535469, 62.9700305], [12.6541434, 62.9706885], [12.6539926, 62.9708007], [12.6540658, 62.9709653], [12.6543428, 62.9712041], [12.6544863, 62.9715483], [12.654742, 62.9718223], [12.6551186, 62.9721772], [12.6554204, 62.9723885], [12.6557869, 62.9725899], [12.655991, 62.9729723], [12.6559932, 62.9732452], [12.6561107, 62.9734603], [12.6564062, 62.9737982], [12.6565548, 62.9739012], [12.6568634, 62.9740234], [12.6566329, 62.9742764], [12.6563963, 62.9743642]], [[12.6438522, 62.960483], [12.6440245, 62.9605846]], [[12.6418375, 62.9594833], [12.642163, 62.9596903], [12.6424728, 62.9598404], [12.6427231, 62.9599474], [12.6430285, 62.9600727], [12.6432971, 62.9602621], [12.643588, 62.9604122], [12.6438522, 62.960483]], [[12.6409189, 62.9587214], [12.6415082, 62.9591299], [12.6416854, 62.9592667], [12.6418375, 62.9594833]], [[12.6407238, 62.9585076], [12.6409189, 62.9587214]], [[12.6405879, 62.9584428], [12.6407238, 62.9585076]], [[12.6401762, 62.9583562], [12.6405879, 62.9584428]], [[12.639238, 62.9579267], [12.6393949, 62.9579826], [12.6398637, 62.9581065], [12.6399879, 62.9581943], [12.6401762, 62.9583562]], [[12.6296072, 62.9500533], [12.6312381, 62.9508271], [12.6321065, 62.9514433], [12.632367, 62.9515197], [12.6326325, 62.9516623], [12.6326717, 62.951822], [12.6333322, 62.9522646], [12.6334999, 62.9525216], [12.6339737, 62.9528973], [12.6344621, 62.9536464], [12.6351873, 62.9541751], [12.6355867, 62.9545764], [12.6357675, 62.9547664], [12.6359584, 62.9551847], [12.6362084, 62.9553824], [12.6363705, 62.9556257], [12.6368013, 62.9564435], [12.6373105, 62.9567666], [12.6378206, 62.9571673], [12.638125, 62.9573535], [12.639238, 62.9579267]], [[12.6293187, 62.9499497], [12.6296072, 62.9500533]], [[12.6270175, 62.9493964], [12.627808, 62.9494443], [12.6291406, 62.9497433], [12.6293187, 62.9499497]], [[12.6267104, 62.9493757], [12.6270175, 62.9493964]], [[12.6254207, 62.9492635], [12.6267104, 62.9493757]], [[12.6239943, 62.9490624], [12.6244255, 62.9491032], [12.6248769, 62.9491852], [12.6254207, 62.9492635]], [[12.6197382, 62.9482567], [12.6198838, 62.9482399], [12.6211611, 62.9484393], [12.6225819, 62.9487305], [12.6227746, 62.948806], [12.6230691, 62.948845], [12.6239943, 62.9490624]], [[12.6194133, 62.9482338], [12.6197382, 62.9482567]], [[12.6163522, 62.9482152], [12.6166667, 62.9482169], [12.6175122, 62.9483138], [12.6184844, 62.9482904], [12.6186318, 62.9482289], [12.6189885, 62.9482405], [12.6192269, 62.9482207], [12.6194133, 62.9482338]], [[12.6161479, 62.9482252], [12.6163522, 62.9482152]], [[12.5979888, 62.9452227], [12.5984742, 62.9453005], [12.5989173, 62.9454085], [12.5998616, 62.9453992], [12.6005084, 62.9454694], [12.6011598, 62.9456055], [12.601466, 62.945627], [12.6017723, 62.9457559], [12.6023942, 62.9460782], [12.6030128, 62.9464028], [12.6038439, 62.9466608], [12.6045801, 62.9466808], [12.6050356, 62.946796], [12.60568, 62.9468983], [12.6059503, 62.9468852], [12.6064652, 62.94697], [12.6068783, 62.9471231], [12.6073423, 62.9474134], [12.6090668, 62.9476683], [12.6096076, 62.9477834], [12.6097774, 62.9478715], [12.6100544, 62.9479059], [12.6103623, 62.9479523], [12.6106272, 62.9480622], [12.6109737, 62.9481075], [12.6112988, 62.9482455], [12.6117803, 62.9484477], [12.6121438, 62.9484962], [12.6126143, 62.9485659], [12.6136374, 62.9484808], [12.6142315, 62.9483807], [12.6154533, 62.9482673], [12.6161479, 62.9482252]], [[12.5976618, 62.9452424], [12.5979888, 62.9452227]], [[12.5970518, 62.945155], [12.5976618, 62.9452424]], [[12.5968267, 62.9451108], [12.5970518, 62.945155]], [[12.5826559, 62.9399269], [12.5829986, 62.9401402], [12.5839614, 62.9407362], [12.5846038, 62.9409461], [12.5848258, 62.941087], [12.584978, 62.9413085], [12.5854514, 62.9417898], [12.5864049, 62.9423785], [12.5867238, 62.9425976], [12.5871097, 62.9426519], [12.5874421, 62.9426967], [12.5884971, 62.9432659], [12.588601, 62.9433308], [12.5887489, 62.9435102], [12.5891384, 62.9437572], [12.5897411, 62.9439749], [12.590354, 62.944095], [12.5908058, 62.9442973], [12.5912506, 62.9443821], [12.5922773, 62.9443168], [12.5931991, 62.9442992], [12.5935994, 62.944251], [12.593946, 62.9444193], [12.5942099, 62.9445195], [12.5945854, 62.9446027], [12.5955028, 62.9447675], [12.5963777, 62.9450096], [12.5966609, 62.9450556], [12.5968267, 62.9451108]], [[12.5824777, 62.9398354], [12.5826559, 62.9399269]], [[12.5817963, 62.9393445], [12.5820023, 62.9396049], [12.582151, 62.9396551], [12.5824777, 62.9398354]], [[12.5814486, 62.9392514], [12.5817516, 62.9393174], [12.5817963, 62.9393445]], [[12.5746296, 62.935576], [12.5753403, 62.9357273], [12.57553, 62.9357615], [12.5756782, 62.9358524], [12.5768228, 62.9364525], [12.5772853, 62.9366634], [12.5774361, 62.9367187], [12.5775636, 62.9368601], [12.5779211, 62.9369611], [12.5782111, 62.9371849], [12.5784099, 62.9372846], [12.5785874, 62.9374377], [12.5789264, 62.9376795], [12.5790939, 62.9378872], [12.5799199, 62.9382559], [12.5801544, 62.9384971], [12.5802881, 62.938578], [12.5804944, 62.9386682], [12.5808172, 62.9389413], [12.5813347, 62.9392227], [12.5814486, 62.9392514]], [[12.574435, 62.9355345], [12.5746296, 62.935576]], [[12.5743045, 62.9355067], [12.574435, 62.9355345]], [[12.5740933, 62.9354036], [12.5741682, 62.9354638], [12.5743045, 62.9355067]], [[12.5714762, 62.934251], [12.5715971, 62.934323], [12.5724185, 62.9347546], [12.5725231, 62.9348323], [12.5735195, 62.9351976], [12.5737907, 62.935295], [12.5740933, 62.9354036]], [[12.571126, 62.9340713], [12.5712019, 62.9340846], [12.5714762, 62.934251]], [[12.5696132, 62.9332798], [12.5697624, 62.9333765], [12.5707757, 62.9338915], [12.571126, 62.9340713]], [[12.5694146, 62.9331762], [12.5696132, 62.9332798]], [[12.5693125, 62.9331209], [12.5694146, 62.9331762]], [[12.5692805, 62.9331036], [12.5693125, 62.9331209]], [[12.5692106, 62.933037], [12.5692805, 62.9331036]], [[12.5690624, 62.9329362], [12.5692106, 62.933037]], [[12.5682806, 62.9325935], [12.5685633, 62.9326228], [12.5690624, 62.9329362]], [[12.5670679, 62.9326479], [12.5678162, 62.9325716], [12.5682806, 62.9325935]], [[12.5647153, 62.931734], [12.5650999, 62.9319936], [12.5652568, 62.9320293], [12.5655384, 62.9321652], [12.5657535, 62.9323002], [12.5659192, 62.9323809], [12.5659395, 62.9324484], [12.5659232, 62.9325612], [12.5665027, 62.9326484], [12.5667434, 62.9326656], [12.5670679, 62.9326479]], [[12.5646178, 62.9316682], [12.5647153, 62.931734]], [[12.564514, 62.9315921], [12.5646178, 62.9316682]], [[12.5642822, 62.9311663], [12.5643336, 62.9313515], [12.564414, 62.9314724], [12.564514, 62.9315921]], [[12.5625852, 62.9299431], [12.5633818, 62.9303188], [12.5639426, 62.9307288], [12.5641311, 62.9309428], [12.5642822, 62.9311663]], [[12.5619866, 62.9297662], [12.5621174, 62.9298164], [12.5622605, 62.9298349], [12.5625852, 62.9299431]], [[12.5581175, 62.9282524], [12.5582585, 62.9282858], [12.5583787, 62.9283241], [12.5587258, 62.9284359], [12.5596451, 62.9288325], [12.5597743, 62.9288904], [12.5598774, 62.9289051], [12.5599177, 62.9289444], [12.5599793, 62.9290188], [12.5601486, 62.9291034], [12.560264, 62.9291864], [12.56069, 62.9293285], [12.5613043, 62.9294601], [12.5616422, 62.9295768], [12.5619866, 62.9297662]], [[12.5580275, 62.9281739], [12.5581175, 62.9282524]], [[12.5576501, 62.9280772], [12.5577991, 62.9280971], [12.5580275, 62.9281739]], [[12.5569391, 62.9276934], [12.5573491, 62.92786], [12.5576501, 62.9280772]], [[12.556737, 62.9275853], [12.5568349, 62.9276429], [12.5569391, 62.9276934]], [[12.556254, 62.9274134], [12.556737, 62.9275853]], [[12.5562006, 62.9273972], [12.5562063, 62.9273989], [12.556254, 62.9274134]], [[12.5561361, 62.9273723], [12.5562006, 62.9273972]], [[12.5560577, 62.9273449], [12.5561361, 62.9273723]], [[12.5554748, 62.9270918], [12.5557291, 62.9272264], [12.5560577, 62.9273449]], [[12.5554421, 62.9270559], [12.5554748, 62.9270918]], [[12.5554114, 62.927029], [12.5554421, 62.9270559]], [[12.5553442, 62.9269885], [12.5554114, 62.927029]], [[12.5551859, 62.9268967], [12.5553442, 62.9269885]], [[12.5548706, 62.9267389], [12.5549646, 62.9267363], [12.5551859, 62.9268967]], [[12.5527528, 62.9263911], [12.5528538, 62.9264167], [12.5530265, 62.9264197], [12.5532542, 62.926454], [12.5535411, 62.9265681], [12.5542822, 62.926716], [12.5544818, 62.9267566], [12.5546642, 62.9267643], [12.5548706, 62.9267389]], [[12.5523161, 62.9262533], [12.5525796, 62.9263498], [12.5527528, 62.9263911]], [[12.5386779, 62.9216583], [12.5389744, 62.9217737], [12.5393305, 62.921894], [12.53985, 62.9222249], [12.5415375, 62.9227782], [12.541939, 62.9228561], [12.542272, 62.9229879], [12.5428788, 62.923304], [12.5437621, 62.9236782], [12.5440418, 62.9237243], [12.5441698, 62.923797], [12.5443211, 62.9238032], [12.5444607, 62.9238786], [12.5445837, 62.9240082], [12.5446832, 62.9240481], [12.5457533, 62.9243432], [12.5458092, 62.9243469], [12.545847, 62.924369], [12.5459651, 62.924422], [12.5466617, 62.9246838], [12.5469179, 62.9248191], [12.5479014, 62.9251056], [12.5485369, 62.9253512], [12.5489582, 62.9255155], [12.5493256, 62.9255873], [12.5496622, 62.9257148], [12.5498995, 62.9257374], [12.5500871, 62.9258438], [12.5504131, 62.9259748], [12.5507792, 62.9260857], [12.5513325, 62.9261281], [12.5517058, 62.926122], [12.5523161, 62.9262533]], [[12.5385869, 62.9216228], [12.5386779, 62.9216583]], [[12.5195756, 62.9184457], [12.5200062, 62.9184068], [12.5206298, 62.9183745], [12.5213739, 62.918253], [12.5225249, 62.918244], [12.5227899, 62.9182761], [12.5232466, 62.9182778], [12.5241814, 62.9182939], [12.5248673, 62.9182794], [12.5250409, 62.918262], [12.525957, 62.9182603], [12.5276887, 62.9182998], [12.5284523, 62.9182857], [12.5289265, 62.9183278], [12.5294219, 62.9183809], [12.530086, 62.9185081], [12.5304856, 62.9186382], [12.5308818, 62.9187355], [12.5314183, 62.9188196], [12.5318886, 62.9190026], [12.5329077, 62.9193502], [12.5335071, 62.9196309], [12.5340306, 62.9198586], [12.5342723, 62.9198899], [12.5345842, 62.9199998], [12.5355952, 62.9202742], [12.5363762, 62.9206052], [12.5365994, 62.9207346], [12.536913, 62.9207654], [12.5373956, 62.920982], [12.5385869, 62.9216228]], [[12.5193107, 62.9184523], [12.5195756, 62.9184457]], [[12.5157975, 62.9180156], [12.5167884, 62.9185132], [12.5178108, 62.9185295], [12.5182435, 62.9185208], [12.5190541, 62.918491], [12.5192228, 62.9184699], [12.5193107, 62.9184523]], [[12.5156361, 62.9179669], [12.5157975, 62.9180156]], [[12.5102168, 62.9160457], [12.510449, 62.9161204], [12.5110119, 62.9163501], [12.511315, 62.9164114], [12.5117637, 62.9165624], [12.5120867, 62.9166119], [12.5124115, 62.9167081], [12.5126983, 62.9168685], [12.5130611, 62.9169843], [12.5137459, 62.9172774], [12.5141317, 62.9174505], [12.5145549, 62.9176505], [12.5156361, 62.9179669]], [[12.5100204, 62.9159669], [12.5102168, 62.9160457]], [[12.5092818, 62.9157209], [12.5100204, 62.9159669]], [[12.5055373, 62.9169739], [12.5056036, 62.9169465], [12.5056699, 62.9169345], [12.5058528, 62.9169024], [12.5059907, 62.9168564], [12.5060758, 62.9167935], [12.5062272, 62.9167023], [12.5064204, 62.9166225], [12.5070674, 62.9164415], [12.5073047, 62.9163405], [12.5075712, 62.9163002], [12.5078182, 62.9162303], [12.5081316, 62.9161092], [12.5084463, 62.9159715], [12.5092818, 62.9157209]]]}}, {"type": "Feature", "id": "relation/3587397", "properties": {"distance": "18 km", "name": "Anaris - Lunndörren sommarled", "network": "rwn", "route": "hiking", "type": "route", "@id": "relation/3587397", "@type": "relation", "osm_id": 3587397}, "geometry": {"type": "MultiLineString", "coordinates": [[[13.0941639, 63.0806465], [13.0938123, 63.0805307], [13.0934344, 63.0804639], [13.0932538, 63.0803965], [13.0925846, 63.080219], [13.0924902, 63.0801569], [13.09231, 63.0800636], [13.0919752, 63.0799237], [13.0918379, 63.0798848], [13.0914603, 63.0796711], [13.0913229, 63.0796361], [13.0911427, 63.0794807], [13.0908594, 63.0792864], [13.0906019, 63.0791776], [13.0903273, 63.079061], [13.0900955, 63.0788162], [13.0899411, 63.0787035], [13.0898552, 63.0786219], [13.0892287, 63.0783654], [13.0890227, 63.0782721], [13.0888424, 63.0781983], [13.088439, 63.07814], [13.0882759, 63.078105], [13.0879498, 63.0780778], [13.087718, 63.0778952], [13.087718, 63.0778485], [13.087555, 63.0777902], [13.0875206, 63.0777553], [13.0872202, 63.0776698], [13.0872116, 63.0776309], [13.086834, 63.0775299], [13.0863533, 63.0774366], [13.0860186, 63.07739], [13.0857439, 63.0773083], [13.0846367, 63.0770635], [13.0844307, 63.0770363], [13.0839415, 63.0769119], [13.0836325, 63.0768225], [13.0834351, 63.0767565], [13.0832119, 63.0767215], [13.0830145, 63.0766477], [13.0826283, 63.0765583], [13.0825253, 63.0765077], [13.0823107, 63.0764533], [13.0821133, 63.0763367], [13.0819159, 63.0761968], [13.0816412, 63.0760841], [13.0811692, 63.0760181], [13.0803881, 63.0756566], [13.0799675, 63.0754234], [13.0791779, 63.075128], [13.0785342, 63.0749726], [13.0783711, 63.074957], [13.0781737, 63.074891], [13.0779934, 63.0748832], [13.0777617, 63.0748404], [13.0775128, 63.0748404], [13.0769806, 63.0747666], [13.0769291, 63.0747394], [13.0764656, 63.0746578], [13.0757618, 63.0744673], [13.0756159, 63.0744246], [13.0754528, 63.0743857], [13.0751782, 63.0743235], [13.075058, 63.0742224], [13.0749035, 63.0741369], [13.0747319, 63.0740592], [13.0746117, 63.0739659], [13.0745774, 63.0739076], [13.0743027, 63.0737638], [13.074131, 63.0737172], [13.0740452, 63.0736628], [13.073925, 63.0736278], [13.0736075, 63.0734878], [13.0733671, 63.073449], [13.0728007, 63.0732896], [13.0723629, 63.0730603], [13.0721827, 63.0729243], [13.0719853, 63.0727999], [13.0716763, 63.0725433], [13.0716162, 63.0724734], [13.0715132, 63.0723529], [13.0713072, 63.0721857], [13.0709896, 63.0719136], [13.0709124, 63.0717582], [13.0708866, 63.0716105], [13.0708437, 63.0714938], [13.0706377, 63.0711518], [13.0706291, 63.0710818], [13.0706892, 63.0707397], [13.0705862, 63.0705998], [13.0704232, 63.0703549], [13.0703802, 63.0702733], [13.0702, 63.0700828], [13.0700712, 63.0700634], [13.0699854, 63.0699079], [13.0698309, 63.0698223], [13.0697365, 63.0697252], [13.0697108, 63.0695774], [13.0697022, 63.0694258], [13.0697451, 63.0693403], [13.0697108, 63.0692431], [13.0695048, 63.0691615], [13.0693846, 63.0689866], [13.0692644, 63.0689166], [13.0693159, 63.068835], [13.0692816, 63.0687494], [13.0690756, 63.0685395], [13.0689383, 63.0684307], [13.068801, 63.0683451], [13.0686636, 63.0681663], [13.068595, 63.0679642], [13.0685091, 63.0679331], [13.0683975, 63.0679097], [13.0682774, 63.0678203], [13.0680199, 63.0677542], [13.0678396, 63.067727], [13.0677882, 63.0676493], [13.0676508, 63.0674782], [13.0675307, 63.0674354], [13.0673676, 63.0672799], [13.0672131, 63.0672022], [13.0669642, 63.0671089], [13.0666981, 63.0669611], [13.0665522, 63.0667357], [13.0665522, 63.0666579], [13.0664234, 63.0665568], [13.0661917, 63.0663819], [13.0660715, 63.0662847], [13.06602, 63.0661369], [13.0658741, 63.0658726], [13.0658312, 63.0657287], [13.0658655, 63.0656082], [13.0658484, 63.0652894], [13.0658999, 63.065165], [13.0658741, 63.0650872], [13.0659085, 63.0649628], [13.0658741, 63.0647878], [13.0659085, 63.0645934], [13.0659085, 63.064434], [13.0659514, 63.0643446], [13.0657797, 63.0641502], [13.0655823, 63.0641036], [13.0653162, 63.0640141], [13.0652991, 63.0639636], [13.0651531, 63.063913], [13.0651446, 63.0638508], [13.0652132, 63.0637186], [13.0652304, 63.0636059], [13.0652733, 63.0633726], [13.0651016, 63.063186], [13.0648957, 63.0631121], [13.0646124, 63.0629993], [13.0642004, 63.0628127], [13.0641661, 63.062731], [13.0640631, 63.0626572], [13.0639429, 63.0626105], [13.0636854, 63.0625911], [13.0632134, 63.06249], [13.0628701, 63.0624861], [13.0626195, 63.0625013]], [[13.0999219, 63.0830104], [13.0995763, 63.0827331], [13.0992796, 63.082618], [13.0978386, 63.0817114], [13.096832, 63.0815099], [13.0948188, 63.0808432], [13.0941639, 63.0806465]], [[13.1111985, 63.0871886], [13.1109216, 63.0869939], [13.1106595, 63.0868245], [13.1102039, 63.0867238], [13.1096741, 63.0864216], [13.1089959, 63.0861578], [13.1068556, 63.0856254], [13.1058596, 63.0853664], [13.101812, 63.0837836], [13.1010758, 63.0835652], [13.1008902, 63.0835102], [13.1004134, 63.0834047], [13.0999219, 63.0830104]], [[13.1404953, 63.0870171], [13.1402644, 63.0869687], [13.1385604, 63.0870472], [13.1375674, 63.0871924], [13.1357496, 63.0872892], [13.1329082, 63.0874966], [13.1308852, 63.0875574], [13.12808, 63.0874611], [13.1276884, 63.08745], [13.1274994, 63.0874181], [13.1269627, 63.0874067], [13.1267087, 63.08739], [13.1265345, 63.087376], [13.1262171, 63.0873743], [13.1260365, 63.0873608], [13.1257978, 63.0873474], [13.1255979, 63.0873556], [13.1253798, 63.0873544], [13.1251373, 63.0872838], [13.1250031, 63.0872884], [13.1248083, 63.0873141], [13.1246974, 63.0873346], [13.1246445, 63.0873048], [13.1246122, 63.0872697], [13.1246238, 63.087223], [13.1245606, 63.0872014], [13.124509, 63.0871646], [13.1243645, 63.0871629], [13.1242277, 63.0871518], [13.1240291, 63.0871664], [13.1239091, 63.0871833], [13.1237491, 63.0871728], [13.1235724, 63.087143], [13.1233956, 63.0871383], [13.1232563, 63.0871197], [13.1230408, 63.0870887], [13.1228615, 63.0870724], [13.1226486, 63.0870496], [13.1225583, 63.087014], [13.1224241, 63.0870291], [13.1222138, 63.0870005], [13.1220139, 63.0869637], [13.1216668, 63.0869696], [13.1214604, 63.0869889], [13.1212204, 63.0870029], [13.1209701, 63.0870537], [13.1205831, 63.0870677], [13.1203741, 63.0870513], [13.1201664, 63.087101], [13.1197961, 63.0871296], [13.1193472, 63.0871576], [13.1190827, 63.0871927], [13.1186802, 63.0872604], [13.1184118, 63.0872668], [13.1180454, 63.0873059], [13.1176571, 63.0873118], [13.1164469, 63.0873246], [13.1160276, 63.0873281], [13.1155683, 63.0873678], [13.1150484, 63.0873462], [13.1148304, 63.0873667], [13.114713, 63.0873924], [13.1146059, 63.0873737], [13.1146278, 63.0873422], [13.1145024, 63.0873346], [13.1144097, 63.0873911], [13.1141678, 63.0874212], [13.1137566, 63.0873382], [13.1135026, 63.0872415], [13.1131256, 63.0871785], [13.112414, 63.0872123], [13.1121318, 63.0872169], [13.1111985, 63.0871886]], [[13.3342855, 63.0912916], [13.3328233, 63.091119], [13.3316154, 63.0907449], [13.3310856, 63.090649], [13.3299412, 63.0907545], [13.3282247, 63.0908792], [13.3272711, 63.0907257], [13.3270168, 63.0906202], [13.32494, 63.0905723], [13.324495, 63.0903709], [13.3235626, 63.0902366], [13.3218037, 63.0901215], [13.3167389, 63.0899297], [13.3157429, 63.0897666], [13.3146409, 63.0894309], [13.3129032, 63.0887979], [13.3120344, 63.0884334], [13.3093642, 63.0877045], [13.304914, 63.0863712], [13.3046173, 63.0862465], [13.3034306, 63.0862177], [13.3021379, 63.0859395], [13.3009936, 63.0855654], [13.3001883, 63.0850474], [13.2987897, 63.0840785], [13.2970943, 63.0826012], [13.2956321, 63.0813636], [13.2945302, 63.0803466], [13.2932799, 63.0794927], [13.2929196, 63.078917], [13.2921355, 63.0786388], [13.289974, 63.0782837], [13.2891687, 63.0780631], [13.2889356, 63.0778328], [13.2880668, 63.077449], [13.2871767, 63.0764606], [13.2863291, 63.0758369], [13.285333, 63.0753667], [13.2837437, 63.074292], [13.2829172, 63.0741768], [13.2818788, 63.0738314], [13.2810312, 63.0736682], [13.279463, 63.0733803], [13.277471, 63.0733803], [13.2762419, 63.0733611], [13.2748644, 63.0733323], [13.2737625, 63.0733995], [13.2714314, 63.0728717], [13.2681679, 63.072459], [13.2653494, 63.0725262], [13.2636541, 63.0726894], [13.2601151, 63.072651], [13.2567669, 63.0724878], [13.256004, 63.0723535], [13.2537577, 63.072555], [13.2519352, 63.0726606], [13.2497101, 63.0723343], [13.2484174, 63.0721519], [13.2466585, 63.0719984], [13.245387, 63.0720848], [13.2440943, 63.0718352], [13.2429712, 63.0717968], [13.2407461, 63.0718832], [13.237419, 63.0719216], [13.2336045, 63.0720368], [13.2325873, 63.0721135], [13.2297689, 63.0723151], [13.2278192, 63.0725358], [13.2266961, 63.072411], [13.2257213, 63.0724878], [13.2240048, 63.0722959], [13.2234114, 63.0721135], [13.2226485, 63.0720272], [13.2224366, 63.0722479], [13.2205505, 63.0730348], [13.2195333, 63.0731404], [13.217287, 63.0731404], [13.2152103, 63.073198], [13.2145321, 63.073054], [13.2131123, 63.073054], [13.2119468, 63.073198], [13.2085137, 63.073246], [13.2053986, 63.0729677], [13.2036185, 63.0733035], [13.2030635, 63.0733858], [13.2021869, 63.0734164], [13.2018348, 63.0733858], [13.2014751, 63.0735012], [13.2010556, 63.0733621], [13.2000441, 63.0732874], [13.1992499, 63.0733621], [13.1985456, 63.0737149], [13.1975791, 63.0739321], [13.1967849, 63.0743969], [13.1963429, 63.0745699], [13.1953989, 63.0753537], [13.1942975, 63.0759474], [13.1933235, 63.0765037], [13.192769, 63.0768633], [13.1916902, 63.0775147], [13.1908435, 63.0779964], [13.1901692, 63.0782067], [13.1895773, 63.0784544], [13.1882287, 63.0788411], [13.187442, 63.0790209], [13.1866178, 63.079082], [13.1857562, 63.0791905], [13.1853292, 63.0793262], [13.1841678, 63.079567], [13.1832013, 63.0797875], [13.1821299, 63.0797129], [13.1813133, 63.0797706], [13.1804516, 63.0798723], [13.1800546, 63.0798995], [13.1797623, 63.080008], [13.1793128, 63.0800623], [13.1788483, 63.0800793], [13.1780331, 63.0802989], [13.1768343, 63.0803328], [13.1759502, 63.0806788], [13.1750361, 63.0806109], [13.1733279, 63.0806788], [13.1718744, 63.0807805], [13.1709603, 63.0812011], [13.1701811, 63.0812283], [13.1688774, 63.0812486], [13.1674988, 63.0815268], [13.1660004, 63.0818049], [13.1631832, 63.0818727], [13.1608756, 63.0821305], [13.1567398, 63.0833651], [13.1532634, 63.0846472], [13.1509557, 63.0852984], [13.1493074, 63.0856104], [13.1469249, 63.0860581], [13.1436882, 63.0865329], [13.1416927, 63.086757], [13.1414488, 63.0868492], [13.1411142, 63.0868939], [13.1409086, 63.0869605], [13.1407332, 63.0869979], [13.1406364, 63.0870335], [13.1404953, 63.0870171]], [[13.3375702, 63.0908696], [13.3362563, 63.0909943], [13.3342855, 63.0912916]], [[13.3406911, 63.0900009], [13.3402086, 63.0902031], [13.3390655, 63.0905224], [13.3375702, 63.0908696]]]}}, {"type": "Feature", "id": "relation/3587400", "properties": {"distance": "16 km", "name": "Lunndörren - Vålåstugorna sommarled", "network": "rwn", "route": "hiking", "type": "route", "@id": "relation/3587400", "@type": "relation", "osm_id": 3587400}, "geometry": {"type": "MultiLineString", "coordinates": [[[12.7994195, 63.0404691], [12.7997113, 63.0404813], [12.7997583, 63.0404068], [12.7998835, 63.0402855], [12.7998536, 63.040201], [12.7999338, 63.0400819], [12.8000791, 63.0400235], [12.8002351, 63.0398822], [12.8003124, 63.0397693], [12.800381, 63.0396526], [12.8008188, 63.0395125], [12.8009904, 63.039314], [12.8011192, 63.0392673], [12.8016942, 63.0388237], [12.8017801, 63.0388004], [12.8020633, 63.0386447], [12.802235, 63.038489], [12.8023466, 63.0384229], [12.8026555, 63.0382906], [12.8028358, 63.0381349], [12.8031534, 63.0378859], [12.8034366, 63.0376485], [12.8034452, 63.0375473], [12.803737, 63.037485], [12.8040546, 63.0372282], [12.8041662, 63.0372009], [12.8043464, 63.0370608], [12.8047412, 63.0369013], [12.8048528, 63.0367729], [12.8051275, 63.03666], [12.805282, 63.0365277], [12.8055566, 63.036481], [12.8060115, 63.0362163], [12.806269, 63.0360918], [12.8066209, 63.0359945], [12.8075136, 63.0359206], [12.8077024, 63.0358894], [12.8079599, 63.0358894], [12.8083976, 63.0358583], [12.8086894, 63.0358816], [12.8088869, 63.0359283], [12.8092216, 63.0358816], [12.8094276, 63.0358933], [12.8100971, 63.0358816], [12.8102859, 63.03594], [12.8109125, 63.0359206], [12.811127, 63.0358816], [12.8114789, 63.0358816], [12.8118223, 63.035905], [12.8122257, 63.0359595], [12.8125175, 63.036049], [12.8133071, 63.0360568], [12.8136676, 63.0360762], [12.8138736, 63.0361112], [12.8141826, 63.0360918], [12.8147319, 63.0361151], [12.8151096, 63.0360996], [12.8157276, 63.0361385], [12.8158477, 63.0362008], [12.8160022, 63.0362008], [12.8161825, 63.0361696], [12.8163799, 63.0361657], [12.8166545, 63.0361229], [12.8172038, 63.0361346], [12.8173412, 63.0361074], [12.81753, 63.0361307], [12.8177789, 63.0361541], [12.8180965, 63.0362085], [12.8184055, 63.0361502], [12.8184913, 63.0361268], [12.8191265, 63.0361735], [12.8193496, 63.0361346], [12.8196329, 63.0361735], [12.8200878, 63.0361502], [12.8202079, 63.0361657], [12.8203023, 63.0361502], [12.8204053, 63.0361541], [12.8204826, 63.0361307], [12.8208259, 63.0361541], [12.8212121, 63.0361891], [12.8216499, 63.0361969], [12.8220876, 63.0362085], [12.8223194, 63.0361891], [12.8227228, 63.0362085], [12.8232034, 63.0361969], [12.8234695, 63.0360879], [12.8238986, 63.0359167], [12.8241561, 63.0357649], [12.8247398, 63.0356364], [12.8254608, 63.0356442], [12.8260101, 63.0356637], [12.8263362, 63.0357143], [12.8265508, 63.0358544], [12.826774, 63.0359634], [12.8268855, 63.036158], [12.827289, 63.0362708], [12.8274434, 63.0362864], [12.8280528, 63.0364654], [12.8284734, 63.0365627], [12.8287395, 63.0366444], [12.8289627, 63.0367884], [12.8292373, 63.036804], [12.8294948, 63.0368507], [12.8297351, 63.0368429], [12.8298982, 63.0368312], [12.8303188, 63.0369363], [12.8309196, 63.0370258], [12.8315376, 63.0372165], [12.8319581, 63.0372282], [12.8320354, 63.0372554], [12.8321212, 63.0373216], [12.8321641, 63.0373761], [12.8324474, 63.0374967], [12.8327306, 63.0375395], [12.8332714, 63.0375317], [12.833855, 63.0376057], [12.8342155, 63.0377068], [12.8345931, 63.0377224], [12.8348592, 63.0377964], [12.8353656, 63.0378586], [12.8359664, 63.0379793], [12.836284, 63.0380143], [12.8365072, 63.0380571], [12.836696, 63.0381155], [12.8371337, 63.0381699], [12.8380264, 63.0382322], [12.8383268, 63.0382283], [12.8385156, 63.0382711], [12.8388246, 63.0382945], [12.8390993, 63.0383295], [12.8393739, 63.0383334], [12.8396228, 63.038384], [12.8400005, 63.038384], [12.840258, 63.0383528], [12.840567, 63.038349], [12.8408674, 63.038384], [12.8411678, 63.0383178], [12.8420347, 63.0383256], [12.8429616, 63.0381466], [12.8437169, 63.0381388], [12.8438114, 63.0381699], [12.8441118, 63.0381933], [12.8442936, 63.0382639], [12.8446026, 63.0383221], [12.8448838, 63.0383878], [12.8451831, 63.0384293], [12.8455697, 63.0384817], [12.8458405, 63.0385092], [12.8460711, 63.0385329], [12.8465751, 63.0384424], [12.8468069, 63.0384968], [12.8471244, 63.0384657], [12.8474592, 63.0384424], [12.8478025, 63.0384618], [12.8481029, 63.0385046], [12.8490985, 63.038563], [12.8492616, 63.0386291], [12.849665, 63.0387342], [12.8499568, 63.0387615], [12.8502744, 63.038812], [12.8505662, 63.038851], [12.8509954, 63.0390066], [12.8511585, 63.0390844], [12.8512872, 63.0392051], [12.8516048, 63.0394386], [12.8518365, 63.0395903], [12.8520683, 63.0396098], [12.8527978, 63.0397187], [12.8530296, 63.0397693], [12.8532613, 63.0397654], [12.8536733, 63.0396915], [12.8539222, 63.0396915], [12.8541196, 63.0397654], [12.8544029, 63.0398082], [12.8550037, 63.0399639], [12.8553728, 63.0398977], [12.8564542, 63.0394736], [12.8565744, 63.0394502], [12.8573039, 63.0391506], [12.8578103, 63.0389288], [12.8579133, 63.0388548], [12.8579992, 63.0388315], [12.8581708, 63.0386992], [12.8584283, 63.0386175], [12.8587202, 63.038563], [12.858909, 63.0384774], [12.8594411, 63.0383801], [12.8597072, 63.0383451], [12.8598445, 63.0382672], [12.8603681, 63.0381738], [12.860926, 63.037952], [12.8610719, 63.0378508], [12.8612693, 63.0377808], [12.8618101, 63.0376991], [12.862119, 63.037703], [12.8622834, 63.0377238], [12.8623309, 63.0376239]], [[12.8623309, 63.0376239], [12.862458, 63.0373076]], [[12.862458, 63.0373076], [12.8625254, 63.0369434], [12.8626169, 63.0367378], [12.8630804, 63.0367378], [12.8635953, 63.036804], [12.8638013, 63.0368312], [12.8640159, 63.0367729], [12.8645652, 63.0367729], [12.8651231, 63.0367339], [12.8653463, 63.0367145], [12.8656467, 63.0367223], [12.8659128, 63.0367067], [12.8662904, 63.0367067], [12.8665393, 63.03666], [12.8667882, 63.0366522], [12.8669599, 63.0366327], [12.867595, 63.0366522], [12.8678611, 63.0366444], [12.8682731, 63.0366133], [12.8685735, 63.0365744], [12.8688482, 63.036586], [12.8695005, 63.0365471], [12.869964, 63.036551], [12.8701013, 63.0366211], [12.8703588, 63.0366794], [12.8707794, 63.0368779], [12.8711313, 63.0369908], [12.8717493, 63.0371309], [12.8719724, 63.0371348], [12.8722385, 63.0372515], [12.8724016, 63.0372476], [12.8727277, 63.0373099], [12.8728822, 63.0373527], [12.8729509, 63.0374267], [12.873689, 63.0376874], [12.8738092, 63.0377107], [12.8739894, 63.0377925], [12.87441, 63.0379248], [12.8752769, 63.0381544], [12.8764785, 63.0384774], [12.8765386, 63.0385124], [12.8767789, 63.0385824], [12.8770364, 63.0385824], [12.8771995, 63.0385513], [12.8773883, 63.0385474], [12.877972, 63.0384929], [12.878341, 63.0385552], [12.8787616, 63.0387031], [12.8790277, 63.0387498], [12.8793453, 63.0388432], [12.8797916, 63.0390611], [12.8800062, 63.0391311], [12.8802894, 63.0392907], [12.8805027, 63.0394031], [12.8806292, 63.0394649], [12.880788, 63.0394983], [12.8808593, 63.0395704], [12.8810804, 63.039649], [12.8813175, 63.0397607], [12.8816133, 63.0398338], [12.8819839, 63.0398858], [12.8824587, 63.0399907], [12.8826623, 63.0400716], [12.8831991, 63.0401044], [12.8837398, 63.0401701], [12.8842462, 63.0401974], [12.8846734, 63.0402637], [12.8854105, 63.0403077], [12.8856023, 63.0403285], [12.8863748, 63.0403841], [12.8867525, 63.040353], [12.8869499, 63.0403024], [12.8870958, 63.0403024], [12.8872245, 63.0403725], [12.8877309, 63.0403102], [12.8879369, 63.0402791], [12.8881515, 63.040388], [12.8882373, 63.0403841], [12.8883403, 63.0404308], [12.8884347, 63.0404347], [12.8887609, 63.0405242], [12.8890613, 63.0404736], [12.889396, 63.0405437], [12.8895763, 63.0405437], [12.8897394, 63.040567], [12.8897823, 63.0406293], [12.8899711, 63.0407149], [12.8904947, 63.040676], [12.8905805, 63.0406604], [12.890735, 63.0406799], [12.8909067, 63.040641], [12.8910268, 63.0406993], [12.8911212, 63.0407149], [12.8913186, 63.0407772], [12.8914216, 63.0408005], [12.8916791, 63.0408939], [12.8917993, 63.0409639], [12.8923744, 63.0410145], [12.8926748, 63.0410456], [12.8927177, 63.0411079], [12.893061, 63.0412091], [12.8936361, 63.0412908], [12.8938678, 63.0413647], [12.8940309, 63.0413959], [12.8941511, 63.0413842], [12.8945201, 63.0414231], [12.894975, 63.0414387], [12.8951982, 63.0414776], [12.8955072, 63.0414853], [12.8960651, 63.0416138], [12.8962282, 63.0415904], [12.8963054, 63.0416021], [12.8972925, 63.041497], [12.8977731, 63.0415476], [12.8980821, 63.0415243], [12.898537, 63.0413997], [12.8986432, 63.0414065], [12.8988359, 63.0414065]], [[12.8988359, 63.0414065], [12.8992096, 63.0414037], [12.8994803, 63.0414138]], [[12.8994803, 63.0414138], [12.899724, 63.0414677], [12.8999092, 63.0415132], [12.900039, 63.0416099], [12.9001592, 63.041711], [12.9004682, 63.0420379], [12.9005969, 63.0422246], [12.9007514, 63.042353], [12.900966, 63.0424659], [12.9013523, 63.0426799], [12.9014896, 63.0428122], [12.9019614, 63.0433417], [12.9020046, 63.043602], [12.9020904, 63.0436837], [12.9023206, 63.0438377], [12.9024283, 63.0439451], [12.9026054, 63.0440028], [12.9027341, 63.0440689], [12.9031547, 63.0441817], [12.9037212, 63.044458], [12.9039272, 63.0445786], [12.9044507, 63.0447615], [12.9048885, 63.0448081], [12.905309, 63.0448043], [12.9054635, 63.0447848], [12.9056781, 63.044812], [12.9063476, 63.0449988], [12.9066652, 63.0450416], [12.9067939, 63.0451077], [12.9069999, 63.0450922], [12.9072487, 63.0451817], [12.9078582, 63.0452711], [12.9080642, 63.0453178], [12.9083131, 63.0454229], [12.9086049, 63.0453879], [12.9090084, 63.0454306], [12.9092573, 63.0454851], [12.909489, 63.0454657], [12.9096692, 63.0454696], [12.9100898, 63.0454501], [12.9105876, 63.0455474], [12.9109996, 63.0456407], [12.9113515, 63.0456758], [12.9113944, 63.0457185], [12.9114631, 63.0457419], [12.9115747, 63.0457769], [12.9117378, 63.0458392], [12.9118665, 63.045808], [12.9122184, 63.045808], [12.9123729, 63.0458742], [12.9127677, 63.0458975], [12.9129853, 63.0459727], [12.9132827, 63.0459909], [12.9134973, 63.0460298], [12.9136518, 63.0460337], [12.9139265, 63.0460804], [12.9143127, 63.0460765], [12.91445, 63.0460804], [12.9145959, 63.0461543], [12.9146903, 63.0461971], [12.9151882, 63.0462671], [12.9154542, 63.0463488], [12.9156774, 63.0463838], [12.9158576, 63.0463877], [12.9161151, 63.0464188], [12.9166473, 63.0464188], [12.9169734, 63.0464966], [12.9174198, 63.0465667], [12.9177373, 63.0465978], [12.9178575, 63.0466289], [12.9181322, 63.0466561], [12.9185441, 63.0467223], [12.9189046, 63.0468195], [12.919102, 63.0468351], [12.9195827, 63.0469129], [12.920132, 63.0469791], [12.9203466, 63.047053], [12.9206127, 63.047053], [12.9209646, 63.0470724], [12.9211362, 63.0470802], [12.9213508, 63.0471347], [12.9215139, 63.0471424], [12.9216083, 63.0472047], [12.9221233, 63.0472864], [12.9222778, 63.0473292], [12.9226554, 63.0473409], [12.9227985, 63.047373], [12.923032, 63.0473984], [12.9233996, 63.0474824], [12.9237252, 63.0475223], [12.9239234, 63.0475833], [12.9241317, 63.0476365], [12.9244922, 63.047691], [12.9248527, 63.0478077], [12.9251102, 63.0479127], [12.9252904, 63.0480139], [12.9255908, 63.0481033], [12.9258483, 63.0481461], [12.9260972, 63.0481811], [12.9265436, 63.0481773], [12.92705, 63.0481422], [12.9272731, 63.0481033], [12.9274705, 63.048115], [12.9276079, 63.0480839], [12.9278053, 63.0481422], [12.9279426, 63.0481384], [12.9282001, 63.0482006], [12.9283889, 63.0482628], [12.9286807, 63.0482901], [12.9287322, 63.048329], [12.9289812, 63.0483795], [12.9294017, 63.0484262], [12.929582, 63.0484496], [12.9299253, 63.0485157], [12.930097, 63.048613], [12.9308179, 63.0487063], [12.9311441, 63.0487608], [12.9314273, 63.0488541], [12.9317964, 63.0489786], [12.9319681, 63.0489981], [12.9323715, 63.0491031], [12.9326032, 63.0491342], [12.9327577, 63.0491498], [12.9332555, 63.0493132], [12.9336074, 63.0493988], [12.9337705, 63.049426], [12.9340967, 63.0495271], [12.9345687, 63.0496244], [12.9347661, 63.0496866], [12.9349121, 63.0497411], [12.9355215, 63.0498578], [12.9357532, 63.0499434], [12.9362682, 63.0500134], [12.9364828, 63.0500484], [12.9365428, 63.0500717], [12.9367917, 63.0502157], [12.9368947, 63.0502507], [12.9373411, 63.0503285], [12.9378303, 63.0504724], [12.93868, 63.050698], [12.9388345, 63.0507602], [12.9391778, 63.0507875], [12.9393238, 63.0508341], [12.9395383, 63.0508925], [12.9398645, 63.0509469], [12.9407915, 63.0511998], [12.940946, 63.0512192], [12.9413236, 63.0513048], [12.9416068, 63.0513593], [12.9418901, 63.0514604], [12.9420703, 63.0515615], [12.9423879, 63.0516666], [12.9426626, 63.0517716], [12.9429201, 63.0518688], [12.9430488, 63.0519544], [12.943229, 63.05197], [12.9434007, 63.0520828], [12.943744, 63.0522033], [12.9441045, 63.0523045], [12.9444307, 63.0524717], [12.944568, 63.0524951], [12.9447568, 63.0526117], [12.9450487, 63.052709], [12.9455293, 63.0528529], [12.9457096, 63.0528607], [12.9459241, 63.0528996], [12.9460786, 63.0530357], [12.9463361, 63.0530785], [12.9465249, 63.0530863], [12.946688, 63.0531641], [12.9468683, 63.0531796], [12.9471172, 63.0532341], [12.9476236, 63.0532963], [12.9479927, 63.0535297], [12.9484905, 63.0536853], [12.9487565, 63.0537008], [12.9491084, 63.0536619], [12.9496149, 63.0536697], [12.9498552, 63.053623], [12.9499582, 63.0535647], [12.9503444, 63.0536152], [12.9506534, 63.053658], [12.9510396, 63.0536969], [12.9515375, 63.0537047], [12.9517177, 63.053693], [12.9521726, 63.0537319], [12.9524988, 63.0537475], [12.9527133, 63.0538642], [12.9530481, 63.0539964], [12.9533742, 63.0540937], [12.9537261, 63.0540159], [12.9540952, 63.0540509], [12.9544643, 63.0540353], [12.9548505, 63.0539653], [12.9551509, 63.0539497], [12.9556316, 63.0537786], [12.9560007, 63.0537786], [12.9566186, 63.0537397], [12.9569534, 63.0537358], [12.9577173, 63.053693], [12.9580348, 63.0536308], [12.9583524, 63.0536308], [12.9584726, 63.0536075], [12.9586957, 63.0536464], [12.9590906, 63.0536853], [12.9591506, 63.0536619], [12.9594167, 63.0536269], [12.9595884, 63.0535647], [12.9597944, 63.053553], [12.9599574, 63.0535141], [12.9602149, 63.0535063], [12.9603094, 63.0535413], [12.9605583, 63.0535452], [12.9608415, 63.0535647], [12.9615711, 63.0537086], [12.96182, 63.0537125], [12.9621118, 63.0536697], [12.962438, 63.0536697], [12.9627126, 63.0537708], [12.9628499, 63.0537981], [12.9630216, 63.0538953], [12.9632619, 63.0539692], [12.9641632, 63.0539964], [12.964455, 63.0539692], [12.9648069, 63.0539886], [12.9651674, 63.0539809], [12.9654592, 63.054012], [12.9657768, 63.0540236], [12.966163, 63.054082], [12.9667467, 63.0541014], [12.9670041, 63.0540859], [12.9672445, 63.0540975], [12.9678539, 63.0540859], [12.9681114, 63.0541248], [12.9683174, 63.0541014], [12.9685748, 63.0540975], [12.9688323, 63.0541209], [12.9692357, 63.0541675], [12.9696392, 63.054187], [12.9700597, 63.0541753], [12.9703172, 63.0542181], [12.9705833, 63.0542181], [12.9710639, 63.0543426], [12.9714673, 63.0544242], [12.9716733, 63.054432], [12.9719137, 63.0545137], [12.9722398, 63.0545526], [12.9724458, 63.0545526], [12.9728664, 63.0546032], [12.9730895, 63.0546187], [12.9734071, 63.0546032], [12.9738191, 63.0546693], [12.9740766, 63.0546343], [12.9745229, 63.0546693], [12.9748491, 63.0547237], [12.9751924, 63.0546926], [12.975776, 63.0546965], [12.9760078, 63.0547432], [12.9763425, 63.0547237], [12.9767116, 63.0547743], [12.977218, 63.0548832], [12.9774927, 63.0548987], [12.97763, 63.054926], [12.9778016, 63.0549104], [12.9780763, 63.0549493], [12.9785655, 63.0549999], [12.9788659, 63.0549999], [12.9791234, 63.0550932], [12.9793724, 63.0551243], [12.9798616, 63.055276], [12.9801105, 63.0552955], [12.9802822, 63.0553382], [12.9805396, 63.0553577], [12.9811319, 63.0554938], [12.9813465, 63.0555755], [12.9814323, 63.0556766], [12.9819129, 63.0557855], [12.982076, 63.0557894], [12.9823335, 63.0558438], [12.9827283, 63.0558944], [12.9829858, 63.0559761], [12.9834836, 63.0560538], [12.983621, 63.0560616], [12.9837497, 63.0561316], [12.9839815, 63.0561433], [12.9846853, 63.056295], [12.984917, 63.056365], [12.9852088, 63.0563766], [12.9855607, 63.0564311], [12.9858697, 63.0564233], [12.9859727, 63.0564544], [12.9861101, 63.0565439], [12.9865478, 63.0566722], [12.9868482, 63.0566605], [12.9871744, 63.0567578], [12.9874576, 63.0567967], [12.9876893, 63.0568044], [12.9880327, 63.0567772], [12.9881786, 63.0567733], [12.9884361, 63.0568433], [12.9885991, 63.0569717], [12.9887193, 63.0570067], [12.9890369, 63.0570378], [12.9893287, 63.0569989], [12.9895948, 63.0569989], [12.9898351, 63.0570845], [12.9900583, 63.0571817], [12.9904188, 63.0573878], [12.9905818, 63.0574889], [12.9906763, 63.0576289], [12.9907878, 63.0577689], [12.9908908, 63.0579284], [12.9910539, 63.05815], [12.9913371, 63.0581811], [12.9915431, 63.0581772], [12.9919465, 63.0582667], [12.9921955, 63.0582939], [12.9925388, 63.0583406], [12.9927791, 63.0583717], [12.9929959, 63.058404], [12.9931421, 63.0584345], [12.9936271, 63.0585025], [12.9938768, 63.0585571], [12.9940494, 63.0585739], [12.9942296, 63.0586322], [12.9945644, 63.05871], [12.9949077, 63.0587411], [12.9955858, 63.0588461], [12.9964097, 63.0588422], [12.9968389, 63.0588811], [12.9970706, 63.0589395], [12.9973281, 63.0589395], [12.9976114, 63.0589628], [12.9977916, 63.058955], [12.9981521, 63.058955], [12.9984163, 63.0588956], [12.9989292, 63.0588685], [12.9993511, 63.058831], [12.9996858, 63.0588843], [13.000038, 63.0588235], [13.000398, 63.0588192], [13.0008343, 63.0587582], [13.001172, 63.0586704], [13.0014215, 63.0585352], [13.0018137, 63.05851], [13.0021124, 63.0586285], [13.0027204, 63.0586711], [13.0033885, 63.0585264], [13.0039051, 63.0583418], [13.0041324, 63.0581905], [13.0044192, 63.0580859], [13.0046337, 63.0578897], [13.0048971, 63.0577825], [13.0051799, 63.0576983], [13.0055652, 63.0576078], [13.0059689, 63.0575375], [13.0063879, 63.057471], [13.0068068, 63.0573705], [13.0071987, 63.05731], [13.0074047, 63.0572517], [13.0077651, 63.0572245], [13.0082115, 63.0571661], [13.0086749, 63.057135], [13.0090612, 63.0570883], [13.0095161, 63.0569872], [13.0100912, 63.0569328], [13.0102456, 63.0568939], [13.0104688, 63.0568939], [13.0108636, 63.0567928], [13.0111555, 63.0567772], [13.0115331, 63.0566994], [13.0117048, 63.0566644], [13.0119966, 63.0566022], [13.0123743, 63.0566178], [13.0126489, 63.0566178], [13.0128892, 63.0565711], [13.0131467, 63.0565867], [13.0135501, 63.0566955], [13.0138935, 63.0566955], [13.0141509, 63.0567772], [13.0146402, 63.05682], [13.0148118, 63.0568861], [13.0150608, 63.0569211], [13.0159191, 63.0570611], [13.0162356, 63.0570711], [13.016324, 63.057099]], [[13.016324, 63.057099], [13.016506, 63.0574255]], [[13.016506, 63.0574255], [13.0166057, 63.0575861], [13.0167344, 63.0576989], [13.0167516, 63.05787], [13.0168718, 63.0580606], [13.0169919, 63.0581695], [13.0170091, 63.0582861], [13.0170606, 63.0583872], [13.0174383, 63.0585856], [13.0175327, 63.0586867], [13.0177816, 63.0587761], [13.0179618, 63.0589083], [13.0182966, 63.0590289], [13.0188974, 63.0592933], [13.0191377, 63.0593205], [13.0195325, 63.0594489], [13.019584, 63.0595655], [13.0192925, 63.0598144], [13.0194124, 63.0600322], [13.0195239, 63.0600749], [13.0197729, 63.0602538], [13.0199188, 63.060561], [13.0201333, 63.060771], [13.0203308, 63.0608099], [13.0206998, 63.0608449], [13.0210775, 63.060876], [13.021335, 63.0608838], [13.0214208, 63.0609071], [13.0215925, 63.0609032], [13.0217985, 63.0609227], [13.0222276, 63.0608449], [13.0225881, 63.0607321], [13.0229915, 63.0607088], [13.0232576, 63.060736], [13.0235837, 63.0608254], [13.0239614, 63.0608993], [13.0247081, 63.0610004], [13.024794, 63.0610393], [13.0249399, 63.0610393], [13.0252746, 63.0610937], [13.0255578, 63.0611443], [13.0260986, 63.0612182], [13.0271357, 63.0610754], [13.0275942, 63.0611434], [13.0279975, 63.061188], [13.0283511, 63.0611587], [13.0288135, 63.0611261], [13.0292668, 63.061091], [13.0300006, 63.0612289], [13.0305087, 63.0612289], [13.0310682, 63.0612959], [13.0316261, 63.061261], [13.0319694, 63.0612804], [13.0324586, 63.0612648], [13.0331109, 63.0613193], [13.0337203, 63.0612921], [13.0341066, 63.0612648], [13.0343212, 63.0612182], [13.0346731, 63.0612143], [13.0352567, 63.061121], [13.0357889, 63.0611326], [13.0359605, 63.0611599], [13.0361837, 63.0611404], [13.036733, 63.0611404], [13.0370629, 63.0611808], [13.0374282, 63.0611793], [13.0377201, 63.0611832], [13.038235, 63.0611948], [13.0387586, 63.0611871], [13.039162, 63.0612376], [13.0397972, 63.0612143], [13.0400031, 63.0612376], [13.0405439, 63.0612221], [13.0406812, 63.0612493], [13.040973, 63.061261]], [[13.0593377, 63.0587487], [13.057996, 63.0589315], [13.0562114, 63.0593288], [13.0536422, 63.0594752], [13.0522421, 63.0590291], [13.0501037, 63.058576], [13.0490114, 63.0586945], [13.0485037, 63.0585969], [13.0458835, 63.0586595], [13.044119, 63.0596634], [13.0419652, 63.0607925], [13.040973, 63.061261]], [[13.0593377, 63.0587487], [13.0600727, 63.0590355], [13.0607754, 63.0591497], [13.0618268, 63.0593733], [13.06237, 63.059508]], [[13.0626195, 63.0625013], [13.0625621, 63.0623281], [13.0624635, 63.0621732], [13.0624405, 63.0620168], [13.0625109, 63.0618582], [13.0626003, 63.0616895], [13.063236, 63.0608963], [13.0633182, 63.0605774], [13.0629181, 63.0603395], [13.0620713, 63.0602408], [13.0618875, 63.0601276], [13.0618572, 63.0598913], [13.0619746, 63.0598043], [13.0622397, 63.0596079], [13.06237, 63.059508]]]}}, {"type": "Feature", "id": "relation/3587402", "properties": {"distance": "22 km", "name": "Tossåsen - Lunndörren sommarled", "network": "rwn", "route": "hiking", "type": "route", "@id": "relation/3587402", "@type": "relation", "osm_id": 3587402}, "geometry": {"type": "MultiLineString", "coordinates": [[[13.0626195, 63.0625013], [13.0625621, 63.0623281], [13.0624635, 63.0621732], [13.0624405, 63.0620168], [13.0625109, 63.0618582], [13.0626003, 63.0616895], [13.063236, 63.0608963], [13.0633182, 63.0605774], [13.0629181, 63.0603395], [13.0620713, 63.0602408], [13.0618875, 63.0601276], [13.0618572, 63.0598913], [13.0619746, 63.0598043], [13.0622397, 63.0596079], [13.06237, 63.059508]], [[13.06237, 63.059508], [13.0626502, 63.0592818], [13.0628895, 63.0586495], [13.0628611, 63.0580153], [13.0618375, 63.0574938], [13.0621011, 63.0567539], [13.0631791, 63.0564195], [13.0653138, 63.0564958], [13.067617, 63.056783], [13.069983, 63.056583], [13.070217, 63.05665], [13.072467, 63.0569], [13.076233, 63.057017], [13.076417, 63.056917], [13.077917, 63.056417], [13.080183, 63.05645], [13.0803674, 63.0564813], [13.0804794, 63.0565599], [13.0804475, 63.0569121], [13.0805275, 63.0570295], [13.0807641, 63.0570764], [13.086767, 63.057167], [13.087217, 63.057083], [13.0906, 63.057383], [13.09165, 63.057167], [13.092217, 63.056833], [13.0947, 63.05585], [13.0953, 63.055817], [13.098567, 63.056117], [13.100883, 63.05645], [13.104467, 63.056583], [13.107, 63.056417], [13.108417, 63.0564], [13.108633, 63.056433], [13.110417, 63.0568], [13.11355, 63.057917], [13.116183, 63.058567], [13.1214, 63.0594], [13.12265, 63.059517], [13.123967, 63.059383], [13.12545, 63.059667], [13.131683, 63.061683], [13.138117, 63.061867], [13.139867, 63.061783], [13.14225, 63.06155], [13.145417, 63.060883], [13.14885, 63.058533], [13.14925, 63.05815], [13.15015, 63.057667], [13.15065, 63.057583], [13.151767, 63.0571], [13.154767, 63.05475], [13.155133, 63.054233], [13.157517, 63.051867], [13.158167, 63.051467], [13.158717, 63.050833], [13.159667, 63.049967], [13.160767, 63.048667], [13.161617, 63.04815], [13.1621, 63.046833], [13.162717, 63.046217], [13.163317, 63.04485], [13.1646, 63.0432], [13.16595, 63.04185], [13.16655, 63.04115], [13.167133, 63.04025], [13.167633, 63.0397], [13.167433, 63.039167], [13.1681, 63.037983], [13.16825, 63.03615], [13.1678, 63.034267], [13.1677, 63.03055], [13.16755, 63.030117], [13.1671, 63.02955], [13.167033, 63.02805], [13.1662, 63.0275], [13.166, 63.026583], [13.167083, 63.025283], [13.168, 63.024767], [13.16915, 63.022967], [13.1696, 63.021833], [13.169629, 63.021317]], [[13.169629, 63.021317], [13.169683, 63.020517], [13.170133, 63.01985], [13.180517, 63.01415], [13.190817, 63.0086], [13.2012698, 63.0032216]], [[13.2012698, 63.0032216], [13.20235, 63.002617], [13.203, 63.00175], [13.203583, 63.0015], [13.204633, 63.0009], [13.205775, 63.000129], [13.206917, 62.999433], [13.207383, 62.998833], [13.208867, 62.998167], [13.213133, 62.9965], [13.214567, 62.995483], [13.219133, 62.992667], [13.2203, 62.991433], [13.221567, 62.990533], [13.2225891, 62.9900757], [13.2245957, 62.9884903], [13.2256468, 62.9876845], [13.2279567, 62.9852622], [13.229667, 62.98045], [13.2306, 62.978133], [13.231467, 62.974767], [13.2315, 62.974033], [13.2313, 62.9717], [13.231367, 62.970483], [13.2310966, 62.9691068], [13.230483, 62.965983], [13.230267, 62.964317], [13.2292516, 62.9634438], [13.2279416, 62.9634412], [13.2267775, 62.9632678], [13.225433, 62.962733], [13.2255, 62.96245], [13.226, 62.9622], [13.22745, 62.961683], [13.227783, 62.961], [13.229383, 62.958883], [13.2296563, 62.9581434], [13.230633, 62.9555], [13.230617, 62.95535], [13.230017, 62.95505], [13.2294685, 62.9545307], [13.2294749, 62.9543203], [13.2295784, 62.9540953], [13.2297061, 62.9537173], [13.229701, 62.9534506], [13.229734, 62.9533335], [13.2297671, 62.9532406], [13.2296982, 62.9531296], [13.2295153, 62.9529642], [13.2290587, 62.9525563], [13.228983, 62.9524242], [13.2289894, 62.9522703], [13.2290355, 62.9521473], [13.2291729, 62.9520093], [13.2293231, 62.951857], [13.2294763, 62.95181], [13.2296694, 62.9517879], [13.2299764, 62.9516924], [13.2303639, 62.9513365], [13.2305387, 62.9510418], [13.2305595, 62.9507699], [13.230433, 62.950467], [13.230117, 62.950083], [13.229969, 62.9499297], [13.2298593, 62.9496334], [13.2297544, 62.9494537], [13.2295268, 62.9493625], [13.2292548, 62.9493048], [13.2290108, 62.9493031], [13.2287767, 62.9493215], [13.2286438, 62.9492956], [13.2285949, 62.9492302], [13.2286457, 62.9491317]], [[13.2286457, 62.9491317], [13.2286868, 62.948995]], [[13.2286868, 62.948995], [13.2286433, 62.9488265], [13.2285997, 62.948696], [13.2286364, 62.9485762], [13.2287173, 62.9484631], [13.2288137, 62.9483482], [13.2288502, 62.948207], [13.2287031, 62.9479731], [13.2285315, 62.9477388], [13.2285444, 62.9472294], [13.2287031, 62.9467849], [13.2289338, 62.9465677], [13.2296, 62.946233], [13.2297331, 62.9460602], [13.2296151, 62.9458016], [13.2297867, 62.9455601], [13.2299691, 62.9454356], [13.2300867, 62.9452342], [13.2303768, 62.9451697], [13.2308899, 62.9448965], [13.2310635, 62.9444816], [13.2310581, 62.9441619], [13.2306611, 62.943591], [13.230883, 62.943117], [13.2309025, 62.9427076], [13.2313, 62.9424], [13.23195, 62.942133], [13.2320553, 62.9420943]], [[13.2399225, 62.9386848], [13.2399914, 62.9387578], [13.2399395, 62.9390096], [13.2398805, 62.9391302], [13.2397566, 62.9392305], [13.2395983, 62.9393132], [13.2377154, 62.9398623], [13.2368571, 62.9402454], [13.2365532, 62.9405803], [13.236213, 62.9413066], [13.2356423, 62.9417983], [13.2345702, 62.942109], [13.2334265, 62.9421875], [13.2320553, 62.9420943]]]}}, {"type": "Feature", "id": "relation/3587403", "properties": {"distance": "12 km", "name": "Vallbo - Lunndörren sommarled", "network": "rwn", "route": "hiking", "type": "route", "@id": "relation/3587403", "@type": "relation", "osm_id": 3587403}, "geometry": {"type": "MultiLineString", "coordinates": [[[13.0941639, 63.0806465], [13.0938123, 63.0805307], [13.0934344, 63.0804639], [13.0932538, 63.0803965], [13.0925846, 63.080219], [13.0924902, 63.0801569], [13.09231, 63.0800636], [13.0919752, 63.0799237], [13.0918379, 63.0798848], [13.0914603, 63.0796711], [13.0913229, 63.0796361], [13.0911427, 63.0794807], [13.0908594, 63.0792864], [13.0906019, 63.0791776], [13.0903273, 63.079061], [13.0900955, 63.0788162], [13.0899411, 63.0787035], [13.0898552, 63.0786219], [13.0892287, 63.0783654], [13.0890227, 63.0782721], [13.0888424, 63.0781983], [13.088439, 63.07814], [13.0882759, 63.078105], [13.0879498, 63.0780778], [13.087718, 63.0778952], [13.087718, 63.0778485], [13.087555, 63.0777902], [13.0875206, 63.0777553], [13.0872202, 63.0776698], [13.0872116, 63.0776309], [13.086834, 63.0775299], [13.0863533, 63.0774366], [13.0860186, 63.07739], [13.0857439, 63.0773083], [13.0846367, 63.0770635], [13.0844307, 63.0770363], [13.0839415, 63.0769119], [13.0836325, 63.0768225], [13.0834351, 63.0767565], [13.0832119, 63.0767215], [13.0830145, 63.0766477], [13.0826283, 63.0765583], [13.0825253, 63.0765077], [13.0823107, 63.0764533], [13.0821133, 63.0763367], [13.0819159, 63.0761968], [13.0816412, 63.0760841], [13.0811692, 63.0760181], [13.0803881, 63.0756566], [13.0799675, 63.0754234], [13.0791779, 63.075128], [13.0785342, 63.0749726], [13.0783711, 63.074957], [13.0781737, 63.074891], [13.0779934, 63.0748832], [13.0777617, 63.0748404], [13.0775128, 63.0748404], [13.0769806, 63.0747666], [13.0769291, 63.0747394], [13.0764656, 63.0746578], [13.0757618, 63.0744673], [13.0756159, 63.0744246], [13.0754528, 63.0743857], [13.0751782, 63.0743235], [13.075058, 63.0742224], [13.0749035, 63.0741369], [13.0747319, 63.0740592], [13.0746117, 63.0739659], [13.0745774, 63.0739076], [13.0743027, 63.0737638], [13.074131, 63.0737172], [13.0740452, 63.0736628], [13.073925, 63.0736278], [13.0736075, 63.0734878], [13.0733671, 63.073449], [13.0728007, 63.0732896], [13.0723629, 63.0730603], [13.0721827, 63.0729243], [13.0719853, 63.0727999], [13.0716763, 63.0725433], [13.0716162, 63.0724734], [13.0715132, 63.0723529], [13.0713072, 63.0721857], [13.0709896, 63.0719136], [13.0709124, 63.0717582], [13.0708866, 63.0716105], [13.0708437, 63.0714938], [13.0706377, 63.0711518], [13.0706291, 63.0710818], [13.0706892, 63.0707397], [13.0705862, 63.0705998], [13.0704232, 63.0703549], [13.0703802, 63.0702733], [13.0702, 63.0700828], [13.0700712, 63.0700634], [13.0699854, 63.0699079], [13.0698309, 63.0698223], [13.0697365, 63.0697252], [13.0697108, 63.0695774], [13.0697022, 63.0694258], [13.0697451, 63.0693403], [13.0697108, 63.0692431], [13.0695048, 63.0691615], [13.0693846, 63.0689866], [13.0692644, 63.0689166], [13.0693159, 63.068835], [13.0692816, 63.0687494], [13.0690756, 63.0685395], [13.0689383, 63.0684307], [13.068801, 63.0683451], [13.0686636, 63.0681663], [13.068595, 63.0679642], [13.0685091, 63.0679331], [13.0683975, 63.0679097], [13.0682774, 63.0678203], [13.0680199, 63.0677542], [13.0678396, 63.067727], [13.0677882, 63.0676493], [13.0676508, 63.0674782], [13.0675307, 63.0674354], [13.0673676, 63.0672799], [13.0672131, 63.0672022], [13.0669642, 63.0671089], [13.0666981, 63.0669611], [13.0665522, 63.0667357], [13.0665522, 63.0666579], [13.0664234, 63.0665568], [13.0661917, 63.0663819], [13.0660715, 63.0662847], [13.06602, 63.0661369], [13.0658741, 63.0658726], [13.0658312, 63.0657287], [13.0658655, 63.0656082], [13.0658484, 63.0652894], [13.0658999, 63.065165], [13.0658741, 63.0650872], [13.0659085, 63.0649628], [13.0658741, 63.0647878], [13.0659085, 63.0645934], [13.0659085, 63.064434], [13.0659514, 63.0643446], [13.0657797, 63.0641502], [13.0655823, 63.0641036], [13.0653162, 63.0640141], [13.0652991, 63.0639636], [13.0651531, 63.063913], [13.0651446, 63.0638508], [13.0652132, 63.0637186], [13.0652304, 63.0636059], [13.0652733, 63.0633726], [13.0651016, 63.063186], [13.0648957, 63.0631121], [13.0646124, 63.0629993], [13.0642004, 63.0628127], [13.0641661, 63.062731], [13.0640631, 63.0626572], [13.0639429, 63.0626105], [13.0636854, 63.0625911], [13.0632134, 63.06249], [13.0628701, 63.0624861], [13.0626195, 63.0625013]], [[13.0943025, 63.0874252], [13.0942538, 63.0860608], [13.0943287, 63.0848511], [13.0944214, 63.0815635], [13.0943286, 63.0813296], [13.0943012, 63.0812604], [13.0943356, 63.0810623], [13.0941897, 63.0809574], [13.0942755, 63.0807864], [13.0941639, 63.0806465]], [[13.0915405, 63.0912978], [13.0920799, 63.0908809], [13.092387, 63.0906421], [13.0928595, 63.0901289], [13.0931193, 63.0897921], [13.0932807, 63.0891902], [13.0933123, 63.0890722], [13.0934225, 63.0887728], [13.0934816, 63.0885804], [13.0937807, 63.0881915], [13.0935091, 63.0880244], [13.0934461, 63.0879175], [13.0940318, 63.087717], [13.0943025, 63.0874252]], [[13.0819298, 63.0956933], [13.0829102, 63.0953673], [13.084052, 63.0951054], [13.0849182, 63.0948542], [13.0847567, 63.094587], [13.0852686, 63.0944337], [13.0855206, 63.0940329], [13.0861505, 63.0936516], [13.0877529, 63.0931509], [13.088375, 63.0927946], [13.0890877, 63.0925309], [13.0894105, 63.0923705], [13.0898869, 63.0920355], [13.0908161, 63.0917059], [13.0915405, 63.0912978]], [[13.0692836, 63.106933], [13.0691441, 63.1068106], [13.0689607, 63.1066498], [13.0686969, 63.106274], [13.068256, 63.1060817], [13.0681772, 63.1056596], [13.0677244, 63.105193], [13.0676575, 63.1047477], [13.0679607, 63.1043417], [13.0682127, 63.1038732], [13.0685733, 63.1032685], [13.0686836, 63.1031856], [13.069571, 63.1028188], [13.0705474, 63.1023593], [13.0711537, 63.1020476], [13.0716656, 63.1016504], [13.0720945, 63.101276], [13.0726263, 63.1008773], [13.0728861, 63.1006137], [13.0738665, 63.1002057], [13.0743586, 63.1000169], [13.0747602, 63.0999118], [13.0750634, 63.0997925], [13.0755398, 63.0994077], [13.076091, 63.0991316], [13.076343, 63.0989695], [13.076406, 63.0987433], [13.0768351, 63.0983994], [13.0772761, 63.0980164], [13.0778037, 63.0978579], [13.0790439, 63.0976708], [13.0798077, 63.0974606], [13.0806581, 63.0970313], [13.0812723, 63.09665], [13.0816109, 63.0961797], [13.0819298, 63.0956933]], [[13.0687009, 63.1076596], [13.0688623, 63.1075812], [13.0688977, 63.1074904], [13.0689607, 63.1073871], [13.0692403, 63.1071805], [13.0692836, 63.106933]], [[13.0643789, 63.1093764], [13.0646709, 63.109244], [13.0651913, 63.1090824], [13.0660198, 63.1088823], [13.0667798, 63.1087181], [13.0676647, 63.1084738], [13.0679691, 63.1083316], [13.0680957, 63.1081446], [13.0684711, 63.1077881], [13.0687009, 63.1076596]], [[13.0706824, 63.1351728], [13.0710251, 63.1348549], [13.0713255, 63.1343994], [13.0714464, 63.1341416], [13.0718678, 63.1337289], [13.072029, 63.1335403], [13.0721641, 63.1333909], [13.0722105, 63.1330739], [13.0723737, 63.1327505], [13.0725673, 63.1325136], [13.0726418, 63.132315], [13.0727547, 63.1317147], [13.0729402, 63.1312482], [13.0732083, 63.1308838], [13.0732748, 63.1307489], [13.0733917, 63.1299818], [13.0732748, 63.1293941], [13.0729079, 63.1291755], [13.072918, 63.1286352], [13.0732184, 63.1283245], [13.0739179, 63.1275044], [13.0746093, 63.1270862], [13.0748149, 63.1267782], [13.0749177, 63.1264101], [13.074819, 63.1259809], [13.0744722, 63.1256829], [13.0737586, 63.1252829], [13.0732123, 63.1250396], [13.0729624, 63.1247626], [13.0720089, 63.124378], [13.0714041, 63.1241411], [13.0708619, 63.1239625], [13.0707046, 63.1234549], [13.0705091, 63.1233164], [13.0703337, 63.1230822], [13.0699326, 63.122878], [13.0696584, 63.1225463], [13.0694387, 63.1220952], [13.0692048, 63.1216003], [13.069098, 63.1213734], [13.0691706, 63.1209077], [13.0694467, 63.1205805], [13.0695717, 63.1201394], [13.0692451, 63.1198641], [13.0689831, 63.1196636], [13.0690093, 63.1193802], [13.0686303, 63.119001], [13.0681465, 63.1186383], [13.0675035, 63.1183694], [13.067314, 63.1182318], [13.0674228, 63.1180203], [13.0672716, 63.1175354], [13.0670701, 63.1173631], [13.0666326, 63.1171179], [13.0663968, 63.1167898], [13.0657154, 63.1165738], [13.0655844, 63.1163286], [13.0652578, 63.1161134], [13.0647357, 63.115891], [13.0645986, 63.1156905], [13.0645946, 63.1154243], [13.0641047, 63.11485], [13.0640886, 63.1144799], [13.0637782, 63.1141363], [13.0636351, 63.1138391], [13.0634234, 63.11351], [13.0631795, 63.113242], [13.0630021, 63.1130587], [13.0625848, 63.1128254], [13.0623167, 63.1125965], [13.0619841, 63.1123905], [13.0620103, 63.1121298], [13.0621393, 63.1119584], [13.0620587, 63.1115199], [13.0622361, 63.1111342], [13.0626715, 63.1109017], [13.0628448, 63.1106911], [13.0631634, 63.1105371], [13.0636552, 63.1102909], [13.0638407, 63.1100648], [13.0642983, 63.1099052], [13.064397, 63.1097138], [13.0643789, 63.1093764]], [[13.0757155, 63.1454128], [13.0755643, 63.1450429], [13.0752418, 63.1446946], [13.0751889, 63.144295], [13.0750301, 63.1441106], [13.0747403, 63.1439034], [13.0747958, 63.1436462], [13.0746496, 63.1433684], [13.0746799, 63.1429563], [13.0747454, 63.1428323], [13.0747, 63.1426296], [13.0745816, 63.1423234], [13.0742918, 63.1419489], [13.0740625, 63.1416426], [13.0735636, 63.1412829], [13.0731781, 63.1409106], [13.0728001, 63.1405031], [13.0725078, 63.1401262], [13.0721273, 63.1396344], [13.0718602, 63.1393156], [13.0714367, 63.1389934], [13.0713565, 63.1388109], [13.0712363, 63.1383252], [13.0711723, 63.1378344], [13.0710772, 63.1375931], [13.0709223, 63.1372643], [13.0707512, 63.1369047], [13.0706274, 63.136476], [13.0706141, 63.1363382], [13.0706527, 63.135962], [13.0706824, 63.1351728]], [[13.074947, 63.1501408], [13.0751007, 63.1499189], [13.0752871, 63.1497755], [13.0758289, 63.1495911], [13.0761086, 63.1494761], [13.0762598, 63.1492861], [13.0762925, 63.1490721], [13.0764714, 63.1486077], [13.0765218, 63.1483904], [13.0764034, 63.1479465], [13.0764462, 63.1475094], [13.0763606, 63.1473683], [13.0759272, 63.1471236], [13.0759171, 63.1468663], [13.0760028, 63.1465863], [13.0758768, 63.1461709], [13.0758843, 63.145801], [13.0757155, 63.1454128]], [[13.0724599, 63.152484], [13.0725935, 63.1522336], [13.0728328, 63.1519878], [13.0731453, 63.1517909], [13.0737047, 63.151371], [13.0739768, 63.1510899], [13.0743548, 63.1506632], [13.0746219, 63.1504139], [13.0747933, 63.1502193], [13.074947, 63.1501408]], [[13.0708154, 63.1540382], [13.070759, 63.1539679], [13.0708271, 63.1538109], [13.070885, 63.1536424], [13.0709707, 63.1534228], [13.0710992, 63.1532874], [13.0714696, 63.1529858], [13.0718048, 63.152822], [13.0719534, 63.1526809], [13.0721223, 63.152558], [13.0723692, 63.1524817], [13.0724599, 63.152484]], [[13.0690662, 63.1557969], [13.0691868, 63.1555226], [13.0692859, 63.1553217], [13.0694491, 63.1551144], [13.0696104, 63.1549337], [13.069748, 63.1548391], [13.0698699, 63.154766], [13.0700087, 63.1546823], [13.0702074, 63.1545702], [13.0703671, 63.1544677], [13.0706239, 63.1542665], [13.0708154, 63.1540382]], [[13.066013, 63.1568969], [13.0672149, 63.1564015], [13.0682144, 63.1559797], [13.0690662, 63.1557969]], [[13.0659157, 63.1569706], [13.066013, 63.1568969]], [[13.0657913, 63.1571527], [13.0658177, 63.1570449], [13.0659157, 63.1569706]]]}}, {"type": "Feature", "id": "relation/3587405", "properties": {"distance": "14", "name": "Vålådalen - Lunndörren sommarled", "network": "rwn", "route": "hiking", "type": "route", "@id": "relation/3587405", "@type": "relation", "osm_id": 3587405}, "geometry": {"type": "MultiLineString", "coordinates": [[[13.0272652, 63.1068423], [13.0273695, 63.1068335], [13.0278501, 63.1068102], [13.0279789, 63.1067481], [13.0282106, 63.106686], [13.0283737, 63.1066277], [13.0284853, 63.1065889], [13.0287943, 63.106488], [13.0290346, 63.1063831], [13.0304851, 63.1059444], [13.0308628, 63.105793], [13.0310945, 63.1055989], [13.0313864, 63.105397], [13.0316439, 63.105164], [13.0319013, 63.1049738], [13.032279, 63.1047369], [13.032691, 63.1044069], [13.0331459, 63.1041002], [13.033412, 63.1039837], [13.033927, 63.1037857], [13.0341844, 63.1037468], [13.0343904, 63.1036692], [13.034605, 63.1036342], [13.034811, 63.1035644], [13.0350342, 63.1035255], [13.0351801, 63.1035178], [13.0353002, 63.1034634], [13.0358066, 63.1033547], [13.0361929, 63.1032188], [13.0364418, 63.1030674], [13.036828, 63.1028771], [13.037137, 63.1027645], [13.0373602, 63.1026208], [13.0375833, 63.102547], [13.0376606, 63.1024655], [13.037652, 63.1024073], [13.037549, 63.102349], [13.0374889, 63.1021277], [13.0374374, 63.1020617], [13.0374288, 63.1019646], [13.0372658, 63.1018675], [13.0372572, 63.1017122], [13.0371542, 63.1016268], [13.0369139, 63.1013278], [13.0367851, 63.101122], [13.0368194, 63.1010404], [13.036828, 63.100955], [13.0369053, 63.1008773], [13.0368795, 63.1007997], [13.0368624, 63.1007492], [13.0370512, 63.1006676], [13.0372829, 63.1004114], [13.0375061, 63.1002949], [13.0376778, 63.1002327], [13.0378065, 63.100225], [13.0380812, 63.1001356], [13.0385103, 63.1000386], [13.0385961, 63.0999764], [13.0389137, 63.0999337], [13.038948, 63.0997085], [13.0390081, 63.0996269], [13.0390596, 63.0993745], [13.0389824, 63.0992697], [13.0390167, 63.0991182], [13.039197, 63.0989279], [13.0391197, 63.0988114], [13.0391884, 63.0987726], [13.039154, 63.0987376], [13.0391369, 63.0986716], [13.0392399, 63.0985939], [13.039197, 63.0984774], [13.0391111, 63.0983998], [13.039094, 63.0982095], [13.0389995, 63.0981046], [13.038948, 63.0979804], [13.0391197, 63.0978134], [13.0391455, 63.0976347], [13.0392485, 63.097526], [13.03936, 63.0974133], [13.0395059, 63.0973201], [13.0396261, 63.0972541], [13.0398493, 63.097126], [13.0399265, 63.097025], [13.0403128, 63.0966599], [13.0405187, 63.0965201], [13.0406647, 63.0964657], [13.0406647, 63.0964308], [13.0407677, 63.0963997], [13.040802, 63.0963181], [13.0411711, 63.0961706], [13.0412311, 63.0960385], [13.0414801, 63.0959492], [13.0415745, 63.0958288], [13.0415144, 63.0956734], [13.0415401, 63.0955375], [13.0414543, 63.0954404], [13.0414286, 63.0952268], [13.041686, 63.0948656], [13.0416431, 63.0947801], [13.0416517, 63.0946287], [13.0415745, 63.0944888], [13.0415401, 63.0942364], [13.0412311, 63.0940694], [13.0411711, 63.093949], [13.041214, 63.0938752], [13.0412826, 63.0936188], [13.0412226, 63.0935023], [13.0412483, 63.0933042], [13.0410938, 63.0931527], [13.0411281, 63.0930129], [13.0409307, 63.0926982], [13.0408363, 63.0926167], [13.0408363, 63.0924807], [13.0407762, 63.0922011], [13.0408621, 63.0921001], [13.0408535, 63.0919913], [13.0409908, 63.0918476], [13.041008, 63.0917272], [13.0412998, 63.0914941], [13.0412912, 63.0913581], [13.041214, 63.0912649], [13.041111, 63.0911134], [13.0410252, 63.0910707], [13.041008, 63.0909658], [13.040905, 63.0907988], [13.0409822, 63.0907017], [13.0409908, 63.0906395], [13.0408106, 63.0905191], [13.0407848, 63.0904492], [13.0408192, 63.0903987], [13.0408449, 63.0902433], [13.0410252, 63.0900724], [13.0410166, 63.089917], [13.041111, 63.089781], [13.0411196, 63.089513], [13.041008, 63.0894469], [13.0409651, 63.0892954], [13.0408707, 63.0891478], [13.0408792, 63.088872], [13.0409994, 63.0885884], [13.041008, 63.0883942], [13.0409651, 63.0880678], [13.0410166, 63.0879396], [13.0409994, 63.0877881], [13.0409994, 63.0876638], [13.0408792, 63.087524], [13.0408878, 63.0874346], [13.0407677, 63.087151], [13.0408192, 63.0870578], [13.0407505, 63.0867353], [13.0406818, 63.0865294], [13.0407076, 63.0863856], [13.0406647, 63.086203], [13.0407162, 63.0860787], [13.0409136, 63.0858106], [13.0411367, 63.0855698], [13.0414028, 63.0854299], [13.0414286, 63.0853095], [13.0413513, 63.0851074], [13.0414371, 63.0849792], [13.041789, 63.0847072], [13.0418749, 63.0845363], [13.0418663, 63.0843653], [13.0420036, 63.0842021], [13.0419435, 63.0840856], [13.0420294, 63.0839069], [13.0419435, 63.0836349], [13.0419092, 63.0834717], [13.0416431, 63.0832152], [13.0415916, 63.0830365], [13.0417118, 63.0828694], [13.0418062, 63.0826907], [13.0419092, 63.082442], [13.0420036, 63.0823798], [13.0422697, 63.0820379], [13.0424843, 63.0818825], [13.0424843, 63.0817348], [13.0425272, 63.0816066], [13.0425358, 63.0815172], [13.0426302, 63.0814045], [13.0427418, 63.0812141], [13.0429478, 63.0810781], [13.0430508, 63.0809382], [13.0431967, 63.0808722], [13.0432224, 63.0808294], [13.0433512, 63.0807556], [13.0433426, 63.0806701], [13.0434027, 63.080639], [13.0435057, 63.0804603], [13.043643, 63.0802465], [13.0436516, 63.0801999], [13.0436859, 63.0801105], [13.0438576, 63.0800056], [13.0441408, 63.0799318], [13.0442781, 63.0798074], [13.0442524, 63.0796248], [13.0443725, 63.0794694], [13.0443125, 63.0793683], [13.044424, 63.079174], [13.0444498, 63.0790924], [13.0446558, 63.0789836], [13.0448017, 63.078832], [13.0449047, 63.0787815], [13.0449133, 63.0787349], [13.0449047, 63.0786533], [13.0448446, 63.0785173], [13.044836, 63.0783657], [13.0449219, 63.078288], [13.0450077, 63.0781325], [13.0449734, 63.0780315], [13.0447588, 63.0777711], [13.0449047, 63.0774524], [13.0449991, 63.0774252], [13.0450592, 63.0773747], [13.044836, 63.0771765], [13.0448275, 63.0770716], [13.0449905, 63.0769822], [13.0454025, 63.0768617], [13.0455656, 63.0767101], [13.0455999, 63.0765702], [13.0455999, 63.0764653], [13.0455313, 63.0763176], [13.0453434, 63.0760841], [13.0453434, 63.0758665], [13.0453348, 63.0756994], [13.0453692, 63.0755789], [13.0454893, 63.0752952], [13.0457039, 63.0751514], [13.0460043, 63.0750969], [13.0462361, 63.0749765], [13.0464077, 63.0747899], [13.0463476, 63.0746694], [13.0465451, 63.07458], [13.0466309, 63.0743701], [13.0468712, 63.0741058], [13.0473261, 63.0737638], [13.0477982, 63.0735384], [13.0484848, 63.0732119], [13.0491371, 63.0729165], [13.0496178, 63.0727066], [13.0498753, 63.0726483], [13.0502358, 63.0724423], [13.0503817, 63.072419], [13.0506048, 63.0724073], [13.0508366, 63.0723373], [13.0510426, 63.0723257], [13.0515318, 63.0721741], [13.0518065, 63.0720419], [13.0522013, 63.0719758], [13.0524416, 63.071902], [13.0526648, 63.0718825], [13.0528965, 63.0717465], [13.0531712, 63.071626], [13.0533858, 63.0714744], [13.0534888, 63.0712956], [13.0535488, 63.0711401], [13.0536347, 63.0709885], [13.0536261, 63.0707864], [13.0536948, 63.0705998], [13.0537977, 63.0704832], [13.0540209, 63.070145], [13.0542698, 63.0699545], [13.054287, 63.0698573], [13.0543213, 63.0697446], [13.0545187, 63.0695425], [13.0545702, 63.0694725], [13.0547419, 63.0693287], [13.0547848, 63.0690604], [13.0548878, 63.0688699], [13.0550165, 63.0686639], [13.0550251, 63.0684268], [13.0553255, 63.0682013], [13.0553684, 63.0681002], [13.0555659, 63.0679603], [13.0558234, 63.0677853], [13.0561667, 63.0674976], [13.0563469, 63.0674316], [13.05651, 63.0673421], [13.0565701, 63.0672527], [13.056716, 63.0671478], [13.056819, 63.0670117], [13.0569992, 63.0669417], [13.0570336, 63.066829], [13.0571623, 63.0666812], [13.0571451, 63.0665957], [13.0572567, 63.0664441], [13.0574627, 63.0663352], [13.0576086, 63.0661875], [13.0576344, 63.0660397], [13.0577803, 63.0659076], [13.0577545, 63.0658181], [13.0579348, 63.0656471], [13.0580979, 63.0655266], [13.0581579, 63.0653671], [13.0582609, 63.0653166], [13.0583296, 63.065235], [13.0584069, 63.0650833], [13.0584927, 63.065025], [13.0584927, 63.06492], [13.0585785, 63.0647529], [13.058527, 63.0646557], [13.0586558, 63.0644924], [13.0590506, 63.0642591], [13.0592394, 63.0642202], [13.0594454, 63.0640763], [13.0599947, 63.0639169], [13.0604582, 63.0637886], [13.0609646, 63.0635631], [13.0611449, 63.063427], [13.0612393, 63.0632987], [13.0613251, 63.0632209], [13.0615654, 63.0630965], [13.0618315, 63.0628243], [13.0621405, 63.0626533], [13.0622934, 63.0625013]], [[13.004281, 63.1187344], [13.0045814, 63.1185908], [13.0051565, 63.1184084], [13.0058346, 63.1181639], [13.0060921, 63.1181251], [13.0063066, 63.1180475], [13.0068216, 63.1179543], [13.0071478, 63.1178728], [13.0072937, 63.1177409], [13.0074825, 63.1175934], [13.0075941, 63.117411], [13.0076027, 63.117345], [13.0076799, 63.1172286], [13.0077228, 63.1170656], [13.0077658, 63.1169337], [13.0079117, 63.1168948], [13.0081091, 63.1166775], [13.0082807, 63.116596], [13.0083494, 63.1164835], [13.0084009, 63.1164058], [13.0084009, 63.1163243], [13.0089416, 63.115878], [13.0089846, 63.1157771], [13.0091734, 63.1157033], [13.0094137, 63.1154317], [13.0096884, 63.1152609], [13.0099544, 63.1150707], [13.0099802, 63.1149465], [13.0102205, 63.1148223], [13.0105467, 63.1146787], [13.010684, 63.1146321], [13.0109157, 63.1145234], [13.0111904, 63.1144497], [13.0115766, 63.1141586], [13.0117311, 63.1141237], [13.011877, 63.1141159], [13.0120916, 63.1140577], [13.0122118, 63.1139762], [13.0127697, 63.1137976], [13.0131473, 63.1136152], [13.0136194, 63.1136113], [13.0137224, 63.1136152], [13.0142975, 63.1135026], [13.0145206, 63.1135182], [13.0150099, 63.1134366], [13.0150785, 63.1133978], [13.0152073, 63.1134056], [13.0157051, 63.1133862], [13.0163059, 63.1132154], [13.0165119, 63.1130834], [13.0167265, 63.1130601], [13.0169239, 63.1129553], [13.0172672, 63.1128544], [13.0174217, 63.1128428], [13.017705, 63.1127496], [13.0179195, 63.1125788], [13.0183916, 63.1124236], [13.0188551, 63.1122411], [13.0191727, 63.1120393], [13.0193615, 63.1119034], [13.019413, 63.1117482], [13.019722, 63.1116317], [13.0197735, 63.1115618], [13.0199022, 63.111492], [13.020194, 63.1113289], [13.0204258, 63.1112668], [13.0207004, 63.1110883], [13.0209923, 63.1107971], [13.0212669, 63.1106613], [13.0215673, 63.1105564], [13.0216532, 63.1104633], [13.0215931, 63.1103507], [13.0217304, 63.1101605], [13.021636, 63.1100246], [13.0218248, 63.1098965], [13.0220222, 63.1092987], [13.0216446, 63.1091356], [13.0216532, 63.1090153], [13.0217047, 63.1089648], [13.0217218, 63.1088445], [13.0218506, 63.1087707], [13.0219278, 63.1087086], [13.022151, 63.1085766], [13.0222454, 63.1084291], [13.0224171, 63.1082777], [13.0224771, 63.1081108], [13.0225801, 63.1079943], [13.022666, 63.1077109], [13.0230436, 63.1074663], [13.0235071, 63.1071751], [13.0235586, 63.107113], [13.0237389, 63.1070354], [13.0240049, 63.1070315], [13.0243482, 63.1070043], [13.0246744, 63.1070198], [13.0250864, 63.1070043], [13.0257988, 63.1069383], [13.0264254, 63.1068646], [13.0268373, 63.1068451], [13.0270948, 63.1068568], [13.0272652, 63.1068423]], [[13.0018239, 63.1204191], [13.0019293, 63.1203565], [13.0023327, 63.1200344], [13.0029678, 63.1196813], [13.0034828, 63.1192932], [13.0037832, 63.1191419], [13.004281, 63.1187344]], [[12.987896, 63.1363129], [12.9880676, 63.1361306], [12.9886083, 63.1359017], [12.9888658, 63.1357854], [12.9890375, 63.1356496], [12.9893293, 63.1355216], [12.9893894, 63.1353781], [12.9893894, 63.1353006], [12.9897756, 63.1349554], [12.9899387, 63.1348894], [12.9901619, 63.1346645], [12.9905052, 63.1345442], [12.9907799, 63.1344783], [12.9910631, 63.1343969], [12.9913034, 63.1341641], [12.9913807, 63.1340788], [12.9913549, 63.1338655], [12.9912691, 63.1337607], [12.9911833, 63.1336095], [12.9916811, 63.1332953], [12.9918785, 63.1330238], [12.9920158, 63.1328802], [12.9922218, 63.1327212], [12.9924707, 63.1325699], [12.9923077, 63.1322984], [12.9922647, 63.1321898], [12.9921446, 63.1320773], [12.9922304, 63.1319609], [12.9922991, 63.1318562], [12.9923506, 63.1317941], [12.9923592, 63.1316118], [12.9918013, 63.1310067], [12.9916296, 63.1309019], [12.991415, 63.1305839], [12.9912605, 63.1303783], [12.991003, 63.1301843], [12.9909515, 63.1300291], [12.9910202, 63.1299554], [12.9910202, 63.1296839], [12.9909344, 63.1295908], [12.991209, 63.1293309], [12.9914665, 63.1292377], [12.9916124, 63.1290748], [12.9916468, 63.1289313], [12.9916468, 63.1287683], [12.991724, 63.1284502], [12.9916983, 63.1283028], [12.9916553, 63.1282562], [12.9916897, 63.1282175], [12.991724, 63.1280623], [12.9917927, 63.1278411], [12.9916553, 63.1277131], [12.9916124, 63.1275502], [12.9918098, 63.1273096], [12.992136, 63.1270846], [12.9922905, 63.1269139], [12.9925566, 63.1268286], [12.9926681, 63.126716], [12.992651, 63.1265958], [12.9927883, 63.1264406], [12.992857, 63.1263164], [12.9931831, 63.1260526], [12.9932565, 63.1260149], [12.9936209, 63.1258276], [12.9945221, 63.1252611], [12.9948826, 63.1250167], [12.9950971, 63.1248498], [12.9954233, 63.1246869], [12.995595, 63.1245394], [12.9958525, 63.1244269], [12.9963245, 63.1240855], [12.9966078, 63.1238915], [12.9969082, 63.1236975], [12.9970884, 63.1235694], [12.9972515, 63.1234918], [12.997612, 63.1231892], [12.9978695, 63.1230728], [12.9983244, 63.1227119], [12.9986849, 63.1224558], [12.9989509, 63.1223355], [12.9997835, 63.1217224], [13.0002556, 63.1214586], [13.0006418, 63.1212257], [13.00144, 63.1206825], [13.0018239, 63.1204191]], [[12.9638025, 63.1476051], [12.9640679, 63.147232], [12.9642854, 63.1468342]], [[12.9642854, 63.1468342], [12.9643793, 63.1466624], [12.9644166, 63.1465271]], [[12.9644166, 63.1465271], [12.9645603, 63.1463208], [12.9647816, 63.1459818], [12.9648342, 63.1458526], [12.9649035, 63.1457251], [12.9649728, 63.1456547], [12.9651386, 63.1455932], [12.9653169, 63.1455642], [12.9657602, 63.1455847], [12.9660227, 63.1456092], [12.966264, 63.1456397], [12.966485, 63.1456491], [12.9671078, 63.1455847], [12.968079, 63.1453294], [12.9686098, 63.1451427], [12.9687986, 63.1450651], [12.9689997, 63.1449403], [12.969111, 63.144786], [12.9690962, 63.1446586], [12.9690219, 63.1443131], [12.9688437, 63.1440347], [12.9687101, 63.1437596], [12.9686173, 63.1434218], [12.9685528, 63.1432318], [12.9685306, 63.1427468]], [[12.9685306, 63.1427468], [12.9686321, 63.1424754]], [[12.9686321, 63.1424754], [12.9687324, 63.1419223]], [[12.9687324, 63.1419223], [12.9687266, 63.1417876], [12.9686937, 63.1417576]], [[12.9686937, 63.1417576], [12.9687236, 63.1416985], [12.9688587, 63.1415521], [12.9691591, 63.1414319], [12.969365, 63.1413248], [12.9695201, 63.1412084], [12.9695206, 63.14103], [12.9695928, 63.1409509], [12.9697561, 63.1408854], [12.9699532, 63.1408641], [12.9702523, 63.1408655], [12.9705441, 63.1408583], [12.9707059, 63.1408236], [12.9708376, 63.1407559], [12.9709612, 63.1406977], [12.9710897, 63.1406811], [12.9713635, 63.1406036], [12.9715878, 63.140597], [12.971804, 63.1405924], [12.9720022, 63.1406019], [12.9721899, 63.1406136], [12.9723839, 63.1406437], [12.9725974, 63.1406621], [12.9729357, 63.1406564], [12.9732658, 63.140612], [12.9735149, 63.1406175], [12.9736732, 63.1406497], [12.9738304, 63.140636], [12.9739551, 63.1405816], [12.9740423, 63.1405238], [12.9742408, 63.1404924], [12.9743804, 63.1404889]], [[12.9743804, 63.1404889], [12.9748735, 63.1404766], [12.9750682, 63.1404852], [12.9752637, 63.1404647], [12.9755363, 63.140452], [12.9758501, 63.1404534], [12.9760405, 63.1404553], [12.9761993, 63.1404333], [12.9764461, 63.1403655], [12.9767208, 63.1403384], [12.9775104, 63.1401445], [12.9778194, 63.1401561], [12.9780999, 63.1401857], [12.9784033, 63.1401689], [12.9786841, 63.1401296], [12.9791401, 63.1400295], [12.9796014, 63.1399502], [12.9800896, 63.1398465], [12.980313, 63.1398099], [12.9808258, 63.1397692], [12.9817848, 63.1396869], [12.9820908, 63.1396375], [12.9826076, 63.1395322], [12.9828866, 63.1394885], [12.9830821, 63.1394626], [12.9844112, 63.1390587], [12.9846086, 63.1389656], [12.9847932, 63.1388396]], [[12.9847932, 63.1388396], [12.9849777, 63.1387135], [12.9853725, 63.1385002], [12.9855442, 63.1383257], [12.9857845, 63.1381318], [12.985939, 63.1379456], [12.9859733, 63.137806], [12.9862394, 63.137519], [12.9863768, 63.1373367], [12.9865398, 63.1371118], [12.9867544, 63.1369993], [12.986969, 63.1367899], [12.9869003, 63.1366774], [12.9871063, 63.1366348], [12.9874067, 63.1365843], [12.9876213, 63.1364796], [12.987896, 63.1363129]]]}}, {"type": "Feature", "id": "relation/3596143", "properties": {"distance": "6", "name": "Kyrkstenen", "network": "lwn", "route": "hiking", "type": "route", "@id": "relation/3596143", "@type": "relation", "osm_id": 3596143}, "geometry": {"type": "MultiLineString", "coordinates": [[[12.8143243, 63.1695567], [12.8140703, 63.1697352], [12.8138653, 63.1698411], [12.8141446, 63.1699428], [12.8142546, 63.1699828], [12.8148911, 63.1701329], [12.8153385, 63.1701413], [12.8155285, 63.1700802], [12.8160373, 63.1697562], [12.8168606, 63.1695447], [12.8171091, 63.1696496], [12.8174328, 63.1696939], [12.8176387, 63.1698771], [12.8190671, 63.1701915], [12.8195945, 63.1703202], [12.8219791, 63.1711223], [12.8223691, 63.1711488], [12.8230355, 63.1713701], [12.8237564, 63.1714609], [12.8241441, 63.1715772], [12.825062, 63.171617], [12.8254488, 63.1716924], [12.827034, 63.1717446], [12.8274279, 63.1718052], [12.8277004, 63.1717238], [12.8288933, 63.1716616], [12.8301481, 63.1712869], [12.8314056, 63.1709735], [12.8317837, 63.1707003], [12.8328388, 63.1706437], [12.8342313, 63.1703124], [12.8353536, 63.170097], [12.8357937, 63.1698133], [12.8365223, 63.1694911], [12.8369379, 63.1694746], [12.8383907, 63.1689795], [12.8396957, 63.1687236], [12.8412131, 63.1685922], [12.8427966, 63.1681156], [12.845987, 63.1676545], [12.8471807, 63.167802], [12.8490464, 63.1678439], [12.8496751, 63.1677588], [12.8501145, 63.1678356], [12.8510331, 63.1676472], [12.8524683, 63.1674774], [12.8529847, 63.1674163], [12.8533257, 63.1672366], [12.8540676, 63.1670228], [12.8555345, 63.1665782], [12.8566913, 63.1660996], [12.8576889, 63.1659395], [12.8587115, 63.1658423], [12.8607484, 63.1653958], [12.8612096, 63.1653621], [12.8613856, 63.1653493], [12.8619597, 63.1653239], [12.8624417, 63.165146], [12.8629054, 63.1651238]], [[12.8629054, 63.1651238], [12.8642709, 63.1657607], [12.8644367, 63.1662869], [12.8646355, 63.1664114], [12.8648341, 63.1664189], [12.8651283, 63.1663815], [12.8652826, 63.1661735], [12.8661267, 63.1655044], [12.8664485, 63.1653258], [12.8668928, 63.1651952], [12.8672784, 63.1651082], [12.8678954, 63.1650912], [12.8699358, 63.1650661], [12.8723465, 63.1646164], [12.8732745, 63.1646286], [12.8743155, 63.1648774], [12.8750407, 63.1649129], [12.8757783, 63.1648603], [12.8778111, 63.1645687], [12.8782637, 63.1644138], [12.8784859, 63.1641076], [12.8808128, 63.1633217], [12.882828, 63.1630345], [12.8841692, 63.1629077], [12.8847937, 63.1627866], [12.8857493, 63.1626995], [12.8867426, 63.1624479], [12.8878919, 63.1623041], [12.8886538, 63.1620127], [12.8894091, 63.1618474], [12.890144, 63.1617708], [12.8911902, 63.161766], [12.8917721, 63.1618878], [12.8922919, 63.1618991], [12.89279, 63.1620264], [12.8932346, 63.1620485], [12.893824, 63.1618321]], [[12.893824, 63.1618321], [12.894229, 63.1616424], [12.8946903, 63.1614704], [12.8949249, 63.1613305], [12.8953879, 63.1608966], [12.8956042, 63.1608661], [12.8958571, 63.1608438], [12.8963582, 63.1609281], [12.8968184, 63.1610136], [12.8974136, 63.1609549], [12.898483, 63.1609257], [12.8993045, 63.1609227], [12.9001194, 63.1609624], [12.9008778, 63.1608], [12.9018437, 63.1601185], [12.9020879, 63.1597907], [12.902485, 63.1593767], [12.903831, 63.1585206], [12.9046119, 63.1582759], [12.9049369, 63.1580732], [12.9051544, 63.1578559], [12.9056132, 63.1571039]], [[12.9056132, 63.1571039], [12.905672, 63.1569991], [12.9057699, 63.1568885], [12.9057645, 63.1564049], [12.9058276, 63.1562612], [12.9059493, 63.1561263], [12.9059798, 63.1561025], [12.9063596, 63.1558062], [12.9066468, 63.1555218], [12.9069587, 63.1549551]]]}}, {"type": "Feature", "id": "relation/3596144", "properties": {"distance": "16 km", "name": "Stensdalen - Gåsen sommarled", "network": "rwn", "route": "hiking", "type": "route", "@id": "relation/3596144", "@type": "relation", "osm_id": 3596144}, "geometry": {"type": "MultiLineString", "coordinates": [[[12.7394944, 63.1270895], [12.7391812, 63.1270893], [12.7390028, 63.1270564], [12.7385409, 63.1269853], [12.7382715, 63.1269437], [12.7379803, 63.1269147], [12.7373958, 63.1268966], [12.7370071, 63.1269043], [12.7362689, 63.1270982], [12.7361917, 63.1271836], [12.7358071, 63.1273873], [12.7355394, 63.1274164], [12.7352218, 63.1274746], [12.7349042, 63.1274862], [12.734827, 63.127525], [12.7338313, 63.1277345], [12.7333144, 63.12792], [12.7329823, 63.1280456], [12.7325353, 63.1280914], [12.7323001, 63.128134], [12.7320914, 63.1281475], [12.7318036, 63.1281528], [12.7314636, 63.1281963], [12.7311718, 63.1282688], [12.7304512, 63.1283753], [12.7299543, 63.1284076], [12.7294597, 63.1284268], [12.7289476, 63.1284639], [12.7286139, 63.1284615], [12.7282953, 63.1284755], [12.7280228, 63.1285036], [12.7276496, 63.1285255], [12.7273196, 63.1285387], [12.727099, 63.1285809], [12.7269799, 63.1285785], [12.7263544, 63.1285876], [12.7258174, 63.1285514], [12.7254371, 63.1285298], [12.7248792, 63.1283979], [12.7244844, 63.1283901], [12.7241926, 63.1283513], [12.7238063, 63.1282466], [12.723669, 63.128235], [12.7232484, 63.1281923], [12.7226905, 63.1281768], [12.7221155, 63.1281069], [12.7214631, 63.1278548], [12.7208881, 63.1278315], [12.7206104, 63.1277997], [12.7203234, 63.1278099], [12.720172, 63.127795], [12.7200212, 63.1277927], [12.7196385, 63.1277599], [12.7194599, 63.1277727], [12.7191655, 63.1278782], [12.7188711, 63.127913], [12.7185792, 63.127944], [12.7181844, 63.1278431], [12.7177209, 63.1277655], [12.7170858, 63.1277306], [12.7168025, 63.1276996], [12.7165708, 63.1276491], [12.7149057, 63.1275483], [12.7145194, 63.1274358], [12.7144164, 63.1274241], [12.7140903, 63.1273427], [12.7135925, 63.1272418], [12.7133951, 63.1271409], [12.7130088, 63.1270633], [12.7126569, 63.1270556], [12.7124286, 63.1270176], [12.7121505, 63.126912], [12.7120614, 63.1268698], [12.7121076, 63.1266443], [12.7119617, 63.1265202], [12.7117729, 63.1262602], [12.7115411, 63.1261632], [12.7113351, 63.1260468], [12.711172, 63.125849], [12.7109575, 63.1256433], [12.7107429, 63.125558], [12.7103395, 63.1255037], [12.7100133, 63.1254998], [12.7096614, 63.1254571], [12.7092494, 63.1254377], [12.7087859, 63.1254183], [12.7084426, 63.1252631], [12.7079362, 63.1250963], [12.7078379, 63.1250323], [12.7076186, 63.1250069], [12.7070522, 63.1250458], [12.70652, 63.1250187], [12.7059535, 63.1250846], [12.7052841, 63.1250614], [12.7050609, 63.1251118], [12.7048892, 63.125073], [12.7045802, 63.1248557], [12.7043056, 63.1248557], [12.7037219, 63.1247471], [12.7033529, 63.1247238], [12.7030095, 63.1245919], [12.7027177, 63.1246462], [12.7025546, 63.1247393], [12.7024431, 63.1247626], [12.7023744, 63.1248208], [12.7021856, 63.1248945], [12.7018657, 63.1249102], [12.7015933, 63.1248635], [12.7014989, 63.1248286], [12.7013444, 63.1248247], [12.7009496, 63.1246501], [12.7009239, 63.1245958], [12.7002887, 63.1243979], [12.7000913, 63.1243474], [12.6998596, 63.1242698], [12.6996106, 63.1242194], [12.699233, 63.1240836], [12.6988553, 63.1240254], [12.6985978, 63.1239478], [12.6981429, 63.1235365], [12.6981172, 63.1234899], [12.6979284, 63.1233658], [12.6976795, 63.1231834], [12.697482, 63.122939], [12.6973361, 63.1228924], [12.6972932, 63.1228264], [12.6970186, 63.1227333], [12.6969327, 63.1226673], [12.6967064, 63.1225306], [12.6963734, 63.1224357], [12.6962393, 63.1224656], [12.6961088, 63.1224617], [12.6959113, 63.1224772], [12.6955337, 63.1224229], [12.6952473, 63.1223884], [12.6947094, 63.1223138], [12.6944063, 63.1222891], [12.6940488, 63.1222172], [12.6930416, 63.1220199], [12.6929324, 63.1220211], [12.6928129, 63.1219766], [12.6926069, 63.1219534], [12.6925039, 63.1219301], [12.6922635, 63.1218796], [12.6921005, 63.1218175], [12.6919202, 63.1217244], [12.6916971, 63.121674], [12.6913966, 63.1215537], [12.6904439, 63.1212976], [12.6902911, 63.1212644], [12.6900405, 63.1212433], [12.6895998, 63.1211249], [12.6893539, 63.1210686], [12.6887101, 63.1208862], [12.6878776, 63.1207271], [12.687457, 63.1206767], [12.6867017, 63.1205642], [12.68653, 63.1205292], [12.686367, 63.1204322], [12.6859893, 63.1203003], [12.6855602, 63.1201994], [12.6854572, 63.1201295], [12.6851482, 63.1200403], [12.6848735, 63.1199898], [12.6843585, 63.1198463], [12.6839465, 63.1196367], [12.6835775, 63.1195863], [12.6833286, 63.1194815], [12.6827878, 63.1193457], [12.6826295, 63.1192827], [12.6823501, 63.1190041], [12.6816806, 63.118814], [12.6814746, 63.1186976], [12.6812944, 63.1186161], [12.6804275, 63.1183289], [12.679861, 63.1181892], [12.6790714, 63.1180184], [12.6787452, 63.1178554], [12.6784105, 63.1177545], [12.6779813, 63.1175566], [12.6773462, 63.1170482], [12.6769943, 63.1168619], [12.6766424, 63.1167532], [12.676402, 63.1166329], [12.676299, 63.1165281], [12.6759557, 63.1163418], [12.6754493, 63.1160702], [12.6754321, 63.1160003], [12.675312, 63.1158683], [12.6750116, 63.1157131], [12.6744279, 63.1152823], [12.6740724, 63.1150322], [12.6737241, 63.114898], [12.6736383, 63.1147661], [12.6729945, 63.1142731], [12.6724854, 63.1141795], [12.67175, 63.1139665], [12.6715354, 63.1139355], [12.671338, 63.1138578], [12.6710119, 63.1137026], [12.67072, 63.1136249], [12.670325, 63.1134591], [12.6701621, 63.1134115], [12.6701621, 63.1133067], [12.6700128, 63.1131779], [12.6699561, 63.1130427], [12.6697033, 63.1128907], [12.6696023, 63.112801], [12.6693847, 63.1127274], [12.6690034, 63.1126779], [12.6688318, 63.1126817], [12.6682374, 63.1124659], [12.667922, 63.1124139], [12.6677459, 63.1122534], [12.667555, 63.1122678], [12.6673226, 63.1122009], [12.6672525, 63.1121577], [12.6672353, 63.1120413], [12.667187, 63.1119548], [12.6671924, 63.1118782], [12.6669778, 63.1117812], [12.6667672, 63.1116173], [12.6667203, 63.1114823], [12.6666946, 63.1114318], [12.666274, 63.1112222], [12.6659062, 63.1109909], [12.6657749, 63.1108678], [12.665244, 63.1106361], [12.6647548, 63.1103294], [12.6644458, 63.1102285], [12.6641524, 63.110127], [12.6638021, 63.1099451], [12.6634184, 63.109756], [12.6628923, 63.1096151], [12.6626365, 63.1095354], [12.6624717, 63.1094715], [12.6621198, 63.1093667], [12.6620254, 63.1092929], [12.662034, 63.1092541], [12.6617851, 63.1092114], [12.6614727, 63.1091311], [12.6612219, 63.1091021], [12.6607291, 63.1089009], [12.6604392, 63.1087745], [12.6596384, 63.1085176], [12.6594985, 63.1084906], [12.659355, 63.1082639], [12.6586808, 63.1081252], [12.6583729, 63.1080148], [12.6573, 63.1077836], [12.6570137, 63.1076765], [12.6561936, 63.1074212], [12.6557543, 63.1072303], [12.6548997, 63.1068582], [12.6544555, 63.1066929], [12.6540903, 63.1065506], [12.6527218, 63.1059963], [12.6519255, 63.1057021], [12.6516742, 63.1055737], [12.650626, 63.1052308], [12.6499909, 63.1049953], [12.649228, 63.1046613], [12.6482541, 63.1042355], [12.6468388, 63.1036777], [12.646328, 63.1034872], [12.6459665, 63.1033411], [12.6456112, 63.1032404], [12.6447648, 63.1029723], [12.6439494, 63.1026422], [12.643177, 63.1024481], [12.6420742, 63.1020043], [12.6418085, 63.1018668], [12.6408666, 63.1015843], [12.6400441, 63.1012443], [12.6393146, 63.1009919], [12.6389124, 63.100903], [12.6384776, 63.100751], [12.6379503, 63.1006795], [12.6370401, 63.1004483], [12.6364251, 63.1003758], [12.6351767, 63.1002187], [12.6348175, 63.1001706], [12.6344832, 63.1000871], [12.6333596, 63.0999162], [12.6327056, 63.0997881], [12.6324191, 63.0997414], [12.6320188, 63.099714], [12.6315974, 63.0996502], [12.6311262, 63.0994846], [12.6306657, 63.0993128], [12.6302037, 63.0991755], [12.6300329, 63.0990685], [12.6297691, 63.0989974], [12.6291437, 63.0987502], [12.6280636, 63.0983451], [12.6266041, 63.0978692], [12.6255928, 63.0975071], [12.6252984, 63.0973526], [12.6249296, 63.097283], [12.6247302, 63.0972072], [12.6240358, 63.0970287], [12.6238057, 63.0969005], [12.6231813, 63.0966786], [12.6223141, 63.0963939], [12.6214853, 63.096154], [12.6208221, 63.0959626], [12.6204743, 63.0958432], [12.6195813, 63.095628], [12.6191596, 63.0954684], [12.6182538, 63.0952443], [12.6178891, 63.0951205], [12.6169986, 63.0948559], [12.6157058, 63.0944359], [12.6152954, 63.0942199], [12.6146879, 63.0940063], [12.6142949, 63.0939626], [12.6139007, 63.0938218], [12.6131094, 63.0935122], [12.6127071, 63.0933994], [12.6125759, 63.093356], [12.6123481, 63.0933659], [12.6120862, 63.0933415], [12.6110959, 63.0932399], [12.610657, 63.0931837], [12.6102704, 63.093086], [12.6095313, 63.0929333], [12.6096926, 63.0928717], [12.6097066, 63.0927707], [12.6097501, 63.0927304], [12.6098408, 63.0925254], [12.6097707, 63.0923859], [12.6094884, 63.092273], [12.609127, 63.0920964], [12.6085358, 63.0919357], [12.6081918, 63.0917528], [12.6079815, 63.0916673], [12.6077536, 63.0915044], [12.6070422, 63.0913601], [12.6063224, 63.0911228], [12.6059795, 63.0908886], [12.6054249, 63.0907088], [12.6048536, 63.0904861], [12.6045961, 63.0903502], [12.6040382, 63.0900006], [12.6031799, 63.0896509], [12.6023962, 63.0889847], [12.6022301, 63.0889099], [12.6021086, 63.0887958], [12.6019323, 63.0887019], [12.6018005, 63.0885686], [12.6010276, 63.0881242], [12.6006957, 63.0880042], [12.6006631, 63.087941], [12.600331, 63.0877725], [12.6001088, 63.0877354], [12.6000468, 63.0876629], [12.5998931, 63.0876125], [12.5996225, 63.0875583], [12.598858, 63.0870687], [12.5986947, 63.0869162], [12.5984002, 63.0868003], [12.5975227, 63.0862425], [12.5970859, 63.0860768], [12.5968158, 63.0859134], [12.5965822, 63.0858305], [12.5962578, 63.0856266], [12.5961328, 63.0855089], [12.5958413, 63.0854164], [12.595435, 63.0850724], [12.5951888, 63.0850569], [12.594983, 63.0849695], [12.5944945, 63.0847255], [12.5938445, 63.0843537], [12.5934885, 63.084205], [12.5930985, 63.0839914], [12.5927389, 63.083876], [12.5922516, 63.0835891], [12.5919158, 63.0833582], [12.591325, 63.0830919], [12.591095, 63.082918], [12.5907344, 63.0827548], [12.5896186, 63.0820554], [12.5892753, 63.0819389], [12.588629, 63.0815575], [12.5883741, 63.0813999], [12.5879172, 63.0812026], [12.5870964, 63.0806722], [12.5858187, 63.0799883], [12.5851987, 63.0795829], [12.5848252, 63.0794424], [12.5840324, 63.078988], [12.5837445, 63.0788683], [12.5833242, 63.0785939], [12.5825812, 63.0782179], [12.5821994, 63.0780555], [12.5821032, 63.0779146], [12.5817, 63.0776596], [12.5812597, 63.0774826], [12.5809926, 63.0773534], [12.5801772, 63.076887], [12.5797052, 63.0768093], [12.5786752, 63.0764207], [12.578454, 63.0763712], [12.5782814, 63.0762777], [12.5773895, 63.0759008], [12.5773877, 63.0758571], [12.5772631, 63.0758116], [12.5770939, 63.075786], [12.5769086, 63.0756822], [12.576028, 63.0753608], [12.5753181, 63.0748037], [12.575124, 63.0746671], [12.5748501, 63.0745239], [12.5746464, 63.0743978], [12.574324, 63.0742195], [12.5741106, 63.0741398], [12.5738701, 63.0741237], [12.5739089, 63.0739189], [12.5737399, 63.0737972], [12.573225, 63.072981], [12.5726118, 63.071898], [12.5723666, 63.071465], [12.5711248, 63.0698999], [12.5710958, 63.0697397], [12.5709887, 63.069637], [12.5709504, 63.0695214], [12.57065, 63.069191], [12.5704355, 63.0688606], [12.5697059, 63.0677915], [12.5694484, 63.0674416], [12.5687461, 63.0661825], [12.5685901, 63.0659643], [12.5683755, 63.0657505], [12.5678132, 63.0653083], [12.5674711, 63.0647723], [12.5669733, 63.0639924], [12.5667522, 63.0638184], [12.5665731, 63.0635398], [12.5665447, 63.0633635], [12.5662954, 63.063126], [12.5659293, 63.0627178], [12.5655431, 63.0623678], [12.5643844, 63.0618623], [12.5640411, 63.0616096], [12.5624689, 63.0607918], [12.562214, 63.0606541], [12.5621359, 63.0605754], [12.5615238, 63.0602813], [12.5610504, 63.0600453], [12.5606665, 63.0598949], [12.5602216, 63.0597626], [12.5594491, 63.0595681], [12.5586738, 63.0593261], [12.5577325, 63.059082], [12.5567025, 63.0588293], [12.5557739, 63.0584893], [12.5552081, 63.0582839], [12.5547612, 63.058131], [12.5546831, 63.058066], [12.5545687, 63.0580011], [12.5542564, 63.0576237], [12.5520248, 63.056282], [12.5515098, 63.0559125], [12.5506086, 63.0554069], [12.549879, 63.0549013], [12.5494928, 63.0547652], [12.5486774, 63.054279], [12.5486345, 63.0540457], [12.5485187, 63.0540063], [12.5482911, 63.053929], [12.5472612, 63.053365], [12.5471324, 63.0531122], [12.5467033, 63.0521981], [12.5463599, 63.0514785], [12.546317, 63.0509729], [12.545845, 63.0505644], [12.5456304, 63.0503116], [12.5456357, 63.0501508], [12.5450296, 63.0499809], [12.5441015, 63.0495576]], [[12.740038, 63.1269962], [12.7394944, 63.1270895]], [[12.7403469, 63.1277969], [12.7403995, 63.1276404], [12.7404403, 63.1275289], [12.7403974, 63.1274241], [12.7404317, 63.127331], [12.740038, 63.1269962]]]}}, {"type": "Feature", "id": "relation/3596145", "properties": {"distance": "13", "name": "Vålådalen - Stensdalen sommarled", "network": "rwn", "route": "hiking", "type": "route", "@id": "relation/3596145", "@type": "relation", "osm_id": 3596145}, "geometry": {"type": "MultiLineString", "coordinates": [[[12.7403272, 63.1278764], [12.7403818, 63.1278905], [12.740524, 63.1279004], [12.7407602, 63.1279048], [12.7412485, 63.1277764], [12.7414, 63.1277566], [12.7415855, 63.127799], [12.7419209, 63.1279184], [12.7421943, 63.1281129], [12.7432088, 63.1287807], [12.7436027, 63.1288801], [12.7439916, 63.1289415], [12.7450546, 63.1294708], [12.7455601, 63.1295785], [12.7462265, 63.1298455], [12.7465503, 63.1299735], [12.7469359, 63.1300306], [12.7472835, 63.1301405], [12.7480418, 63.1302772], [12.7488592, 63.1302594], [12.7501369, 63.1304378], [12.751049, 63.1305143], [12.7511813, 63.130563], [12.7514972, 63.1305498], [12.7521036, 63.1305862], [12.7527416, 63.1307981], [12.7534305, 63.1309473], [12.7539136, 63.1310074], [12.7541917, 63.1310175], [12.7549403, 63.1311257], [12.7551632, 63.1311854], [12.755241, 63.1311904], [12.7555298, 63.1311928], [12.7557748, 63.1312251], [12.7561376, 63.131233], [12.7563543, 63.1312535], [12.7565759, 63.1312962], [12.7568004, 63.1313338], [12.757015, 63.1313381], [12.7574659, 63.1314043], [12.7578481, 63.1314194], [12.7581134, 63.1314255], [12.7583369, 63.1314552], [12.758742, 63.1314738], [12.7591417, 63.1315007], [12.7596445, 63.1315787], [12.7604581, 63.1317243], [12.7613035, 63.1318013], [12.7618241, 63.1318418], [12.7622232, 63.1318584], [12.762823, 63.1318651], [12.763224, 63.1318218], [12.7634421, 63.1318348], [12.7636175, 63.1318146], [12.7638046, 63.1317956], [12.7639082, 63.1317512], [12.7641375, 63.1317201], [12.7643531, 63.1316802], [12.7647469, 63.1316763], [12.7649051, 63.1317013], [12.7653196, 63.1317512], [12.7659045, 63.1318006], [12.7665408, 63.1318598], [12.7670362, 63.1318948], [12.7671796, 63.1318782], [12.7674408, 63.1318793], [12.7676829, 63.1318693], [12.7679201, 63.1318969], [12.7681537, 63.1319074], [12.7689615, 63.1320222], [12.7692286, 63.1320477], [12.7697661, 63.1320709], [12.7701822, 63.132138], [12.7706399, 63.1321641], [12.7712779, 63.1321951], [12.7713376, 63.1322255], [12.7716379, 63.1322572], [12.7722289, 63.1323059], [12.7726139, 63.1322727], [12.7730026, 63.1323059], [12.7732847, 63.1323331], [12.7740523, 63.1324212], [12.7748026, 63.1326549], [12.7754629, 63.1327815], [12.7757935, 63.1327092], [12.7761339, 63.1326701], [12.7764543, 63.13271], [12.7770462, 63.1328326], [12.7773528, 63.1328932], [12.7776842, 63.1329824], [12.7778989, 63.1330387], [12.7781875, 63.1331482], [12.7784173, 63.1332329], [12.7788931, 63.1333078], [12.7792754, 63.1332944], [12.7795252, 63.1333053], [12.7796227, 63.1333651]], [[12.7798877, 63.1334375], [12.7799995, 63.1334608], [12.780061, 63.1335503], [12.7803206, 63.1336942], [12.780356, 63.1338593], [12.7805655, 63.133934], [12.7807685, 63.1340137], [12.7809552, 63.1341021], [12.7812238, 63.1342774], [12.7813966, 63.1344544], [12.7817143, 63.1345926], [12.7817991, 63.1347108], [12.781874, 63.1348451], [12.7820373, 63.1349594], [12.782153, 63.1351476], [12.7824906, 63.1354504], [12.782824, 63.1355108], [12.7829898, 63.1357414], [12.7836589, 63.1358276], [12.7841594, 63.1359694], [12.7846364, 63.1361022], [12.7851728, 63.1361366], [12.7855549, 63.1361753], [12.7857742, 63.1362463], [12.7861442, 63.1364016], [12.7865352, 63.1365414], [12.7867984, 63.1367475], [12.7869901, 63.1367526], [12.7870776, 63.1367548], [12.78769, 63.136879], [12.7878766, 63.1369899], [12.7883601, 63.1370921], [12.7891318, 63.1370311], [12.789541, 63.1370922], [12.7900721, 63.1371136], [12.7904782, 63.1372473], [12.7908971, 63.1373249], [12.7911546, 63.1374529], [12.7914121, 63.13748], [12.7919442, 63.1376196], [12.7928936, 63.1376982], [12.7931283, 63.1378407], [12.7935148, 63.1380496], [12.7937124, 63.1381315], [12.7939523, 63.1382042], [12.7943706, 63.1382767], [12.7947423, 63.1382944], [12.7951869, 63.138415], [12.7953547, 63.1384601], [12.7955433, 63.1384434], [12.7956895, 63.1383814], [12.7964118, 63.1383108], [12.7968023, 63.1382944], [12.7971198, 63.1383177], [12.7976348, 63.1383448], [12.7977636, 63.1383642], [12.7979352, 63.1383565], [12.798064, 63.1383953], [12.7983644, 63.1384224], [12.7987231, 63.1385092], [12.7990682, 63.1387055], [12.7999083, 63.1388993], [12.8003449, 63.1388642], [12.8007848, 63.138946], [12.8014011, 63.1391717], [12.8018372, 63.1392459], [12.8020317, 63.1393427], [12.8028056, 63.1395458], [12.8031099, 63.1395861], [12.8033426, 63.139644], [12.8035864, 63.1397385], [12.8038447, 63.1397894], [12.8041322, 63.1397991], [12.8043966, 63.1398429], [12.8047522, 63.1399573], [12.8050015, 63.1400024], [12.8051107, 63.1400393], [12.8052802, 63.1400898], [12.8054601, 63.140111], [12.8061227, 63.1400279], [12.8064999, 63.139952], [12.8068445, 63.1399232], [12.8070549, 63.1399165], [12.8078744, 63.1397681], [12.8080358, 63.1397378], [12.8085191, 63.1396837], [12.808846, 63.1395855], [12.8090503, 63.1395471], [12.8093936, 63.1394811], [12.8097934, 63.1393161], [12.8100552, 63.1392292], [12.8102519, 63.1391011], [12.8111102, 63.1388296], [12.8115361, 63.1387191], [12.8118275, 63.1385523], [12.8121831, 63.1383953], [12.8127123, 63.1383506], [12.8128791, 63.1383329], [12.813098, 63.1383652], [12.8137752, 63.1384659], [12.8147752, 63.1383836], [12.815273, 63.1382169], [12.8155803, 63.1380238], [12.815843, 63.1379073], [12.8160602, 63.1377643], [12.816406, 63.1377243], [12.8166034, 63.1376662], [12.817436, 63.1377748], [12.8180024, 63.1375188], [12.8188166, 63.1374332], [12.8193236, 63.13713], [12.8196475, 63.1371073], [12.8199508, 63.1370844], [12.8201654, 63.1370922], [12.8205087, 63.1370146], [12.8211782, 63.1370146], [12.8216417, 63.1370534], [12.8218391, 63.1371426], [12.8224399, 63.137193], [12.8225858, 63.1372783], [12.8228261, 63.1373094], [12.8232724, 63.1372396], [12.8242681, 63.137193], [12.8246457, 63.1370379], [12.8259589, 63.136865], [12.826467, 63.136869], [12.8270361, 63.1369621], [12.8281476, 63.1371038], [12.8287914, 63.137065], [12.8292397, 63.1370571], [12.8297784, 63.1370456], [12.8301217, 63.1368711], [12.8303792, 63.1368129], [12.8305681, 63.13665], [12.8310916, 63.1365027], [12.8317096, 63.1364755], [12.8322074, 63.1363087], [12.8325851, 63.1363359], [12.8330829, 63.1361924], [12.8333404, 63.1361808], [12.8336549, 63.1360777]], [[12.8336549, 63.1360777], [12.8340669, 63.1360818], [12.8341254, 63.1361027]], [[12.8341254, 63.1361027], [12.8344562, 63.1361808], [12.8348167, 63.1361808], [12.8351857, 63.136142], [12.8359325, 63.1362506], [12.8367736, 63.1361597], [12.8372014, 63.136142], [12.8374431, 63.1361808], [12.8381297, 63.1361808], [12.838672, 63.1360666], [12.8391828, 63.1360452], [12.839599, 63.1359914], [12.8407047, 63.1357464], [12.841048, 63.1357774], [12.8413398, 63.1357464], [12.841666, 63.1357852], [12.841837, 63.1356997], [12.8419257, 63.1356051], [12.8420522, 63.1355447], [12.8424556, 63.1354051], [12.842653, 63.1352616], [12.843341, 63.1352124], [12.8435653, 63.1350908], [12.8440263, 63.1350094], [12.8444125, 63.1351064], [12.8447559, 63.1350172], [12.8449704, 63.1350482], [12.845597, 63.1350676], [12.8459575, 63.1349901], [12.8464553, 63.1349901], [12.84673, 63.135087], [12.8469732, 63.1350518]], [[12.8469732, 63.1350518], [12.8473879, 63.1349629], [12.8478824, 63.1349031], [12.8480137, 63.1348737], [12.8481635, 63.1348677], [12.8482818, 63.1348857], [12.8483676, 63.1348888]], [[12.8483676, 63.1348888], [12.8487573, 63.1348181], [12.8489192, 63.1347119], [12.8490073, 63.1346225], [12.8492436, 63.1345225], [12.8493347, 63.134469], [12.8495235, 63.1344004], [12.8501203, 63.1342919], [12.8506954, 63.1342027], [12.8511073, 63.1339816], [12.8518626, 63.1337295], [12.8521261, 63.1337468], [12.8530128, 63.1336038], [12.8535071, 63.1336084], [12.8539226, 63.1335666], [12.8540942, 63.1333998], [12.8549505, 63.1328979], [12.8553302, 63.1327792], [12.8555249, 63.1327176], [12.8559378, 63.1325719], [12.8563602, 63.132496], [12.8565833, 63.1324301], [12.8569438, 63.1324029], [12.8572976, 63.1323605], [12.857637, 63.1323166], [12.8581626, 63.1321857], [12.8587402, 63.1321494]], [[12.8587402, 63.1321494], [12.8589319, 63.1321455], [12.8590859, 63.132167], [12.8593, 63.1323182], [12.8594602, 63.1324842], [12.8594758, 63.1325883], [12.860024, 63.1328798], [12.8605227, 63.1332296], [12.8606992, 63.133333], [12.8610208, 63.133361], [12.8616216, 63.1336209], [12.8618791, 63.1336131], [12.8621795, 63.1335355], [12.8626773, 63.1335355], [12.8630807, 63.1336209], [12.863424, 63.1336829], [12.8637787, 63.1336601], [12.8640506, 63.1337295], [12.8645398, 63.1338148], [12.8647162, 63.1338089], [12.8652758, 63.1338382], [12.8658141, 63.133908], [12.8663036, 63.1340087], [12.8669022, 63.1341122], [12.8675453, 63.1342974], [12.8681398, 63.1344749], [12.868351, 63.1346835], [12.8687885, 63.1348931], [12.8692863, 63.1350094], [12.8699214, 63.1351646], [12.8705909, 63.1352228], [12.8710372, 63.1352616], [12.8712776, 63.135184], [12.8718784, 63.1353081], [12.87205, 63.1353973], [12.872668, 63.1354361], [12.8732345, 63.1355137], [12.8737495, 63.1354361], [12.874213, 63.1354167], [12.8755863, 63.1352538], [12.8761775, 63.1352821], [12.8765561, 63.1352926], [12.8777999, 63.1350504], [12.8783035, 63.134697], [12.8787877, 63.1343695], [12.878762, 63.1342609], [12.8791911, 63.1340398], [12.8794744, 63.1338575], [12.8799035, 63.1338458], [12.8800494, 63.1337954], [12.8804286, 63.1337529], [12.8808477, 63.1337023], [12.8810322, 63.1336649], [12.8812387, 63.1335735], [12.8813343, 63.1335086], [12.881338, 63.1334572]], [[12.881338, 63.1334572], [12.8814571, 63.1334512]], [[12.8814571, 63.1334512], [12.8817363, 63.1334111]], [[12.8817363, 63.1334111], [12.8822639, 63.1332834], [12.8826072, 63.133264], [12.8835685, 63.133361], [12.8838517, 63.13333], [12.8841092, 63.133361], [12.8842208, 63.1334075], [12.8850276, 63.1334968], [12.8858859, 63.1334968], [12.8865554, 63.133458], [12.8868987, 63.1334851], [12.8873279, 63.1333998], [12.8876582, 63.1333592], [12.8884605, 63.1332634], [12.8894072, 63.133002], [12.8899554, 63.1329251], [12.8900309, 63.1329541]], [[12.8900309, 63.1329541], [12.8903222, 63.1330661], [12.8906871, 63.1331706]], [[12.8906871, 63.1331706], [12.8907611, 63.1331816], [12.8917492, 63.1330612], [12.8926708, 63.1329556], [12.892936, 63.1329483], [12.8930875, 63.1329205], [12.8933304, 63.1328891], [12.8935817, 63.1328016], [12.8939425, 63.1327193], [12.8948759, 63.1323868], [12.8950554, 63.132305], [12.8951814, 63.1322671], [12.8954737, 63.132097], [12.895868, 63.1320732], [12.8961856, 63.1320616], [12.8966663, 63.1320422], [12.8973529, 63.1321003], [12.8986241, 63.1326217], [12.8987434, 63.1326706], [12.8994472, 63.1329033], [12.9002712, 63.1330584], [12.9006577, 63.1331189], [12.9011638, 63.1331981], [12.901387, 63.1333222], [12.9017303, 63.1334192], [12.9021341, 63.1335586], [12.9022326, 63.1338418], [12.9019908, 63.1342031], [12.9017372, 63.1346675], [12.9017124, 63.1347508], [12.9017045, 63.1350482], [12.9021337, 63.1354361], [12.9025285, 63.1356882], [12.9026513, 63.1357248], [12.9028541, 63.1357726], [12.9033353, 63.1358938], [12.9037044, 63.1359791], [12.9041078, 63.1360954], [12.9046485, 63.1365143], [12.9051635, 63.1370069], [12.9054467, 63.137162], [12.9056527, 63.1373559], [12.9056527, 63.1375886], [12.9058502, 63.1378407], [12.9060218, 63.1379881], [12.9061334, 63.1382867], [12.9063257, 63.1384568], [12.9063394, 63.1384689], [12.9063432, 63.1384707], [12.9067297, 63.1385895], [12.9070089, 63.1387908], [12.9072492, 63.1391786], [12.9074667, 63.13926], [12.9080217, 63.1393919], [12.9083993, 63.1395858], [12.9085195, 63.1401287], [12.9090001, 63.1403033], [12.9091203, 63.1406406], [12.909146, 63.1406725], [12.9093177, 63.1408849], [12.9094636, 63.1409043], [12.9095323, 63.1410013], [12.9099185, 63.1411176], [12.9102619, 63.1412068], [12.910694, 63.1413799], [12.9109571, 63.1414252], [12.9114033, 63.1413722], [12.9117967, 63.141327], [12.912236, 63.1412999], [12.9124906, 63.1412946], [12.9128969, 63.1413256], [12.9131801, 63.1413309], [12.9136635, 63.1413411], [12.9140127, 63.1413619], [12.914768, 63.1413619], [12.9153122, 63.1413825], [12.9156694, 63.1414562], [12.9159033, 63.1415276], [12.91641, 63.1416102], [12.9169309, 63.1416793], [12.9173361, 63.141735], [12.9178579, 63.1418815], [12.9180295, 63.1420095], [12.9183299, 63.1420987], [12.9187687, 63.14216], [12.918802, 63.1421646], [12.9194028, 63.1424089], [12.9196526, 63.1424821], [12.9200036, 63.142436], [12.9204156, 63.1423585], [12.9209478, 63.1422809], [12.9214628, 63.1423391], [12.9219348, 63.1424244], [12.9221923, 63.1425019], [12.9227674, 63.1425407], [12.923131, 63.1425798], [12.9233607, 63.1426415], [12.9238885, 63.1428412], [12.9242254, 63.1429527], [12.9247351, 63.14318], [12.9263122, 63.1437544], [12.9265268, 63.1438707], [12.9269559, 63.1440762], [12.9270997, 63.1441227]], [[12.9270997, 63.1441227], [12.927579, 63.1442411], [12.9278853, 63.1442656], [12.9282654, 63.1443309], [12.9286296, 63.144336], [12.9288178, 63.1443669], [12.9291539, 63.1443711], [12.9294021, 63.1444329], [12.9298767, 63.1445253], [12.930129, 63.1445443], [12.9303812, 63.144541], [12.9304063, 63.1445415], [12.930526, 63.1445228], [12.9309041, 63.1444639], [12.9314969, 63.1442766], [12.9318483, 63.1441421], [12.932496, 63.143817], [12.9327752, 63.1437156], [12.9330392, 63.1436847], [12.933382, 63.1436627], [12.9335649, 63.1436187]], [[12.9335649, 63.1436187], [12.9340286, 63.1435229], [12.9343015, 63.1434405], [12.9345706, 63.1433982], [12.9350551, 63.1432791], [12.9354157, 63.1432195], [12.9356086, 63.1431777], [12.9357972, 63.1430883], [12.9359267, 63.143048], [12.9361545, 63.1431071], [12.9363614, 63.1431994], [12.9367836, 63.1434595], [12.9371333, 63.1435532], [12.937543, 63.1437414], [12.9377939, 63.1438882], [12.9378774, 63.1438932]], [[12.9378774, 63.1438932], [12.937966, 63.143898], [12.9380547, 63.1439029], [12.9381805, 63.1438639], [12.9383535, 63.1438238]], [[12.9383535, 63.1438238], [12.939254, 63.1442682], [12.9394167, 63.1443676], [12.9399591, 63.1446106], [12.9404029, 63.1447365], [12.9407115, 63.1447888], [12.9411088, 63.1449034], [12.9417062, 63.1450124], [12.9423784, 63.145044], [12.9430335, 63.1451333], [12.9436227, 63.1452041], [12.9439918, 63.1452547], [12.9444334, 63.1452937], [12.9449277, 63.1452788], [12.9452241, 63.1452847], [12.9453916, 63.1453212]], [[12.9453916, 63.1453212], [12.9454792, 63.145349]], [[12.9454792, 63.145349], [12.9455916, 63.1453871]], [[12.9455916, 63.1453871], [12.9456784, 63.1453754]], [[12.9456784, 63.1453754], [12.9460224, 63.1453182], [12.9465914, 63.1452984], [12.9469935, 63.1452623], [12.9472626, 63.1452129], [12.9475742, 63.1451468], [12.9476822, 63.1451083], [12.9477788, 63.1450753]], [[12.9477788, 63.1450753], [12.9480921, 63.1449594]], [[12.9480921, 63.1449594], [12.9482891, 63.1448882], [12.9485533, 63.144851], [12.9489702, 63.1448576], [12.9493416, 63.1448425], [12.9497623, 63.1448451], [12.9500078, 63.1448578], [12.9503633, 63.1448839], [12.9508954, 63.1449631], [12.9515064, 63.1450957], [12.9520927, 63.1452507], [12.9525574, 63.1452608], [12.953302, 63.1453534], [12.9533611, 63.1453522], [12.9535669, 63.1453481], [12.9536913, 63.1453531], [12.9537948, 63.145376], [12.9538369, 63.1453748], [12.9538698, 63.1453739], [12.9539441, 63.1453891], [12.9540411, 63.1453803], [12.9541778, 63.1454177], [12.9542758, 63.1454294], [12.9544594, 63.1454653], [12.9545333, 63.1454798], [12.9547307, 63.1454992], [12.9551587, 63.1455277], [12.9556719, 63.14554], [12.9564709, 63.1455479], [12.9569366, 63.1455379], [12.9575975, 63.1454681], [12.9579975, 63.1454691], [12.9586274, 63.1454604], [12.9589026, 63.1454569], [12.9593466, 63.1454264], [12.9600265, 63.1454022], [12.9601665, 63.1453805], [12.960495, 63.1453781], [12.9608079, 63.1453794], [12.961191, 63.1453942], [12.9616366, 63.1454308], [12.9623133, 63.1455359], [12.9628755, 63.145585], [12.9632623, 63.1456736], [12.9635455, 63.1457783], [12.9637601, 63.1459257], [12.9641064, 63.1462617], [12.9642492, 63.146462], [12.9644166, 63.1465271]], [[12.9642854, 63.1468342], [12.9643793, 63.1466624], [12.9644166, 63.1465271]], [[12.9638025, 63.1476051], [12.9640679, 63.147232], [12.9642854, 63.1468342]]]}}, {"type": "Feature", "id": "relation/3596146", "properties": {"distance": "20", "name": "Vålådalen - Vålåstugorna sommarled", "network": "rwn", "route": "hiking", "type": "route", "@id": "relation/3596146", "@type": "relation", "osm_id": 3596146}, "geometry": {"type": "MultiLineString", "coordinates": [[[12.881338, 63.1334572], [12.8814571, 63.1334512]], [[12.8814571, 63.1334512], [12.8817363, 63.1334111]], [[12.8817363, 63.1334111], [12.8822639, 63.1332834], [12.8826072, 63.133264], [12.8835685, 63.133361], [12.8838517, 63.13333], [12.8841092, 63.133361], [12.8842208, 63.1334075], [12.8850276, 63.1334968], [12.8858859, 63.1334968], [12.8865554, 63.133458], [12.8868987, 63.1334851], [12.8873279, 63.1333998], [12.8876582, 63.1333592], [12.8884605, 63.1332634], [12.8894072, 63.133002], [12.8899554, 63.1329251], [12.8900309, 63.1329541]], [[12.8900309, 63.1329541], [12.8903222, 63.1330661], [12.8906871, 63.1331706]], [[12.8906871, 63.1331706], [12.8907611, 63.1331816], [12.8917492, 63.1330612], [12.8926708, 63.1329556], [12.892936, 63.1329483], [12.8930875, 63.1329205], [12.8933304, 63.1328891], [12.8935817, 63.1328016], [12.8939425, 63.1327193], [12.8948759, 63.1323868], [12.8950554, 63.132305], [12.8951814, 63.1322671], [12.8954737, 63.132097], [12.895868, 63.1320732], [12.8961856, 63.1320616], [12.8966663, 63.1320422], [12.8973529, 63.1321003], [12.8986241, 63.1326217], [12.8987434, 63.1326706], [12.8994472, 63.1329033], [12.9002712, 63.1330584], [12.9006577, 63.1331189], [12.9011638, 63.1331981], [12.901387, 63.1333222], [12.9017303, 63.1334192], [12.9021341, 63.1335586], [12.9022326, 63.1338418], [12.9019908, 63.1342031], [12.9017372, 63.1346675], [12.9017124, 63.1347508], [12.9017045, 63.1350482], [12.9021337, 63.1354361], [12.9025285, 63.1356882], [12.9026513, 63.1357248], [12.9028541, 63.1357726], [12.9033353, 63.1358938], [12.9037044, 63.1359791], [12.9041078, 63.1360954], [12.9046485, 63.1365143], [12.9051635, 63.1370069], [12.9054467, 63.137162], [12.9056527, 63.1373559], [12.9056527, 63.1375886], [12.9058502, 63.1378407], [12.9060218, 63.1379881], [12.9061334, 63.1382867], [12.9063257, 63.1384568], [12.9063394, 63.1384689], [12.9063432, 63.1384707], [12.9067297, 63.1385895], [12.9070089, 63.1387908], [12.9072492, 63.1391786], [12.9074667, 63.13926], [12.9080217, 63.1393919], [12.9083993, 63.1395858], [12.9085195, 63.1401287], [12.9090001, 63.1403033], [12.9091203, 63.1406406], [12.909146, 63.1406725], [12.9093177, 63.1408849], [12.9094636, 63.1409043], [12.9095323, 63.1410013], [12.9099185, 63.1411176], [12.9102619, 63.1412068], [12.910694, 63.1413799], [12.9109571, 63.1414252], [12.9114033, 63.1413722], [12.9117967, 63.141327], [12.912236, 63.1412999], [12.9124906, 63.1412946], [12.9128969, 63.1413256], [12.9131801, 63.1413309], [12.9136635, 63.1413411], [12.9140127, 63.1413619], [12.914768, 63.1413619], [12.9153122, 63.1413825], [12.9156694, 63.1414562], [12.9159033, 63.1415276], [12.91641, 63.1416102], [12.9169309, 63.1416793], [12.9173361, 63.141735], [12.9178579, 63.1418815], [12.9180295, 63.1420095], [12.9183299, 63.1420987], [12.9187687, 63.14216], [12.918802, 63.1421646], [12.9194028, 63.1424089], [12.9196526, 63.1424821], [12.9200036, 63.142436], [12.9204156, 63.1423585], [12.9209478, 63.1422809], [12.9214628, 63.1423391], [12.9219348, 63.1424244], [12.9221923, 63.1425019], [12.9227674, 63.1425407], [12.923131, 63.1425798], [12.9233607, 63.1426415], [12.9238885, 63.1428412], [12.9242254, 63.1429527], [12.9247351, 63.14318], [12.9263122, 63.1437544], [12.9265268, 63.1438707], [12.9269559, 63.1440762], [12.9270997, 63.1441227]], [[12.9270997, 63.1441227], [12.927579, 63.1442411], [12.9278853, 63.1442656], [12.9282654, 63.1443309], [12.9286296, 63.144336], [12.9288178, 63.1443669], [12.9291539, 63.1443711], [12.9294021, 63.1444329], [12.9298767, 63.1445253], [12.930129, 63.1445443], [12.9303812, 63.144541], [12.9304063, 63.1445415], [12.930526, 63.1445228], [12.9309041, 63.1444639], [12.9314969, 63.1442766], [12.9318483, 63.1441421], [12.932496, 63.143817], [12.9327752, 63.1437156], [12.9330392, 63.1436847], [12.933382, 63.1436627], [12.9335649, 63.1436187]], [[12.9335649, 63.1436187], [12.9340286, 63.1435229], [12.9343015, 63.1434405], [12.9345706, 63.1433982], [12.9350551, 63.1432791], [12.9354157, 63.1432195], [12.9356086, 63.1431777], [12.9357972, 63.1430883], [12.9359267, 63.143048], [12.9361545, 63.1431071], [12.9363614, 63.1431994], [12.9367836, 63.1434595], [12.9371333, 63.1435532], [12.937543, 63.1437414], [12.9377939, 63.1438882], [12.9378774, 63.1438932]], [[12.9378774, 63.1438932], [12.937966, 63.143898], [12.9380547, 63.1439029], [12.9381805, 63.1438639], [12.9383535, 63.1438238]], [[12.9383535, 63.1438238], [12.939254, 63.1442682], [12.9394167, 63.1443676], [12.9399591, 63.1446106], [12.9404029, 63.1447365], [12.9407115, 63.1447888], [12.9411088, 63.1449034], [12.9417062, 63.1450124], [12.9423784, 63.145044], [12.9430335, 63.1451333], [12.9436227, 63.1452041], [12.9439918, 63.1452547], [12.9444334, 63.1452937], [12.9449277, 63.1452788], [12.9452241, 63.1452847], [12.9453916, 63.1453212]], [[12.9453916, 63.1453212], [12.9454792, 63.145349]], [[12.9454792, 63.145349], [12.9455916, 63.1453871]], [[12.9455916, 63.1453871], [12.9456784, 63.1453754]], [[12.9456784, 63.1453754], [12.9460224, 63.1453182], [12.9465914, 63.1452984], [12.9469935, 63.1452623], [12.9472626, 63.1452129], [12.9475742, 63.1451468], [12.9476822, 63.1451083], [12.9477788, 63.1450753]], [[12.9477788, 63.1450753], [12.9480921, 63.1449594]], [[12.9480921, 63.1449594], [12.9482891, 63.1448882], [12.9485533, 63.144851], [12.9489702, 63.1448576], [12.9493416, 63.1448425], [12.9497623, 63.1448451], [12.9500078, 63.1448578], [12.9503633, 63.1448839], [12.9508954, 63.1449631], [12.9515064, 63.1450957], [12.9520927, 63.1452507], [12.9525574, 63.1452608], [12.953302, 63.1453534], [12.9533611, 63.1453522], [12.9535669, 63.1453481], [12.9536913, 63.1453531], [12.9537948, 63.145376], [12.9538369, 63.1453748], [12.9538698, 63.1453739], [12.9539441, 63.1453891], [12.9540411, 63.1453803], [12.9541778, 63.1454177], [12.9542758, 63.1454294], [12.9544594, 63.1454653], [12.9545333, 63.1454798], [12.9547307, 63.1454992], [12.9551587, 63.1455277], [12.9556719, 63.14554], [12.9564709, 63.1455479], [12.9569366, 63.1455379], [12.9575975, 63.1454681], [12.9579975, 63.1454691], [12.9586274, 63.1454604], [12.9589026, 63.1454569], [12.9593466, 63.1454264], [12.9600265, 63.1454022], [12.9601665, 63.1453805], [12.960495, 63.1453781], [12.9608079, 63.1453794], [12.961191, 63.1453942], [12.9616366, 63.1454308], [12.9623133, 63.1455359], [12.9628755, 63.145585], [12.9632623, 63.1456736], [12.9635455, 63.1457783], [12.9637601, 63.1459257], [12.9641064, 63.1462617], [12.9642492, 63.146462], [12.9644166, 63.1465271]], [[12.881338, 63.1334572], [12.8813012, 63.1334581], [12.8811205, 63.1334404]], [[12.8811205, 63.1334404], [12.8808121, 63.1334101]], [[12.8808121, 63.1334101], [12.8805731, 63.1333867]], [[12.8805731, 63.1333867], [12.880358, 63.1333898]], [[12.880358, 63.1333898], [12.8796426, 63.1333999], [12.8790803, 63.1335751], [12.8788089, 63.1336233], [12.877985, 63.1336058], [12.8774034, 63.1335006], [12.876783, 63.1334043], [12.8761723, 63.1331852], [12.8755131, 63.1329837], [12.8754065, 63.1328654], [12.8749994, 63.1327691], [12.8744178, 63.1326858], [12.8740203, 63.132642], [12.8735938, 63.1324974], [12.8731867, 63.1322565], [12.8731188, 63.1321251], [12.8731188, 63.1320024], [12.8731188, 63.1318885], [12.873051, 63.1317089], [12.8728087, 63.1314548], [12.8723337, 63.1312095], [12.8717618, 63.1306487], [12.8717424, 63.1305085], [12.8720138, 63.1303376], [12.8722847, 63.1301427]], [[12.8722847, 63.1301427], [12.8725536, 63.1297825]], [[12.8145713, 63.0923037], [12.8145605, 63.0923844], [12.8145944, 63.0924832], [12.8147292, 63.0926062], [12.8148253, 63.092895], [12.8146139, 63.0931897], [12.8143234, 63.0935202], [12.8142514, 63.0937135], [12.8143425, 63.0938765], [12.8142254, 63.094127], [12.8140822, 63.094231], [12.8141268, 63.0943325], [12.8143054, 63.0944078], [12.8143735, 63.0945183], [12.8143579, 63.094677], [12.8141413, 63.0947961], [12.814109, 63.0949224], [12.8142375, 63.0950629], [12.8142955, 63.0951643], [12.8144273, 63.0952484], [12.8144965, 63.0953446], [12.8146796, 63.0956365], [12.8145851, 63.0958425], [12.8145353, 63.0958847], [12.8145945, 63.0961019], [12.8144442, 63.0962165], [12.8143715, 63.0962522], [12.8144401, 63.0963693], [12.8145177, 63.0964289], [12.8145944, 63.0965125], [12.8145944, 63.0966683], [12.8145814, 63.0967576], [12.8146623, 63.0968874], [12.8145278, 63.0971949], [12.8143574, 63.0973986], [12.814279, 63.0974937], [12.8140565, 63.0975703], [12.8138959, 63.0977217], [12.8139062, 63.0977867], [12.8135281, 63.097938], [12.8135087, 63.0980214], [12.8136784, 63.0982012], [12.8138868, 63.0983021], [12.8140837, 63.0983494], [12.8143394, 63.0983759], [12.8148222, 63.0985959], [12.8149628, 63.0986683], [12.8150161, 63.0988152], [12.8151421, 63.0988854], [12.8153214, 63.0989556], [12.8155104, 63.099063], [12.8156704, 63.0991946], [12.8160334, 63.0993357], [12.8161799, 63.0994332], [12.8162031, 63.0996282], [12.8164071, 63.0998393], [12.8165477, 63.1000125], [12.8164556, 63.1002121], [12.816504, 63.1003678], [12.8165089, 63.1005805], [12.8163926, 63.1009072], [12.8162908, 63.1010804], [12.8162035, 63.1011747], [12.8162908, 63.1014115], [12.8164507, 63.1014948], [12.8165573, 63.1015891], [12.8165428, 63.1016768], [12.8164102, 63.1017777], [12.8163788, 63.1018847], [12.8164653, 63.1019882], [12.8165864, 63.1021592], [12.8167464, 63.1022974], [12.8170275, 63.1025079], [12.8172747, 63.1026197], [12.8174201, 63.1026613], [12.8175897, 63.1028302], [12.8175752, 63.1029508], [12.8179677, 63.1032468], [12.8183216, 63.1034682], [12.8183846, 63.1034989], [12.818404, 63.1036085], [12.8185397, 63.1037335], [12.8186269, 63.1038015], [12.8188014, 63.1040405], [12.8188595, 63.1042246], [12.8189274, 63.104411], [12.8190098, 63.1045338], [12.8195769, 63.1048232], [12.8197417, 63.1049526], [12.8199713, 63.105062], [12.8201924, 63.1051674], [12.8203927, 63.1055107], [12.8205656, 63.1057353], [12.8206868, 63.1059041], [12.820774, 63.1061189], [12.8206898, 63.1064549], [12.8207304, 63.1065355], [12.8207758, 63.1065966], [12.820774, 63.1066648], [12.8205572, 63.1068732], [12.8204977, 63.1069564], [12.8205947, 63.1070594], [12.8206674, 63.1071822], [12.8204977, 63.1075505], [12.8205462, 63.1078728], [12.8204977, 63.1080438], [12.8205559, 63.1081884], [12.8207255, 63.1083726], [12.8206789, 63.1087216], [12.820827, 63.1088069], [12.8210133, 63.1088819], [12.8211327, 63.1089711], [12.8213702, 63.109142], [12.8216028, 63.1093108], [12.8216949, 63.1094204], [12.8219905, 63.1097493], [12.822262, 63.1099137], [12.822262, 63.110054], [12.8221036, 63.1102261], [12.8221456, 63.110385], [12.822262, 63.1105318], [12.822228, 63.1107182], [12.8223114, 63.1108404], [12.8222959, 63.1109308], [12.8222765, 63.1109922], [12.8224607, 63.1111478], [12.8226933, 63.111253], [12.8228964, 63.1113051], [12.8229558, 63.11132], [12.8233088, 63.1116563], [12.8236637, 63.1119361], [12.8237456, 63.1120233], [12.8238886, 63.1120451], [12.8244555, 63.1121136], [12.8245432, 63.1121042], [12.8246552, 63.1121611], [12.8246902, 63.1122153], [12.8247774, 63.1123512], [12.8249471, 63.1125024], [12.8252082, 63.1126203], [12.8255605, 63.1128021], [12.8255879, 63.1128741], [12.8255499, 63.1129826], [12.825582, 63.1130394], [12.8256983, 63.11316], [12.8257361, 63.1132645], [12.8257759, 63.1134471], [12.8264156, 63.1138614], [12.8266628, 63.1140498], [12.8267985, 63.1141901], [12.8271814, 63.1142997], [12.8276394, 63.1143395], [12.8277545, 63.1144002], [12.8279635, 63.114476], [12.8281369, 63.1145036], [12.8282865, 63.1145298], [12.8289165, 63.114497], [12.8297211, 63.1144487], [12.8304505, 63.1144392], [12.8308116, 63.1144399], [12.8312203, 63.1144375], [12.8315144, 63.1144729], [12.8322519, 63.1144301], [12.8325177, 63.1143983], [12.8329248, 63.114337], [12.8334919, 63.1144049], [12.8340832, 63.1144707], [12.8343541, 63.1145655], [12.8347925, 63.1147923], [12.8351446, 63.1150186], [12.835702, 63.1151413], [12.8362448, 63.1152465], [12.8368943, 63.1153495], [12.8375396, 63.1154283], [12.8382195, 63.1155758], [12.838526, 63.1155973], [12.8388793, 63.1156358], [12.839077, 63.115632], [12.8402151, 63.115752], [12.84075, 63.1157704], [12.8410182, 63.1158129], [12.8419301, 63.1161078], [12.8421486, 63.1161387], [12.842373, 63.1162152], [12.8425736, 63.116289], [12.8427298, 63.1164673], [12.8432484, 63.1166426], [12.8434454, 63.1167339], [12.8437163, 63.1167866], [12.8438154, 63.116842], [12.8441596, 63.1169735], [12.844746, 63.1170963], [12.8452549, 63.1171554], [12.8460515, 63.117242], [12.8467332, 63.1173154], [12.8469961, 63.1172845], [12.8475087, 63.1171664], [12.8480041, 63.1171181], [12.8483684, 63.1171133], [12.848827, 63.1171401], [12.8491116, 63.117183], [12.8494124, 63.1171966], [12.8500247, 63.1172165], [12.8504014, 63.1173368], [12.8504572, 63.1174084], [12.8504846, 63.1174995], [12.8504433, 63.1176686], [12.850407, 63.1177778], [12.8505427, 63.1182643], [12.8505136, 63.1185821], [12.8503682, 63.1190445], [12.8503585, 63.1195792], [12.8503379, 63.1196884], [12.8502471, 63.119783], [12.850092, 63.1200503], [12.8499919, 63.120219], [12.8500047, 63.1203987], [12.8502616, 63.1206135], [12.8504261, 63.1209631], [12.8505379, 63.1211394], [12.8508437, 63.1212865], [12.851071, 63.1213804], [12.8510869, 63.1214696], [12.8510744, 63.1215558], [12.8511516, 63.121677], [12.8512417, 63.1217289], [12.8514318, 63.1218011], [12.8515605, 63.1218055], [12.8519337, 63.1218997], [12.8522784, 63.1219822], [12.8526672, 63.1219937], [12.853307, 63.1219168], [12.8538698, 63.1218708], [12.854139, 63.121869], [12.85474, 63.1219041], [12.8553652, 63.1219414], [12.8557433, 63.1220553], [12.8561698, 63.122235], [12.856417, 63.122384], [12.8568823, 63.1224059], [12.8572991, 63.1224278], [12.8575753, 63.1224607], [12.8584526, 63.1225483], [12.8590148, 63.1227236], [12.8596207, 63.1227696], [12.8602265, 63.1228332], [12.8607742, 63.12298], [12.861128, 63.1231268], [12.8613703, 63.1234401], [12.8617435, 63.1236811], [12.8619326, 63.1238082], [12.8625384, 63.1240864], [12.8628874, 63.1242595], [12.8637259, 63.1246276], [12.8639488, 63.1246473], [12.8641669, 63.1247437], [12.8642576, 63.1248156], [12.8643372, 63.1249004], [12.864395, 63.1250182], [12.8646198, 63.1251835], [12.8647529, 63.1253156], [12.8651284, 63.1255593], [12.8652759, 63.1255294], [12.8654901, 63.1254602], [12.8665612, 63.1253988], [12.8668423, 63.1253978], [12.8674202, 63.1253684], [12.8675857, 63.1254514], [12.8676856, 63.1257297], [12.8678117, 63.1259641], [12.8678795, 63.1261196], [12.8685678, 63.126422], [12.8692705, 63.1266235], [12.8695904, 63.1266783], [12.8699636, 63.126801], [12.8709475, 63.127329], [12.8713013, 63.1275437], [12.8714079, 63.1277386], [12.8713789, 63.1280672], [12.8716309, 63.1282973], [12.8718054, 63.1284528], [12.8721204, 63.128696], [12.8723579, 63.129064], [12.8725227, 63.1292524], [12.8726826, 63.1294517], [12.8726051, 63.1297256], [12.8725536, 63.1297825]], [[12.8145713, 63.0923037], [12.8145646, 63.0921615], [12.814625, 63.0920379], [12.8146184, 63.0919224], [12.8145877, 63.0918728]], [[12.8145877, 63.0918728], [12.8145242, 63.0917431], [12.8145193, 63.0916652]], [[12.8145193, 63.0916652], [12.8145367, 63.0915821], [12.8145189, 63.0914118], [12.8143559, 63.0912363], [12.8143099, 63.0910281], [12.8142684, 63.090837], [12.8137372, 63.0904523], [12.813148, 63.0900959], [12.8130852, 63.0900525], [12.8127344, 63.0894291], [12.8127084, 63.089288], [12.8127405, 63.0891317], [12.8127908, 63.0889396], [12.8128473, 63.0888354], [12.8128412, 63.0887474], [12.8129553, 63.0884824], [12.8127423, 63.0880207], [12.8125525, 63.0873709], [12.8124347, 63.0870588], [12.8123706, 63.086771], [12.8121205, 63.086426], [12.8117989, 63.0862064], [12.8116374, 63.0860509], [12.811526, 63.085854], [12.8113543, 63.0856946], [12.8110713, 63.0853301], [12.8110202, 63.0851913], [12.8108341, 63.0851248], [12.8108566, 63.0850671], [12.8108987, 63.0850567], [12.810888, 63.0849265], [12.8106036, 63.0840597], [12.8105766, 63.0839195], [12.8104993, 63.0837821], [12.8104224, 63.0836743], [12.8105251, 63.0835564], [12.8105488, 63.0833094], [12.8103992, 63.0830638], [12.8101361, 63.0825003], [12.8100156, 63.0824259], [12.8099289, 63.081953], [12.8098799, 63.0818352], [12.8099586, 63.081688], [12.8096971, 63.081364], [12.809322, 63.0809825], [12.8093396, 63.0808034], [12.809395, 63.0806614], [12.8094112, 63.0802204], [12.8089747, 63.0795002], [12.8090916, 63.0787599], [12.8090463, 63.0785313], [12.8086439, 63.0784176], [12.8082416, 63.0783038], [12.8080032, 63.078075], [12.8074745, 63.0778921], [12.8075254, 63.0777834], [12.8071628, 63.0776401], [12.8070329, 63.077493], [12.8063118, 63.0772342], [12.8062598, 63.0771577], [12.8063053, 63.0770489], [12.8062728, 63.0769047], [12.8062988, 63.0768341], [12.80598, 63.0766515], [12.8056171, 63.0765173], [12.8054348, 63.076034], [12.8054154, 63.0758161], [12.8051537, 63.0755484], [12.8046388, 63.0753151], [12.8040293, 63.0749163], [12.8039765, 63.0744578], [12.8040246, 63.0743392], [12.8041988, 63.0742777], [12.8039926, 63.0739777], [12.8039465, 63.0738591], [12.8036903, 63.0735857], [12.8034404, 63.0732952], [12.8032996, 63.0732051], [12.8032344, 63.0731341], [12.8030895, 63.0730187], [12.8030622, 63.0729413], [12.8030571, 63.0727568], [12.8028037, 63.0724891], [12.8026348, 63.0721802], [12.8024638, 63.0719724], [12.8023117, 63.0718502], [12.8020503, 63.0718078], [12.8019527, 63.0717654], [12.8015954, 63.0715447], [12.8014302, 63.0714173], [12.8013489, 63.071287], [12.8010367, 63.0710593], [12.8008613, 63.0708327], [12.8006794, 63.0702384], [12.8005881, 63.06989], [12.8006075, 63.0695914], [12.8004565, 63.0695012], [12.8004, 63.0693282], [12.8003002, 63.0692179], [12.8003264, 63.0690734], [12.8008304, 63.0685948], [12.8007819, 63.0682567], [12.8007672, 63.0681628], [12.8009063, 63.0680423], [12.8006866, 63.067865], [12.8006761, 63.0677125], [12.8007411, 63.0675999], [12.8006718, 63.0674886], [12.800456, 63.0672488], [12.8002253, 63.0670566], [12.8000847, 63.0669077], [12.7999388, 63.0669103], [12.7999, 63.0668173], [12.7999337, 63.0665511], [12.7996795, 63.0662874], [12.7995168, 63.0661792], [12.7995176, 63.0660299], [12.7992745, 63.0657872], [12.7994178, 63.0655926], [12.7994178, 63.0653928], [12.799356, 63.0651755]], [[12.799356, 63.0651755], [12.7991122, 63.0647788], [12.7990745, 63.0645785], [12.7991484, 63.0644237]], [[12.7991484, 63.0644237], [12.7991697, 63.0643815], [12.7991631, 63.0643022], [12.7991147, 63.064223], [12.7991556, 63.0640084], [12.7992251, 63.0639665], [12.799349, 63.0636841], [12.7995904, 63.0635039], [12.7997269, 63.0631946], [12.7997799, 63.0629913], [12.7998814, 63.0629181], [12.800051, 63.0625794], [12.7999039, 63.0624699], [12.7999432, 63.0623668], [12.7999132, 63.0623287]], [[12.7999132, 63.0623287], [12.7995732, 63.0620659], [12.7994523, 63.0619098], [12.7994442, 63.0618324]], [[12.7994442, 63.0618324], [12.7993996, 63.0617295], [12.7991376, 63.061568], [12.7990397, 63.0614387], [12.7989365, 63.0612935], [12.7987747, 63.0611351], [12.7985576, 63.0607253], [12.7985108, 63.0605574], [12.7982817, 63.0600024]], [[12.7982817, 63.0600024], [12.7982455, 63.0598892], [12.7981675, 63.0597777]], [[12.7981675, 63.0597777], [12.7980259, 63.0594889], [12.7979867, 63.0593018], [12.798003, 63.0591841], [12.7979919, 63.0590567], [12.7980133, 63.0590115]], [[12.7980133, 63.0590115], [12.7980106, 63.0589785]], [[12.7980106, 63.0589785], [12.7980269, 63.0589598]], [[12.7980269, 63.0589598], [12.7980784, 63.0589218]], [[12.7980784, 63.0589218], [12.7980719, 63.0588874], [12.7981804, 63.0588226], [12.7983748, 63.0587603], [12.7984631, 63.058621], [12.7987892, 63.0584029]], [[12.7987892, 63.0584029], [12.7989031, 63.0583198], [12.7989505, 63.0582327]], [[12.7989505, 63.0582327], [12.799256, 63.0577967], [12.7993796, 63.0574821], [12.7994455, 63.0570407], [12.7993647, 63.0568601], [12.7994032, 63.0567547], [12.7994149, 63.0564439], [12.799364, 63.056362]], [[12.799364, 63.056362], [12.7992819, 63.0562479]], [[12.7992819, 63.0562479], [12.7991969, 63.0561708], [12.7990808, 63.0561018], [12.7989508, 63.0560186], [12.7988725, 63.0559488], [12.7987645, 63.0559149], [12.798692, 63.0558548], [12.7986705, 63.0555074], [12.7984164, 63.0552949], [12.7983736, 63.055087], [12.7982464, 63.054889], [12.7980321, 63.0546374], [12.7977733, 63.0543978], [12.7977095, 63.0543605]], [[12.7977095, 63.0543605], [12.797632, 63.0543055]], [[12.797632, 63.0543055], [12.7975224, 63.0542446]], [[12.7975224, 63.0542446], [12.7974803, 63.0541982]], [[12.7974803, 63.0541982], [12.7973285, 63.0537217], [12.7974404, 63.0535971]], [[12.7974404, 63.0535971], [12.7975856, 63.0533714]], [[12.7975856, 63.0533714], [12.7976665, 63.0532831], [12.7977453, 63.0529207], [12.7978495, 63.0528346], [12.7978316, 63.0527816], [12.7978283, 63.0527546]], [[12.7978283, 63.0527546], [12.7978616, 63.0526266], [12.7979029, 63.052485], [12.7978662, 63.0524002]], [[12.7978662, 63.0524002], [12.7977938, 63.0523208], [12.7978727, 63.0522149], [12.7978522, 63.0521324], [12.7979643, 63.0518907], [12.7980029, 63.0516457], [12.798013, 63.0514055], [12.7980846, 63.0511011], [12.7981715, 63.0510062], [12.7980897, 63.0509213]], [[12.7980897, 63.0509213], [12.7979442, 63.0505861], [12.7979593, 63.0503466]], [[12.7979593, 63.0503466], [12.7977973, 63.0502673]], [[12.7977973, 63.0502673], [12.7977654, 63.0502066], [12.7979101, 63.0500676], [12.7979322, 63.0497849], [12.7979719, 63.0496304], [12.7979341, 63.0495015], [12.7979557, 63.0493487], [12.798075, 63.0493081], [12.7978871, 63.0489482], [12.7979313, 63.0489232]], [[12.7979313, 63.0489232], [12.7979, 63.0489003]], [[12.7979, 63.0489003], [12.7977435, 63.0487856], [12.7975938, 63.0487558], [12.7974431, 63.048593], [12.7975355, 63.0484236], [12.797515, 63.0483261], [12.7974379, 63.0482231], [12.7974616, 63.0478447], [12.7974287, 63.0476734], [12.7974085, 63.0475331], [12.7973167, 63.0474608], [12.7973274, 63.0473999], [12.7973826, 63.0473775], [12.797396, 63.0472679], [12.7973569, 63.0472279], [12.7972955, 63.0468718], [12.7973573, 63.0466526], [12.7974379, 63.0458786], [12.7974306, 63.0458526]], [[12.7974306, 63.0458526], [12.7974329, 63.0457937]], [[12.7974329, 63.0457937], [12.7974216, 63.0456908], [12.7973185, 63.0454517], [12.797215, 63.045329], [12.797059, 63.0452557], [12.7969947, 63.0452014], [12.7969685, 63.0451048], [12.7970231, 63.0450357], [12.7969786, 63.0447125], [12.7971761, 63.0443898], [12.7972958, 63.044338], [12.7974264, 63.0442818], [12.7974357, 63.0442238], [12.7974976, 63.0440087], [12.797623, 63.0439405], [12.7976998, 63.0438484], [12.7979478, 63.0435985], [12.7983283, 63.0434989], [12.7987701, 63.0432986], [12.799031, 63.0431373], [12.7992111, 63.0429467], [12.7992973, 63.0426961], [12.7994057, 63.042572], [12.7994685, 63.0424507], [12.7993849, 63.0423456], [12.799711, 63.0419191], [12.799833, 63.0416677], [12.7996686, 63.0415289], [12.7997424, 63.0413867], [12.7997637, 63.0411574], [12.7999151, 63.0408634], [12.7999075, 63.0408136], [12.7998771, 63.0406615], [12.7998076, 63.0405504], [12.7997113, 63.0404813]], [[12.9638025, 63.1476051], [12.9640679, 63.147232], [12.9642854, 63.1468342]], [[12.9642854, 63.1468342], [12.9643793, 63.1466624], [12.9644166, 63.1465271]]]}}, {"type": "Feature", "id": "relation/3752003", "properties": {"ascent": "190", "distance": "12.2", "from": "Vålådalen", "name": "Blanktjärnsrundan", "network": "lwn", "operator": "Södra Årefjällen", "osmc:symbol": "orange:white:orange_bar:283:black", "ref": "283", "roundtrip": "yes", "route": "hiking", "to": "Vålådalen", "type": "route", "via": "Blanktjärn", "website": "https://fjallupplevelser.com/led/283/", "wikidata": "Q131362814", "@id": "relation/3752003", "@type": "relation", "osm_id": 3752003}, "geometry": {"type": "MultiLineString", "coordinates": [[[12.9638025, 63.1476051], [12.9640679, 63.147232], [12.9642854, 63.1468342]], [[12.9642854, 63.1468342], [12.9643793, 63.1466624], [12.9644166, 63.1465271]], [[12.9644166, 63.1465271], [12.9645603, 63.1463208], [12.9647816, 63.1459818], [12.9648342, 63.1458526], [12.9649035, 63.1457251], [12.9649728, 63.1456547], [12.9651386, 63.1455932], [12.9653169, 63.1455642], [12.9657602, 63.1455847], [12.9660227, 63.1456092], [12.966264, 63.1456397], [12.966485, 63.1456491], [12.9671078, 63.1455847], [12.968079, 63.1453294], [12.9686098, 63.1451427], [12.9687986, 63.1450651], [12.9689997, 63.1449403], [12.969111, 63.144786], [12.9690962, 63.1446586], [12.9690219, 63.1443131], [12.9688437, 63.1440347], [12.9687101, 63.1437596], [12.9686173, 63.1434218], [12.9685528, 63.1432318], [12.9685306, 63.1427468]], [[12.9685306, 63.1427468], [12.9686321, 63.1424754]], [[12.9686321, 63.1424754], [12.9687324, 63.1419223]], [[12.9687324, 63.1419223], [12.9687266, 63.1417876], [12.9686937, 63.1417576]], [[12.9600107, 63.1394988], [12.9601733, 63.1396433], [12.9603709, 63.1397404], [12.9606445, 63.1398504], [12.960916, 63.1399409], [12.9611308, 63.1400522], [12.9613125, 63.1401504], [12.9615409, 63.1402691], [12.9617576, 63.1403523], [12.9620302, 63.1404429], [12.9623485, 63.140481], [12.962899, 63.1405228], [12.9631978, 63.1405678], [12.9635701, 63.140586], [12.9638721, 63.1406366], [12.9641788, 63.1407331], [12.964436, 63.1408825], [12.9646093, 63.1409703], [12.9649506, 63.1411007], [12.9652866, 63.1412099], [12.9656174, 63.1413522], [12.9661206, 63.1415415], [12.9665979, 63.1416199], [12.9671032, 63.1416938], [12.9676545, 63.1417412], [12.9686937, 63.1417576]], [[12.9324606, 63.1311392], [12.9326907, 63.132238], [12.9329427, 63.1324848], [12.9329742, 63.1327268], [12.9332967, 63.133205], [12.9335788, 63.1335137], [12.9339872, 63.1337989], [12.9344253, 63.1340439], [12.9354351, 63.1344734], [12.9356727, 63.1346713], [12.9360217, 63.1348794], [12.9363038, 63.135084], [12.9364746, 63.1352585], [12.9363781, 63.135386], [12.9363409, 63.1355638], [12.9360588, 63.135792], [12.9359538, 63.1359225], [12.9359695, 63.1359699], [12.9360483, 63.136015], [12.9361271, 63.1361099], [12.9364683, 63.1362594], [12.9367466, 63.1364705], [12.9369251, 63.1365014], [12.9371561, 63.1365417], [12.9376339, 63.1366366], [12.9378649, 63.1367338], [12.9380539, 63.1368382], [12.9381799, 63.1369521], [12.9383427, 63.1370897], [12.9385264, 63.1372131], [12.9387574, 63.1372605], [12.9392247, 63.1374835], [12.9392457, 63.1375713], [12.9393665, 63.137697], [12.9395082, 63.1378038], [12.9395817, 63.1378251], [12.939818, 63.1378536], [12.9401278, 63.1379532], [12.940175, 63.1379983], [12.9403903, 63.1381169], [12.9405635, 63.1381786], [12.9407263, 63.1381667], [12.9409363, 63.1381976], [12.9411673, 63.1381667], [12.9414246, 63.1380908], [12.9415234, 63.1380279], [12.9416504, 63.1379675], [12.9418879, 63.1379255], [12.9420038, 63.1379236], [12.9421352, 63.1379467], [12.9422401, 63.1379184], [12.9423755, 63.1379013], [12.9424903, 63.1379124], [12.9427391, 63.137879], [12.9429386, 63.137898], [12.9436631, 63.1380545], [12.9443036, 63.1383013], [12.9445767, 63.1383724], [12.9452802, 63.1385195], [12.9454571, 63.1386072], [12.9456564, 63.1386478], [12.9457444, 63.1386292], [12.9459077, 63.1385916], [12.9462435, 63.1385638], [12.9467687, 63.1385248], [12.9470707, 63.1384717], [12.9474044, 63.1384096], [12.947649, 63.1384104], [12.9478336, 63.1384138], [12.9479875, 63.1384224], [12.948377, 63.1383816], [12.9487841, 63.1383143], [12.9490215, 63.1382954], [12.9494531, 63.1382844], [12.9496288, 63.1383155], [12.9502331, 63.138415], [12.950457, 63.1384246], [12.950666, 63.1384414], [12.9508602, 63.1384383], [12.9510098, 63.1384185], [12.9511643, 63.1383716], [12.951329, 63.1383295], [12.9514717, 63.1383165], [12.9516058, 63.138325], [12.9517289, 63.1383387], [12.9518944, 63.1383296], [12.9520363, 63.138325], [12.9521562, 63.1383354], [12.9523204, 63.1383236], [12.9524553, 63.1383322], [12.9527041, 63.1384009], [12.9530035, 63.1385574], [12.9530805, 63.1386351], [12.9531162, 63.1387035], [12.9533446, 63.1388659], [12.9535174, 63.1389732], [12.9537009, 63.1390155], [12.9538543, 63.1390678], [12.9540625, 63.1391006], [12.9542462, 63.1391094], [12.9544085, 63.1391284], [12.9545849, 63.1391502], [12.9547287, 63.139163], [12.9559984, 63.139173], [12.9573275, 63.1391361], [12.9574193, 63.1391455], [12.9581145, 63.1392166], [12.9586343, 63.1391932], [12.959013, 63.139277], [12.9593456, 63.1393479], [12.9596892, 63.1394159], [12.9600107, 63.1394988]], [[12.9287573, 63.1261326], [12.9288871, 63.12623], [12.9290956, 63.1262755], [12.929314, 63.1263739], [12.9296155, 63.1265064], [12.9296181, 63.1268426], [12.930077, 63.1274597], [12.9302135, 63.127678], [12.930098, 63.1277634], [12.930014, 63.1278584], [12.930119, 63.1280577], [12.9301085, 63.1282001], [12.9305025, 63.1285819], [12.9305112, 63.1286822], [12.9315873, 63.1294857], [12.9322611, 63.1301839], [12.9322296, 63.1304687], [12.9323451, 63.130649], [12.9324606, 63.1311392]], [[12.9291758, 63.1242404], [12.9291125, 63.1242588], [12.9290657, 63.1242887], [12.9290436, 63.1243341], [12.9290384, 63.124414], [12.9290273, 63.1245325], [12.9290051, 63.1246574], [12.9289149, 63.1248101], [12.9287779, 63.1249053], [12.928514, 63.1250447], [12.928382, 63.1251213], [12.9283277, 63.125205], [12.9282907, 63.1253641], [12.9282998, 63.1255952], [12.928355, 63.1257789], [12.9285062, 63.1259286], [12.9287117, 63.1260715], [12.9287573, 63.1261326]], [[12.9427447, 63.1170041], [12.9426926, 63.1170337], [12.9425312, 63.1170813], [12.9423742, 63.1171424], [12.9421247, 63.1172269], [12.9418845, 63.1173091], [12.9416806, 63.117411], [12.9415801, 63.1174779], [12.9414812, 63.11752], [12.9413228, 63.1175702], [12.9411225, 63.1176895], [12.9409577, 63.117807], [12.9409014, 63.1178813], [12.9408549, 63.1179257], [12.9407605, 63.1179788], [12.9406275, 63.1180609], [12.9405704, 63.1181064], [12.9405292, 63.1181346], [12.9403855, 63.1182264], [12.9401454, 63.1183681], [12.9399266, 63.1185146], [12.9398199, 63.11862], [12.9397961, 63.1186769], [12.9397547, 63.1187115], [12.9396743, 63.1187519], [12.9395797, 63.1187804], [12.9394509, 63.1188417], [12.9393013, 63.118934], [12.9391924, 63.1190224], [12.9391789, 63.1190774], [12.9391985, 63.1191231], [12.9391736, 63.1191666], [12.9391117, 63.1192202], [12.9390646, 63.1192579], [12.9389706, 63.1192728], [12.9387788, 63.1193351], [12.9386364, 63.1194106], [12.9384993, 63.1195011], [12.9383194, 63.1195623], [12.937445, 63.1198032], [12.9370918, 63.1199714], [12.9365773, 63.1202933], [12.936217, 63.1205354], [12.9359633, 63.1206803], [12.9356703, 63.1208092], [12.9354155, 63.1208848], [12.9351125, 63.1210054], [12.9350066, 63.1210769], [12.9349083, 63.1211719], [12.9347819, 63.121285], [12.9347221, 63.1214244], [12.9347088, 63.1215743], [12.9346626, 63.121697], [12.934573, 63.121835], [12.9344082, 63.1219685], [12.9343505, 63.122045], [12.9342346, 63.122188], [12.9341316, 63.1222953], [12.9340249, 63.1223608], [12.9338894, 63.1224025], [12.9338316, 63.1224393], [12.9338026, 63.1224786], [12.933826, 63.1226104], [12.9338759, 63.122739], [12.9338896, 63.1228066], [12.9338488, 63.1229128], [12.9337884, 63.1229681], [12.9336596, 63.1230294], [12.9334895, 63.1230889], [12.9333071, 63.1231464], [12.9331416, 63.1232352], [12.9329757, 63.1233049], [12.9327424, 63.1233706], [12.9324226, 63.123428], [12.9321123, 63.1234784], [12.9318757, 63.1235436], [12.9316631, 63.1236159], [12.9314125, 63.1237103], [12.9311815, 63.1237796], [12.9309878, 63.1238223], [12.9307421, 63.1238911], [12.9303216, 63.12402], [12.930041, 63.1240973], [12.9297464, 63.1241539], [12.9295375, 63.1241858], [12.9293405, 63.1242101], [12.9291758, 63.1242404]], [[12.9592493, 63.1134493], [12.9591319, 63.1134831], [12.9588812, 63.1135553], [12.9588655, 63.1135812], [12.9587861, 63.1136478], [12.9587029, 63.1136845], [12.9586592, 63.113738], [12.9585839, 63.1137767], [12.9584711, 63.1138064], [12.9582643, 63.1138366], [12.9579897, 63.1138631], [12.9577564, 63.1138986], [12.9574686, 63.1139637], [12.957254, 63.1139956], [12.9570577, 63.1140233], [12.9568269, 63.1140824], [12.9565349, 63.1141451], [12.9562243, 63.1141917], [12.9559644, 63.1142186], [12.955734, 63.1142552], [12.9553962, 63.114325], [12.9551509, 63.1143702], [12.9546629, 63.1144583], [12.9543104, 63.1144974], [12.9538637, 63.1145273], [12.9534352, 63.1145467], [12.9531066, 63.1145512], [12.9528041, 63.1145851], [12.9525626, 63.1146428], [12.952269, 63.1147002], [12.9520698, 63.1147391], [12.9518384, 63.1148578], [12.9516127, 63.1149086], [12.9512551, 63.1149718], [12.9507062, 63.1149436], [12.9505276, 63.1149425], [12.9500756, 63.1150612], [12.9498494, 63.1151508], [12.9495111, 63.1152019], [12.9491389, 63.1152416], [12.9489433, 63.1152619], [12.9484854, 63.1154263], [12.9481644, 63.1155316], [12.9478836, 63.1156091], [12.9475208, 63.1157142], [12.9473716, 63.1157416], [12.9471011, 63.1157462], [12.9466937, 63.1158111], [12.9461436, 63.1158517], [12.9457623, 63.1159202], [12.9453674, 63.1159943], [12.9449665, 63.1160933], [12.9447809, 63.1161576], [12.9444265, 63.1162659], [12.944238, 63.1163362], [12.9440377, 63.1163687], [12.9437211, 63.116469], [12.9434727, 63.1165537], [12.9432825, 63.1166152], [12.9431679, 63.1166673], [12.9430282, 63.1167604], [12.9429798, 63.1168057], [12.94296, 63.1168841], [12.9429032, 63.1169164], [12.9427447, 63.1170041]], [[12.9667635, 63.1114692], [12.966554, 63.1114752], [12.966163, 63.1115208], [12.9657833, 63.1115603], [12.9654073, 63.1116485], [12.9652058, 63.1116631], [12.9648875, 63.1117557], [12.9645507, 63.1119123], [12.9641894, 63.1119921], [12.9638845, 63.1120623], [12.9634964, 63.1122371], [12.9630743, 63.1124057], [12.9625478, 63.1125594], [12.96157, 63.1128254], [12.9611409, 63.112938], [12.9607031, 63.1130234], [12.9604632, 63.1130919], [12.9601109, 63.1132058], [12.9599658, 63.1132379], [12.9596903, 63.1133222], [12.9593648, 63.113416], [12.9592493, 63.1134493]], [[12.9618818, 63.1136304], [12.9622738, 63.1134775], [12.9625329, 63.1134209], [12.9632576, 63.1133408], [12.9636384, 63.1132439], [12.9638188, 63.113167], [12.9642136, 63.112903], [12.9645741, 63.1127128], [12.9648917, 63.1124838], [12.9651234, 63.1123751], [12.9655208, 63.1122604], [12.9657757, 63.1122082], [12.9660694, 63.1121495], [12.9663851, 63.1119171], [12.9665911, 63.1116842], [12.9667837, 63.11151], [12.9667635, 63.1114692]], [[12.9618818, 63.1136304], [12.9618629, 63.1136764], [12.9618398, 63.113804], [12.9618649, 63.1138821], [12.9619401, 63.1139998], [12.9620226, 63.114204], [12.9620674, 63.1142937], [12.9620584, 63.1143705], [12.9620338, 63.1145071], [12.9619491, 63.1146774], [12.9618671, 63.1148319], [12.9618866, 63.1149542], [12.9620222, 63.1151484], [12.9621511, 63.115322], [12.9621895, 63.115433], [12.9621893, 63.1155143], [12.9621419, 63.1156144], [12.9620544, 63.1157063], [12.9617352, 63.1158355], [12.9614024, 63.1159822], [12.9613054, 63.1160743], [12.961187, 63.1161665], [12.9611998, 63.116272], [12.9611348, 63.1163599], [12.9610162, 63.1165227], [12.9609349, 63.116584], [12.96086, 63.1166291], [12.9607257, 63.116685], [12.9606484, 63.1167254], [12.9605947, 63.1168066], [12.9605117, 63.1168324], [12.9604217, 63.1168909], [12.9603643, 63.1169677], [12.9602924, 63.1172133], [12.9601983, 63.1173471], [12.9601277, 63.117419], [12.9601009, 63.1175738], [12.960115, 63.1176832], [12.9601174, 63.1177526], [12.9601198, 63.1178194], [12.9600788, 63.1178623], [12.9600292, 63.1180211], [12.9599818, 63.1181085], [12.9598987, 63.118228], [12.9597389, 63.1183641], [12.9595985, 63.1184564], [12.9594092, 63.1185519], [12.9591302, 63.118671], [12.9587662, 63.1187921], [12.9586156, 63.1189646], [12.9584717, 63.1190324], [12.9581245, 63.1192234], [12.9578838, 63.1193431], [12.9577777, 63.1194831], [12.9576621, 63.1196139], [12.9574732, 63.1197334], [12.9572359, 63.1198854], [12.9570407, 63.1200684], [12.9568693, 63.1201635], [12.9566561, 63.1204072], [12.9563545, 63.120715], [12.9560004, 63.1210646], [12.9558621, 63.1211968], [12.9557486, 63.1213812], [12.9557247, 63.121497], [12.9557207, 63.1216436], [12.955725, 63.1217478], [12.9556097, 63.1219298], [12.9555625, 63.1220089], [12.955301, 63.1221549], [12.9552646, 63.122212], [12.9553017, 63.1222756], [12.9554309, 63.1223494], [12.9556657, 63.1224087], [12.957021, 63.1227052], [12.9580938, 63.1229744], [12.9586263, 63.1231319], [12.9592573, 63.1233024], [12.9598535, 63.1235117], [12.9603555, 63.1236847], [12.9606473, 63.1238059], [12.9609928, 63.1239331], [12.9612762, 63.1240278], [12.9615758, 63.1241219], [12.9618369, 63.1242127], [12.9620751, 63.1243339], [12.9622071, 63.1244165], [12.9624007, 63.1245075], [12.9625166, 63.12458], [12.9625824, 63.1246732], [12.9626458, 63.124792], [12.9626935, 63.1249561], [12.9626981, 63.1250775], [12.9627472, 63.1251782], [12.9628917, 63.1252864], [12.9630433, 63.1253999], [12.963178, 63.1254623], [12.963378, 63.1255378], [12.9634792, 63.125608], [12.9636491, 63.125792], [12.9638872, 63.1260171], [12.9640313, 63.1260971], [12.964174, 63.1261347], [12.9646669, 63.1261579], [12.9649905, 63.1261763], [12.9655112, 63.1262302], [12.9663185, 63.1262267], [12.9671486, 63.1262432], [12.967686, 63.1263406], [12.96831, 63.1264937], [12.9688194, 63.1266276], [12.9694586, 63.1268785], [12.9697412, 63.127028], [12.9699144, 63.1271159], [12.9700087, 63.1272351], [12.970017, 63.1274116], [12.9700859, 63.127503], [12.9703122, 63.1276148], [12.9705792, 63.1278004], [12.9706724, 63.1279254], [12.9706482, 63.1280756], [12.9705996, 63.1281759], [12.9706065, 63.1282209], [12.9707557, 63.1284914], [12.9708702, 63.1287972], [12.9708858, 63.1290941], [12.9709429, 63.129446], [12.9709311, 63.1296539], [12.9708033, 63.1298138], [12.9704809, 63.1300139], [12.9701812, 63.13021], [12.9699964, 63.1303986], [12.9696771, 63.1307442], [12.9695202, 63.1309396], [12.9692271, 63.1311716], [12.9690438, 63.1312752], [12.9689152, 63.1313345], [12.9688261, 63.1314027], [12.9687831, 63.1314502], [12.9687706, 63.1315411], [12.9687593, 63.1316117], [12.9687777, 63.131668], [12.9688592, 63.131766], [12.9688528, 63.1318613], [12.9688021, 63.1319133], [12.9686548, 63.132028], [12.9684492, 63.1322245], [12.9682438, 63.1323404], [12.9680992, 63.1324026], [12.967784, 63.1325285], [12.9674655, 63.1326642], [12.9672402, 63.1327845], [12.9667796, 63.1329798], [12.9664513, 63.1331512], [12.9661622, 63.1332804], [12.965913, 63.133468], [12.9658383, 63.1335654], [12.9657869, 63.1336562], [12.9657348, 63.1337157], [12.9656353, 63.1337879], [12.9655648, 63.1338678], [12.9654065, 63.1340467], [12.9652896, 63.1342701], [12.9652002, 63.1343877], [12.9651019, 63.1344853], [12.9649439, 63.1345836], [12.9648175, 63.1346703], [12.9645487, 63.1348276], [12.9643153, 63.1349599], [12.9641847, 63.1350526], [12.9639009, 63.1352927], [12.9637476, 63.1354552], [12.9635559, 63.1356469], [12.9633405, 63.1358104], [12.9631528, 63.1359404], [12.9627586, 63.1361141], [12.9625584, 63.1362155], [12.9624184, 63.136273], [12.9621111, 63.1363998], [12.961912, 63.1364854], [12.9615123, 63.1366564], [12.961307, 63.1367871], [12.9612285, 63.1368379], [12.9611393, 63.1369745], [12.9610051, 63.1370588], [12.9606524, 63.1372619], [12.9604279, 63.137482], [12.9602775, 63.1376027], [12.9600997, 63.1377432], [12.959926, 63.1378664], [12.9597308, 63.1380459], [12.9597301, 63.1381547], [12.9597635, 63.1382892], [12.9597648, 63.1384739], [12.9598299, 63.1385677], [12.9599079, 63.1386932], [12.9599625, 63.1388773], [12.9599758, 63.1390021], [12.9599781, 63.1391266], [12.9599748, 63.1392615], [12.9599874, 63.1393622], [12.9600107, 63.1394988]], [[12.9600107, 63.1394988], [12.9601733, 63.1396433], [12.9603709, 63.1397404], [12.9606445, 63.1398504], [12.960916, 63.1399409], [12.9611308, 63.1400522], [12.9613125, 63.1401504], [12.9615409, 63.1402691], [12.9617576, 63.1403523], [12.9620302, 63.1404429], [12.9623485, 63.140481], [12.962899, 63.1405228], [12.9631978, 63.1405678], [12.9635701, 63.140586], [12.9638721, 63.1406366], [12.9641788, 63.1407331], [12.964436, 63.1408825], [12.9646093, 63.1409703], [12.9649506, 63.1411007], [12.9652866, 63.1412099], [12.9656174, 63.1413522], [12.9661206, 63.1415415], [12.9665979, 63.1416199], [12.9671032, 63.1416938], [12.9676545, 63.1417412], [12.9686937, 63.1417576]], [[12.9687324, 63.1419223], [12.9687266, 63.1417876], [12.9686937, 63.1417576]], [[12.9686321, 63.1424754], [12.9687324, 63.1419223]], [[12.9685306, 63.1427468], [12.9686321, 63.1424754]], [[12.9644166, 63.1465271], [12.9645603, 63.1463208], [12.9647816, 63.1459818], [12.9648342, 63.1458526], [12.9649035, 63.1457251], [12.9649728, 63.1456547], [12.9651386, 63.1455932], [12.9653169, 63.1455642], [12.9657602, 63.1455847], [12.9660227, 63.1456092], [12.966264, 63.1456397], [12.966485, 63.1456491], [12.9671078, 63.1455847], [12.968079, 63.1453294], [12.9686098, 63.1451427], [12.9687986, 63.1450651], [12.9689997, 63.1449403], [12.969111, 63.144786], [12.9690962, 63.1446586], [12.9690219, 63.1443131], [12.9688437, 63.1440347], [12.9687101, 63.1437596], [12.9686173, 63.1434218], [12.9685528, 63.1432318], [12.9685306, 63.1427468]], [[12.9642854, 63.1468342], [12.9643793, 63.1466624], [12.9644166, 63.1465271]], [[12.9638025, 63.1476051], [12.9640679, 63.147232], [12.9642854, 63.1468342]]]}}, {"type": "Feature", "id": "relation/3939499", "properties": {"distance": "43", "name": "Fjällmaratonleden", "network": "lwn", "route": "hiking", "type": "route", "@id": "relation/3939499", "@type": "relation", "osm_id": 3939499}, "geometry": {"type": "MultiLineString", "coordinates": [[[12.974369, 63.2455829], [12.9742503, 63.2455509], [12.9742674, 63.2453547], [12.9741896, 63.2451765], [12.9739081, 63.2445893], [12.9739393, 63.2444166], [12.9738563, 63.2439615], [12.9737319, 63.243714], [12.9735089, 63.2433429], [12.9736904, 63.2431632], [12.9739652, 63.2429881], [12.9740481, 63.2428131], [12.9740015, 63.242589], [12.9741103, 63.2425143], [12.9744577, 63.242463], [12.9747895, 63.242456], [12.9755443, 63.2423361], [12.9767042, 63.2421819], [12.9771992, 63.2421024], [12.97771, 63.2420727], [12.977885, 63.2420418], [12.9779859, 63.2419827]], [[12.955453, 63.2496435], [12.9560676, 63.2494425], [12.9563788, 63.2493763], [12.9569199, 63.2492332], [12.9573147, 63.2491515], [12.9575451, 63.2490548], [12.9576389, 63.2489516], [12.9579074, 63.2487399], [12.9581882, 63.2486342], [12.9590904, 63.2482164], [12.9593238, 63.2480698], [12.9594427, 63.2479297], [12.9601693, 63.2476372], [12.9609198, 63.2474334], [12.96122, 63.2473322], [12.9614545, 63.2471639], [12.9617967, 63.2470869], [12.9623206, 63.2469795], [12.9630204, 63.2469143], [12.9638291, 63.2467998], [12.9644875, 63.2466878], [12.9648349, 63.2466458], [12.9655141, 63.2466528], [12.966074, 63.2466038], [12.966489, 63.2465921], [12.9669868, 63.246487], [12.9675671, 63.2464172], [12.9681064, 63.2462864], [12.9686922, 63.2462164], [12.969584, 63.246214], [12.9699237, 63.2462286], [12.9702735, 63.246186], [12.9705742, 63.246186], [12.970766, 63.2462211], [12.9711445, 63.2462956], [12.971383, 63.2462771], [12.9718548, 63.2461534], [12.9724458, 63.2460157], [12.9730058, 63.2459106], [12.9732254, 63.2459095], [12.9733745, 63.2459294], [12.9735139, 63.2459597], [12.9738146, 63.2459573], [12.9740696, 63.2458861], [12.9742389, 63.245789], [12.9743311, 63.2456841], [12.974369, 63.2455829]], [[12.9524114, 63.2508948], [12.952691, 63.2508875], [12.9528096, 63.2508517], [12.952931, 63.2507714], [12.9530918, 63.2506574], [12.9533597, 63.2504549], [12.9536362, 63.2502794], [12.954388, 63.24999], [12.9549223, 63.2498196], [12.955453, 63.2496435]], [[12.946442, 63.2522889], [12.9470181, 63.252145], [12.9477108, 63.2521173], [12.9482326, 63.2520141], [12.9490457, 63.2516308], [12.9497938, 63.2515898], [12.950356, 63.2515788], [12.9509467, 63.2514277], [12.9517303, 63.2512], [12.9524114, 63.2508948]], [[12.9406077, 63.2567209], [12.9408413, 63.2566567], [12.9415519, 63.2562812], [12.9420563, 63.2561694], [12.9422874, 63.2559486], [12.9429827, 63.2558514], [12.9435698, 63.2555402], [12.9436316, 63.2552936], [12.944346, 63.2548392], [12.9446047, 63.254604], [12.9444702, 63.2537213], [12.9447911, 63.2534977], [12.9452827, 63.2531484], [12.946442, 63.2522889]], [[12.9390515, 63.2579176], [12.939429, 63.2575996], [12.9397313, 63.2572271], [12.9402747, 63.2569728], [12.9406077, 63.2567209]], [[12.9196551, 63.2460417], [12.9198055, 63.2464006], [12.9195369, 63.246633], [12.9193481, 63.2470332], [12.9194907, 63.2474121], [12.9199116, 63.2476855], [12.9199413, 63.2478931], [12.9203251, 63.24812], [12.9206289, 63.2482027], [12.9210644, 63.2484662], [12.921368, 63.2485256], [12.9218877, 63.2486903], [12.9222536, 63.2487199], [12.9225143, 63.2490546], [12.9229057, 63.2491336], [12.9232124, 63.2495666], [12.9232624, 63.2498368], [12.9231286, 63.2500475], [12.9234141, 63.2505564], [12.9237577, 63.2508518], [12.9240285, 63.2510259], [12.9240546, 63.2513523], [12.9245943, 63.2520749], [12.924579, 63.2521482], [12.9244545, 63.2522215], [12.9242092, 63.2523813], [12.9241648, 63.2526149], [12.9244859, 63.2528244], [12.9248884, 63.2529561], [12.9252535, 63.2531684], [12.9252869, 63.2532433], [12.9256583, 63.2533584], [12.9275007, 63.254439], [12.9282945, 63.2546633], [12.9290739, 63.2550818], [12.9293637, 63.2554358], [12.9298556, 63.2557854], [12.9297714, 63.2560943], [12.9299345, 63.2562467], [12.930995, 63.2564444], [12.9315535, 63.2568069], [12.9326969, 63.2570243], [12.9333292, 63.2572972], [12.9344251, 63.2573987], [12.9348112, 63.257536], [12.9352318, 63.2574962], [12.9360063, 63.257895], [12.9365238, 63.257927], [12.9369402, 63.2580534], [12.938009, 63.2580989], [12.9390515, 63.2579176]], [[12.9182117, 63.2439374], [12.918372, 63.2441923], [12.9186599, 63.2444696], [12.918892, 63.2447789], [12.9190742, 63.2449762], [12.9194298, 63.2452291], [12.919711, 63.2454612], [12.9196998, 63.2456339], [12.9196051, 63.2458514], [12.9196551, 63.2460417]], [[12.9180022, 63.2432113], [12.9180294, 63.2434768], [12.9181711, 63.2438728], [12.9182117, 63.2439374]], [[12.9136772, 63.2387721], [12.9139261, 63.2391478], [12.9138236, 63.2394543], [12.9138382, 63.2398596], [12.9140285, 63.2399881], [12.9140505, 63.2401727], [12.9144018, 63.2408811], [12.914819, 63.2412634], [12.9148043, 63.2415929], [12.9149434, 63.2417577], [12.9155484, 63.2419637], [12.9160464, 63.2419731], [12.9171171, 63.2422025], [12.9176367, 63.2425485], [12.9180022, 63.2432113]], [[12.9129864, 63.2380713], [12.9131863, 63.2381931], [12.9132187, 63.2383759], [12.9135968, 63.2385579], [12.9136772, 63.2387721]], [[12.912682, 63.2379799], [12.9129864, 63.2380713]], [[12.961765, 63.1791873], [12.9615728, 63.1793823], [12.9614898, 63.1794199], [12.9611215, 63.1795865], [12.9610689, 63.1797602], [12.9608812, 63.1798456], [12.960605, 63.1799601], [12.9601704, 63.1804447], [12.9599245, 63.1806593], [12.9595473, 63.1808813], [12.9595637, 63.1809959], [12.9593669, 63.1811217], [12.9591455, 63.1811661], [12.958711, 63.1813992], [12.9583883, 63.1816847], [12.9580714, 63.1819651], [12.9576123, 63.1821612], [12.9574565, 63.1825829], [12.9574647, 63.1826578]], [[12.9574647, 63.1826578], [12.9573736, 63.1829577], [12.9571621, 63.1832421], [12.9570527, 63.1836731], [12.9571163, 63.1849275], [12.9569964, 63.185294], [12.9570181, 63.1857351], [12.9569945, 63.1859654], [12.9568023, 63.1861406], [12.9569103, 63.1863823], [12.9569065, 63.1866357], [12.9568341, 63.1869235], [12.9566597, 63.1872342], [12.9565296, 63.1873519], [12.9566896, 63.1877882], [12.956722, 63.1880247], [12.9566273, 63.1882143], [12.9566853, 63.1883899], [12.9565611, 63.1886067], [12.9565093, 63.1891256], [12.9563911, 63.1893199], [12.9566651, 63.1896789], [12.9569097, 63.1898901], [12.9568979, 63.1900273], [12.9569122, 63.1901434], [12.9564819, 63.1906205], [12.9564373, 63.1907703], [12.9559238, 63.1911227], [12.9557368, 63.1913356], [12.9556715, 63.1915439], [12.9553831, 63.1917752], [12.955323, 63.1919997], [12.9551319, 63.1922975], [12.9548917, 63.1924492], [12.9547572, 63.1925932], [12.9547749, 63.1927922], [12.9545566, 63.1930757], [12.9544986, 63.1931979], [12.9546118, 63.1933209], [12.954664, 63.1934575], [12.9544752, 63.1936089], [12.9541341, 63.1937099], [12.9539289, 63.1938021], [12.9538309, 63.1941019], [12.9536497, 63.1943443], [12.9536085, 63.1943697], [12.9530136, 63.1947365], [12.9528286, 63.1948506], [12.9526262, 63.1949754], [12.952439, 63.1950423], [12.9514658, 63.1953899], [12.9488213, 63.1958333], [12.9474414, 63.1959497], [12.9468599, 63.1960998], [12.9461728, 63.1962794], [12.9456947, 63.196431], [12.9453913, 63.196448], [12.9434288, 63.1972801], [12.9423328, 63.1975845], [12.9418969, 63.1978356], [12.9408101, 63.1978215], [12.9396353, 63.1974808], [12.9390569, 63.1973814], [12.9374526, 63.1973418], [12.9358005, 63.1971518], [12.9336385, 63.1974024], [12.9320796, 63.1974715], [12.9315926, 63.1974322]], [[12.910473, 63.2356083], [12.9109284, 63.2358102], [12.9108961, 63.2359676], [12.910918, 63.2364224], [12.9108781, 63.2366965], [12.9110814, 63.2369913], [12.9119427, 63.2372397], [12.9124715, 63.237463], [12.9128909, 63.2376313], [12.9127628, 63.2378262], [12.912682, 63.2379799]], [[12.9315926, 63.1974322], [12.9305541, 63.1972297], [12.9295127, 63.1971984], [12.9253272, 63.1979065], [12.9216931, 63.1989159], [12.9199812, 63.1990662], [12.9180652, 63.199357], [12.9154219, 63.2002073], [12.9142989, 63.2008816], [12.9129781, 63.201394], [12.9126429, 63.2016586], [12.9124968, 63.2020356], [12.9129418, 63.2033002], [12.912828, 63.2040234], [12.9120995, 63.2048293], [12.9120051, 63.2050593], [12.9122276, 63.2053112], [12.9100696, 63.206823], [12.910199, 63.2075788], [12.9099983, 63.207813], [12.9093773, 63.2081652], [12.9083359, 63.2087638], [12.907742, 63.2089327], [12.906861, 63.2090344], [12.905734, 63.2089094], [12.9049215, 63.2089467], [12.9028657, 63.2088734], [12.90074, 63.2087787], [12.8999625, 63.208871], [12.8997515, 63.208977], [12.8996118, 63.2095158], [12.8992806, 63.2096395], [12.8986584, 63.2103383], [12.8994099, 63.2107288], [12.8993622, 63.2108981], [12.8998861, 63.2109877], [12.9003402, 63.211164], [12.9003403, 63.2117448], [12.9004709, 63.2120746], [12.9002897, 63.2124967], [12.9004128, 63.2126614], [12.9004346, 63.2131101], [12.9000024, 63.2138862], [12.8997414, 63.2139855], [12.8994122, 63.2142703], [12.8991248, 63.2146821], [12.8992539, 63.2148337], [12.8989811, 63.214979], [12.8988126, 63.2151995], [12.8988324, 63.215396], [12.8987066, 63.2155976], [12.8987061, 63.2157852], [12.8981731, 63.2163449], [12.8980477, 63.2167963], [12.8970708, 63.2172474], [12.895984, 63.2176182], [12.8958068, 63.2179227], [12.8948558, 63.2182688], [12.8944251, 63.2188018], [12.8931376, 63.2192295], [12.8923498, 63.2195993], [12.8922941, 63.2199523], [12.8921532, 63.2203642], [12.8923602, 63.220525], [12.8931532, 63.2206892], [12.8940149, 63.2207957], [12.8942595, 63.2208981], [12.8939157, 63.2211852], [12.8937554, 63.2213134], [12.8934625, 63.2214337], [12.8932037, 63.2216185], [12.89247, 63.2219063], [12.8909059, 63.2222341], [12.8898773, 63.2223703], [12.8889871, 63.2224076], [12.8867865, 63.2225792], [12.8854745, 63.2224678], [12.884944, 63.2231316], [12.8852403, 63.223592], [12.8850206, 63.2237966], [12.8853128, 63.2242285], [12.8852973, 63.2245385], [12.8856588, 63.2249542], [12.8855804, 63.2251068], [12.8859576, 63.2252918], [12.886429, 63.2260264], [12.8866184, 63.2265079], [12.8864482, 63.2268665], [12.8865613, 63.2275858], [12.8868047, 63.2277367], [12.8869585, 63.2279142], [12.8869151, 63.2280636], [12.8869431, 63.228102], [12.8871054, 63.2283247], [12.8872125, 63.2290818], [12.8875418, 63.2294774], [12.8878126, 63.2295895], [12.8879141, 63.229748], [12.8879879, 63.2298633], [12.8880688, 63.2302983], [12.8878906, 63.2305146], [12.8882225, 63.2307367], [12.8885527, 63.2308275], [12.8891269, 63.2308862], [12.8899204, 63.2310663], [12.8902424, 63.2311817], [12.8909692, 63.2314037], [12.8918087, 63.2315871], [12.8920868, 63.2315904], [12.892356, 63.2316662], [12.8930936, 63.2318739], [12.8948535, 63.2317869], [12.896115, 63.2318621], [12.8965688, 63.2320353], [12.897005, 63.2322892], [12.8973417, 63.2324244], [12.8978005, 63.2325178]], [[12.8978005, 63.2325178], [12.8984688, 63.2326782], [12.8988984, 63.2326756]], [[12.8988984, 63.2326756], [12.8990909, 63.2326947], [12.8993763, 63.2327474], [12.9004595, 63.2330473], [12.9009645, 63.2333044], [12.9024271, 63.2337134], [12.9044921, 63.2341449], [12.9048069, 63.2341581], [12.9057803, 63.2342669], [12.9058827, 63.234402], [12.9068781, 63.234636], [12.9077783, 63.2348601], [12.9090204, 63.2346537], [12.9097617, 63.2348697], [12.9099227, 63.2351172], [12.9101057, 63.2353875], [12.9103838, 63.2355688], [12.910473, 63.2356083]], [[12.9625888, 63.1785356], [12.9625457, 63.1785954]], [[12.9625457, 63.1785954], [12.9624416, 63.1787911], [12.9623268, 63.1788984], [12.9618911, 63.1791142], [12.961765, 63.1791873]], [[12.9699606, 63.1491888], [12.9696835, 63.149165], [12.9694313, 63.1491187], [12.9691821, 63.1491034], [12.969013, 63.1491146], [12.9688186, 63.1491336], [12.9687383, 63.1491327], [12.9685218, 63.1491104], [12.9682733, 63.1490577], [12.9679147, 63.149039], [12.9674385, 63.1490361], [12.9669238, 63.1490186]], [[12.9704166, 63.1490212], [12.9703185, 63.1490907], [12.9702385, 63.1491284], [12.9699606, 63.1491888]], [[12.9705842, 63.1490445], [12.9704166, 63.1490212]], [[12.9712341, 63.1490666], [12.9708299, 63.1490556], [12.9705842, 63.1490445]], [[12.9721453, 63.1491678], [12.971788, 63.1490991], [12.9715096, 63.149077], [12.9712341, 63.1490666]], [[12.9802838, 63.1495834], [12.9800677, 63.1495025], [12.9798109, 63.149422], [12.9795159, 63.1493397], [12.979355, 63.1493275], [12.9792423, 63.1493324], [12.9790385, 63.149359], [12.9787863, 63.149422], [12.9786093, 63.1494632], [12.9784591, 63.1494778], [12.9782606, 63.1494778], [12.9779763, 63.149456], [12.9776115, 63.149422], [12.9773165, 63.1494027], [12.9768015, 63.1494002], [12.9763187, 63.1493905], [12.9760612, 63.1493663], [12.9757393, 63.1493033], [12.9753263, 63.1492476], [12.975101, 63.1492306], [12.9749454, 63.1492379], [12.9747255, 63.1492767], [12.9745163, 63.1493324], [12.974248, 63.1493833], [12.9739227, 63.1494197], [12.9735958, 63.1494532], [12.9732629, 63.1494733], [12.9729615, 63.1494623], [12.9726798, 63.1494292], [12.9724778, 63.1493554], [12.9723197, 63.1492617], [12.9721453, 63.1491678]], [[12.9802838, 63.1495834], [12.9804041, 63.1501932], [12.9804269, 63.1506046], [12.9804102, 63.1508755], [12.9803029, 63.1511147], [12.9801853, 63.1512999], [12.9799864, 63.1514906], [12.9796048, 63.1517252], [12.9788029, 63.1521521], [12.9743753, 63.1542312], [12.9722722, 63.1551625], [12.9714478, 63.1554829], [12.9706447, 63.1557641], [12.9698412, 63.1560436], [12.9694596, 63.1562511], [12.9691587, 63.1564702], [12.9687328, 63.1569002]], [[12.9687328, 63.1569002], [12.9686212, 63.1570145], [12.9680253, 63.1576246], [12.9676186, 63.1580771], [12.9674961, 63.1582682], [12.9674143, 63.1584373], [12.9672709, 63.1588022], [12.9671599, 63.1592186], [12.9671034, 63.1594652], [12.966904, 63.15993], [12.9663613, 63.1606411], [12.9661899, 63.1608774], [12.9659804, 63.161166], [12.9656276, 63.1616056], [12.9645327, 63.1629939], [12.964201, 63.1634765], [12.9637683, 63.1639222], [12.9634826, 63.1641713], [12.9634483, 63.1642007], [12.9633312, 63.1643008], [12.9627404, 63.1646985], [12.9622555, 63.1649693], [12.9621133, 63.1650487], [12.9614433, 63.1654462], [12.9608042, 63.1657995], [12.9605251, 63.1659016], [12.9596968, 63.1661397]], [[12.9596968, 63.1661397], [12.9595908, 63.1665337]], [[12.9595908, 63.1665337], [12.9594763, 63.1667307], [12.9595965, 63.1668687]], [[12.9595965, 63.1668687], [12.9597113, 63.1669427]], [[12.9597113, 63.1669427], [12.9597274, 63.1670909], [12.9596334, 63.167205], [12.9594036, 63.167265], [12.9590173, 63.1674718], [12.9587848, 63.1677051], [12.9587708, 63.1678624], [12.9585297, 63.1681085], [12.9584772, 63.1682667], [12.958301, 63.1683676], [12.9582829, 63.1685142], [12.9583925, 63.1686051], [12.9589734, 63.1688117], [12.9590805, 63.1688671], [12.9594966, 63.16924], [12.9596014, 63.169486], [12.9596439, 63.169637], [12.9597195, 63.1698109], [12.9597579, 63.1698983], [12.9597478, 63.1700673], [12.959681, 63.1702609], [12.9597523, 63.1705288], [12.959918, 63.1708556], [12.9600884, 63.1710617], [12.9604572, 63.1713284], [12.9605745, 63.1714187], [12.9609112, 63.1716364], [12.9612035, 63.1719165], [12.9614075, 63.1720126], [12.9615281, 63.1722146], [12.9616814, 63.1722775], [12.9617507, 63.1723713], [12.9617804, 63.1725853], [12.9618866, 63.1726734], [12.962212, 63.1729156], [12.9623797, 63.1730245], [12.9625177, 63.1731808], [12.9628274, 63.1733465], [12.9630187, 63.173481], [12.9631547, 63.1736777], [12.9632378, 63.1737924], [12.9632123, 63.1739739], [12.96332, 63.1740656], [12.9632697, 63.1741885], [12.9631222, 63.1744031], [12.9631182, 63.174602], [12.9632563, 63.1747421], [12.9634089, 63.1748342], [12.9635403, 63.1749544], [12.9636934, 63.1751696], [12.9640129, 63.1752598], [12.9642543, 63.1754504], [12.9645194, 63.1755962], [12.9645317, 63.1756671], [12.9644014, 63.1758164], [12.9644633, 63.1759591], [12.9644305, 63.1761146], [12.9642283, 63.176359], [12.9639584, 63.1766574], [12.9639779, 63.1768134], [12.9636922, 63.1770653], [12.9635426, 63.1773876], [12.9629336, 63.1781363], [12.9627588, 63.1783016], [12.9625888, 63.1785356]], [[13.0858595, 63.3152568], [13.0857711, 63.3151297], [13.0857281, 63.3150213], [13.0857413, 63.3149066], [13.0858716, 63.3147528], [13.0859798, 63.3146197], [13.0859929, 63.3142402], [13.0860464, 63.3135776], [13.0860618, 63.3133872], [13.086073, 63.3127059], [13.0858189, 63.3126214], [13.0858158, 63.3126104]], [[13.0858158, 63.3126104], [13.0857785, 63.312581], [13.0857593, 63.312524], [13.0857007, 63.3123036], [13.0856272, 63.3122395], [13.0854267, 63.3121084], [13.0851711, 63.3120218], [13.08474, 63.3119637]], [[13.08474, 63.3119637], [13.0844406, 63.3119196], [13.0839132, 63.311773], [13.0833534, 63.3115677], [13.0832059, 63.3114472], [13.0831105, 63.3112946]], [[13.0831105, 63.3112946], [13.0823352, 63.3106907], [13.0815261, 63.3104003], [13.0810816, 63.3102828]], [[13.0810816, 63.3102828], [13.0805806, 63.3103723], [13.0803982, 63.3103868], [13.0801944, 63.3103868], [13.0800335, 63.3103627], [13.0799587, 63.3103361], [13.0799321, 63.3103266]], [[13.0799321, 63.3103266], [13.0798774, 63.3102583]], [[13.0798774, 63.3102583], [13.0798494, 63.3101597]], [[13.0798494, 63.3101597], [13.0797652, 63.3100784], [13.0795936, 63.310035], [13.0794377, 63.3100087], [13.0792736, 63.3099819], [13.0790786, 63.309929], [13.0789606, 63.3098904], [13.0788211, 63.3097941], [13.0787245, 63.3097121], [13.0785422, 63.3096109], [13.0784349, 63.3095531], [13.0782417, 63.3094953], [13.0779628, 63.3094471], [13.0772654, 63.3093748], [13.0770079, 63.309317], [13.0768577, 63.3092784], [13.0767075, 63.3092302], [13.076568, 63.3092061], [13.0764178, 63.3091676], [13.0763213, 63.309129], [13.0762569, 63.3090857], [13.0762033, 63.309023], [13.076096, 63.3089507], [13.0758707, 63.3088399], [13.0755703, 63.3087531], [13.0752484, 63.3086519], [13.0748788, 63.3085531], [13.0745725, 63.308464], [13.0742613, 63.308358], [13.0739931, 63.3082712], [13.0738858, 63.3081893], [13.0738059, 63.3081194], [13.0737893, 63.3080302], [13.0737249, 63.3079387], [13.0736772, 63.307864], [13.0736498, 63.3077845], [13.0737571, 63.3077025], [13.0737571, 63.3076206], [13.0737356, 63.3074953], [13.073682, 63.3074616], [13.0734948, 63.3074158], [13.0733709, 63.3073459], [13.0732528, 63.3072736], [13.0730656, 63.307223], [13.0729846, 63.3071338], [13.0728773, 63.307023], [13.0726842, 63.3069459], [13.0725078, 63.3068422], [13.0722336, 63.3066953], [13.072137, 63.3066374], [13.0719535, 63.3065164], [13.071817, 63.3064594]], [[13.071817, 63.3064594], [13.0833057, 63.3065102]], [[13.0833057, 63.3065102], [13.0832899, 63.3063264], [13.0834401, 63.306177], [13.083719, 63.3059794], [13.084086, 63.3058225], [13.0841374, 63.3057529], [13.0843842, 63.3054926], [13.084911, 63.3051373], [13.0858905, 63.3050742], [13.0866693, 63.3051221], [13.0870125, 63.3050262], [13.0878285, 63.3046625], [13.0886897, 63.3042119], [13.0890242, 63.3039857], [13.0895449, 63.3037476], [13.0907676, 63.3029752], [13.0908441, 63.3027401], [13.0911233, 63.3026335], [13.0912209, 63.3021646], [13.0912275, 63.3016908], [13.0908319, 63.3007574], [13.0910422, 63.3002939], [13.0912918, 63.2998862], [13.091625, 63.2996164], [13.0917977, 63.2991684], [13.0923077, 63.2988251], [13.0927202, 63.2984818], [13.0928054, 63.298254], [13.092718, 63.2980852], [13.0926846, 63.2980205], [13.0927055, 63.2978432], [13.092565, 63.2976107], [13.0925299, 63.2974032], [13.0928446, 63.2971927], [13.0926763, 63.2969525], [13.0921053, 63.2967645], [13.0914101, 63.2964625], [13.0908978, 63.2961863], [13.0907519, 63.2961163], [13.0906789, 63.2959817], [13.090718, 63.2958176], [13.0906403, 63.295632], [13.0904447, 63.2954655], [13.0904587, 63.2953114], [13.090444, 63.294897], [13.0910515, 63.2943247], [13.0919508, 63.2928559]], [[13.0919508, 63.2928559], [13.0921685, 63.292461], [13.0922195, 63.2922409], [13.092483, 63.291783], [13.0925547, 63.2915478], [13.0928007, 63.2912459], [13.0935106, 63.2905288], [13.0937544, 63.2903665]], [[13.0937544, 63.2903665], [13.0943997, 63.2900085]], [[13.0943997, 63.2900085], [13.0946407, 63.2898076], [13.0945486, 63.2894555], [13.0946225, 63.2891037]], [[13.0946225, 63.2891037], [13.0950773, 63.288661], [13.0953257, 63.2884135], [13.0953088, 63.2883552]], [[13.0953088, 63.2883552], [13.0951692, 63.287804], [13.0950586, 63.2875377], [13.0951199, 63.2873445], [13.0950168, 63.287221], [13.0950437, 63.2871116], [13.0949191, 63.2869077], [13.0948157, 63.2867224], [13.0947039, 63.2863783], [13.0948158, 63.2861593], [13.0946761, 63.2860601], [13.0947056, 63.2858414], [13.0946352, 63.2857166], [13.0946863, 63.2855806], [13.0946011, 63.2855019], [13.0947036, 63.2849426], [13.0944108, 63.2844984], [13.0950109, 63.2835048], [13.0953558, 63.2833156], [13.0955233, 63.2831264], [13.0953867, 63.2828688], [13.0953769, 63.2825999], [13.0956111, 63.2823657], [13.0961966, 63.2820273], [13.0964774, 63.281847], [13.0970663, 63.2816668], [13.0972975, 63.2814571], [13.0975286, 63.2813955], [13.0984434, 63.2811712], [13.0992705, 63.2807868], [13.099461, 63.2806031], [13.0997839, 63.2804292], [13.099856, 63.2802899], [13.099911, 63.2801155], [13.1000652, 63.2800799], [13.1002964, 63.2798451], [13.1005824, 63.2794549], [13.1009612, 63.2792928], [13.1012252, 63.2789464], [13.1012465, 63.2788282], [13.1012612, 63.2782331], [13.1015326, 63.277771], [13.1015393, 63.2775519], [13.1011774, 63.2773742], [13.1011144, 63.2769925], [13.1010184, 63.2767894], [13.1010468, 63.2766113], [13.1009273, 63.2764338], [13.1008867, 63.2759844], [13.1009048, 63.2755222], [13.1007936, 63.2752502], [13.1005666, 63.2749658], [13.1005648, 63.274759], [13.1002855, 63.2745688], [13.1002582, 63.2742238], [13.1000028, 63.2738973], [13.1000913, 63.2736777], [13.1000805, 63.2735175], [13.1002464, 63.2733858], [13.1004229, 63.2733285], [13.1005277, 63.2732043], [13.1005652, 63.272968], [13.1005255, 63.2727714], [13.1002517, 63.2725004], [13.1001984, 63.272289], [13.1004274, 63.2721966], [13.1004481, 63.2720057], [13.1003395, 63.2719289], [13.1004508, 63.2717692], [13.1004854, 63.2717196], [13.100829, 63.2716665], [13.100969, 63.2715119], [13.1013901, 63.2713887], [13.1017955, 63.2713867], [13.1019551, 63.2715621], [13.102141, 63.2716545], [13.1024176, 63.2716735], [13.1035979, 63.2713458], [13.106882, 63.271002], [13.1075407, 63.2711707], [13.1092533, 63.2710581], [13.1095524, 63.2710526], [13.1101723, 63.2715448], [13.1110391, 63.2719961], [13.1124879, 63.2724881], [13.1128819, 63.2724628], [13.1134636, 63.2722928], [13.1146983, 63.2726024], [13.1150068, 63.2726432], [13.1171277, 63.2728157], [13.1187385, 63.2731218], [13.1195143, 63.2731152], [13.1197901, 63.2729964], [13.1200545, 63.2728165], [13.1203047, 63.2728058], [13.1217099, 63.2725886], [13.1223236, 63.2722494], [13.1231903, 63.2722027], [13.1235689, 63.2720948]], [[13.1235689, 63.2720948], [13.1242449, 63.2716442], [13.12419, 63.2715342], [13.124244, 63.271392], [13.124169, 63.271239], [13.123325, 63.2709576], [13.1232025, 63.2708632], [13.1215186, 63.2704181], [13.120568, 63.2702691]], [[13.120568, 63.2702691], [13.1201291, 63.270179], [13.1191776, 63.2699815], [13.1170698, 63.2690137], [13.116294, 63.2679339], [13.1154743, 63.2675388], [13.115455, 63.2674138], [13.115436, 63.2672911], [13.1153133, 63.2664985], [13.11464, 63.2655898], [13.1134543, 63.2643716], [13.1124722, 63.263805], [13.1122101, 63.2636538], [13.1121871, 63.2636331], [13.1118442, 63.2633245], [13.1118881, 63.2621852], [13.1116539, 63.2613554], [13.11171, 63.260795], [13.111726, 63.260704], [13.111514, 63.2604255], [13.1110853, 63.2602036], [13.1106312, 63.260011], [13.1101399, 63.259612], [13.1095607, 63.2592743], [13.1093119, 63.2586881], [13.1092926, 63.2583916], [13.1094937, 63.2580961], [13.1095607, 63.257845], [13.1098307, 63.2564487], [13.1101901, 63.255869], [13.1102658, 63.255661], [13.1094875, 63.2548348], [13.1092533, 63.2543078], [13.1083604, 63.2537215], [13.1082726, 63.2533394], [13.1084301, 63.2525016], [13.1080537, 63.2517177]], [[13.1080537, 63.2517177], [13.1079519, 63.2515779], [13.1078537, 63.2514431]], [[13.1078537, 63.2514431], [13.1072627, 63.2506319]], [[13.1072627, 63.2506319], [13.1070905, 63.2506248], [13.1068831, 63.2506349], [13.1066957, 63.25066], [13.106494, 63.2505689], [13.1062234, 63.2502299], [13.1060351, 63.2500391], [13.1051987, 63.2496304], [13.1049645, 63.2493932], [13.104906, 63.2489847], [13.104394, 63.2485654], [13.1040751, 63.2483699], [13.103687, 63.2482713], [13.103367, 63.2482587], [13.1024656, 63.2481015], [13.1016711, 63.2480689], [13.1009538, 63.247858], [13.1001014, 63.2475047], [13.0990067, 63.2468795], [13.0987844, 63.2468295], [13.0982751, 63.2468499], [13.0976919, 63.2467148], [13.0971413, 63.246565], [13.0963205, 63.2460548], [13.0959388, 63.2457129], [13.095655, 63.2455453], [13.0949963, 63.2452616], [13.0940449, 63.2449193], [13.0932291, 63.2446327], [13.0927094, 63.2443863], [13.0922096, 63.2440264], [13.0913343, 63.2433602], [13.0910952, 63.243086]], [[13.0910952, 63.243086], [13.0903173, 63.2421438], [13.0900049, 63.2419538], [13.0900835, 63.2418171], [13.0906929, 63.2414859], [13.0908585, 63.2413097], [13.0910369, 63.2411685], [13.0910292, 63.2411018], [13.0909439, 63.2410529]], [[13.0909439, 63.2410529], [13.0907465, 63.2409994]], [[13.0907465, 63.2409994], [13.0906375, 63.2404776], [13.0902684, 63.240181], [13.0899711, 63.2401111], [13.0895219, 63.2400953], [13.0889807, 63.2402337], [13.0886243, 63.2402147], [13.0882752, 63.2401198], [13.0875051, 63.2399973], [13.0869925, 63.2398847], [13.0868842, 63.2397801], [13.0866675, 63.2397065], [13.0863871, 63.2396148], [13.0860556, 63.2395519], [13.0858547, 63.2395776], [13.0856506, 63.2395729], [13.0853159, 63.2394516], [13.0850697, 63.2394483], [13.0844121, 63.2394978], [13.0838381, 63.2394419], [13.0834912, 63.2394758], [13.0818371, 63.239891], [13.0813006, 63.2398643]], [[13.0813006, 63.2398643], [13.080927, 63.2399082], [13.0805331, 63.239972], [13.08016, 63.2399531], [13.0797547, 63.2398765]], [[13.0797547, 63.2398765], [13.0791584, 63.2398185], [13.0783095, 63.2398185], [13.0770799, 63.239311], [13.0762017, 63.2388563], [13.0751185, 63.2385795], [13.0743427, 63.2380851], [13.0735812, 63.2377889], [13.0721322, 63.237691], [13.0717233, 63.2375791], [13.0712033, 63.2363441], [13.0706709, 63.2360713], [13.0705052, 63.2353489], [13.0710124, 63.2344399], [13.0709296, 63.2337035], [13.0702717, 63.2330533], [13.0696876, 63.2325568], [13.0684811, 63.2315523], [13.0684087, 63.2311467], [13.0679798, 63.2307061], [13.0688537, 63.2297761], [13.0694288, 63.228431], [13.0687807, 63.2274275], [13.0687153, 63.227298]], [[13.0687153, 63.227298], [13.0687283, 63.2272365], [13.0687853, 63.2269682], [13.0685705, 63.2266257], [13.0684136, 63.226373], [13.0682297, 63.2262901], [13.068149, 63.226242], [13.0680955, 63.2261705], [13.067982, 63.2260245], [13.067895, 63.2259331], [13.0677551, 63.2258183], [13.0676635, 63.2256813]], [[13.0678637, 63.2221063], [13.0676384, 63.2222269], [13.0673577, 63.222441], [13.06709, 63.2226992], [13.0670284, 63.2227965], [13.0670304, 63.2228973], [13.0672454, 63.2234364], [13.0672313, 63.2236409], [13.0671416, 63.2239268], [13.0671696, 63.2240959], [13.0673527, 63.2242944], [13.0676957, 63.2246359], [13.0677625, 63.224874], [13.0677238, 63.2250482], [13.0676136, 63.2252276], [13.0675316, 63.225376], [13.0676016, 63.2254946], [13.0676635, 63.2256813]], [[13.0678637, 63.2221063], [13.0673326, 63.2220366], [13.0670789, 63.2219355], [13.0668802, 63.2219121], [13.0662274, 63.221929]], [[13.0662274, 63.221929], [13.0662352, 63.221676], [13.066072, 63.2214884], [13.0656862, 63.2212968], [13.0654694, 63.2212204], [13.065105, 63.2210542], [13.0644359, 63.220775]], [[13.0644359, 63.220775], [13.0640689, 63.220524], [13.063786, 63.2201953], [13.0637787, 63.2198657], [13.0639894, 63.2195663], [13.0639527, 63.2193063], [13.0637232, 63.2191438], [13.0632202, 63.2189732], [13.0630274, 63.2187754], [13.0630204, 63.2184445]], [[13.0630204, 63.2184445], [13.0620087, 63.2184366], [13.0618215, 63.2184351], [13.0611563, 63.2184448], [13.0606627, 63.2184786], [13.0596743, 63.2185724]], [[13.0596743, 63.2185724], [13.0594634, 63.2184943], [13.0590693, 63.2184297], [13.0588901, 63.2183561], [13.058851, 63.2182541], [13.0588469, 63.2181936], [13.0583366, 63.2181546]], [[13.0583366, 63.2181546], [13.0581171, 63.2181195], [13.0580383, 63.2180673], [13.0579921, 63.2180172], [13.0580114, 63.2179669], [13.0580699, 63.2179219], [13.0581954, 63.2178873], [13.0582755, 63.2178424], [13.0583231, 63.2177755], [13.0583463, 63.2176113], [13.058419, 63.2174034]], [[13.058419, 63.2174034], [13.0583996, 63.2172723], [13.058316, 63.2172447], [13.0581818, 63.2170861], [13.0579789, 63.2169778], [13.0574956, 63.2169045], [13.0573622, 63.2167612], [13.057251, 63.2165176], [13.057197, 63.2163198], [13.0571512, 63.2162326], [13.0570939, 63.2161355], [13.0569798, 63.2160891]], [[13.0569798, 63.2160891], [13.0569301, 63.2159873], [13.0568635, 63.215921], [13.0567328, 63.2158451], [13.0565079, 63.2157555], [13.0564091, 63.2157202], [13.0563857, 63.2155818]], [[13.0563857, 63.2155818], [13.055964, 63.2155916], [13.0558134, 63.2155987]], [[13.0558134, 63.2155987], [13.0552488, 63.2156468], [13.0545928, 63.2157774], [13.0539813, 63.2159399], [13.0530587, 63.2162946], [13.0530025, 63.216313], [13.052726, 63.2164035], [13.0524853, 63.2164414], [13.0522353, 63.2164808], [13.0519203, 63.2165058], [13.0518544, 63.216511], [13.0507515, 63.216604], [13.0470908, 63.2168543], [13.0449512, 63.216992], [13.0448919, 63.2169958], [13.0446124, 63.2170138], [13.0442815, 63.2170351], [13.0440116, 63.2170525], [13.0437348, 63.2170569], [13.0434859, 63.2170608], [13.0430889, 63.217067], [13.0425203, 63.2170573], [13.0420911, 63.2169945], [13.0414564, 63.2168382]], [[13.0390871, 63.2170808], [13.0398207, 63.2169593], [13.0410335, 63.2169177], [13.0412198, 63.2168819], [13.0414564, 63.2168382]], [[13.0390871, 63.2170808], [13.0387099, 63.2172436], [13.0383591, 63.2174912], [13.0381086, 63.217671], [13.0378781, 63.2178787], [13.0371663, 63.2182789], [13.0364107, 63.2188056], [13.0361733, 63.2190418], [13.0358849, 63.2192781], [13.0354073, 63.2195561], [13.0351092, 63.2196577], [13.0347606, 63.21972], [13.0345577, 63.219772], [13.0342899, 63.2198394], [13.0340824, 63.2199318], [13.0338749, 63.2200013], [13.0335027, 63.2200953], [13.0329336, 63.2202379], [13.0324889, 63.2203803], [13.0322027, 63.2204842]], [[13.0322027, 63.2204842], [13.0320728, 63.2205722], [13.0320007, 63.220729], [13.031855, 63.22087], [13.0315103, 63.2210283], [13.0306113, 63.2213381], [13.0301854, 63.2214404], [13.0299393, 63.221547], [13.0296571, 63.2217095], [13.0294332, 63.2218482], [13.0292255, 63.2219338], [13.0290436, 63.2220651], [13.0288251, 63.22225], [13.0283168, 63.2226041], [13.0282862, 63.2226254]], [[13.0282862, 63.2226254], [13.0282335, 63.2226472]], [[13.0282335, 63.2226472], [13.0281412, 63.2226799]], [[13.0281412, 63.2226799], [13.0278787, 63.2227278]], [[13.0278787, 63.2227278], [13.0277345, 63.2227492]], [[13.0277345, 63.2227492], [13.0273965, 63.2228142], [13.0272503, 63.2227891], [13.02715, 63.2226829], [13.026909, 63.2225905], [13.026715, 63.2225919], [13.0261182, 63.2226777], [13.0258114, 63.2227661], [13.0255728, 63.2229398], [13.0252781, 63.2232014], [13.0250541, 63.2233258], [13.02471, 63.2234617], [13.0242947, 63.2239753], [13.0236622, 63.2242038], [13.0230474, 63.2246087], [13.0223066, 63.2250086], [13.0218174, 63.2251303], [13.0214239, 63.225144], [13.0207823, 63.2253217]], [[13.0207823, 63.2253217], [13.0203812, 63.2254322], [13.0200125, 63.225543], [13.0192992, 63.2256591], [13.0185964, 63.2257591], [13.0183223, 63.2258517]], [[13.0183223, 63.2258517], [13.0181063, 63.2259196], [13.0178057, 63.2259728], [13.0175544, 63.225992], [13.0170388, 63.2259451]], [[12.9726833, 63.2378612], [12.9728433, 63.2379041], [12.973023, 63.2379182]], [[12.9779859, 63.2419827], [12.977932, 63.2418247], [12.9777033, 63.241555], [12.9777821, 63.2414382], [12.9778262, 63.2413551], [12.977509, 63.2411104], [12.9774945, 63.2409933], [12.9776368, 63.2408643], [12.9775715, 63.2406988], [12.977435, 63.2405654], [12.9771329, 63.2404363], [12.9768861, 63.2402894], [12.9766711, 63.2400334], [12.9764591, 63.2397333], [12.9761412, 63.239618], [12.9759939, 63.2395247], [12.9756094, 63.2393059], [12.9752355, 63.2391521], [12.9750202, 63.2390691], [12.9747674, 63.2389133], [12.9741597, 63.2386919], [12.9737715, 63.2383024], [12.9731905, 63.237996], [12.973023, 63.2379182]], [[12.9821179, 63.2322823], [12.9818102, 63.2324341], [12.9817076, 63.2326983], [12.9816416, 63.23287], [12.981121, 63.2337649], [12.9811102, 63.2339663], [12.9803512, 63.2346135], [12.9795153, 63.2349668], [12.9791707, 63.2350956], [12.9788339, 63.2351979], [12.9785223, 63.2352788], [12.9779829, 63.2353696], [12.977206, 63.2355475], [12.9769411, 63.2356435], [12.9767208, 63.2357544], [12.9761583, 63.2359446], [12.9757897, 63.2360899], [12.975407, 63.2361713], [12.9751499, 63.236289], [12.9749321, 63.2364174], [12.9747542, 63.2366138], [12.9744506, 63.2367734], [12.9742037, 63.2369147], [12.9735737, 63.2371365], [12.9734519, 63.2372252], [12.9731371, 63.2374106], [12.9730112, 63.2374948], [12.9729666, 63.2375507], [12.9727996, 63.2376767], [12.9726796, 63.2378085], [12.9726833, 63.2378612]], [[13.0170388, 63.2259451], [13.016496, 63.2259128], [13.0158629, 63.225928], [13.015548, 63.2259998], [13.015302, 63.2260724], [13.0150062, 63.2261598], [13.014594, 63.226273], [13.0140088, 63.2263747], [13.013666, 63.2265603], [13.013386, 63.2266327], [13.0130131, 63.2266685], [13.0127691, 63.2267261], [13.0126877, 63.2267513], [13.0123725, 63.2268487], [13.0116012, 63.2269514], [13.0112474, 63.2269562], [13.0105941, 63.2270075], [13.0101509, 63.2271091], [13.0097076, 63.2272516], [13.0095754, 63.2273462], [13.008764, 63.2277607], [13.0084844, 63.2278514], [13.0078538, 63.2279439], [13.0068787, 63.2280925], [13.0066844, 63.2281503], [13.0065267, 63.2282741], [13.0061051, 63.2283782], [13.0057129, 63.2284145], [13.0053023, 63.2284888], [13.0049723, 63.2285515], [13.0043308, 63.2286176], [13.0036855, 63.228748], [13.0033923, 63.2288207], [13.0030733, 63.2288405], [13.0027177, 63.2289528], [13.0024501, 63.2289809], [13.0020688, 63.2290486], [13.0017205, 63.2291559], [13.0015227, 63.2292054], [13.0012256, 63.2291675], [13.000749, 63.2292484], [13.0001698, 63.2293375], [12.9999426, 63.2294284], [12.9995246, 63.2295175], [12.99907, 63.2295885], [12.9984511, 63.2296366], [12.9982128, 63.2296861], [12.9977135, 63.2297124], [12.997237, 63.2297041], [12.9964341, 63.2298214], [12.9960565, 63.2298511], [12.9953381, 63.2299816], [12.9947738, 63.2299965], [12.9944216, 63.2300294], [12.9941649, 63.2300873], [12.9937762, 63.2302243], [12.9932174, 63.2303095], [12.992664, 63.2304232], [12.9919789, 63.2303128], [12.9916707, 63.2303593], [12.9908565, 63.2304352], [12.9899143, 63.2305327], [12.9893788, 63.2306301], [12.9891342, 63.2306746], [12.988096, 63.2308447], [12.9871134, 63.2310297], [12.9865784, 63.2310842], [12.9861957, 63.2310982], [12.9858977, 63.2311282], [12.9855863, 63.2313246], [12.9852343, 63.23146], [12.9844867, 63.2315987], [12.9838412, 63.2318365], [12.9834504, 63.2319508], [12.9831007, 63.231995], [12.9824261, 63.2321303], [12.9821179, 63.2322823]]]}}, {"type": "Feature", "id": "relation/6388426", "properties": {"name": "Vallbo - Anaris", "network": "lwn", "route": "hiking", "type": "route", "@id": "relation/6388426", "@type": "relation", "osm_id": 6388426}, "geometry": {"type": "MultiLineString", "coordinates": [[[13.0657913, 63.1571527], [13.0658177, 63.1570449], [13.0659157, 63.1569706]], [[13.0659157, 63.1569706], [13.066013, 63.1568969]], [[13.066013, 63.1568969], [13.0672149, 63.1564015], [13.0682144, 63.1559797], [13.0690662, 63.1557969]], [[13.0690662, 63.1557969], [13.0691868, 63.1555226], [13.0692859, 63.1553217], [13.0694491, 63.1551144], [13.0696104, 63.1549337], [13.069748, 63.1548391], [13.0698699, 63.154766], [13.0700087, 63.1546823], [13.0702074, 63.1545702], [13.0703671, 63.1544677], [13.0706239, 63.1542665], [13.0708154, 63.1540382]], [[13.0708154, 63.1540382], [13.070759, 63.1539679], [13.0708271, 63.1538109], [13.070885, 63.1536424], [13.0709707, 63.1534228], [13.0710992, 63.1532874], [13.0714696, 63.1529858], [13.0718048, 63.152822], [13.0719534, 63.1526809], [13.0721223, 63.152558], [13.0723692, 63.1524817], [13.0724599, 63.152484]], [[13.0724599, 63.152484], [13.0725935, 63.1522336], [13.0728328, 63.1519878], [13.0731453, 63.1517909], [13.0737047, 63.151371], [13.0739768, 63.1510899], [13.0743548, 63.1506632], [13.0746219, 63.1504139], [13.0747933, 63.1502193], [13.074947, 63.1501408]], [[13.074947, 63.1501408], [13.0752267, 63.1501135], [13.0760051, 63.1499245], [13.0780782, 63.1497244], [13.0790527, 63.1497404], [13.0816219, 63.1501485], [13.0838013, 63.1501245]], [[13.0838013, 63.1501245], [13.0846695, 63.1500285], [13.0856441, 63.1498924], [13.0862819, 63.1499485], [13.0868489, 63.1498924], [13.0878412, 63.1499245], [13.0882842, 63.1500525], [13.0891169, 63.1500685], [13.0897194, 63.1500525], [13.090623, 63.1501405], [13.0918102, 63.1501965], [13.0929619, 63.1504926], [13.0941136, 63.1505247], [13.0951121, 63.1506272], [13.0964525, 63.1507647]], [[13.1075797, 63.1487582], [13.1065786, 63.1488862], [13.1061063, 63.1489288], [13.1059914, 63.1489548], [13.1056908, 63.1490227], [13.1046329, 63.149381], [13.1034051, 63.1498161], [13.1025928, 63.1501233], [13.1017239, 63.1502769], [13.1014027, 63.1504475], [13.1002693, 63.150456], [13.0991926, 63.1504816], [13.098437, 63.1505499], [13.0978703, 63.1506437], [13.0977587, 63.1506519], [13.0972912, 63.1506863], [13.097058, 63.1507034], [13.0967369, 63.1507632], [13.0964525, 63.1507647]], [[13.1501005, 63.1282234], [13.1498833, 63.1284369], [13.1498077, 63.1290687], [13.1497888, 63.1293163], [13.1496377, 63.1295126], [13.1490143, 63.1297944], [13.1485043, 63.13017], [13.1484287, 63.130392], [13.1485232, 63.1306225], [13.1483154, 63.130947], [13.1480887, 63.1312031], [13.1477487, 63.1313738], [13.1470687, 63.1314507], [13.1464075, 63.1317153], [13.1458408, 63.1317409], [13.1455764, 63.1318946], [13.1450474, 63.132108], [13.1443674, 63.1320909], [13.1438574, 63.1319202], [13.1434229, 63.1319202], [13.1429884, 63.1320909], [13.1429318, 63.1325007], [13.141515, 63.1331581], [13.1410428, 63.133252], [13.1404572, 63.1333203], [13.1400605, 63.1335422], [13.138946, 63.1338324], [13.1383226, 63.1339861], [13.1372837, 63.1341056], [13.1363958, 63.1345324], [13.1359614, 63.1347373], [13.1340346, 63.1352153], [13.1324478, 63.1359324], [13.1319378, 63.1361543], [13.1313144, 63.1369908], [13.1307288, 63.1374859], [13.1306344, 63.1378443], [13.1304266, 63.1380833], [13.1297654, 63.138254], [13.1291987, 63.1384503], [13.1289154, 63.1386893], [13.1283676, 63.1388686], [13.127782, 63.1391417], [13.1269131, 63.1392185], [13.1263653, 63.1392356], [13.1254208, 63.1392953], [13.1248918, 63.1392782], [13.1242118, 63.1391844], [13.1235318, 63.139227], [13.1231162, 63.1391673], [13.1216805, 63.1391246], [13.1205849, 63.1393892], [13.119376, 63.1397221], [13.1184126, 63.1398842], [13.1177892, 63.1400891], [13.1174492, 63.1402427], [13.1172414, 63.140456], [13.1170903, 63.1406865], [13.1173547, 63.1411047], [13.1177703, 63.1415314], [13.1178081, 63.1417277], [13.1176003, 63.1419581], [13.1168825, 63.1425469], [13.1157302, 63.1428968], [13.1151257, 63.1432723], [13.1151824, 63.1435369], [13.1153524, 63.1438014], [13.1152013, 63.144083], [13.1149368, 63.1442707], [13.1146346, 63.1447828], [13.1141434, 63.1450644], [13.1132556, 63.1452947], [13.1121411, 63.1455934], [13.11182, 63.1456958], [13.1102143, 63.1459774], [13.1098932, 63.1464296], [13.1090809, 63.1472317], [13.1088731, 63.1477522], [13.1083253, 63.1480764], [13.1076264, 63.1483751], [13.1075797, 63.1487582]], [[13.1501005, 63.1282234], [13.1502546, 63.1281555], [13.1507522, 63.1280526], [13.1512197, 63.128027], [13.1513275, 63.1279809], [13.1514748, 63.1279011], [13.1528024, 63.1278734], [13.153973, 63.127709], [13.1543649, 63.12763], [13.1548324, 63.1276279], [13.1552328, 63.1275348], [13.1559751, 63.1274072], [13.1563059, 63.1273504], [13.1566601, 63.1272372], [13.1576226, 63.1270959], [13.1609191, 63.1271177], [13.1614062, 63.1271753], [13.1619437, 63.1273171], [13.1626954, 63.1273205], [13.1630354, 63.1273461], [13.1633266, 63.1272975], [13.163451, 63.1271903], [13.1634982, 63.1270878], [13.1636526, 63.1269351], [13.1636257, 63.126155], [13.1637343, 63.1257536], [13.1637867, 63.1253751], [13.1639988, 63.124603], [13.1641735, 63.1242785], [13.1644381, 63.1239071], [13.1644947, 63.123811], [13.1648677, 63.1236807], [13.1649669, 63.1235484], [13.1651887, 63.12342], [13.1656045, 63.1233093], [13.1662137, 63.1233402], [13.1667473, 63.1231812], [13.1672988, 63.1229584], [13.1676115, 63.1228716], [13.167961, 63.1228374], [13.1685761, 63.1228434], [13.1689244, 63.1228609], [13.1692974, 63.1229314], [13.1700908, 63.1230381], [13.1706256, 63.1230379], [13.1715804, 63.1229252], [13.172415, 63.1227581], [13.1727182, 63.1226692], [13.173193, 63.1223319], [13.1735524, 63.1220368], [13.173554, 63.1218932], [13.1743891, 63.1213418], [13.1752856, 63.1208199], [13.1761115, 63.1205915], [13.1766475, 63.1203567], [13.1772001, 63.1199836], [13.1780955, 63.1196626], [13.1789435, 63.1195029], [13.1809123, 63.1187321], [13.1826128, 63.1185036], [13.1834925, 63.1181641], [13.1852467, 63.117888], [13.1864483, 63.1176164], [13.1889213, 63.1173005], [13.1902323, 63.1172754], [13.1909013, 63.1173559], [13.1920112, 63.1173103], [13.1927068, 63.1170725], [13.1934399, 63.1169665], [13.1939003, 63.1169273], [13.1945787, 63.1168155], [13.194985, 63.1166529], [13.1955264, 63.11659], [13.1961129, 63.1165505], [13.1970759, 63.1165533], [13.1976669, 63.1166314], [13.197972, 63.1166425], [13.1989075, 63.1167437], [13.1996867, 63.1168334], [13.2000765, 63.1169593], [13.2006115, 63.11716], [13.2008518, 63.1171841]], [[13.2721921, 63.1179074], [13.2715076, 63.1181888], [13.2707142, 63.1188037], [13.2697886, 63.1189233], [13.2684096, 63.1191881], [13.2678807, 63.1193503], [13.2665017, 63.1195297], [13.2656894, 63.1195041], [13.2644427, 63.1195297], [13.262327, 63.1194101], [13.2615525, 63.1193503], [13.2599469, 63.1189745], [13.2587568, 63.1187183], [13.2581712, 63.1187012], [13.257189, 63.1184877], [13.2567167, 63.1182229], [13.2560367, 63.1179838], [13.2552244, 63.1178813], [13.2545444, 63.1176251], [13.2536565, 63.1174286], [13.2529954, 63.1172407], [13.2522587, 63.1169076], [13.2516164, 63.1162755], [13.2506908, 63.1157459], [13.2499541, 63.1153017], [13.2493496, 63.1150882], [13.2480273, 63.1149344], [13.2461761, 63.11496], [13.2455905, 63.1150369], [13.2453449, 63.114943], [13.2442493, 63.1150369], [13.2435504, 63.1150967], [13.2429459, 63.115259], [13.2425114, 63.1152846], [13.2418692, 63.1151992], [13.2409625, 63.1152932], [13.2403769, 63.1154299], [13.2391301, 63.1155153], [13.2386201, 63.1154213], [13.2379967, 63.1155153], [13.2362589, 63.1155665], [13.2351066, 63.1157459], [13.2338598, 63.1159851], [13.2334254, 63.1161388], [13.2321975, 63.1163353], [13.231593, 63.1164976], [13.2311019, 63.1165659], [13.2299874, 63.116677], [13.2288162, 63.1168392], [13.2283817, 63.1169503], [13.2278339, 63.116899], [13.2260583, 63.1170955], [13.2243771, 63.1174201], [13.2230737, 63.1175567], [13.2223558, 63.1175653], [13.2216947, 63.117608], [13.2205802, 63.1177019], [13.2199568, 63.1176934], [13.2189179, 63.1178728], [13.2175956, 63.1178898], [13.2163866, 63.1179582], [13.215801, 63.1179667], [13.2155177, 63.1179325], [13.2148754, 63.118035], [13.2146487, 63.1180948], [13.2136853, 63.1180009], [13.2127975, 63.11783], [13.2123064, 63.1175994], [13.2116074, 63.117198], [13.2111163, 63.116899], [13.210474, 63.1167795], [13.208774, 63.1166513], [13.208075, 63.1165915], [13.207395, 63.1165232], [13.2063371, 63.1164976], [13.2056571, 63.1164207], [13.2051471, 63.1163609], [13.2039759, 63.1163267], [13.2035792, 63.1163011], [13.2028614, 63.1164036], [13.2019736, 63.1164549], [13.2014635, 63.1165403], [13.2011046, 63.1169076], [13.2008518, 63.1171841]], [[13.2721921, 63.1179074], [13.2749237, 63.1169027], [13.2759966, 63.116243], [13.2768334, 63.1159519], [13.2776424, 63.1153847], [13.2785436, 63.1152586], [13.2799877, 63.1144867], [13.2809039, 63.1143271], [13.2816335, 63.1138322], [13.2827093, 63.1130951]], [[13.3342855, 63.0912916], [13.3331928, 63.0913936], [13.3321066, 63.0914919], [13.3313227, 63.09165], [13.3303782, 63.0918381], [13.3300098, 63.0918809], [13.3295942, 63.0919407], [13.3287158, 63.0920903], [13.3281491, 63.092133], [13.3274786, 63.0923339], [13.3268835, 63.0924793], [13.3261846, 63.0926203], [13.3259768, 63.0927272], [13.3255896, 63.092787], [13.3248528, 63.0932657], [13.3246451, 63.0933512], [13.3239556, 63.0938128], [13.3238422, 63.094018], [13.3229827, 63.0944753], [13.3223027, 63.0948942], [13.3216982, 63.0950737], [13.3213015, 63.0951506], [13.3205648, 63.0955524], [13.3185436, 63.095937], [13.3173913, 63.0962704], [13.3169002, 63.0963046], [13.3166924, 63.0964584], [13.3158612, 63.0967918], [13.3145578, 63.0970738], [13.3140674, 63.0975621], [13.3137455, 63.0978602], [13.31316, 63.0981422], [13.312801, 63.0984499], [13.3117999, 63.0987234], [13.3101564, 63.0993131], [13.3093442, 63.0996465], [13.3086075, 63.0997747], [13.3079085, 63.0999541], [13.3070396, 63.1003729], [13.3063407, 63.1006806], [13.3057551, 63.1008515], [13.3052639, 63.1008857], [13.3038094, 63.1013215], [13.3031483, 63.101407], [13.3018071, 63.101877], [13.3011459, 63.1020821], [13.300617, 63.1022787], [13.3001259, 63.1025094], [13.2993325, 63.102612], [13.2969146, 63.1033811], [13.2953278, 63.1039194], [13.2944778, 63.1042783], [13.2937788, 63.1048167], [13.2919654, 63.1060984], [13.2912287, 63.1065257], [13.2907564, 63.1067222], [13.2903598, 63.1069871], [13.2901709, 63.1072007], [13.2899064, 63.1074143], [13.2899631, 63.1076022], [13.2898875, 63.10785], [13.2897175, 63.1081405], [13.2896986, 63.1083541], [13.2894364, 63.1089341], [13.2887919, 63.1095161], [13.2883763, 63.1100629], [13.2883385, 63.1103021], [13.2876018, 63.1107293], [13.2874318, 63.1109514], [13.287224, 63.111276], [13.286544, 63.1113871], [13.2863362, 63.1115323], [13.2860701, 63.1117363], [13.2856325, 63.1118676], [13.2852028, 63.112062], [13.2837483, 63.1128501], [13.2827093, 63.1130951]], [[13.3375702, 63.0908696], [13.3362563, 63.0909943], [13.3342855, 63.0912916]], [[13.3406911, 63.0900009], [13.3402086, 63.0902031], [13.3390655, 63.0905224], [13.3375702, 63.0908696]]]}}, {"type": "Feature", "id": "relation/8508336", "properties": {"ascent": "110", "distance": "8", "from": "Vålådalen", "name": "Nulltjärnsrundan", "network": "lwn", "operator": "Södra Årefjällen", "osmc:symbol": "orange:white:orange_bar:284:black", "ref": "284", "roundtrip": "yes", "route": "hiking", "to": "Vålådalen", "type": "route", "via": "Nulltjärn", "website": "https://fjallupplevelser.com/led/284/", "wikidata": "Q131362803", "@id": "relation/8508336", "@type": "relation", "osm_id": 8508336}, "geometry": {"type": "MultiLineString", "coordinates": [[[12.9056132, 63.1571039], [12.905672, 63.1569991], [12.9057699, 63.1568885], [12.9057645, 63.1564049], [12.9058276, 63.1562612], [12.9059493, 63.1561263], [12.9059798, 63.1561025], [12.9063596, 63.1558062], [12.9066468, 63.1555218], [12.9069587, 63.1549551]], [[12.9073839, 63.1548374], [12.9069587, 63.1549551]], [[12.9080772, 63.1546407], [12.9073839, 63.1548374]], [[12.9086523, 63.1535838], [12.9086317, 63.1538511], [12.9083309, 63.1543038], [12.9080772, 63.1546407]], [[12.920395, 63.1505277], [12.9204223, 63.15055], [12.920489, 63.1506211], [12.92028, 63.1506263], [12.9199888, 63.1505601], [12.9197866, 63.1505629], [12.9194797, 63.1506219], [12.919089, 63.1507058], [12.9187973, 63.1507273], [12.9185906, 63.1507679], [12.9184383, 63.1508225], [12.9181724, 63.1509239], [12.9179432, 63.1509823], [12.9176927, 63.1510115], [12.9175165, 63.151099], [12.9173318, 63.1511712], [12.9171567, 63.1512118], [12.9169591, 63.1512781], [12.9166401, 63.1514809], [12.9164434, 63.151564], [12.9163202, 63.1515908], [12.9159097, 63.1517417], [12.9155898, 63.1518593], [12.9153435, 63.1519104], [12.9149796, 63.1520053], [12.9145873, 63.1521283], [12.9137982, 63.1522661], [12.9133207, 63.152345], [12.9128094, 63.152364], [12.9125708, 63.1523939], [12.9121769, 63.1524818], [12.9120147, 63.1524925], [12.9117675, 63.1524854], [12.9112959, 63.1524609], [12.9111301, 63.1524757], [12.9108826, 63.1525261], [12.9106465, 63.1525483], [12.9104121, 63.1526056], [12.9101808, 63.152676], [12.9098843, 63.152731], [12.9096501, 63.1528627], [12.9094074, 63.15296], [12.9092208, 63.1530964], [12.9089208, 63.1532533], [12.9087313, 63.1534499], [12.9086523, 63.1535838]], [[12.9203558, 63.1504794], [12.920395, 63.1505277]], [[12.9270997, 63.1441227], [12.9261549, 63.144442], [12.9256426, 63.1444864], [12.9251056, 63.1446244], [12.9250205, 63.1447283], [12.9249877, 63.1448961], [12.9248432, 63.1450579], [12.9247529, 63.1452487], [12.9242257, 63.145457], [12.9241174, 63.1455355], [12.9239499, 63.1456586], [12.9229535, 63.1459502], [12.922511, 63.1461683], [12.922098, 63.146529], [12.921877, 63.146642], [12.9215476, 63.1467327], [12.9212535, 63.1468607], [12.9209262, 63.1471502], [12.9203992, 63.1473603], [12.9202678, 63.1474935], [12.9201725, 63.1476258], [12.919972, 63.1477877], [12.9199194, 63.1478695], [12.9200438, 63.1481703], [12.9200032, 63.1483375], [12.9200907, 63.1484779], [12.9201833, 63.1486186], [12.9202852, 63.1487688], [12.92046, 63.1491578], [12.9204224, 63.1493382], [12.9201728, 63.1498146], [12.920194, 63.1500796], [12.9203558, 63.1504794]], [[12.9270997, 63.1441227], [12.927579, 63.1442411], [12.9278853, 63.1442656], [12.9282654, 63.1443309], [12.9286296, 63.144336], [12.9288178, 63.1443669], [12.9291539, 63.1443711], [12.9294021, 63.1444329], [12.9298767, 63.1445253], [12.930129, 63.1445443], [12.9303812, 63.144541], [12.9304063, 63.1445415], [12.930526, 63.1445228], [12.9309041, 63.1444639], [12.9314969, 63.1442766], [12.9318483, 63.1441421], [12.932496, 63.143817], [12.9327752, 63.1437156], [12.9330392, 63.1436847], [12.933382, 63.1436627], [12.9335649, 63.1436187]], [[12.9335649, 63.1436187], [12.9340286, 63.1435229], [12.9343015, 63.1434405], [12.9345706, 63.1433982], [12.9350551, 63.1432791], [12.9354157, 63.1432195], [12.9356086, 63.1431777], [12.9357972, 63.1430883], [12.9359267, 63.143048], [12.9361545, 63.1431071], [12.9363614, 63.1431994], [12.9367836, 63.1434595], [12.9371333, 63.1435532], [12.937543, 63.1437414], [12.9377939, 63.1438882], [12.9378774, 63.1438932]], [[12.9378774, 63.1438932], [12.937966, 63.143898], [12.9380547, 63.1439029], [12.9381805, 63.1438639], [12.9383535, 63.1438238]], [[12.9383535, 63.1438238], [12.939254, 63.1442682], [12.9394167, 63.1443676], [12.9399591, 63.1446106], [12.9404029, 63.1447365], [12.9407115, 63.1447888], [12.9411088, 63.1449034], [12.9417062, 63.1450124], [12.9423784, 63.145044], [12.9430335, 63.1451333], [12.9436227, 63.1452041], [12.9439918, 63.1452547], [12.9444334, 63.1452937], [12.9449277, 63.1452788], [12.9452241, 63.1452847], [12.9453916, 63.1453212]], [[12.9453916, 63.1453212], [12.9454792, 63.145349]], [[12.9454792, 63.145349], [12.9455916, 63.1453871]], [[12.9455916, 63.1453871], [12.9456784, 63.1453754]], [[12.9456784, 63.1453754], [12.9460224, 63.1453182], [12.9465914, 63.1452984], [12.9469935, 63.1452623], [12.9472626, 63.1452129], [12.9475742, 63.1451468], [12.9476822, 63.1451083], [12.9477788, 63.1450753]], [[12.9477788, 63.1450753], [12.9480921, 63.1449594]], [[12.9480921, 63.1449594], [12.9482891, 63.1448882], [12.9485533, 63.144851], [12.9489702, 63.1448576], [12.9493416, 63.1448425], [12.9497623, 63.1448451], [12.9500078, 63.1448578], [12.9503633, 63.1448839], [12.9508954, 63.1449631], [12.9515064, 63.1450957], [12.9520927, 63.1452507], [12.9525574, 63.1452608], [12.953302, 63.1453534], [12.9533611, 63.1453522], [12.9535669, 63.1453481], [12.9536913, 63.1453531], [12.9537948, 63.145376], [12.9538369, 63.1453748], [12.9538698, 63.1453739], [12.9539441, 63.1453891], [12.9540411, 63.1453803], [12.9541778, 63.1454177], [12.9542758, 63.1454294], [12.9544594, 63.1454653], [12.9545333, 63.1454798], [12.9547307, 63.1454992], [12.9551587, 63.1455277], [12.9556719, 63.14554], [12.9564709, 63.1455479], [12.9569366, 63.1455379], [12.9575975, 63.1454681], [12.9579975, 63.1454691], [12.9586274, 63.1454604], [12.9589026, 63.1454569], [12.9593466, 63.1454264], [12.9600265, 63.1454022], [12.9601665, 63.1453805], [12.960495, 63.1453781], [12.9608079, 63.1453794], [12.961191, 63.1453942], [12.9616366, 63.1454308], [12.9623133, 63.1455359], [12.9628755, 63.145585], [12.9632623, 63.1456736], [12.9635455, 63.1457783], [12.9637601, 63.1459257], [12.9641064, 63.1462617], [12.9642492, 63.146462], [12.9644166, 63.1465271]], [[12.9654036, 63.1487653], [12.9652584, 63.1487463], [12.9649878, 63.148703]], [[12.9654036, 63.1487653], [12.9655225, 63.1488539], [12.9656547, 63.1490904], [12.9655802, 63.1492718]], [[12.9655802, 63.1492718], [12.965526, 63.1494031], [12.9655168, 63.1495183]], [[12.9655168, 63.1495183], [12.964378, 63.1494889], [12.9637008, 63.1494594], [12.9629076, 63.1494713]], [[12.9612414, 63.1493378], [12.961658, 63.1493537], [12.9621584, 63.1493679], [12.9624208, 63.1493973], [12.9628283, 63.1494292], [12.962851, 63.1494413], [12.9629076, 63.1494713]], [[12.9069294, 63.157351], [12.9071889, 63.1571555], [12.9073574, 63.1569423], [12.9075968, 63.1565887], [12.9079384, 63.1564145], [12.9085977, 63.1562907], [12.9093498, 63.1560939], [12.9099303, 63.1559125], [12.9104592, 63.1558358], [12.9113401, 63.1556545], [12.9123596, 63.1553993], [12.9130776, 63.1553647], [12.9136583, 63.155268], [12.914847, 63.1549445], [12.9150877, 63.154897], [12.9153542, 63.1548921], [12.9155953, 63.1548319], [12.9161192, 63.1544736], [12.9166099, 63.154366], [12.9170956, 63.154351], [12.9177529, 63.1542236], [12.9182102, 63.1540696], [12.9184443, 63.1539253], [12.9186579, 63.1536135], [12.9188629, 63.1534238], [12.9193229, 63.1532081], [12.9198387, 63.1531533], [12.9211191, 63.1530802], [12.9218961, 63.1528551], [12.922306, 63.1527542], [12.9226902, 63.1527153], [12.9231061, 63.1526721], [12.9234447, 63.1526948], [12.9241092, 63.1528899], [12.9244242, 63.1529428], [12.9247779, 63.1529706], [12.9252529, 63.1530421], [12.9256235, 63.153072], [12.9260369, 63.153005], [12.9265548, 63.1529426], [12.9271271, 63.1529443], [12.9274933, 63.1529732], [12.928018, 63.1530778], [12.9284997, 63.1531941], [12.9288227, 63.1532502], [12.9291799, 63.1532792], [12.9297487, 63.1532527], [12.9302456, 63.1530941], [12.9307252, 63.1528347], [12.9314333, 63.1526283], [12.9320095, 63.1524114], [12.9321671, 63.1522324], [12.9322331, 63.1517727], [12.9323076, 63.1516425], [12.9325069, 63.1515246], [12.9327062, 63.1514647], [12.9331305, 63.1514187], [12.9334417, 63.1514011], [12.9338119, 63.1513962], [12.9340534, 63.1513486], [12.9345213, 63.1512675], [12.9350322, 63.1513027], [12.9354712, 63.1513499], [12.9357986, 63.1514088], [12.936452, 63.1515826], [12.9369095, 63.1516895], [12.9374395, 63.1518402], [12.9377432, 63.1518652], [12.938064, 63.1518261], [12.9390768, 63.1516015], [12.9396218, 63.1515512], [12.9404025, 63.1515163], [12.9411403, 63.1515086], [12.9414489, 63.151464], [12.9420236, 63.1513381], [12.9428694, 63.1512365], [12.9436636, 63.1511698], [12.9442497, 63.1510973], [12.9447585, 63.1509588], [12.9456332, 63.1506272], [12.9461303, 63.1503809], [12.9467897, 63.1502178], [12.94724, 63.1501797], [12.9479071, 63.1501606], [12.9484038, 63.1500988], [12.9488017, 63.1500195], [12.9490419, 63.1498975], [12.9501919, 63.1491301], [12.9507716, 63.1489049], [12.9514286, 63.1487825], [12.952171, 63.1487484], [12.9528791, 63.1487918], [12.9535431, 63.1488795], [12.9538323, 63.1489603], [12.9539583, 63.1490371], [12.9541647, 63.1491726], [12.954371, 63.1492654], [12.9548169, 63.1493348], [12.9551728, 63.1493521], [12.9554858, 63.1493267], [12.9561897, 63.1492354], [12.956812, 63.1491199], [12.9572111, 63.1491052], [12.9580338, 63.1491165], [12.9587105, 63.1491375], [12.9593008, 63.1491766], [12.9599158, 63.1492205], [12.9604792, 63.1492876], [12.9609934, 63.1493199], [12.9612414, 63.1493378]], [[12.9056132, 63.1571039], [12.9059067, 63.1572395], [12.9062783, 63.1573487], [12.9065242, 63.1573954], [12.9069294, 63.157351]], [[12.9642854, 63.1468342], [12.9643793, 63.1466624], [12.9644166, 63.1465271]], [[12.9638025, 63.1476051], [12.9640679, 63.147232], [12.9642854, 63.1468342]], [[12.9649878, 63.148703], [12.9650089, 63.1486542], [12.9648326, 63.1485662], [12.9647375, 63.1484829], [12.9647288, 63.14841], [12.964775, 63.1482888], [12.9647663, 63.148199], [12.964726, 63.1481078], [12.9646308, 63.1480218], [12.9645126, 63.147945], [12.9643914, 63.1478941], [12.9643223, 63.1478551], [12.9641637, 63.1477679], [12.9639361, 63.1476697], [12.9638025, 63.1476051]]]}}, {"type": "Feature", "id": "relation/18657143", "properties": {"ascent": "300", "distance": "5.3", "name": "Middagsvalen", "network": "lwn", "osmc:symbol": "orange:white:orange_bar:286:black", "ref": "286", "roundtrip": "yes", "route": "hiking", "type": "route", "website": "https://fjallupplevelser.com/led/286/", "wikidata": "Q131362821", "@id": "relation/18657143", "@type": "relation", "osm_id": 18657143}, "geometry": {"type": "MultiLineString", "coordinates": [[[13.0657913, 63.1571527], [13.0658177, 63.1570449], [13.0659157, 63.1569706]], [[13.0634639, 63.153624], [13.0642153, 63.1540273], [13.064747, 63.1542675], [13.065053, 63.1544426], [13.0651942, 63.1546089], [13.0652878, 63.1548182], [13.0657633, 63.1563139], [13.0658381, 63.1566655], [13.0659157, 63.1569706]], [[13.059137, 63.1510061], [13.0592965, 63.1511055], [13.0607145, 63.1520261], [13.0622655, 63.1529467], [13.0630496, 63.1534017], [13.0634639, 63.153624]], [[13.0585748, 63.1506695], [13.059137, 63.1510061]], [[13.0475752, 63.1424393], [13.0477749, 63.1428186], [13.0478635, 63.143239], [13.0470216, 63.1439397], [13.047378, 63.1440772], [13.0472874, 63.1444401], [13.0476674, 63.1445137], [13.048218, 63.1446203], [13.0483953, 63.1455011], [13.0480408, 63.1460015], [13.049902, 63.1462017], [13.0513643, 63.146622], [13.0522063, 63.1470424], [13.0528267, 63.1474828], [13.0541118, 63.1482434], [13.0557071, 63.149104], [13.0576569, 63.1501048], [13.0585748, 63.1506695]], [[13.046487, 63.1379649], [13.0462304, 63.1380233], [13.0445022, 63.1383397], [13.0437061, 63.1386644], [13.043645, 63.1398377], [13.0439617, 63.1402931], [13.0450252, 63.1407975], [13.0461546, 63.1415419], [13.0468971, 63.1419116], [13.0472601, 63.142248], [13.0475752, 63.1424393]], [[13.0468312, 63.1378597], [13.046487, 63.1379649]], [[13.0471077, 63.1377871], [13.0468312, 63.1378597]], [[13.0544719, 63.1413712], [13.0532391, 63.1403905], [13.0513037, 63.1392462], [13.0503404, 63.1384354], [13.0487576, 63.1379909], [13.047428, 63.1377008], [13.0471077, 63.1377871]], [[13.0547594, 63.1415663], [13.0544719, 63.1413712]], [[13.0554239, 63.1420375], [13.0547594, 63.1415663]], [[13.0553394, 63.1446376], [13.0556233, 63.1443307], [13.0559813, 63.1437554], [13.055913, 63.1430067], [13.0554239, 63.1420375]], [[13.0549772, 63.1450365], [13.0553394, 63.1446376]], [[13.0548004, 63.145229], [13.0549772, 63.1450365]], [[13.0545204, 63.1459786], [13.0548004, 63.145229]], [[13.0549193, 63.1465518], [13.0545204, 63.1459786]], [[13.0551692, 63.1469013], [13.0549193, 63.1465518]], [[13.0549962, 63.1471594], [13.0551692, 63.1469013]], [[13.0623379, 63.1521757], [13.0609614, 63.1508649], [13.0584178, 63.1489582], [13.0571949, 63.1486696], [13.0558082, 63.1480044], [13.054998, 63.14777], [13.0548195, 63.14738], [13.0549962, 63.1471594]], [[13.0629144, 63.1526278], [13.0626434, 63.1524881], [13.0623379, 63.1521757]], [[13.0635009, 63.1530116], [13.0629144, 63.1526278]], [[13.0634916, 63.1534032], [13.0635009, 63.1530116]], [[13.0634639, 63.153624], [13.0634916, 63.1534032]], [[13.0634639, 63.153624], [13.0642153, 63.1540273], [13.064747, 63.1542675], [13.065053, 63.1544426], [13.0651942, 63.1546089], [13.0652878, 63.1548182], [13.0657633, 63.1563139], [13.0658381, 63.1566655], [13.0659157, 63.1569706]], [[13.0657913, 63.1571527], [13.0658177, 63.1570449], [13.0659157, 63.1569706]]]}}], "bbox": [12.48, 62.957, 13.181, 63.165]}