{"type": "FeatureCollection", "name": "wetland", "crs": {"type": "name", "properties": {"name": "urn:ogc:def:crs:OGC:1.3:CRS84"}}, "features": [{"type": "Feature", "id": "way/320214071", "properties": {"natural": "wetland", "wetland": "fen", "@id": "way/320214071", "@type": "way", "osm_id": 320214071}, "geometry": {"type": "Polygon", "coordinates": [[[12.9057903, 63.1451178], [12.9067892, 63.1455188], [12.9075636, 63.1460337], [12.9076093, 63.1465265], [12.908213, 63.1469915], [12.9082981, 63.1474855], [12.907224, 63.1477926], [12.9064322, 63.1479295], [12.9055895, 63.1475422], [12.9040432, 63.1470308], [12.9036403, 63.1466791], [12.9023801, 63.14644], [12.9012657, 63.1458166], [12.9008579, 63.1448973], [12.9016537, 63.1440921], [12.9008348, 63.1433435], [12.9008365, 63.1426643], [12.9013263, 63.1422949], [12.9014974, 63.1409001], [12.9014334, 63.1399369], [12.9018985, 63.1394599], [12.9023412, 63.1390756], [12.9034217, 63.1390591], [12.9037469, 63.1395089], [12.9028722, 63.1401394], [12.9030333, 63.1409888], [12.903496, 63.1423389], [12.9033682, 63.1430839], [12.9045362, 63.1440129], [12.9057903, 63.1451178]]]}}, {"type": "Feature", "id": "way/320409008", "properties": {"natural": "wetland", "source": "Bing", "wetland": "fen", "@id": "way/320409008", "@type": "way", "osm_id": 320409008}, "geometry": {"type": "Polygon", "coordinates": [[[12.9221392, 63.1540517], [12.922562, 63.1543558], [12.9231413, 63.1545467], [12.9235328, 63.1545537], [12.9238616, 63.1543133], [12.9238616, 63.1539315], [12.9238303, 63.1535426], [12.9237207, 63.1532102], [12.9236111, 63.1530051], [12.9234075, 63.1529274], [12.923157, 63.1529981], [12.9230317, 63.1531536], [12.9227655, 63.153288], [12.9223584, 63.1533234], [12.9219826, 63.1534719], [12.9218417, 63.1537335], [12.9219356, 63.1539103], [12.9221392, 63.1540517]]]}}, {"type": "Feature", "id": "way/320409010", "properties": {"natural": "wetland", "source": "Bing", "wetland": "fen", "@id": "way/320409010", "@type": "way", "osm_id": 320409010}, "geometry": {"type": "Polygon", "coordinates": [[[12.9144326, 63.1576983], [12.9150276, 63.1572175], [12.9153721, 63.156666], [12.9157792, 63.156369], [12.9164682, 63.1561145], [12.9170945, 63.1557751], [12.9174077, 63.1552801], [12.9177522, 63.1549124], [12.9186917, 63.1547427], [12.9196625, 63.1548842], [12.9201949, 63.1554074], [12.9197877, 63.1559589], [12.9195685, 63.1565246], [12.9189109, 63.1573023], [12.9180966, 63.1575851], [12.9175329, 63.1573023], [12.9169379, 63.1576559], [12.9159045, 63.1579952], [12.9151529, 63.1583205], [12.9144326, 63.1584053], [12.9141821, 63.1581932], [12.914276, 63.157868], [12.9144326, 63.1576983]]]}}, {"type": "Feature", "id": "way/320409013", "properties": {"natural": "wetland", "source": "Bing", "wetland": "fen", "@id": "way/320409013", "@type": "way", "osm_id": 320409013}, "geometry": {"type": "Polygon", "coordinates": [[[12.9848532, 63.1441285], [12.9851371, 63.144033], [12.9853563, 63.1439269], [12.9853876, 63.1437783], [12.9853563, 63.1436581], [12.9851527, 63.14346], [12.9849648, 63.1432549], [12.9848239, 63.1431205], [12.9844011, 63.1430639], [12.9840723, 63.1431134], [12.9839367, 63.1430789], [12.9838218, 63.1430497], [12.9838374, 63.1428517], [12.9837748, 63.1426253], [12.9836339, 63.142498], [12.983399, 63.1422857], [12.9830389, 63.1421938], [12.9830057, 63.1422217], [12.9828196, 63.1423777], [12.9828666, 63.1425121], [12.9828469, 63.1426213], [12.982804, 63.1428587], [12.9827413, 63.1429931], [12.9827382, 63.1430555], [12.9827273, 63.1432724], [12.9827257, 63.1433044], [12.9827883, 63.1435449], [12.9826631, 63.1438491], [12.9826161, 63.1439622], [12.9826944, 63.1441815], [12.9828196, 63.1442593], [12.9830232, 63.1443442], [12.9832268, 63.1443654], [12.9834289, 63.1443654], [12.9836968, 63.1444043], [12.9848532, 63.1441285]]]}}, {"type": "Feature", "id": "way/320409017", "properties": {"name": "Gunders Mosse", "natural": "wetland", "source": "Bing", "wetland": "fen", "@id": "way/320409017", "@type": "way", "osm_id": 320409017}, "geometry": {"type": "Polygon", "coordinates": [[[12.9826275, 63.1470571], [12.9830272, 63.14695], [12.9838304, 63.1469582], [12.9841393, 63.1469777], [12.984646, 63.1468522], [12.9849105, 63.1467602], [12.9850658, 63.1466655], [12.9854619, 63.1467095], [12.9858374, 63.146626], [12.986216, 63.1463011], [12.9866792, 63.1459698], [12.9879879, 63.1457184], [12.987923, 63.1454848], [12.9879858, 63.145227], [12.9880142, 63.1449387], [12.987768, 63.1447759], [12.9873606, 63.1445921], [12.9866389, 63.1443574], [12.9858226, 63.1443518], [12.9850747, 63.1443734], [12.9844197, 63.1445537], [12.9836145, 63.1446949], [12.9825562, 63.1448252], [12.9820764, 63.1452235], [12.9817889, 63.1457694], [12.9807992, 63.1459852], [12.9798266, 63.1460852], [12.9797114, 63.1463787], [12.9807133, 63.1465069], [12.9813171, 63.1467811], [12.9819285, 63.1469198], [12.982284, 63.1469335], [12.9826275, 63.1470571]]]}}, {"type": "Feature", "id": "way/320409021", "properties": {"natural": "wetland", "source": "Bing", "wetland": "fen", "@id": "way/320409021", "@type": "way", "osm_id": 320409021}, "geometry": {"type": "Polygon", "coordinates": [[[12.9250203, 63.1517115], [12.9261904, 63.1516559], [12.9267032, 63.1516315], [12.9270544, 63.1514948], [12.9281426, 63.1510714], [12.9290727, 63.1505314], [12.9296032, 63.1502191], [12.9298034, 63.1501013], [12.9316796, 63.1496903], [12.9316857, 63.1498412], [12.9322171, 63.1496212], [12.9327043, 63.1494412], [12.9336122, 63.1490611], [12.9342544, 63.1489611], [12.9348966, 63.1490011], [12.9358045, 63.1490211], [12.9368453, 63.1488711], [12.9374432, 63.1487611], [12.9382846, 63.148741], [12.939569, 63.148591], [12.9406319, 63.148371], [12.941407, 63.1481809], [12.9423592, 63.1479409], [12.9432671, 63.1477708], [12.9442414, 63.1477108], [12.9446622, 63.1479909], [12.9435993, 63.148291], [12.9410748, 63.1487511], [12.9390375, 63.1490011], [12.938639, 63.1491211], [12.9370446, 63.1492912], [12.9354945, 63.1493012], [12.9342544, 63.1497212], [12.9338845, 63.1496939], [12.9329427, 63.1501335], [12.9327968, 63.1505555], [12.9324982, 63.1508327], [12.9323057, 63.1510114], [12.9322381, 63.1510483], [12.9312757, 63.1515736], [12.9293162, 63.1526116], [12.9289725, 63.1527358], [12.9287626, 63.1528116], [12.9277274, 63.1527929], [12.9276554, 63.1527916], [12.9266368, 63.1526616], [12.9260389, 63.1526816], [12.925441, 63.1525516], [12.924821, 63.1523315], [12.9248143, 63.152321], [12.9245774, 63.1519515], [12.9250203, 63.1517115]]]}}, {"type": "Feature", "id": "way/320409025", "properties": {"natural": "wetland", "wetland": "fen", "@id": "way/320409025", "@type": "way", "osm_id": 320409025}, "geometry": {"type": "Polygon", "coordinates": [[[12.9997764, 63.1485116], [12.9995328, 63.1489316], [12.9990235, 63.1489916], [12.998647, 63.1490317], [12.9982706, 63.1490417], [12.9980048, 63.1491217], [12.9975841, 63.1491517], [12.9972076, 63.1490817], [12.9970024, 63.1489889], [12.9969641, 63.1489716], [12.9967205, 63.1488316], [12.996499, 63.1486616], [12.9962112, 63.1485015], [12.995724, 63.1482915], [12.9951925, 63.1480715], [12.9950134, 63.1480175], [12.9947275, 63.1479314], [12.9940113, 63.147988], [12.9938417, 63.1480014], [12.9932217, 63.1479814], [12.9924688, 63.1478814], [12.9916122, 63.1477637], [12.9915149, 63.147668], [12.9913727, 63.1475282], [12.9916601, 63.1474733], [12.9918793, 63.1471763], [12.9918793, 63.1469782], [12.9920359, 63.1465821], [12.9922238, 63.1462709], [12.9925057, 63.1461719], [12.9929754, 63.1460304], [12.9933418, 63.1459703], [12.9936644, 63.1459173], [12.9940218, 63.1458814], [12.9942281, 63.1458607], [12.9945934, 63.1458916], [12.9947291, 63.1459031], [12.9954807, 63.145988], [12.9956312, 63.1459571], [12.9958252, 63.1459173], [12.9960131, 63.1457617], [12.9961411, 63.1454822], [12.996201, 63.1453514], [12.9961945, 63.1451107], [12.9961945, 63.1447673], [12.9964885, 63.1448775], [12.9966524, 63.144939], [12.9972339, 63.1450573], [12.9976103, 63.1450685], [12.9974224, 63.1451958], [12.9970779, 63.1454787], [12.9970779, 63.1458041], [12.9973284, 63.1460021], [12.9975789, 63.1461861], [12.9985498, 63.1461436], [12.9992942, 63.1460214], [12.9995832, 63.1459739], [13.0003974, 63.1457617], [13.0011177, 63.145507], [13.0014622, 63.1452241], [13.0019006, 63.1449412], [13.0024643, 63.1448704], [13.0024643, 63.1451958], [13.0020885, 63.145408], [13.0017441, 63.1456768], [13.0015248, 63.14579], [13.0012117, 63.1459456], [13.0011748, 63.1461411], [13.0021199, 63.1462143], [13.0024957, 63.1462709], [13.003028, 63.1462851], [13.0032473, 63.1464124], [13.003028, 63.1465256], [13.0026209, 63.1467943], [13.0020259, 63.1467943], [13.0024643, 63.1469499], [13.0029967, 63.147148], [13.0034978, 63.1473885], [13.0034352, 63.1475441], [13.0029341, 63.1476714], [13.0023451, 63.1475613], [13.0017251, 63.1475513], [13.0013708, 63.1475513], [13.0011715, 63.1475913], [13.00126, 63.1477814], [13.0011493, 63.1480415], [13.0007286, 63.1481015], [13.0001971, 63.1481215], [12.9994664, 63.1480715], [12.9995771, 63.1483015], [12.9997764, 63.1485116]]]}}, {"type": "Feature", "id": "way/320428607", "properties": {"natural": "wetland", "source": "Bing", "wetland": "fen", "@id": "way/320428607", "@type": "way", "osm_id": 320428607}, "geometry": {"type": "Polygon", "coordinates": [[[12.9519254, 63.1374847], [12.9514031, 63.1375362], [12.9509852, 63.1376135], [12.9505959, 63.1377851], [12.950254, 63.1379224], [12.9499216, 63.138137], [12.9497602, 63.1382399], [12.9496652, 63.1384716], [12.9499026, 63.1385703], [12.950368, 63.1385317], [12.9511087, 63.1385017], [12.951517, 63.1383901], [12.9522862, 63.1381584], [12.9527706, 63.1379567], [12.95297, 63.1378237], [12.9528085, 63.1376692], [12.9524857, 63.1375319], [12.9522008, 63.137489], [12.9519254, 63.1374847]]]}}, {"type": "Feature", "id": "way/320428609", "properties": {"natural": "wetland", "source": "Bing", "wetland": "fen", "@id": "way/320428609", "@type": "way", "osm_id": 320428609}, "geometry": {"type": "Polygon", "coordinates": [[[12.962976, 63.1348969], [12.9631103, 63.134727], [12.9628417, 63.1346299], [12.9621971, 63.1345813], [12.9618211, 63.1345085], [12.9613644, 63.1345813], [12.9612301, 63.1347634], [12.9606929, 63.1346299], [12.9605049, 63.1345328], [12.9597528, 63.1345692], [12.9591888, 63.1346299], [12.9587859, 63.1347148], [12.958947, 63.1348726], [12.9592962, 63.1350061], [12.9590813, 63.1352732], [12.9585173, 63.135346], [12.9580875, 63.135431], [12.9578726, 63.1356009], [12.9581681, 63.1357101], [12.9580069, 63.1359554], [12.9577115, 63.1361739], [12.9571608, 63.136277], [12.9571071, 63.1365016], [12.957228, 63.1369142], [12.9573623, 63.1371812], [12.95709, 63.1376525], [12.9576788, 63.1377812], [12.9582106, 63.1377125], [12.9589133, 63.1377297], [12.9595591, 63.137807], [12.9612305, 63.1377984], [12.9621231, 63.1377469], [12.9626359, 63.1375581], [12.9630918, 63.1374122], [12.9631487, 63.1371805], [12.9628259, 63.1370861], [12.9620092, 63.137189], [12.9616673, 63.1370689], [12.9610975, 63.1367342], [12.9613779, 63.1365779], [12.9620964, 63.1365385], [12.9622978, 63.1361895], [12.9622038, 63.1359347], [12.9616263, 63.1360105], [12.9609011, 63.1360651], [12.9603303, 63.1360833], [12.9594305, 63.1357465], [12.9592962, 63.135431], [12.9599409, 63.1353581], [12.960881, 63.1352853], [12.9615525, 63.1352246], [12.9625194, 63.1350911], [12.962976, 63.1348969]]]}}, {"type": "Feature", "id": "way/320431192", "properties": {"natural": "wetland", "source": "Bing", "wetland": "fen", "@id": "way/320431192", "@type": "way", "osm_id": 320431192}, "geometry": {"type": "Polygon", "coordinates": [[[12.9850296, 63.1366545], [12.9843839, 63.1367574], [12.9836051, 63.1368433], [12.9829784, 63.1370921], [12.9826745, 63.1372638], [12.981383, 63.1371007], [12.9796926, 63.1372981], [12.9780022, 63.1373067], [12.9762549, 63.137238], [12.9743176, 63.1372895], [12.9718295, 63.137281], [12.970481, 63.1374183], [12.970424, 63.1378731], [12.9711838, 63.1381306], [12.9721904, 63.1383623], [12.9725892, 63.1387141], [12.9720195, 63.1387742], [12.9715446, 63.1388171], [12.9711458, 63.1389372], [12.9715826, 63.1391432], [12.9720954, 63.1395036], [12.9717346, 63.1397353], [12.9710508, 63.139495], [12.9702151, 63.139495], [12.9696833, 63.1398555], [12.9681449, 63.1398211], [12.9667774, 63.1398211], [12.9662456, 63.139804], [12.9658847, 63.1399155], [12.9654859, 63.1397782], [12.9646882, 63.1398297], [12.9639475, 63.1400271], [12.9637955, 63.1403017], [12.9642703, 63.1404476], [12.9637005, 63.1407479], [12.962542, 63.1406878], [12.9615543, 63.1407307], [12.9614404, 63.1409109], [12.9619912, 63.1410311], [12.9627129, 63.1411598], [12.9631118, 63.1412971], [12.9635683, 63.1412558], [12.9637734, 63.1412316], [12.9638881, 63.1412181], [12.9642323, 63.1411598], [12.9641374, 63.1408938], [12.9648591, 63.1406707], [12.9664355, 63.1407393], [12.9668228, 63.1407888], [12.9674422, 63.140868], [12.9680119, 63.1410654], [12.9682018, 63.1411036], [12.9688887, 63.1411036], [12.9696694, 63.1410208], [12.9705424, 63.1408995], [12.9710662, 63.1405718], [12.9714691, 63.1405233], [12.9719055, 63.1406659], [12.9725502, 63.1407326], [12.9729799, 63.1407356], [12.973356, 63.1407053], [12.9738999, 63.1405597], [12.9737052, 63.1404596], [12.9731277, 63.1404383], [12.9729113, 63.1401927], [12.9724412, 63.1398893], [12.9727501, 63.1395435], [12.9730321, 63.1392037], [12.9734082, 63.1388699], [12.9739991, 63.138609], [12.9746706, 63.138518], [12.9752749, 63.1384391], [12.9753152, 63.1380689], [12.9756107, 63.1378687], [12.9763493, 63.1379536], [12.9772357, 63.1380264], [12.9779744, 63.1381357], [12.978431, 63.1382934], [12.9783773, 63.1384876], [12.9779609, 63.1385665], [12.9775983, 63.1386697], [12.9777326, 63.138791], [12.9782027, 63.1388396], [12.9784847, 63.1389609], [12.9782564, 63.1392279], [12.9783907, 63.1394767], [12.9786727, 63.1396041], [12.9785787, 63.1397922], [12.9781624, 63.140041], [12.9781893, 63.140132], [12.9784579, 63.140126], [12.978713, 63.1399318], [12.9790891, 63.1397073], [12.9792502, 63.1394342], [12.9798143, 63.1392643], [12.9797337, 63.1390155], [12.980056, 63.1387728], [12.9805932, 63.1386333], [12.9809693, 63.1384694], [12.9814662, 63.1383723], [12.9820168, 63.1381721], [12.9822586, 63.1378626], [12.9827823, 63.1376684], [12.9834404, 63.1375713], [12.9838836, 63.1373346], [12.9844879, 63.1371283], [12.9849043, 63.136922], [12.9851057, 63.1367278], [12.9850296, 63.1366545]]]}}, {"type": "Feature", "id": "way/320852807", "properties": {"natural": "wetland", "wetland": "fen", "@id": "way/320852807", "@type": "way", "osm_id": 320852807}, "geometry": {"type": "Polygon", "coordinates": [[[12.9415801, 63.1174779], [12.9413486, 63.1174595], [12.9403306, 63.1174904], [12.9385414, 63.1177601], [12.9376895, 63.1183841], [12.9369568, 63.1189465], [12.9364456, 63.1193857], [12.9353891, 63.1198479], [12.935747, 63.1203178], [12.936217, 63.1205354], [12.9365773, 63.1202933], [12.937445, 63.1198032], [12.9383194, 63.1195623], [12.9384993, 63.1195011], [12.9391117, 63.1192202], [12.9393065, 63.1190591], [12.9398708, 63.1186402], [12.9401695, 63.1184915], [12.9403753, 63.1184669], [12.9404818, 63.1184321], [12.9417386, 63.1175091], [12.9415801, 63.1174779]]]}}, {"type": "Feature", "id": "way/692064374", "properties": {"import": "yes", "landuse": "forest", "natural": "wetland", "source": "NV NMD2018", "@id": "way/692064374", "@type": "way", "osm_id": 692064374}, "geometry": {"type": "Polygon", "coordinates": [[[13.0113071, 63.0763025], [13.0111926, 63.0766459], [13.0114788, 63.0766459], [13.0115933, 63.0767604], [13.0116506, 63.0765315], [13.0115933, 63.0763025], [13.0113071, 63.0763025]]]}}, {"type": "Feature", "id": "way/692064376", "properties": {"import": "yes", "landuse": "forest", "natural": "wetland", "source": "NV NMD2018", "@id": "way/692064376", "@type": "way", "osm_id": 692064376}, "geometry": {"type": "Polygon", "coordinates": [[[13.0326022, 63.0768749], [13.0322587, 63.0769322], [13.0324877, 63.0772184], [13.0326022, 63.0772184], [13.0327167, 63.0769894], [13.0328884, 63.0771039], [13.0329456, 63.0769894], [13.0328884, 63.0768749], [13.0326022, 63.0768749]]]}}, {"type": "Feature", "id": "way/692064380", "properties": {"import": "yes", "landuse": "forest", "natural": "wetland", "source": "NV NMD2018", "@id": "way/692064380", "@type": "way", "osm_id": 692064380}, "geometry": {"type": "Polygon", "coordinates": [[[13.0060406, 63.0769894], [13.0059833, 63.0767604], [13.0056971, 63.0767604], [13.0058116, 63.0769322], [13.0060406, 63.0769894]]]}}, {"type": "Feature", "id": "way/692064385", "properties": {"import": "yes", "landuse": "forest", "natural": "wetland", "source": "NV NMD2018", "@id": "way/692064385", "@type": "way", "osm_id": 692064385}, "geometry": {"type": "Polygon", "coordinates": [[[13.0151998, 63.0767604], [13.0151425, 63.0766459], [13.015028, 63.0766459], [13.0149708, 63.0767032], [13.0143983, 63.0767604], [13.0146846, 63.0768749], [13.015028, 63.0768749], [13.0151425, 63.0769894], [13.0151998, 63.0767604]]]}}, {"type": "Feature", "id": "way/692064401", "properties": {"import": "yes", "landuse": "forest", "natural": "wetland", "source": "NV NMD2018", "@id": "way/692064401", "@type": "way", "osm_id": 692064401}, "geometry": {"type": "Polygon", "coordinates": [[[13.029282, 63.0787068], [13.0289385, 63.0787068], [13.0283661, 63.0788212], [13.0282516, 63.078993], [13.0284233, 63.0790502], [13.0284806, 63.0792792], [13.029053, 63.0789357], [13.029282, 63.078764], [13.029282, 63.0787068]]]}}, {"type": "Feature", "id": "way/692064450", "properties": {"import": "yes", "landuse": "forest", "natural": "wetland", "source": "NV NMD2018", "@id": "way/692064450", "@type": "way", "osm_id": 692064450}, "geometry": {"type": "Polygon", "coordinates": [[[13.0018045, 63.0872935], [13.0015755, 63.0876369], [13.0015755, 63.0877514], [13.0018045, 63.0876942], [13.0021479, 63.0873507], [13.0020907, 63.0872935], [13.0018045, 63.0872935]]]}}, {"type": "Feature", "id": "way/692064496", "properties": {"import": "yes", "landuse": "forest", "natural": "wetland", "source": "NV NMD2018", "@id": "way/692064496", "@type": "way", "osm_id": 692064496}, "geometry": {"type": "Polygon", "coordinates": [[[13.0304269, 63.0949643], [13.0304841, 63.0949643], [13.0306559, 63.0947353], [13.0305986, 63.0946208], [13.0299689, 63.0948498], [13.0303696, 63.0948498], [13.0304269, 63.0949643]]]}}, {"type": "Feature", "id": "way/692064508", "properties": {"import": "yes", "landuse": "forest", "natural": "wetland", "source": "NV NMD2018", "@id": "way/692064508", "@type": "way", "osm_id": 692064508}, "geometry": {"type": "Polygon", "coordinates": [[[13.0073, 63.0962237], [13.0074145, 63.0962237], [13.0078724, 63.0959947], [13.0079869, 63.0957657], [13.0073, 63.095823], [13.0075289, 63.0959374], [13.0073, 63.0961092], [13.0073, 63.0962237]]]}}, {"type": "Feature", "id": "way/692064512", "properties": {"import": "yes", "landuse": "forest", "natural": "wetland", "source": "NV NMD2018", "@id": "way/692064512", "@type": "way", "osm_id": 692064512}, "geometry": {"type": "Polygon", "coordinates": [[[13.006613, 63.0974831], [13.0064985, 63.0969106], [13.0062696, 63.0970251], [13.0063268, 63.0971396], [13.0064413, 63.0971396], [13.0065558, 63.0974831], [13.006613, 63.0974831]]]}}, {"type": "Feature", "id": "way/692064770", "properties": {"import": "yes", "landuse": "forest", "natural": "wetland", "source": "NV NMD2018", "@id": "way/692064770", "@type": "way", "osm_id": 692064770}, "geometry": {"type": "Polygon", "coordinates": [[[13.0210387, 63.0524886], [13.0210387, 63.0526031], [13.0212677, 63.0527176], [13.0215539, 63.0527176], [13.0217257, 63.0528321], [13.0219546, 63.0528321], [13.0218974, 63.0522597], [13.0217543, 63.0522597], [13.0216112, 63.0523169], [13.0216112, 63.0523741], [13.0217257, 63.0525459], [13.0215539, 63.0526031], [13.0213249, 63.0524886], [13.0210387, 63.0524886]]]}}, {"type": "Feature", "id": "way/692064825", "properties": {"import": "yes", "landuse": "forest", "natural": "wetland", "source": "NV NMD2018", "@id": "way/692064825", "@type": "way", "osm_id": 692064825}, "geometry": {"type": "Polygon", "coordinates": [[[13.0074145, 63.0768749], [13.0077579, 63.0767604], [13.0081014, 63.076188], [13.0079297, 63.076188], [13.0078152, 63.0760735], [13.0075289, 63.076417], [13.0075862, 63.076417], [13.0076434, 63.0765315], [13.0074145, 63.0768749]]]}}, {"type": "Feature", "id": "way/692064987", "properties": {"import": "yes", "landuse": "forest", "natural": "wetland", "source": "NV NMD2018", "@id": "way/692064987", "@type": "way", "osm_id": 692064987}, "geometry": {"type": "Polygon", "coordinates": [[[13.0097043, 63.0760735], [13.0097043, 63.0761307], [13.0102195, 63.076188], [13.0107919, 63.076188], [13.0108491, 63.0762452], [13.0106202, 63.0763597], [13.0108491, 63.076417], [13.0110781, 63.0763025], [13.0109636, 63.0762452], [13.0110781, 63.076188], [13.0110209, 63.075959], [13.0102767, 63.0760735], [13.0097043, 63.0760735]]]}}, {"type": "Feature", "id": "way/692065088", "properties": {"import": "yes", "landuse": "forest", "natural": "wetland", "source": "NV NMD2018", "@id": "way/692065088", "@type": "way", "osm_id": 692065088}, "geometry": {"type": "Polygon", "coordinates": [[[13.0209242, 63.0856906], [13.021096, 63.0856906], [13.0212105, 63.0858051], [13.0213822, 63.0853472], [13.0213249, 63.0852327], [13.0212105, 63.0852327], [13.0205808, 63.0855189], [13.0205808, 63.0855475], [13.0207239, 63.0855761], [13.020867, 63.0855761], [13.0209242, 63.0856906]]]}}, {"type": "Feature", "id": "way/692065167", "properties": {"import": "yes", "landuse": "forest", "natural": "wetland", "source": "NV NMD2018", "@id": "way/692065167", "@type": "way", "osm_id": 692065167}, "geometry": {"type": "Polygon", "coordinates": [[[13.0711852, 63.031766], [13.0712997, 63.0314225], [13.0710707, 63.0314225], [13.0702693, 63.031537], [13.0703265, 63.0316515], [13.0704982, 63.0317088], [13.0711852, 63.031766]]]}}, {"type": "Feature", "id": "way/692065173", "properties": {"import": "yes", "landuse": "forest", "natural": "wetland", "source": "NV NMD2018", "@id": "way/692065173", "@type": "way", "osm_id": 692065173}, "geometry": {"type": "Polygon", "coordinates": [[[13.040502, 63.0625637], [13.0405592, 63.0626782], [13.0406737, 63.0626782], [13.0407309, 63.0627927], [13.0410744, 63.0626782], [13.0410172, 63.0625637], [13.040502, 63.0625637]]]}}, {"type": "Feature", "id": "way/692065190", "properties": {"import": "yes", "landuse": "forest", "natural": "wetland", "source": "NV NMD2018", "@id": "way/692065190", "@type": "way", "osm_id": 692065190}, "geometry": {"type": "Polygon", "coordinates": [[[13.0442801, 63.0830574], [13.0443946, 63.0834008], [13.0446236, 63.0834008], [13.0445663, 63.0831719], [13.0444519, 63.0830574], [13.0442801, 63.0830574]]]}}, {"type": "Feature", "id": "way/692065191", "properties": {"import": "yes", "landuse": "forest", "natural": "wetland", "source": "NV NMD2018", "@id": "way/692065191", "@type": "way", "osm_id": 692065191}, "geometry": {"type": "Polygon", "coordinates": [[[13.0387846, 63.0851182], [13.0389564, 63.0851182], [13.0390136, 63.0852327], [13.0391853, 63.0852327], [13.0394716, 63.0851182], [13.0397578, 63.0852327], [13.0401585, 63.0848892], [13.0401012, 63.0847747], [13.039815, 63.0847175], [13.0394143, 63.0846602], [13.0390136, 63.0847175], [13.0392426, 63.084832], [13.0390136, 63.0848892], [13.0387846, 63.0851182]]]}}, {"type": "Feature", "id": "way/692065193", "properties": {"import": "yes", "landuse": "forest", "natural": "wetland", "source": "NV NMD2018", "@id": "way/692065193", "@type": "way", "osm_id": 692065193}, "geometry": {"type": "Polygon", "coordinates": [[[13.0390136, 63.0852327], [13.0388419, 63.0852327], [13.0387846, 63.0851182], [13.0386701, 63.0851182], [13.0383267, 63.0854044], [13.0387274, 63.0854616], [13.0388419, 63.0855761], [13.0391281, 63.0854044], [13.0390136, 63.0852327]]]}}, {"type": "Feature", "id": "way/692065202", "properties": {"import": "yes", "landuse": "forest", "natural": "wetland", "source": "NV NMD2018", "@id": "way/692065202", "@type": "way", "osm_id": 692065202}, "geometry": {"type": "Polygon", "coordinates": [[[13.0184055, 63.0993149], [13.0187489, 63.0992004], [13.0189779, 63.0990287], [13.0188634, 63.0988569], [13.0188062, 63.0987424], [13.018291, 63.0987997], [13.0186344, 63.0989142], [13.0181765, 63.0990859], [13.0182337, 63.0992004], [13.0184055, 63.0992576], [13.0184055, 63.0993149]]]}}, {"type": "Feature", "id": "way/692065234", "properties": {"import": "yes", "landuse": "forest", "natural": "wetland", "source": "NV NMD2018", "@id": "way/692065234", "@type": "way", "osm_id": 692065234}, "geometry": {"type": "Polygon", "coordinates": [[[13.0004306, 63.0501988], [13.0007741, 63.0501416], [13.0007741, 63.050113], [13.0006882, 63.0500843], [13.0006023, 63.0500843], [13.0004878, 63.0498554], [13.0002016, 63.0499126], [13.0003733, 63.0499699], [13.0004306, 63.0501988]]]}}, {"type": "Feature", "id": "way/692065239", "properties": {"import": "yes", "landuse": "forest", "natural": "wetland", "source": "NV NMD2018", "@id": "way/692065239", "@type": "way", "osm_id": 692065239}, "geometry": {"type": "Polygon", "coordinates": [[[13.0343195, 63.0516872], [13.0343195, 63.0517444], [13.034434, 63.0518017], [13.034892, 63.0516872], [13.0348347, 63.0515727], [13.034663, 63.0515727], [13.0343195, 63.05163], [13.0343195, 63.0516872]]]}}, {"type": "Feature", "id": "way/692065243", "properties": {"import": "yes", "landuse": "forest", "natural": "wetland", "source": "NV NMD2018", "@id": "way/692065243", "@type": "way", "osm_id": 692065243}, "geometry": {"type": "Polygon", "coordinates": [[[13.0113071, 63.0791647], [13.0109636, 63.0791647], [13.0106202, 63.0793937], [13.0113071, 63.0791647]]]}}, {"type": "Feature", "id": "way/692065244", "properties": {"import": "yes", "landuse": "forest", "natural": "wetland", "source": "NV NMD2018", "@id": "way/692065244", "@type": "way", "osm_id": 692065244}, "geometry": {"type": "Polygon", "coordinates": [[[13.0042088, 63.0670288], [13.0037508, 63.0672578], [13.0037508, 63.0674868], [13.0042088, 63.0670861], [13.0042088, 63.0670288]]]}}, {"type": "Feature", "id": "way/692065245", "properties": {"import": "yes", "landuse": "forest", "natural": "wetland", "source": "NV NMD2018", "@id": "way/692065245", "@type": "way", "osm_id": 692065245}, "geometry": {"type": "Polygon", "coordinates": [[[13.0064985, 63.0772184], [13.0063841, 63.0772756], [13.0063841, 63.0773043], [13.0066989, 63.0773329], [13.0070137, 63.0773329], [13.0071855, 63.0774474], [13.0073572, 63.0774474], [13.0074145, 63.0775619], [13.0075862, 63.0775619], [13.0078152, 63.0776763], [13.0082159, 63.0775619], [13.0087311, 63.0776763], [13.0092463, 63.0775046], [13.0101622, 63.0773901], [13.010105, 63.0773329], [13.0095898, 63.0772756], [13.0095898, 63.077247], [13.0095039, 63.0772184], [13.009418, 63.0772184], [13.0093035, 63.0771039], [13.0091604, 63.0771039], [13.0090173, 63.0771611], [13.0090173, 63.0772184], [13.0087883, 63.0773329], [13.0082731, 63.0772184], [13.0077007, 63.0773329], [13.0074145, 63.0771039], [13.0064985, 63.0772184]]]}}, {"type": "Feature", "id": "way/692065267", "properties": {"import": "yes", "landuse": "forest", "natural": "wetland", "source": "NV NMD2018", "@id": "way/692065267", "@type": "way", "osm_id": 692065267}, "geometry": {"type": "Polygon", "coordinates": [[[13.056874, 63.0714939], [13.057103, 63.0716084], [13.0573319, 63.0715512], [13.0573319, 63.0715225], [13.0572461, 63.0714939], [13.0571602, 63.0714939], [13.0570457, 63.0712649], [13.056874, 63.0714939]]]}}, {"type": "Feature", "id": "way/692065269", "properties": {"import": "yes", "landuse": "forest", "natural": "wetland", "source": "NV NMD2018", "@id": "way/692065269", "@type": "way", "osm_id": 692065269}, "geometry": {"type": "Polygon", "coordinates": [[[13.0192069, 63.0696621], [13.0194359, 63.0695476], [13.0194359, 63.0694903], [13.01935, 63.0694331], [13.0192641, 63.0694331], [13.0191496, 63.0693186], [13.018291, 63.0693186], [13.01852, 63.0694331], [13.0188062, 63.0694331], [13.0188634, 63.0694903], [13.0186344, 63.0696048], [13.0192069, 63.0696621]]]}}, {"type": "Feature", "id": "way/692065278", "properties": {"import": "yes", "landuse": "forest", "natural": "wetland", "source": "NV NMD2018", "@id": "way/692065278", "@type": "way", "osm_id": 692065278}, "geometry": {"type": "Polygon", "coordinates": [[[13.0527524, 63.0814545], [13.0533248, 63.0813973], [13.0533248, 63.08134], [13.0527524, 63.0813973], [13.0527524, 63.0814545]]]}}, {"type": "Feature", "id": "way/692065281", "properties": {"import": "yes", "landuse": "forest", "natural": "wetland", "source": "NV NMD2018", "@id": "way/692065281", "@type": "way", "osm_id": 692065281}, "geometry": {"type": "Polygon", "coordinates": [[[13.0021479, 63.0768749], [13.0021479, 63.0769894], [13.001461, 63.0771039], [13.0011175, 63.0773329], [13.0006023, 63.0774474], [13.0003161, 63.0776191], [13.0003733, 63.0777908], [13.0006596, 63.0776191], [13.001461, 63.0774474], [13.00169, 63.0772756], [13.0019762, 63.0772184], [13.0022624, 63.0770467], [13.0021479, 63.0768749]]]}}, {"type": "Feature", "id": "way/692065291", "properties": {"import": "yes", "landuse": "forest", "natural": "wetland", "source": "NV NMD2018", "@id": "way/692065291", "@type": "way", "osm_id": 692065291}, "geometry": {"type": "Polygon", "coordinates": [[[13.0698113, 63.0982845], [13.0697541, 63.09817], [13.0694678, 63.09817], [13.0692389, 63.0982272], [13.0692389, 63.0982845], [13.0693533, 63.0983417], [13.0692389, 63.098399], [13.0694106, 63.0985135], [13.0696968, 63.0982845], [13.0698113, 63.0982845]]]}}, {"type": "Feature", "id": "way/692065294", "properties": {"import": "yes", "landuse": "forest", "natural": "wetland", "source": "NV NMD2018", "@id": "way/692065294", "@type": "way", "osm_id": 692065294}, "geometry": {"type": "Polygon", "coordinates": [[[13.0086738, 63.0793937], [13.009189, 63.0795082], [13.0097043, 63.0795082], [13.009647, 63.0792792], [13.009418, 63.0792792], [13.009189, 63.0791647], [13.0090173, 63.0793364], [13.0086738, 63.0793937]]]}}, {"type": "Feature", "id": "way/692065397", "properties": {"import": "yes", "landuse": "forest", "natural": "wetland", "source": "NV NMD2018", "@id": "way/692065397", "@type": "way", "osm_id": 692065397}, "geometry": {"type": "Polygon", "coordinates": [[[13.0118796, 63.0935904], [13.0118796, 63.0937049], [13.011994, 63.0938194], [13.012223, 63.0938194], [13.0121658, 63.0935904], [13.0118796, 63.0935904]]]}}, {"type": "Feature", "id": "way/692065422", "properties": {"import": "yes", "landuse": "forest", "natural": "wetland", "source": "NV NMD2018", "@id": "way/692065422", "@type": "way", "osm_id": 692065422}, "geometry": {"type": "Polygon", "coordinates": [[[13.012223, 63.0992004], [13.0123375, 63.0996584], [13.012452, 63.0996584], [13.0123948, 63.0992004], [13.012223, 63.0992004]]]}}, {"type": "Feature", "id": "way/692065459", "properties": {"import": "yes", "landuse": "forest", "natural": "wetland", "source": "NV NMD2018", "@id": "way/692065459", "@type": "way", "osm_id": 692065459}, "geometry": {"type": "Polygon", "coordinates": [[[13.0127955, 63.070807], [13.0135397, 63.070807], [13.0135969, 63.0708642], [13.0141693, 63.0709215], [13.0147418, 63.0708642], [13.0147418, 63.070807], [13.0138259, 63.0707497], [13.0137686, 63.0706925], [13.0135969, 63.0706925], [13.0134824, 63.0706352], [13.0134824, 63.070578], [13.0127955, 63.0707497], [13.0127955, 63.070807]]]}}, {"type": "Feature", "id": "way/692065461", "properties": {"import": "yes", "landuse": "forest", "natural": "wetland", "source": "NV NMD2018", "@id": "way/692065461", "@type": "way", "osm_id": 692065461}, "geometry": {"type": "Polygon", "coordinates": [[[13.0105057, 63.0725243], [13.0105629, 63.0726388], [13.0106774, 63.0726388], [13.0107347, 63.0727533], [13.0110209, 63.0728678], [13.0113071, 63.0727533], [13.0113071, 63.0726961], [13.0112212, 63.0726388], [13.0111354, 63.0726388], [13.0110209, 63.0727533], [13.0109064, 63.0725243], [13.0105057, 63.0725243]]]}}, {"type": "Feature", "id": "way/692065504", "properties": {"import": "yes", "landuse": "forest", "natural": "wetland", "source": "NV NMD2018", "@id": "way/692065504", "@type": "way", "osm_id": 692065504}, "geometry": {"type": "Polygon", "coordinates": [[[13.0244734, 63.0939339], [13.0245879, 63.0940484], [13.0247024, 63.0937621], [13.0247024, 63.0934759], [13.0243589, 63.0937621], [13.0244734, 63.0939339]]]}}, {"type": "Feature", "id": "way/692065507", "properties": {"import": "yes", "landuse": "forest", "natural": "wetland", "source": "NV NMD2018", "@id": "way/692065507", "@type": "way", "osm_id": 692065507}, "geometry": {"type": "Polygon", "coordinates": [[[13.0936252, 63.1000018], [13.0939686, 63.1000018], [13.0943121, 63.0998873], [13.0940259, 63.0998873], [13.0937396, 63.0997728], [13.0936252, 63.0998873], [13.0936252, 63.1000018]]]}}, {"type": "Feature", "id": "way/692065509", "properties": {"import": "yes", "landuse": "forest", "natural": "wetland", "source": "NV NMD2018", "@id": "way/692065509", "@type": "way", "osm_id": 692065509}, "geometry": {"type": "Polygon", "coordinates": [[[13.0470279, 63.0504278], [13.0470279, 63.0504851], [13.0471137, 63.0505423], [13.0471996, 63.0505423], [13.0473713, 63.0506568], [13.0474858, 63.0504851], [13.0474286, 63.0503133], [13.0470279, 63.0504278]]]}}, {"type": "Feature", "id": "way/692065524", "properties": {"import": "yes", "landuse": "forest", "natural": "wetland", "source": "NV NMD2018", "@id": "way/692065524", "@type": "way", "osm_id": 692065524}, "geometry": {"type": "Polygon", "coordinates": [[[13.0712997, 63.0301632], [13.0712997, 63.0302776], [13.0712997, 63.0304208], [13.0712997, 63.0304494], [13.0715287, 63.0305066], [13.0717576, 63.0303921], [13.0715859, 63.0303921], [13.0715287, 63.0301632], [13.0712997, 63.0301632]]]}}, {"type": "Feature", "id": "way/692065528", "properties": {"import": "yes", "landuse": "forest", "natural": "wetland", "source": "NV NMD2018", "@id": "way/692065528", "@type": "way", "osm_id": 692065528}, "geometry": {"type": "Polygon", "coordinates": [[[13.0724446, 63.0318805], [13.0726163, 63.0318805], [13.0728453, 63.0318805], [13.0729025, 63.0318805], [13.073017, 63.031766], [13.0735895, 63.031537], [13.0739902, 63.031537], [13.0743909, 63.031308], [13.0742764, 63.031308], [13.0714142, 63.0314225], [13.0714142, 63.031537], [13.0715287, 63.0316515], [13.0721583, 63.031537], [13.0727308, 63.031537], [13.072788, 63.0316515], [13.0724446, 63.0318805]]]}}, {"type": "Feature", "id": "way/692065549", "properties": {"import": "yes", "landuse": "forest", "natural": "wetland", "source": "NV NMD2018", "@id": "way/692065549", "@type": "way", "osm_id": 692065549}, "geometry": {"type": "Polygon", "coordinates": [[[13.0709562, 63.0361166], [13.0712424, 63.0361166], [13.0715287, 63.0360594], [13.0713855, 63.0360021], [13.0712424, 63.0360021], [13.0709562, 63.0361166]]]}}, {"type": "Feature", "id": "way/692065570", "properties": {"import": "yes", "landuse": "forest", "natural": "wetland", "source": "NV NMD2018", "@id": "way/692065570", "@type": "way", "osm_id": 692065570}, "geometry": {"type": "Polygon", "coordinates": [[[13.0006596, 63.0460772], [13.001003, 63.0460772], [13.0008313, 63.0458482], [13.0007168, 63.0458482], [13.0005451, 63.0457337], [13.0004306, 63.0457337], [13.0004878, 63.0459627], [13.0006023, 63.0459627], [13.0006596, 63.0460772]]]}}, {"type": "Feature", "id": "way/692065574", "properties": {"import": "yes", "landuse": "forest", "natural": "wetland", "source": "NV NMD2018", "@id": "way/692065574", "@type": "way", "osm_id": 692065574}, "geometry": {"type": "Polygon", "coordinates": [[[13.0567595, 63.047909], [13.0567595, 63.0477946], [13.0567022, 63.0475656], [13.0564733, 63.0475656], [13.0563015, 63.0476801], [13.0553856, 63.0478518], [13.0553856, 63.0478804], [13.0555287, 63.047909], [13.0556718, 63.047909], [13.0557291, 63.0482525], [13.0558436, 63.0482525], [13.0560726, 63.0480808], [13.0563015, 63.0480235], [13.0563015, 63.0479663], [13.0567595, 63.047909]]]}}, {"type": "Feature", "id": "way/692065580", "properties": {"import": "yes", "landuse": "forest", "natural": "wetland", "source": "NV NMD2018", "@id": "way/692065580", "@type": "way", "osm_id": 692065580}, "geometry": {"type": "Polygon", "coordinates": [[[13.0437077, 63.0498554], [13.0437077, 63.0496264], [13.0433642, 63.0495691], [13.0435932, 63.0493974], [13.0431352, 63.0495119], [13.0426773, 63.0498554], [13.0427918, 63.0499699], [13.0430207, 63.0498554], [13.0431925, 63.0499699], [13.043307, 63.0499699], [13.0434214, 63.0500843], [13.0435932, 63.0498554], [13.0437077, 63.0498554]]]}}, {"type": "Feature", "id": "way/692065593", "properties": {"import": "yes", "landuse": "forest", "natural": "wetland", "source": "NV NMD2018", "@id": "way/692065593", "@type": "way", "osm_id": 692065593}, "geometry": {"type": "Polygon", "coordinates": [[[13.028595, 63.053519], [13.028595, 63.0535763], [13.0287095, 63.0536335], [13.0290816, 63.0536335], [13.0293392, 63.0536335], [13.0295682, 63.053748], [13.0298544, 63.053748], [13.0297972, 63.0536335], [13.0296827, 63.0536335], [13.0296254, 63.0534045], [13.028595, 63.053519]]]}}, {"type": "Feature", "id": "way/692065622", "properties": {"import": "yes", "landuse": "forest", "natural": "wetland", "source": "NV NMD2018", "@id": "way/692065622", "@type": "way", "osm_id": 692065622}, "geometry": {"type": "Polygon", "coordinates": [[[13.0686664, 63.0584421], [13.0685519, 63.0584421], [13.0684088, 63.0584421], [13.0683802, 63.0584421], [13.0683229, 63.0585566], [13.0684374, 63.0586711], [13.0686092, 63.0586711], [13.0687809, 63.0587856], [13.0688954, 63.0586711], [13.0688381, 63.0585566], [13.0687237, 63.0585566], [13.0686664, 63.0584421]]]}}, {"type": "Feature", "id": "way/692065647", "properties": {"import": "yes", "landuse": "forest", "natural": "wetland", "source": "NV NMD2018", "@id": "way/692065647", "@type": "way", "osm_id": 692065647}, "geometry": {"type": "Polygon", "coordinates": [[[13.0067275, 63.076417], [13.0064985, 63.076417], [13.0060406, 63.0765887], [13.0064413, 63.0766459], [13.006613, 63.0767604], [13.0067848, 63.0766459], [13.0070137, 63.0768749], [13.0071855, 63.0766459], [13.0075289, 63.0764742], [13.0075289, 63.0764456], [13.0071282, 63.076417], [13.0067275, 63.076417]]]}}, {"type": "Feature", "id": "way/692065650", "properties": {"import": "yes", "landuse": "forest", "natural": "wetland", "source": "NV NMD2018", "@id": "way/692065650", "@type": "way", "osm_id": 692065650}, "geometry": {"type": "Polygon", "coordinates": [[[13.0142838, 63.0978265], [13.0139976, 63.0978265], [13.0137114, 63.0978838], [13.0137114, 63.097941], [13.0139404, 63.0980555], [13.0141693, 63.0979983], [13.0142838, 63.0978265]]]}}, {"type": "Feature", "id": "way/692065654", "properties": {"import": "yes", "landuse": "forest", "natural": "wetland", "source": "NV NMD2018", "@id": "way/692065654", "@type": "way", "osm_id": 692065654}, "geometry": {"type": "Polygon", "coordinates": [[[13.0272212, 63.0774474], [13.0272212, 63.0772184], [13.0268777, 63.0772756], [13.0271067, 63.0774474], [13.0272212, 63.0774474]]]}}, {"type": "Feature", "id": "way/692065695", "properties": {"import": "yes", "landuse": "forest", "natural": "wetland", "source": "NV NMD2018", "@id": "way/692065695", "@type": "way", "osm_id": 692065695}, "geometry": {"type": "Polygon", "coordinates": [[[13.0417613, 63.0695476], [13.0417613, 63.0700055], [13.0420476, 63.0698911], [13.0422193, 63.0700055], [13.0422193, 63.0699483], [13.0423338, 63.0698911], [13.0427918, 63.0697193], [13.0423338, 63.0695476], [13.0421048, 63.0696621], [13.0419331, 63.0695476], [13.0417613, 63.0695476]]]}}, {"type": "Feature", "id": "way/692065709", "properties": {"import": "yes", "landuse": "forest", "natural": "wetland", "source": "NV NMD2018", "@id": "way/692065709", "@type": "way", "osm_id": 692065709}, "geometry": {"type": "Polygon", "coordinates": [[[13.0533248, 63.0653115], [13.0532103, 63.0653115], [13.0532676, 63.0655404], [13.0534393, 63.0656549], [13.0535538, 63.0655404], [13.0534965, 63.065426], [13.053382, 63.065426], [13.0533248, 63.0653115]]]}}, {"type": "Feature", "id": "way/692065728", "properties": {"import": "yes", "landuse": "forest", "natural": "wetland", "source": "NV NMD2018", "@id": "way/692065728", "@type": "way", "osm_id": 692065728}, "geometry": {"type": "Polygon", "coordinates": [[[13.057103, 63.0625637], [13.057103, 63.0626782], [13.0576754, 63.062621], [13.0576182, 63.0625637], [13.0574751, 63.0625637], [13.0572174, 63.0625637], [13.057103, 63.0625637]]]}}, {"type": "Feature", "id": "way/692065733", "properties": {"import": "yes", "landuse": "forest", "natural": "wetland", "source": "NV NMD2018", "@id": "way/692065733", "@type": "way", "osm_id": 692065733}, "geometry": {"type": "Polygon", "coordinates": [[[13.0854964, 63.0787068], [13.0849239, 63.0787068], [13.0858399, 63.0789357], [13.0867558, 63.0788785], [13.0869848, 63.078764], [13.0869848, 63.0787354], [13.0868989, 63.0787068], [13.086813, 63.0787068], [13.0866985, 63.0785923], [13.0864409, 63.0785923], [13.0861833, 63.0786209], [13.0861833, 63.0786495], [13.0854964, 63.0787068]]]}}, {"type": "Feature", "id": "way/692065739", "properties": {"import": "yes", "landuse": "forest", "natural": "wetland", "source": "NV NMD2018", "@id": "way/692065739", "@type": "way", "osm_id": 692065739}, "geometry": {"type": "Polygon", "coordinates": [[[13.0459975, 63.0695476], [13.046112, 63.0695476], [13.0461692, 63.0694331], [13.0462264, 63.0694331], [13.0461692, 63.0693186], [13.0458257, 63.0693186], [13.0455395, 63.0693759], [13.0455395, 63.0694045], [13.0457399, 63.0694331], [13.0459402, 63.0694331], [13.0459975, 63.0695476]]]}}, {"type": "Feature", "id": "way/692065753", "properties": {"import": "yes", "landuse": "forest", "natural": "wetland", "source": "NV NMD2018", "@id": "way/692065753", "@type": "way", "osm_id": 692065753}, "geometry": {"type": "Polygon", "coordinates": [[[13.0464554, 63.0684027], [13.0464554, 63.0685172], [13.0467989, 63.0686317], [13.0467416, 63.0684027], [13.0464554, 63.0684027]]]}}, {"type": "Feature", "id": "way/692065756", "properties": {"import": "yes", "landuse": "forest", "natural": "wetland", "source": "NV NMD2018", "@id": "way/692065756", "@type": "way", "osm_id": 692065756}, "geometry": {"type": "Polygon", "coordinates": [[[13.0466844, 63.0681737], [13.0462264, 63.0681737], [13.0462837, 63.0684027], [13.0464554, 63.0684027], [13.0466844, 63.068231], [13.0466844, 63.0681737]]]}}, {"type": "Feature", "id": "way/692065783", "properties": {"import": "yes", "landuse": "forest", "natural": "wetland", "source": "NV NMD2018", "@id": "way/692065783", "@type": "way", "osm_id": 692065783}, "geometry": {"type": "Polygon", "coordinates": [[[13.0506915, 63.0789357], [13.0506915, 63.0788785], [13.0506629, 63.0788212], [13.0505771, 63.0788212], [13.0505198, 63.0788212], [13.0504626, 63.0788785], [13.0503481, 63.0789357], [13.0502336, 63.0788785], [13.0502908, 63.0788212], [13.0503481, 63.078764], [13.0502336, 63.0787068], [13.0501191, 63.078764], [13.0498901, 63.0788212], [13.0496611, 63.0788785], [13.0497184, 63.0789357], [13.0498329, 63.0789357], [13.0498901, 63.078993], [13.0501191, 63.0790502], [13.0504053, 63.0790502], [13.0504626, 63.0791075], [13.0501763, 63.0791647], [13.0498901, 63.0792792], [13.0501191, 63.0793937], [13.0504626, 63.0792792], [13.0506915, 63.0791075], [13.0506915, 63.0789357]]]}}, {"type": "Feature", "id": "way/692065805", "properties": {"import": "yes", "landuse": "forest", "natural": "wetland", "source": "NV NMD2018", "@id": "way/692065805", "@type": "way", "osm_id": 692065805}, "geometry": {"type": "Polygon", "coordinates": [[[13.0430207, 63.0728678], [13.0427918, 63.0728678], [13.0425628, 63.0728964], [13.0425628, 63.072925], [13.0426773, 63.0729823], [13.042849, 63.0729823], [13.0431352, 63.0730968], [13.0431352, 63.0729823], [13.043078, 63.0728678], [13.0430207, 63.0728678]]]}}, {"type": "Feature", "id": "way/692065808", "properties": {"import": "yes", "landuse": "forest", "natural": "wetland", "source": "NV NMD2018", "@id": "way/692065808", "@type": "way", "osm_id": 692065808}, "geometry": {"type": "Polygon", "coordinates": [[[13.0111926, 63.0741272], [13.0109636, 63.0741272], [13.0113644, 63.0743562], [13.0117651, 63.0742989], [13.0117651, 63.0742703], [13.0115933, 63.0742417], [13.0114216, 63.0742417], [13.0111926, 63.0741844], [13.0111926, 63.0741272]]]}}, {"type": "Feature", "id": "way/692065847", "properties": {"import": "yes", "landuse": "forest", "natural": "wetland", "source": "NV NMD2018", "@id": "way/692065847", "@type": "way", "osm_id": 692065847}, "geometry": {"type": "Polygon", "coordinates": [[[13.0247024, 63.0774474], [13.0247596, 63.0774474], [13.0248169, 63.0775619], [13.0252748, 63.0773901], [13.0252176, 63.0773329], [13.02496, 63.0773329], [13.0247024, 63.0773901], [13.0247024, 63.0774474]]]}}, {"type": "Feature", "id": "way/692065848", "properties": {"import": "yes", "landuse": "forest", "natural": "wetland", "source": "NV NMD2018", "@id": "way/692065848", "@type": "way", "osm_id": 692065848}, "geometry": {"type": "Polygon", "coordinates": [[[13.0055826, 63.0774474], [13.0055826, 63.0775046], [13.0056685, 63.0775619], [13.0057544, 63.0775619], [13.0059261, 63.0776763], [13.0062696, 63.0775046], [13.0062696, 63.077476], [13.0062696, 63.0773901], [13.0062696, 63.0773329], [13.0055826, 63.0774474]]]}}, {"type": "Feature", "id": "way/692065897", "properties": {"import": "yes", "landuse": "forest", "natural": "wetland", "source": "NV NMD2018", "@id": "way/692065897", "@type": "way", "osm_id": 692065897}, "geometry": {"type": "Polygon", "coordinates": [[[13.0051247, 63.0825994], [13.0052392, 63.0825994], [13.0051247, 63.0822559], [13.0048957, 63.0823704], [13.0049529, 63.0824849], [13.0050674, 63.0824849], [13.0051247, 63.0825994]]]}}, {"type": "Feature", "id": "way/692065898", "properties": {"import": "yes", "landuse": "forest", "natural": "wetland", "source": "NV NMD2018", "@id": "way/692065898", "@type": "way", "osm_id": 692065898}, "geometry": {"type": "Polygon", "coordinates": [[[13.0410744, 63.0835153], [13.0410744, 63.0834008], [13.0408454, 63.0834581], [13.0405592, 63.0836298], [13.040502, 63.0838015], [13.0405592, 63.0839733], [13.0405878, 63.0839733], [13.0406737, 63.0839733], [13.0407309, 63.0839733], [13.0410744, 63.0835153]]]}}, {"type": "Feature", "id": "way/692065903", "properties": {"import": "yes", "landuse": "forest", "natural": "wetland", "source": "NV NMD2018", "@id": "way/692065903", "@type": "way", "osm_id": 692065903}, "geometry": {"type": "Polygon", "coordinates": [[[12.9999726, 63.0848892], [12.9999726, 63.0851182], [13.0003733, 63.0850037], [13.0005451, 63.0848892], [13.0004878, 63.0847747], [13.0004592, 63.0847747], [13.0004306, 63.0848033], [13.0004306, 63.084832], [12.9999726, 63.0848892]]]}}, {"type": "Feature", "id": "way/692065909", "properties": {"import": "yes", "landuse": "forest", "natural": "wetland", "source": "NV NMD2018", "@id": "way/692065909", "@type": "way", "osm_id": 692065909}, "geometry": {"type": "Polygon", "coordinates": [[[13.0281371, 63.0863776], [13.0280226, 63.0863776], [13.0277936, 63.0866065], [13.0275646, 63.086721], [13.0275646, 63.0868355], [13.0279653, 63.086721], [13.0281371, 63.0865493], [13.0281371, 63.0863776]]]}}, {"type": "Feature", "id": "way/692065912", "properties": {"import": "yes", "landuse": "forest", "natural": "wetland", "source": "NV NMD2018", "@id": "way/692065912", "@type": "way", "osm_id": 692065912}, "geometry": {"type": "Polygon", "coordinates": [[[13.023214, 63.0862631], [13.023214, 63.0861486], [13.0230995, 63.0859768], [13.0233285, 63.0858051], [13.0228706, 63.0859768], [13.0229278, 63.0861486], [13.0230423, 63.0861486], [13.023214, 63.0862631]]]}}, {"type": "Feature", "id": "way/692065921", "properties": {"import": "yes", "landuse": "forest", "natural": "wetland", "source": "NV NMD2018", "@id": "way/692065921", "@type": "way", "osm_id": 692065921}, "geometry": {"type": "Polygon", "coordinates": [[[13.0160012, 63.0875225], [13.0158294, 63.0875225], [13.0156577, 63.0876369], [13.0158008, 63.0877514], [13.0159439, 63.0877514], [13.0160584, 63.0878659], [13.0161729, 63.0878659], [13.0162302, 63.0882094], [13.0166309, 63.0882094], [13.0167454, 63.0883239], [13.0168026, 63.0882094], [13.0167454, 63.0880949], [13.0163447, 63.0880377], [13.0168026, 63.0879232], [13.0166309, 63.0878659], [13.0164019, 63.0876369], [13.0162874, 63.0876369], [13.0161729, 63.0875225], [13.0160012, 63.0875225]]]}}, {"type": "Feature", "id": "way/692065923", "properties": {"import": "yes", "landuse": "forest", "natural": "wetland", "source": "NV NMD2018", "@id": "way/692065923", "@type": "way", "osm_id": 692065923}, "geometry": {"type": "Polygon", "coordinates": [[[13.0086738, 63.0883239], [13.0086738, 63.0882666], [13.0086738, 63.0881522], [13.0086738, 63.0880949], [13.0089028, 63.0879804], [13.0088456, 63.0878659], [13.0084449, 63.0878659], [13.0083304, 63.0882094], [13.0082159, 63.0882666], [13.0082159, 63.0882953], [13.0084449, 63.0883239], [13.0086738, 63.0883239]]]}}, {"type": "Feature", "id": "way/692065951", "properties": {"import": "yes", "landuse": "forest", "natural": "wetland", "source": "NV NMD2018", "@id": "way/692065951", "@type": "way", "osm_id": 692065951}, "geometry": {"type": "Polygon", "coordinates": [[[13.0377542, 63.0915296], [13.0377542, 63.0909571], [13.0375252, 63.0908427], [13.0374107, 63.0910144], [13.0375825, 63.0915296], [13.0377542, 63.0915296]]]}}, {"type": "Feature", "id": "way/692065975", "properties": {"import": "yes", "landuse": "forest", "natural": "wetland", "source": "NV NMD2018", "@id": "way/692065975", "@type": "way", "osm_id": 692065975}, "geometry": {"type": "Polygon", "coordinates": [[[13.0412461, 63.0911861], [13.0413034, 63.0913006], [13.0413606, 63.0913006], [13.0414465, 63.0913006], [13.0414751, 63.0913006], [13.0415324, 63.0909571], [13.0413606, 63.0909571], [13.0411889, 63.0910716], [13.0412461, 63.0911861]]]}}, {"type": "Feature", "id": "way/692066002", "properties": {"import": "yes", "landuse": "forest", "natural": "wetland", "source": "NV NMD2018", "@id": "way/692066002", "@type": "way", "osm_id": 692066002}, "geometry": {"type": "Polygon", "coordinates": [[[13.034892, 63.092102], [13.0348347, 63.092102], [13.0347775, 63.0919876], [13.0345485, 63.0919876], [13.0343195, 63.0920162], [13.0343195, 63.0920448], [13.0340905, 63.0921593], [13.0344913, 63.092331], [13.0347202, 63.092331], [13.0347775, 63.0923883], [13.034663, 63.0925028], [13.0347202, 63.09256], [13.0348061, 63.09256], [13.034892, 63.092331], [13.034892, 63.092102]]]}}, {"type": "Feature", "id": "way/692066014", "properties": {"import": "yes", "landuse": "forest", "natural": "wetland", "source": "NV NMD2018", "@id": "way/692066014", "@type": "way", "osm_id": 692066014}, "geometry": {"type": "Polygon", "coordinates": [[[13.0050102, 63.092789], [13.0053536, 63.092789], [13.0051819, 63.09256], [13.005096, 63.09256], [13.0050102, 63.0926745], [13.0050102, 63.092789]]]}}, {"type": "Feature", "id": "way/692066028", "properties": {"import": "yes", "landuse": "forest", "natural": "wetland", "source": "NV NMD2018", "@id": "way/692066028", "@type": "way", "osm_id": 692066028}, "geometry": {"type": "Polygon", "coordinates": [[[13.0259618, 63.0934759], [13.026019, 63.0934759], [13.0261908, 63.0934759], [13.0263052, 63.0934759], [13.0261908, 63.0931324], [13.0260763, 63.0931324], [13.0259618, 63.0933042], [13.0259618, 63.0934759]]]}}, {"type": "Feature", "id": "way/692066044", "properties": {"import": "yes", "landuse": "forest", "natural": "wetland", "source": "NV NMD2018", "@id": "way/692066044", "@type": "way", "osm_id": 692066044}, "geometry": {"type": "Polygon", "coordinates": [[[13.0429062, 63.0940484], [13.0429062, 63.0941056], [13.0430207, 63.0941629], [13.043307, 63.0941629], [13.0434787, 63.0941629], [13.0441656, 63.0938766], [13.0441084, 63.0938194], [13.0437077, 63.0938194], [13.0433642, 63.0939339], [13.0432497, 63.0940484], [13.0430207, 63.0939339], [13.0429062, 63.0939911], [13.0429062, 63.0940484]]]}}, {"type": "Feature", "id": "way/692066054", "properties": {"import": "yes", "landuse": "forest", "natural": "wetland", "source": "NV NMD2018", "@id": "way/692066054", "@type": "way", "osm_id": 692066054}, "geometry": {"type": "Polygon", "coordinates": [[[13.0478293, 63.0956512], [13.0478865, 63.0956512], [13.0479438, 63.0957657], [13.0484017, 63.0954795], [13.04823, 63.0954222], [13.0481728, 63.0953078], [13.048001, 63.0951933], [13.0479152, 63.0951933], [13.0478293, 63.0954222], [13.0478293, 63.0956512]]]}}, {"type": "Feature", "id": "way/692066056", "properties": {"import": "yes", "landuse": "forest", "natural": "wetland", "source": "NV NMD2018", "@id": "way/692066056", "@type": "way", "osm_id": 692066056}, "geometry": {"type": "Polygon", "coordinates": [[[13.0248169, 63.0957657], [13.0250459, 63.0957657], [13.0249886, 63.0956512], [13.0243589, 63.0956512], [13.0242444, 63.0957085], [13.0242444, 63.0957371], [13.0245307, 63.0957657], [13.0248169, 63.0957657]]]}}, {"type": "Feature", "id": "way/692066063", "properties": {"import": "yes", "landuse": "forest", "natural": "wetland", "source": "NV NMD2018", "@id": "way/692066063", "@type": "way", "osm_id": 692066063}, "geometry": {"type": "Polygon", "coordinates": [[[13.0043232, 63.0958802], [13.0047812, 63.0958802], [13.004724, 63.0955367], [13.0044377, 63.0955367], [13.0043232, 63.0958802]]]}}, {"type": "Feature", "id": "way/692066106", "properties": {"import": "yes", "landuse": "forest", "natural": "wetland", "source": "NV NMD2018", "@id": "way/692066106", "@type": "way", "osm_id": 692066106}, "geometry": {"type": "Polygon", "coordinates": [[[13.0530958, 63.098628], [13.0535538, 63.098628], [13.0541262, 63.09817], [13.0540117, 63.0979983], [13.053611, 63.097941], [13.0532103, 63.0981127], [13.0529813, 63.098399], [13.0530958, 63.098628]]]}}, {"type": "Feature", "id": "way/692066109", "properties": {"import": "yes", "landuse": "forest", "natural": "wetland", "source": "NV NMD2018", "@id": "way/692066109", "@type": "way", "osm_id": 692066109}, "geometry": {"type": "Polygon", "coordinates": [[[13.0438222, 63.0990859], [13.0438222, 63.0989142], [13.0436791, 63.0987424], [13.0435359, 63.0987424], [13.0433642, 63.0988569], [13.0434214, 63.0989714], [13.0438222, 63.0990859]]]}}, {"type": "Feature", "id": "way/692066110", "properties": {"import": "yes", "landuse": "forest", "natural": "wetland", "source": "NV NMD2018", "@id": "way/692066110", "@type": "way", "osm_id": 692066110}, "geometry": {"type": "Polygon", "coordinates": [[[13.0384411, 63.098628], [13.0388991, 63.098628], [13.0390136, 63.0985707], [13.0388991, 63.098399], [13.0387846, 63.098399], [13.0386701, 63.0984276], [13.0386701, 63.0984562], [13.0384411, 63.098628]]]}}, {"type": "Feature", "id": "way/692066112", "properties": {"import": "yes", "landuse": "forest", "natural": "wetland", "source": "NV NMD2018", "@id": "way/692066112", "@type": "way", "osm_id": 692066112}, "geometry": {"type": "Polygon", "coordinates": [[[13.0382122, 63.098628], [13.0382694, 63.098628], [13.0383267, 63.098399], [13.0383267, 63.09817], [13.0380977, 63.0982845], [13.0380977, 63.098399], [13.0381549, 63.098628], [13.0382122, 63.098628]]]}}, {"type": "Feature", "id": "way/692066149", "properties": {"import": "yes", "landuse": "forest", "natural": "wetland", "source": "NV NMD2018", "@id": "way/692066149", "@type": "way", "osm_id": 692066149}, "geometry": {"type": "Polygon", "coordinates": [[[13.0465699, 63.0635941], [13.0462837, 63.0637086], [13.0459975, 63.0637086], [13.0460547, 63.0639376], [13.0462264, 63.0638231], [13.0463982, 63.0639376], [13.0465699, 63.0639376], [13.0467989, 63.0635941], [13.0465699, 63.0635941]]]}}, {"type": "Feature", "id": "way/692066153", "properties": {"import": "yes", "landuse": "forest", "natural": "wetland", "source": "NV NMD2018", "@id": "way/692066153", "@type": "way", "osm_id": 692066153}, "geometry": {"type": "Polygon", "coordinates": [[[13.0036363, 63.0720664], [13.0036363, 63.0719519], [13.0020334, 63.0720664], [13.0020334, 63.0721236], [13.0020334, 63.0722381], [13.0022052, 63.0722953], [13.0023769, 63.0722953], [13.0026059, 63.0721808], [13.0031211, 63.0720664], [13.0036363, 63.0720664]]]}}, {"type": "Feature", "id": "way/692066171", "properties": {"import": "yes", "landuse": "forest", "natural": "wetland", "source": "NV NMD2018", "@id": "way/692066171", "@type": "way", "osm_id": 692066171}, "geometry": {"type": "Polygon", "coordinates": [[[13.095228, 63.1000018], [13.0965196, 63.1001163], [13.0964301, 63.0998873], [13.0962584, 63.0998301], [13.095686, 63.0997728], [13.0951135, 63.0998301], [13.095228, 63.1000018]]]}}, {"type": "Feature", "id": "way/692069436", "properties": {"import": "yes", "landuse": "forest", "natural": "wetland", "source": "NV NMD2018", "@id": "way/692069436", "@type": "way", "osm_id": 692069436}, "geometry": {"type": "Polygon", "coordinates": [[[13.0614536, 63.1543844], [13.0621405, 63.1543272], [13.062484, 63.1540409], [13.0623695, 63.1538692], [13.0618543, 63.153812], [13.0613391, 63.1539264], [13.0611101, 63.1542699], [13.0612818, 63.1542699], [13.0614536, 63.1543844]]]}}, {"type": "Feature", "id": "way/692069460", "properties": {"import": "yes", "landuse": "forest", "natural": "wetland", "source": "NV NMD2018", "@id": "way/692069460", "@type": "way", "osm_id": 692069460}, "geometry": {"type": "Polygon", "coordinates": [[[13.0271067, 63.1459122], [13.0269349, 63.1459122], [13.0267632, 63.1459408], [13.0267632, 63.1459694], [13.0265342, 63.1461411], [13.0260763, 63.1462556], [13.0260763, 63.1463701], [13.026248, 63.1464846], [13.026477, 63.1464846], [13.0265342, 63.1466564], [13.026477, 63.1468281], [13.0263052, 63.1469426], [13.0255611, 63.1470571], [13.0250459, 63.1468281], [13.0247024, 63.1470571], [13.0248169, 63.147286], [13.0244734, 63.1474578], [13.0248169, 63.1475723], [13.0245879, 63.1476868], [13.0243017, 63.147744], [13.0239582, 63.1476295], [13.023672, 63.1476295], [13.0231568, 63.147515], [13.0224126, 63.1476868], [13.0225843, 63.147744], [13.0226416, 63.1478585], [13.0230423, 63.147973], [13.0237292, 63.1478585], [13.0237865, 63.147973], [13.0235575, 63.148202], [13.0237865, 63.148202], [13.0240155, 63.1481161], [13.0240155, 63.1480302], [13.0244734, 63.1478585], [13.0245879, 63.1478585], [13.0252748, 63.147744], [13.0253893, 63.1476868], [13.0253321, 63.1476295], [13.0251604, 63.1476295], [13.0250459, 63.147515], [13.0253321, 63.1474005], [13.026477, 63.1471716], [13.0267632, 63.147286], [13.0269349, 63.147286], [13.0270494, 63.1476295], [13.0271353, 63.1476295], [13.0272212, 63.1475723], [13.0272212, 63.147515], [13.0277936, 63.147286], [13.028824, 63.1474005], [13.029282, 63.147286], [13.0299689, 63.1474005], [13.0305986, 63.1474005], [13.0306559, 63.1474578], [13.0310566, 63.147515], [13.0315718, 63.147515], [13.0314573, 63.1472288], [13.0314573, 63.1470571], [13.0314, 63.1467136], [13.0313142, 63.1467136], [13.0311711, 63.1467136], [13.0311138, 63.1467136], [13.0309421, 63.1470571], [13.0308276, 63.1468281], [13.0307131, 63.1468281], [13.0303696, 63.1465991], [13.0300834, 63.1465991], [13.0299117, 63.1464846], [13.029511, 63.1464846], [13.0291675, 63.1469426], [13.0289958, 63.1468281], [13.0288813, 63.1468281], [13.0287668, 63.1467136], [13.0284806, 63.1468281], [13.0280798, 63.1467136], [13.0280226, 63.1466564], [13.0281371, 63.1464846], [13.0280798, 63.1460267], [13.0279081, 63.1460267], [13.0273357, 63.1460839], [13.0273357, 63.1461125], [13.0274788, 63.1461411], [13.0276219, 63.1461411], [13.0276791, 63.1461984], [13.0274501, 63.1463129], [13.0278509, 63.1463701], [13.0279081, 63.1465419], [13.0277936, 63.1467136], [13.0275074, 63.1465991], [13.0272212, 63.1467136], [13.0271067, 63.1465419], [13.0273357, 63.1461411], [13.0271639, 63.1461411], [13.0271067, 63.1459122]]]}}, {"type": "Feature", "id": "way/692069461", "properties": {"import": "yes", "landuse": "forest", "natural": "wetland", "source": "NV NMD2018", "@id": "way/692069461", "@type": "way", "osm_id": 692069461}, "geometry": {"type": "Polygon", "coordinates": [[[13.0245879, 63.1462556], [13.0247596, 63.1462556], [13.0249314, 63.146227], [13.0249314, 63.1461984], [13.0251604, 63.1461411], [13.0254466, 63.1461411], [13.0255038, 63.1461984], [13.0252748, 63.1463129], [13.0255038, 63.1463701], [13.0259618, 63.1462556], [13.0259045, 63.1461411], [13.02579, 63.1461411], [13.0257328, 63.1460267], [13.0261908, 63.1459122], [13.026477, 63.1459122], [13.0267632, 63.1458263], [13.0267632, 63.1457404], [13.0268777, 63.1455115], [13.026477, 63.1452252], [13.0261908, 63.145397], [13.0256183, 63.1454542], [13.0253893, 63.1457977], [13.0254466, 63.1457977], [13.0255038, 63.1459122], [13.0253321, 63.1460267], [13.0251604, 63.1459122], [13.0241872, 63.1460267], [13.0237865, 63.1459694], [13.0235003, 63.1457977], [13.0225271, 63.1457977], [13.0224126, 63.1459122], [13.0216684, 63.1462556], [13.0215539, 63.1460267], [13.0205808, 63.1459122], [13.0205808, 63.1461411], [13.0206953, 63.1463701], [13.020867, 63.1463701], [13.0211532, 63.1465419], [13.0222409, 63.1465991], [13.0225843, 63.1467136], [13.022985, 63.1465991], [13.023214, 63.1463701], [13.0236147, 63.1465991], [13.0237579, 63.1465991], [13.0239582, 63.1465991], [13.0240155, 63.1465991], [13.0241299, 63.1464846], [13.0241299, 63.1464274], [13.0244734, 63.1461411], [13.0245879, 63.1462556]]]}}, {"type": "Feature", "id": "way/692069463", "properties": {"import": "yes", "landuse": "forest", "natural": "wetland", "source": "NV NMD2018", "@id": "way/692069463", "@type": "way", "osm_id": 692069463}, "geometry": {"type": "Polygon", "coordinates": [[[13.0694678, 63.1544989], [13.0700403, 63.1544989], [13.0702693, 63.1544416], [13.0704982, 63.1541554], [13.070441, 63.1534685], [13.0703551, 63.1534685], [13.0702693, 63.1535257], [13.0702693, 63.153583], [13.0701548, 63.1536975], [13.069983, 63.153583], [13.0698113, 63.1536975], [13.0696396, 63.153583], [13.0695537, 63.153583], [13.0693533, 63.153583], [13.0692389, 63.153583], [13.0692961, 63.1536975], [13.0694106, 63.1536975], [13.0696968, 63.1538692], [13.0692389, 63.1540409], [13.0692961, 63.1541554], [13.0694106, 63.1541554], [13.0694678, 63.1544989]]]}}, {"type": "Feature", "id": "way/692069940", "properties": {"import": "yes", "landuse": "forest", "natural": "wetland", "source": "NV NMD2018", "@id": "way/692069940", "@type": "way", "osm_id": 692069940}, "geometry": {"type": "Polygon", "coordinates": [[[13.0559581, 63.1014902], [13.0559008, 63.1012612], [13.0552711, 63.1013185], [13.0556718, 63.1013757], [13.0557863, 63.1014902], [13.0559581, 63.1014902]]]}}, {"type": "Feature", "id": "way/692069944", "properties": {"import": "yes", "natural": "wetland", "source": "NV NMD2018", "wetland": "bog", "@id": "way/692069944", "@type": "way", "osm_id": 692069944}, "geometry": {"type": "Polygon", "coordinates": [[[13.0778256, 63.1141985], [13.0782835, 63.1141413], [13.0781118, 63.1140841], [13.0779401, 63.1138551], [13.0772531, 63.1140268], [13.0777683, 63.1140841], [13.0778256, 63.1141985]]]}}, {"type": "Feature", "id": "way/692069954", "properties": {"import": "yes", "landuse": "forest", "natural": "wetland", "source": "NV NMD2018", "@id": "way/692069954", "@type": "way", "osm_id": 692069954}, "geometry": {"type": "Polygon", "coordinates": [[[13.0590493, 63.1027496], [13.0588775, 63.1027496], [13.0587058, 63.1028641], [13.0585913, 63.1026351], [13.0582479, 63.1027496], [13.0584196, 63.1029786], [13.0585341, 63.1029786], [13.0586486, 63.103322], [13.0587058, 63.103322], [13.0590493, 63.1027496]]]}}, {"type": "Feature", "id": "way/692069973", "properties": {"import": "yes", "landuse": "forest", "natural": "wetland", "source": "NV NMD2018", "@id": "way/692069973", "@type": "way", "osm_id": 692069973}, "geometry": {"type": "Polygon", "coordinates": [[[13.0013465, 63.1076726], [13.0014038, 63.1081306], [13.0015755, 63.1081306], [13.0018617, 63.1079016], [13.0023769, 63.1077299], [13.0023197, 63.1076726], [13.0013465, 63.1076726]]]}}, {"type": "Feature", "id": "way/692069976", "properties": {"import": "yes", "landuse": "forest", "natural": "wetland", "source": "NV NMD2018", "@id": "way/692069976", "@type": "way", "osm_id": 692069976}, "geometry": {"type": "Polygon", "coordinates": [[[13.0455968, 63.1082451], [13.0457112, 63.1082451], [13.0458257, 63.1084741], [13.0459975, 63.1085885], [13.046112, 63.1084741], [13.0460547, 63.1083596], [13.045883, 63.1083023], [13.046112, 63.1081878], [13.0460547, 63.1081306], [13.045883, 63.1081306], [13.045654, 63.1080161], [13.0455395, 63.1081306], [13.0455968, 63.1082451]]]}}, {"type": "Feature", "id": "way/692069999", "properties": {"import": "yes", "landuse": "forest", "natural": "wetland", "source": "NV NMD2018", "@id": "way/692069999", "@type": "way", "osm_id": 692069999}, "geometry": {"type": "Polygon", "coordinates": [[[13.0161157, 63.1120232], [13.0155432, 63.112195], [13.015715, 63.1122522], [13.0157722, 63.1123667], [13.0160012, 63.1122522], [13.0161157, 63.1121377], [13.0161157, 63.1120232]]]}}, {"type": "Feature", "id": "way/692070005", "properties": {"import": "yes", "natural": "wetland", "source": "NV NMD2018", "wetland": "bog", "@id": "way/692070005", "@type": "way", "osm_id": 692070005}, "geometry": {"type": "Polygon", "coordinates": [[[13.0772531, 63.1144275], [13.0775394, 63.1144275], [13.0778256, 63.1145134], [13.0778256, 63.1144848], [13.0780546, 63.1143703], [13.0778828, 63.114313], [13.0778256, 63.1141985], [13.0772531, 63.1144275]]]}}, {"type": "Feature", "id": "way/692070010", "properties": {"import": "yes", "landuse": "forest", "natural": "wetland", "source": "NV NMD2018", "@id": "way/692070010", "@type": "way", "osm_id": 692070010}, "geometry": {"type": "Polygon", "coordinates": [[[13.0248169, 63.1164883], [13.0247596, 63.1163738], [13.0246451, 63.1163738], [13.0244734, 63.1162594], [13.0243589, 63.1163738], [13.0243589, 63.1164883], [13.0244734, 63.1166028], [13.0248169, 63.1164883]]]}}, {"type": "Feature", "id": "way/692070012", "properties": {"import": "yes", "landuse": "forest", "natural": "wetland", "source": "NV NMD2018", "@id": "way/692070012", "@type": "way", "osm_id": 692070012}, "geometry": {"type": "Polygon", "coordinates": [[[13.0637434, 63.1152289], [13.0632854, 63.1152862], [13.0636861, 63.1153434], [13.0637434, 63.1155152], [13.0636861, 63.1156869], [13.0634571, 63.1158014], [13.0632854, 63.1160304], [13.0633999, 63.1162594], [13.0635716, 63.1162594], [13.0636861, 63.1163738], [13.0638578, 63.1163738], [13.0639723, 63.1160304], [13.0640868, 63.1159159], [13.0640296, 63.1158014], [13.0639151, 63.1158014], [13.0638006, 63.1152289], [13.0637434, 63.1152289]]]}}, {"type": "Feature", "id": "way/692070017", "properties": {"import": "yes", "landuse": "forest", "natural": "wetland", "source": "NV NMD2018", "@id": "way/692070017", "@type": "way", "osm_id": 692070017}, "geometry": {"type": "Polygon", "coordinates": [[[13.0985482, 63.1320589], [13.0983192, 63.1318299], [13.0980902, 63.1319444], [13.098262, 63.1320589], [13.0985482, 63.1320589]]]}}, {"type": "Feature", "id": "way/692070023", "properties": {"import": "yes", "landuse": "forest", "natural": "wetland", "source": "NV NMD2018", "@id": "way/692070023", "@type": "way", "osm_id": 692070023}, "geometry": {"type": "Polygon", "coordinates": [[[13.0643158, 63.1176332], [13.0645448, 63.117576], [13.0643731, 63.1175187], [13.0643158, 63.1174043], [13.0644303, 63.1172325], [13.0643158, 63.1170608], [13.0639723, 63.1172325], [13.0640296, 63.1174043], [13.0641441, 63.1174043], [13.0642586, 63.1176332], [13.0643158, 63.1176332]]]}}, {"type": "Feature", "id": "way/692070029", "properties": {"import": "yes", "landuse": "forest", "natural": "wetland", "source": "NV NMD2018", "@id": "way/692070029", "@type": "way", "osm_id": 692070029}, "geometry": {"type": "Polygon", "coordinates": [[[13.0297399, 63.1188926], [13.0297972, 63.1192361], [13.0299689, 63.1192361], [13.0303124, 63.1191788], [13.0301407, 63.1190071], [13.0300262, 63.1190071], [13.0299117, 63.1188926], [13.0297399, 63.1188926]]]}}, {"type": "Feature", "id": "way/692070036", "properties": {"import": "yes", "landuse": "forest", "natural": "wetland", "source": "NV NMD2018", "@id": "way/692070036", "@type": "way", "osm_id": 692070036}, "geometry": {"type": "Polygon", "coordinates": [[[13.0572174, 63.1270214], [13.0577899, 63.1268496], [13.0576182, 63.1267924], [13.0575609, 63.1266779], [13.0573319, 63.1267924], [13.0569885, 63.1266779], [13.0567595, 63.1267924], [13.0568167, 63.1269069], [13.0569312, 63.1269069], [13.0570457, 63.1270214], [13.0572174, 63.1270214]]]}}, {"type": "Feature", "id": "way/692070038", "properties": {"import": "yes", "landuse": "forest", "natural": "wetland", "source": "NV NMD2018", "@id": "way/692070038", "@type": "way", "osm_id": 692070038}, "geometry": {"type": "Polygon", "coordinates": [[[13.0588203, 63.131601], [13.0586486, 63.131372], [13.0584768, 63.1315437], [13.0585913, 63.1317155], [13.0588203, 63.131601]]]}}, {"type": "Feature", "id": "way/692070039", "properties": {"import": "yes", "landuse": "forest", "natural": "wetland", "source": "NV NMD2018", "@id": "way/692070039", "@type": "way", "osm_id": 692070039}, "geometry": {"type": "Polygon", "coordinates": [[[13.0111926, 63.120152], [13.0111354, 63.119923], [13.0109636, 63.1200375], [13.0108491, 63.1200375], [13.0109636, 63.1202665], [13.0111926, 63.120152]]]}}, {"type": "Feature", "id": "way/692070096", "properties": {"import": "yes", "landuse": "forest", "natural": "wetland", "source": "NV NMD2018", "@id": "way/692070096", "@type": "way", "osm_id": 692070096}, "geometry": {"type": "Polygon", "coordinates": [[[13.0151998, 63.131601], [13.015028, 63.131601], [13.0148563, 63.1317155], [13.015028, 63.1318299], [13.0154287, 63.1317155], [13.0153715, 63.131601], [13.0151998, 63.131601]]]}}, {"type": "Feature", "id": "way/692070105", "properties": {"import": "yes", "landuse": "forest", "natural": "wetland", "source": "NV NMD2018", "@id": "way/692070105", "@type": "way", "osm_id": 692070105}, "geometry": {"type": "Polygon", "coordinates": [[[13.0029494, 63.1337763], [13.0029494, 63.133948], [13.0028349, 63.1341197], [13.0024914, 63.1343487], [13.0028921, 63.1343487], [13.0032928, 63.1341197], [13.0034073, 63.1338335], [13.0033501, 63.1337763], [13.0029494, 63.1337763]]]}}, {"type": "Feature", "id": "way/692070106", "properties": {"import": "yes", "landuse": "forest", "natural": "wetland", "source": "NV NMD2018", "@id": "way/692070106", "@type": "way", "osm_id": 692070106}, "geometry": {"type": "Polygon", "coordinates": [[[13.0130245, 63.1343487], [13.0130245, 63.134406], [13.0127955, 63.1345205], [13.0128527, 63.1345777], [13.0130245, 63.1345777], [13.0131962, 63.1346922], [13.0132534, 63.1345205], [13.0131962, 63.1343487], [13.0130245, 63.1343487]]]}}, {"type": "Feature", "id": "way/692070110", "properties": {"import": "yes", "landuse": "forest", "natural": "wetland", "source": "NV NMD2018", "@id": "way/692070110", "@type": "way", "osm_id": 692070110}, "geometry": {"type": "Polygon", "coordinates": [[[13.0911064, 63.1357226], [13.0912209, 63.1360661], [13.0916788, 63.1358943], [13.0916788, 63.1358657], [13.0915643, 63.1358371], [13.0914498, 63.1358371], [13.0912781, 63.1357226], [13.0911064, 63.1357226]]]}}, {"type": "Feature", "id": "way/692070112", "properties": {"import": "yes", "landuse": "forest", "natural": "wetland", "source": "NV NMD2018", "@id": "way/692070112", "@type": "way", "osm_id": 692070112}, "geometry": {"type": "Polygon", "coordinates": [[[13.0808023, 63.1381269], [13.080974, 63.1381269], [13.0811458, 63.1382414], [13.0813175, 63.1382414], [13.081432, 63.1383559], [13.0815465, 63.1383559], [13.0816037, 63.1385848], [13.0821762, 63.1384131], [13.0820045, 63.1382414], [13.08189, 63.1382414], [13.0815465, 63.1380124], [13.0813748, 63.1381269], [13.0810313, 63.1380124], [13.0808023, 63.1380696], [13.0808023, 63.1381269]]]}}, {"type": "Feature", "id": "way/692070121", "properties": {"import": "yes", "landuse": "forest", "natural": "wetland", "source": "NV NMD2018", "@id": "way/692070121", "@type": "way", "osm_id": 692070121}, "geometry": {"type": "Polygon", "coordinates": [[[13.0980902, 63.1385848], [13.0987199, 63.1383559], [13.0989489, 63.1384703], [13.0991207, 63.1384131], [13.0993496, 63.1380124], [13.0991779, 63.1380124], [13.0991207, 63.1381269], [13.0988917, 63.1382414], [13.0986055, 63.1381269], [13.0983192, 63.1382986], [13.0978613, 63.1384131], [13.098033, 63.1384703], [13.0980902, 63.1385848]]]}}, {"type": "Feature", "id": "way/692070123", "properties": {"import": "yes", "landuse": "forest", "natural": "wetland", "source": "NV NMD2018", "@id": "way/692070123", "@type": "way", "osm_id": 692070123}, "geometry": {"type": "Polygon", "coordinates": [[[13.0931672, 63.1383559], [13.0931672, 63.1384703], [13.0930527, 63.1386421], [13.0935107, 63.1386993], [13.0934534, 63.1384703], [13.0933389, 63.1384703], [13.0931672, 63.1383559]]]}}, {"type": "Feature", "id": "way/692070128", "properties": {"import": "yes", "landuse": "forest", "natural": "wetland", "source": "NV NMD2018", "@id": "way/692070128", "@type": "way", "osm_id": 692070128}, "geometry": {"type": "Polygon", "coordinates": [[[13.0861833, 63.1405312], [13.0859543, 63.1405312], [13.0857826, 63.1404167], [13.0856109, 63.1404167], [13.0856681, 63.1406456], [13.0857826, 63.1406456], [13.0859543, 63.1408746], [13.0861261, 63.1407601], [13.0861833, 63.1405312]]]}}, {"type": "Feature", "id": "way/692070129", "properties": {"import": "yes", "landuse": "forest", "natural": "wetland", "source": "NV NMD2018", "@id": "way/692070129", "@type": "way", "osm_id": 692070129}, "geometry": {"type": "Polygon", "coordinates": [[[13.0051247, 63.1391573], [13.0050674, 63.1390428], [13.0050102, 63.1391], [13.0045522, 63.1391573], [13.0045522, 63.1392718], [13.0047812, 63.1393863], [13.0050102, 63.139329], [13.0051247, 63.1391573]]]}}, {"type": "Feature", "id": "way/692070134", "properties": {"import": "yes", "landuse": "forest", "natural": "wetland", "source": "NV NMD2018", "@id": "way/692070134", "@type": "way", "osm_id": 692070134}, "geometry": {"type": "Polygon", "coordinates": [[[13.0832066, 63.1411036], [13.0825197, 63.1413326], [13.0824052, 63.1415616], [13.0830349, 63.1413326], [13.0832066, 63.1412181], [13.0832066, 63.1411036]]]}}, {"type": "Feature", "id": "way/692070136", "properties": {"import": "yes", "landuse": "forest", "natural": "wetland", "source": "NV NMD2018", "@id": "way/692070136", "@type": "way", "osm_id": 692070136}, "geometry": {"type": "Polygon", "coordinates": [[[13.0045522, 63.1424775], [13.0046095, 63.142592], [13.004724, 63.142592], [13.0048957, 63.1428209], [13.0051819, 63.1429354], [13.0054681, 63.1428209], [13.0052392, 63.1428209], [13.0050674, 63.1424775], [13.0045522, 63.1424775]]]}}, {"type": "Feature", "id": "way/692070138", "properties": {"import": "yes", "landuse": "forest", "natural": "wetland", "source": "NV NMD2018", "@id": "way/692070138", "@type": "way", "osm_id": 692070138}, "geometry": {"type": "Polygon", "coordinates": [[[13.0062696, 63.1435079], [13.0064413, 63.1435079], [13.006613, 63.1436224], [13.0065558, 63.1432789], [13.0062696, 63.1434506], [13.0062696, 63.1435079]]]}}, {"type": "Feature", "id": "way/692070139", "properties": {"import": "yes", "landuse": "forest", "natural": "wetland", "source": "NV NMD2018", "@id": "way/692070139", "@type": "way", "osm_id": 692070139}, "geometry": {"type": "Polygon", "coordinates": [[[13.0063841, 63.1454542], [13.0064413, 63.1454542], [13.006613, 63.1451107], [13.0069565, 63.144939], [13.0068993, 63.1448818], [13.0067275, 63.1448818], [13.0065558, 63.1446528], [13.0061551, 63.14471], [13.0063268, 63.1447673], [13.0063841, 63.1448818], [13.0062696, 63.1449963], [13.0061551, 63.1453397], [13.0063268, 63.1453397], [13.0063841, 63.1454542]]]}}, {"type": "Feature", "id": "way/692070141", "properties": {"import": "yes", "landuse": "forest", "natural": "wetland", "source": "NV NMD2018", "@id": "way/692070141", "@type": "way", "osm_id": 692070141}, "geometry": {"type": "Polygon", "coordinates": [[[13.029282, 63.1457977], [13.029282, 63.1459122], [13.0289958, 63.1461411], [13.0289385, 63.1464846], [13.029511, 63.1464846], [13.0294537, 63.1463701], [13.029282, 63.1463129], [13.0298544, 63.1460839], [13.0296827, 63.1456832], [13.0295682, 63.1456832], [13.0293965, 63.1454542], [13.0289385, 63.1455115], [13.0292247, 63.1455687], [13.029282, 63.1457977]]]}}, {"type": "Feature", "id": "way/692070142", "properties": {"import": "yes", "landuse": "forest", "natural": "wetland", "source": "NV NMD2018", "@id": "way/692070142", "@type": "way", "osm_id": 692070142}, "geometry": {"type": "Polygon", "coordinates": [[[13.0235575, 63.148202], [13.0230995, 63.148202], [13.0226416, 63.1482306], [13.0226416, 63.1482592], [13.0231568, 63.1483165], [13.0233858, 63.1484309], [13.0235575, 63.148202]]]}}, {"type": "Feature", "id": "way/692070143", "properties": {"import": "yes", "landuse": "forest", "natural": "wetland", "source": "NV NMD2018", "@id": "way/692070143", "@type": "way", "osm_id": 692070143}, "geometry": {"type": "Polygon", "coordinates": [[[13.0843515, 63.147286], [13.0849239, 63.1471716], [13.084695, 63.1470571], [13.084466, 63.1471143], [13.0843515, 63.147286]]]}}, {"type": "Feature", "id": "way/692070144", "properties": {"import": "yes", "landuse": "forest", "natural": "wetland", "source": "NV NMD2018", "@id": "way/692070144", "@type": "way", "osm_id": 692070144}, "geometry": {"type": "Polygon", "coordinates": [[[13.0060406, 63.1471716], [13.0055826, 63.1472288], [13.0058116, 63.1473433], [13.0055826, 63.1474578], [13.0059261, 63.1476295], [13.0060406, 63.1471716]]]}}, {"type": "Feature", "id": "way/692070145", "properties": {"import": "yes", "landuse": "forest", "natural": "wetland", "source": "NV NMD2018", "@id": "way/692070145", "@type": "way", "osm_id": 692070145}, "geometry": {"type": "Polygon", "coordinates": [[[13.0656897, 63.1478585], [13.0659187, 63.147744], [13.0661476, 63.147515], [13.0661476, 63.1474005], [13.0660332, 63.147286], [13.0658042, 63.1474005], [13.0656897, 63.1476295], [13.0656897, 63.1478585]]]}}, {"type": "Feature", "id": "way/692070147", "properties": {"import": "yes", "landuse": "forest", "natural": "wetland", "source": "NV NMD2018", "@id": "way/692070147", "@type": "way", "osm_id": 692070147}, "geometry": {"type": "Polygon", "coordinates": [[[13.067407, 63.1488889], [13.067178, 63.1491179], [13.0670636, 63.1493469], [13.0668918, 63.1494613], [13.0667201, 63.1497476], [13.0668918, 63.1498048], [13.0670636, 63.1500338], [13.0675215, 63.1497476], [13.0677505, 63.1496903], [13.0675788, 63.1488889], [13.067407, 63.1488889]]]}}, {"type": "Feature", "id": "way/692070148", "properties": {"import": "yes", "landuse": "forest", "natural": "wetland", "source": "NV NMD2018", "@id": "way/692070148", "@type": "way", "osm_id": 692070148}, "geometry": {"type": "Polygon", "coordinates": [[[13.0146273, 63.1492324], [13.0143411, 63.1492324], [13.0139404, 63.1494041], [13.0141121, 63.1494613], [13.0141693, 63.1496903], [13.0143983, 63.1495758], [13.0146273, 63.1493469], [13.0146273, 63.1492324]]]}}, {"type": "Feature", "id": "way/692070158", "properties": {"import": "yes", "landuse": "forest", "natural": "wetland", "source": "NV NMD2018", "@id": "way/692070158", "@type": "way", "osm_id": 692070158}, "geometry": {"type": "Polygon", "coordinates": [[[13.0859543, 63.1536975], [13.0862978, 63.153583], [13.0864123, 63.1534685], [13.0864123, 63.153354], [13.0860688, 63.1534685], [13.0859543, 63.1536975]]]}}, {"type": "Feature", "id": "way/692070159", "properties": {"import": "yes", "landuse": "forest", "natural": "wetland", "source": "NV NMD2018", "@id": "way/692070159", "@type": "way", "osm_id": 692070159}, "geometry": {"type": "Polygon", "coordinates": [[[13.0853819, 63.1542699], [13.0858399, 63.1541554], [13.0859543, 63.1540409], [13.0859543, 63.1539264], [13.0854964, 63.1540409], [13.0853819, 63.1542699]]]}}, {"type": "Feature", "id": "way/692070169", "properties": {"import": "yes", "landuse": "forest", "natural": "wetland", "source": "NV NMD2018", "@id": "way/692070169", "@type": "way", "osm_id": 692070169}, "geometry": {"type": "Polygon", "coordinates": [[[13.0255038, 63.1575901], [13.0255038, 63.1574756], [13.0256183, 63.1573039], [13.0255611, 63.1572466], [13.0254466, 63.1572466], [13.0252748, 63.1573611], [13.0251604, 63.1575901], [13.0255038, 63.1575901]]]}}, {"type": "Feature", "id": "way/692070170", "properties": {"import": "yes", "landuse": "forest", "natural": "wetland", "source": "NV NMD2018", "@id": "way/692070170", "@type": "way", "osm_id": 692070170}, "geometry": {"type": "Polygon", "coordinates": [[[13.0982047, 63.1580481], [13.098033, 63.1580481], [13.0978613, 63.1581626], [13.097575, 63.1579336], [13.0974606, 63.1579336], [13.0972888, 63.1578191], [13.0971743, 63.1579336], [13.0972316, 63.1580481], [13.0973461, 63.1580481], [13.0975178, 63.158277], [13.0976895, 63.158277], [13.0977468, 63.158506], [13.0978613, 63.158506], [13.0980902, 63.158277], [13.0982047, 63.1580481]]]}}, {"type": "Feature", "id": "way/692070175", "properties": {"import": "yes", "landuse": "forest", "natural": "wetland", "source": "NV NMD2018", "@id": "way/692070175", "@type": "way", "osm_id": 692070175}, "geometry": {"type": "Polygon", "coordinates": [[[13.0908774, 63.1611393], [13.0914498, 63.1612538], [13.0920223, 63.1612538], [13.0922513, 63.161082], [13.092194, 63.1610248], [13.0920795, 63.1610248], [13.0919651, 63.1609103], [13.0917933, 63.1609103], [13.0916216, 63.1607958], [13.0912209, 63.1607386], [13.0914498, 63.1605668], [13.0912781, 63.1601089], [13.0911064, 63.1601089], [13.0908774, 63.1604524], [13.0909346, 63.1605668], [13.0910491, 63.1605668], [13.0911064, 63.1607386], [13.0908774, 63.1610248], [13.0908774, 63.1611393]]]}}, {"type": "Feature", "id": "way/692070183", "properties": {"import": "yes", "landuse": "forest", "natural": "wetland", "source": "NV NMD2018", "@id": "way/692070183", "@type": "way", "osm_id": 692070183}, "geometry": {"type": "Polygon", "coordinates": [[[13.0935107, 63.1627421], [13.0935679, 63.1628566], [13.0936824, 63.1628566], [13.0937396, 63.1629711], [13.0939114, 63.1630856], [13.0941976, 63.1629711], [13.0944266, 63.1626849], [13.0940831, 63.1625704], [13.0939114, 63.1623987], [13.0937969, 63.1623987], [13.0936824, 63.1621697], [13.0935107, 63.1621697], [13.0935679, 63.1625132], [13.0936824, 63.1625132], [13.0937396, 63.1626277], [13.0935107, 63.1627421]]]}}, {"type": "Feature", "id": "way/692070190", "properties": {"import": "yes", "landuse": "forest", "natural": "wetland", "source": "NV NMD2018", "@id": "way/692070190", "@type": "way", "osm_id": 692070190}, "geometry": {"type": "Polygon", "coordinates": [[[13.0230995, 63.163887], [13.0225271, 63.1639443], [13.0226988, 63.1640015], [13.0228706, 63.1642305], [13.0230423, 63.1642305], [13.0233285, 63.164345], [13.0232713, 63.1640015], [13.0231568, 63.1640015], [13.0230995, 63.163887]]]}}, {"type": "Feature", "id": "way/692070193", "properties": {"import": "yes", "landuse": "forest", "natural": "wetland", "source": "NV NMD2018", "@id": "way/692070193", "@type": "way", "osm_id": 692070193}, "geometry": {"type": "Polygon", "coordinates": [[[13.0427918, 63.1640015], [13.0425628, 63.164345], [13.0425628, 63.1644022], [13.04262, 63.1644595], [13.0426773, 63.1644595], [13.0430207, 63.1642878], [13.0431352, 63.164116], [13.0427918, 63.1640015]]]}}, {"type": "Feature", "id": "way/692070309", "properties": {"import": "yes", "landuse": "forest", "natural": "wetland", "source": "NV NMD2018", "@id": "way/692070309", "@type": "way", "osm_id": 692070309}, "geometry": {"type": "Polygon", "coordinates": [[[13.0023769, 63.1071002], [13.0030639, 63.1070429], [13.0031783, 63.1068712], [13.0031211, 63.1067567], [13.0023769, 63.1071002]]]}}, {"type": "Feature", "id": "way/692070348", "properties": {"import": "yes", "landuse": "forest", "natural": "wetland", "source": "NV NMD2018", "@id": "way/692070348", "@type": "way", "osm_id": 692070348}, "geometry": {"type": "Polygon", "coordinates": [[[13.0922513, 63.1059553], [13.0920223, 63.1058408], [13.0916788, 63.1060698], [13.0917933, 63.1061843], [13.0922513, 63.1060125], [13.0922513, 63.1059553]]]}}, {"type": "Feature", "id": "way/692070355", "properties": {"import": "yes", "landuse": "forest", "natural": "wetland", "source": "NV NMD2018", "@id": "way/692070355", "@type": "way", "osm_id": 692070355}, "geometry": {"type": "Polygon", "coordinates": [[[13.0922513, 63.1059553], [13.0928237, 63.105898], [13.0929382, 63.1057836], [13.0927092, 63.1057263], [13.0924803, 63.1057836], [13.0922513, 63.1059553]]]}}, {"type": "Feature", "id": "way/692070373", "properties": {"import": "yes", "natural": "wetland", "source": "NV NMD2018", "wetland": "bog", "@id": "way/692070373", "@type": "way", "osm_id": 692070373}, "geometry": {"type": "Polygon", "coordinates": [[[13.0767952, 63.114542], [13.0766234, 63.114542], [13.0764517, 63.1146565], [13.0765662, 63.114771], [13.0772531, 63.1148855], [13.0771959, 63.114771], [13.0768524, 63.1146565], [13.0767952, 63.114542]]]}}, {"type": "Feature", "id": "way/692070396", "properties": {"import": "yes", "landuse": "forest", "natural": "wetland", "source": "NV NMD2018", "@id": "way/692070396", "@type": "way", "osm_id": 692070396}, "geometry": {"type": "Polygon", "coordinates": [[[13.0488597, 63.1540409], [13.0489742, 63.1542127], [13.0492032, 63.1542699], [13.0502336, 63.1540982], [13.0504626, 63.1539264], [13.0504053, 63.153812], [13.0502908, 63.153812], [13.0500046, 63.1539837], [13.0488597, 63.1540409]]]}}, {"type": "Feature", "id": "way/692070407", "properties": {"import": "yes", "landuse": "forest", "natural": "wetland", "source": "NV NMD2018", "@id": "way/692070407", "@type": "way", "osm_id": 692070407}, "geometry": {"type": "Polygon", "coordinates": [[[13.0268777, 63.1525526], [13.0271639, 63.1525526], [13.0273357, 63.1526671], [13.0280226, 63.1524953], [13.0280226, 63.1524667], [13.0279081, 63.1524381], [13.0277936, 63.1524381], [13.0275646, 63.1523236], [13.0268777, 63.1524953], [13.0268777, 63.1525526]]]}}, {"type": "Feature", "id": "way/692070411", "properties": {"import": "yes", "landuse": "forest", "natural": "wetland", "source": "NV NMD2018", "@id": "way/692070411", "@type": "way", "osm_id": 692070411}, "geometry": {"type": "Polygon", "coordinates": [[[13.0650027, 63.1470571], [13.06506, 63.1471716], [13.0651172, 63.1471143], [13.0658042, 63.1469998], [13.0655179, 63.1468281], [13.0654321, 63.1468281], [13.0653462, 63.1468567], [13.0653462, 63.1468853], [13.0650027, 63.1470571]]]}}, {"type": "Feature", "id": "way/692070414", "properties": {"import": "yes", "landuse": "forest", "natural": "wetland", "source": "NV NMD2018", "@id": "way/692070414", "@type": "way", "osm_id": 692070414}, "geometry": {"type": "Polygon", "coordinates": [[[13.0754213, 63.1485454], [13.0754213, 63.1483737], [13.0756503, 63.1480302], [13.075593, 63.1478585], [13.0751923, 63.147744], [13.0751351, 63.147973], [13.0749061, 63.148202], [13.0748489, 63.1483737], [13.0749061, 63.1485454], [13.0750778, 63.1483165], [13.0752496, 63.1485454], [13.0754213, 63.1485454]]]}}, {"type": "Feature", "id": "way/692070428", "properties": {"import": "yes", "landuse": "forest", "natural": "wetland", "source": "NV NMD2018", "@id": "way/692070428", "@type": "way", "osm_id": 692070428}, "geometry": {"type": "Polygon", "coordinates": [[[13.0217257, 63.1501483], [13.0217257, 63.1502628], [13.0218402, 63.1504345], [13.0217257, 63.1504918], [13.0216112, 63.1506635], [13.0216684, 63.1508352], [13.0217829, 63.1508352], [13.0218974, 63.1509497], [13.0220119, 63.1509497], [13.0221836, 63.1510642], [13.0221836, 63.1508925], [13.0224126, 63.1507207], [13.0226416, 63.1506635], [13.0221264, 63.1504918], [13.0220119, 63.1502628], [13.0218974, 63.1502628], [13.0217257, 63.1501483]]]}}, {"type": "Feature", "id": "way/692070431", "properties": {"import": "yes", "landuse": "forest", "natural": "wetland", "source": "NV NMD2018", "@id": "way/692070431", "@type": "way", "osm_id": 692070431}, "geometry": {"type": "Polygon", "coordinates": [[[13.0367238, 63.1307995], [13.0368383, 63.130914], [13.037468, 63.1310285], [13.0378687, 63.130914], [13.0378687, 63.1307995], [13.0372963, 63.1307423], [13.0375252, 63.1305706], [13.037468, 63.1304561], [13.0370673, 63.1304561], [13.0367238, 63.1306278], [13.0370673, 63.1307423], [13.0367238, 63.1307995]]]}}, {"type": "Feature", "id": "way/692070444", "properties": {"import": "yes", "landuse": "forest", "natural": "wetland", "source": "NV NMD2018", "@id": "way/692070444", "@type": "way", "osm_id": 692070444}, "geometry": {"type": "Polygon", "coordinates": [[[13.0705555, 63.1412181], [13.0700975, 63.1411036], [13.0699258, 63.1412181], [13.0700403, 63.1413326], [13.070212, 63.1413326], [13.0703265, 63.1414471], [13.070441, 63.1414471], [13.0704982, 63.1415616], [13.07067, 63.1416761], [13.0708417, 63.1415616], [13.0709562, 63.1413326], [13.070899, 63.1412181], [13.0705555, 63.1412181]]]}}, {"type": "Feature", "id": "way/692070449", "properties": {"import": "yes", "landuse": "forest", "natural": "wetland", "source": "NV NMD2018", "@id": "way/692070449", "@type": "way", "osm_id": 692070449}, "geometry": {"type": "Polygon", "coordinates": [[[13.0293965, 63.1498048], [13.029282, 63.1498621], [13.0293965, 63.1500338], [13.0296254, 63.1501483], [13.0298544, 63.1499193], [13.0296827, 63.1498048], [13.0293965, 63.1498048]]]}}, {"type": "Feature", "id": "way/692070450", "properties": {"import": "yes", "landuse": "forest", "natural": "wetland", "source": "NV NMD2018", "@id": "way/692070450", "@type": "way", "osm_id": 692070450}, "geometry": {"type": "Polygon", "coordinates": [[[13.0320297, 63.1491179], [13.0320297, 63.1491751], [13.0321442, 63.1492324], [13.0327739, 63.1491179], [13.0332891, 63.1490034], [13.0335181, 63.1488317], [13.0340905, 63.1486599], [13.0340333, 63.1485454], [13.0339188, 63.1485454], [13.0338616, 63.1484309], [13.0339761, 63.148202], [13.0339188, 63.1480875], [13.0335753, 63.1480875], [13.0331174, 63.1483165], [13.0327167, 63.1484309], [13.0327739, 63.1485454], [13.0329456, 63.1486027], [13.032316, 63.1487744], [13.0321442, 63.1488889], [13.0320297, 63.1491179]]]}}, {"type": "Feature", "id": "way/692070456", "properties": {"import": "yes", "landuse": "forest", "natural": "wetland", "source": "NV NMD2018", "@id": "way/692070456", "@type": "way", "osm_id": 692070456}, "geometry": {"type": "Polygon", "coordinates": [[[13.0726735, 63.1438514], [13.0727308, 63.1439658], [13.0731315, 63.1440803], [13.0733605, 63.1437941], [13.0733032, 63.1435079], [13.0729025, 63.1435079], [13.0726735, 63.1438514]]]}}, {"type": "Feature", "id": "way/692070459", "properties": {"import": "yes", "landuse": "forest", "natural": "wetland", "source": "NV NMD2018", "@id": "way/692070459", "@type": "way", "osm_id": 692070459}, "geometry": {"type": "Polygon", "coordinates": [[[13.0211532, 63.1430499], [13.0213822, 63.1428209], [13.0213249, 63.1427065], [13.020867, 63.142592], [13.0205808, 63.1428209], [13.0205808, 63.1430499], [13.020867, 63.1429354], [13.0209815, 63.1430499], [13.0211532, 63.1430499]]]}}, {"type": "Feature", "id": "way/692070460", "properties": {"import": "yes", "landuse": "forest", "natural": "wetland", "source": "NV NMD2018", "@id": "way/692070460", "@type": "way", "osm_id": 692070460}, "geometry": {"type": "Polygon", "coordinates": [[[13.072788, 63.1420195], [13.0724446, 63.1417905], [13.0722156, 63.1418478], [13.0718721, 63.1423057], [13.0719866, 63.142592], [13.0721583, 63.1427065], [13.0723873, 63.1427065], [13.0724446, 63.1428209], [13.0723301, 63.1429927], [13.0727308, 63.1430499], [13.0735895, 63.1427637], [13.0734177, 63.1427065], [13.0731888, 63.1424775], [13.0730743, 63.1424775], [13.0729598, 63.1420195], [13.072788, 63.1420195]]]}}, {"type": "Feature", "id": "way/692070476", "properties": {"import": "yes", "landuse": "forest", "natural": "wetland", "source": "NV NMD2018", "@id": "way/692070476", "@type": "way", "osm_id": 692070476}, "geometry": {"type": "Polygon", "coordinates": [[[13.0166881, 63.1161449], [13.0166881, 63.1160304], [13.0169171, 63.1158586], [13.0168599, 63.1158014], [13.0162302, 63.1158014], [13.0156577, 63.1159159], [13.0157722, 63.1160876], [13.0161157, 63.1161449], [13.0163447, 63.1160304], [13.0165164, 63.1161449], [13.0166881, 63.1161449]]]}}, {"type": "Feature", "id": "way/692070480", "properties": {"import": "yes", "landuse": "forest", "natural": "wetland", "source": "NV NMD2018", "@id": "way/692070480", "@type": "way", "osm_id": 692070480}, "geometry": {"type": "Polygon", "coordinates": [[[13.0221264, 63.1345777], [13.0219546, 63.1346922], [13.0220119, 63.1348067], [13.0221264, 63.1348067], [13.0222981, 63.1349784], [13.0219546, 63.1350929], [13.0223554, 63.1351501], [13.0227561, 63.1350929], [13.0225843, 63.1350357], [13.0224698, 63.1348067], [13.0223554, 63.1348067], [13.0222981, 63.1346922], [13.0221264, 63.1345777]]]}}, {"type": "Feature", "id": "way/692070483", "properties": {"import": "yes", "landuse": "forest", "natural": "wetland", "source": "NV NMD2018", "@id": "way/692070483", "@type": "way", "osm_id": 692070483}, "geometry": {"type": "Polygon", "coordinates": [[[13.0418758, 63.1321734], [13.0422766, 63.1321734], [13.0423338, 63.1322879], [13.04262, 63.1324024], [13.0429062, 63.1323451], [13.042849, 63.1322879], [13.0426773, 63.1322879], [13.0425055, 63.1319444], [13.0421048, 63.1319444], [13.0416469, 63.1318299], [13.0415324, 63.1320017], [13.0418758, 63.1321734]]]}}, {"type": "Feature", "id": "way/692070521", "properties": {"import": "yes", "landuse": "forest", "natural": "wetland", "source": "NV NMD2018", "@id": "way/692070521", "@type": "way", "osm_id": 692070521}, "geometry": {"type": "Polygon", "coordinates": [[[13.0115361, 63.1452252], [13.0115933, 63.1453397], [13.0116506, 63.1452825], [13.012452, 63.1451107], [13.0125665, 63.1448818], [13.0125092, 63.1447673], [13.0123375, 63.1447673], [13.0121085, 63.144939], [13.0118796, 63.1449963], [13.0114788, 63.1448818], [13.0113071, 63.144939], [13.0114788, 63.1449963], [13.0115361, 63.1452252]]]}}, {"type": "Feature", "id": "way/692070522", "properties": {"import": "yes", "landuse": "forest", "natural": "wetland", "source": "NV NMD2018", "@id": "way/692070522", "@type": "way", "osm_id": 692070522}, "geometry": {"type": "Polygon", "coordinates": [[[13.0150853, 63.1486599], [13.015257, 63.1483165], [13.0154287, 63.1482592], [13.0153142, 63.1480875], [13.0149708, 63.148202], [13.014799, 63.1480875], [13.0146273, 63.1480875], [13.0146846, 63.1483165], [13.014799, 63.1483165], [13.0148563, 63.1484309], [13.0149135, 63.1486599], [13.0150853, 63.1486599]]]}}, {"type": "Feature", "id": "way/692070523", "properties": {"import": "yes", "landuse": "forest", "natural": "wetland", "source": "NV NMD2018", "@id": "way/692070523", "@type": "way", "osm_id": 692070523}, "geometry": {"type": "Polygon", "coordinates": [[[13.0146273, 63.1492324], [13.0151998, 63.1490606], [13.0160012, 63.1489461], [13.0159439, 63.1488889], [13.0156577, 63.1488889], [13.0153715, 63.1487744], [13.0152856, 63.1487744], [13.0151998, 63.148803], [13.0151998, 63.1488317], [13.0147418, 63.1490034], [13.0146273, 63.1492324]]]}}, {"type": "Feature", "id": "way/692070537", "properties": {"import": "yes", "landuse": "forest", "natural": "wetland", "source": "NV NMD2018", "@id": "way/692070537", "@type": "way", "osm_id": 692070537}, "geometry": {"type": "Polygon", "coordinates": [[[13.0549277, 63.109619], [13.0542407, 63.1097334], [13.054069, 63.109619], [13.0538972, 63.1098479], [13.0537828, 63.1098479], [13.0535538, 63.1099052], [13.0539545, 63.1099624], [13.0546414, 63.1098479], [13.0546987, 63.1099624], [13.0548132, 63.1099624], [13.0556146, 63.109619], [13.0555573, 63.1095045], [13.0554429, 63.1095045], [13.0553856, 63.1095617], [13.0549277, 63.109619]]]}}, {"type": "Feature", "id": "way/692070544", "properties": {"import": "yes", "landuse": "forest", "natural": "wetland", "source": "NV NMD2018", "@id": "way/692070544", "@type": "way", "osm_id": 692070544}, "geometry": {"type": "Polygon", "coordinates": [[[13.0133679, 63.1125957], [13.0137114, 63.1125384], [13.0139404, 63.112424], [13.0137686, 63.1123667], [13.0133679, 63.1125384], [13.0133679, 63.1125957]]]}}, {"type": "Feature", "id": "way/692070545", "properties": {"import": "yes", "landuse": "forest", "natural": "wetland", "source": "NV NMD2018", "@id": "way/692070545", "@type": "way", "osm_id": 692070545}, "geometry": {"type": "Polygon", "coordinates": [[[13.0133679, 63.1125957], [13.01291, 63.1127674], [13.0130245, 63.1129392], [13.0133679, 63.1126529], [13.0133679, 63.1125957]]]}}, {"type": "Feature", "id": "way/692070558", "properties": {"import": "yes", "landuse": "forest", "natural": "wetland", "source": "NV NMD2018", "@id": "way/692070558", "@type": "way", "osm_id": 692070558}, "geometry": {"type": "Polygon", "coordinates": [[[13.0985482, 63.1320589], [13.0984337, 63.1322307], [13.0986627, 63.1322879], [13.0988917, 63.1321734], [13.0988344, 63.1320589], [13.0985482, 63.1320589]]]}}, {"type": "Feature", "id": "way/692070561", "properties": {"import": "yes", "landuse": "forest", "natural": "wetland", "source": "NV NMD2018", "@id": "way/692070561", "@type": "way", "osm_id": 692070561}, "geometry": {"type": "Polygon", "coordinates": [[[13.0861833, 63.125762], [13.086584, 63.125991], [13.0869848, 63.1259337], [13.0869275, 63.1258765], [13.0866413, 63.1258765], [13.0863551, 63.125762], [13.0861833, 63.125762]]]}}, {"type": "Feature", "id": "way/692070571", "properties": {"import": "yes", "landuse": "forest", "natural": "wetland", "source": "NV NMD2018", "@id": "way/692070571", "@type": "way", "osm_id": 692070571}, "geometry": {"type": "Polygon", "coordinates": [[[13.073704, 63.1356081], [13.0733032, 63.1356081], [13.0728453, 63.1354936], [13.0726735, 63.1357226], [13.0726735, 63.1359516], [13.073246, 63.1358371], [13.073704, 63.1356653], [13.073704, 63.1356081]]]}}, {"type": "Feature", "id": "way/692070577", "properties": {"import": "yes", "landuse": "forest", "natural": "wetland", "source": "NV NMD2018", "@id": "way/692070577", "@type": "way", "osm_id": 692070577}, "geometry": {"type": "Polygon", "coordinates": [[[13.0195504, 63.119694], [13.0191496, 63.1195796], [13.0187489, 63.1196368], [13.0186344, 63.1198085], [13.0195504, 63.119694]]]}}, {"type": "Feature", "id": "way/692070580", "properties": {"import": "yes", "landuse": "forest", "natural": "wetland", "source": "NV NMD2018", "@id": "way/692070580", "@type": "way", "osm_id": 692070580}, "geometry": {"type": "Polygon", "coordinates": [[[13.0573319, 63.1281663], [13.0573319, 63.1282808], [13.0572174, 63.1283953], [13.057103, 63.1285097], [13.0572747, 63.1286242], [13.0574464, 63.128338], [13.0572747, 63.1280518], [13.057103, 63.1279945], [13.0569312, 63.1279373], [13.0567595, 63.1279945], [13.0568167, 63.1280518], [13.056874, 63.128109], [13.0565878, 63.1281663], [13.0563015, 63.1282235], [13.0567022, 63.1282808], [13.057103, 63.1282235], [13.0572174, 63.1281663], [13.0573319, 63.1281663]]]}}, {"type": "Feature", "id": "way/692070590", "properties": {"import": "yes", "landuse": "forest", "natural": "wetland", "source": "NV NMD2018", "@id": "way/692070590", "@type": "way", "osm_id": 692070590}, "geometry": {"type": "Polygon", "coordinates": [[[13.0197793, 63.120152], [13.0198938, 63.120381], [13.0202373, 63.1204955], [13.0205808, 63.120381], [13.0205808, 63.1203237], [13.0204377, 63.1202665], [13.0202945, 63.1202665], [13.0200656, 63.120152], [13.0197793, 63.120152]]]}}, {"type": "Feature", "id": "way/692070626", "properties": {"import": "yes", "landuse": "forest", "natural": "wetland", "source": "NV NMD2018", "@id": "way/692070626", "@type": "way", "osm_id": 692070626}, "geometry": {"type": "Polygon", "coordinates": [[[13.0933962, 63.131143], [13.0938541, 63.1310285], [13.0937969, 63.130914], [13.093711, 63.130914], [13.0936252, 63.1309427], [13.0936252, 63.1309713], [13.0933962, 63.131143]]]}}, {"type": "Feature", "id": "way/692070632", "properties": {"import": "yes", "landuse": "forest", "natural": "wetland", "source": "NV NMD2018", "@id": "way/692070632", "@type": "way", "osm_id": 692070632}, "geometry": {"type": "Polygon", "coordinates": [[[13.0573319, 63.1329748], [13.0576754, 63.1327459], [13.0580189, 63.1326886], [13.0577899, 63.1325741], [13.0583623, 63.1325169], [13.0581906, 63.1322879], [13.0579903, 63.1322879], [13.057704, 63.1322879], [13.0576182, 63.1322879], [13.0572174, 63.1326314], [13.0572174, 63.1326886], [13.0569885, 63.1328604], [13.0571602, 63.1328604], [13.0573319, 63.1329748]]]}}, {"type": "Feature", "id": "way/692070637", "properties": {"import": "yes", "landuse": "forest", "natural": "wetland", "source": "NV NMD2018", "@id": "way/692070637", "@type": "way", "osm_id": 692070637}, "geometry": {"type": "Polygon", "coordinates": [[[13.073475, 63.1378407], [13.0733605, 63.1379551], [13.0726735, 63.1380696], [13.0739902, 63.1381269], [13.0740474, 63.1381841], [13.0739329, 63.1383559], [13.0740474, 63.1385276], [13.0741619, 63.1385848], [13.0745054, 63.1383559], [13.0747344, 63.1382986], [13.0748489, 63.1381269], [13.0746771, 63.1378979], [13.0738757, 63.1377834], [13.073475, 63.1378407]]]}}, {"type": "Feature", "id": "way/692070639", "properties": {"import": "yes", "landuse": "forest", "natural": "wetland", "source": "NV NMD2018", "@id": "way/692070639", "@type": "way", "osm_id": 692070639}, "geometry": {"type": "Polygon", "coordinates": [[[13.0880152, 63.1431644], [13.0880152, 63.1432217], [13.0881869, 63.1432789], [13.0884159, 63.1432789], [13.0886449, 63.1437369], [13.0887593, 63.1437369], [13.0889311, 63.1438514], [13.0892173, 63.1436224], [13.089618, 63.1438514], [13.089847, 63.1437369], [13.0897897, 63.1436224], [13.0896753, 63.1436224], [13.0895608, 63.1432789], [13.0892745, 63.1432789], [13.0891028, 63.1431644], [13.0888166, 63.1432789], [13.0885304, 63.1431644], [13.0880152, 63.1431644]]]}}, {"type": "Feature", "id": "way/692070641", "properties": {"import": "yes", "landuse": "forest", "natural": "wetland", "source": "NV NMD2018", "@id": "way/692070641", "@type": "way", "osm_id": 692070641}, "geometry": {"type": "Polygon", "coordinates": [[[13.0940831, 63.1384703], [13.0941976, 63.1377834], [13.0939114, 63.1377834], [13.0937396, 63.1379551], [13.0937969, 63.1381269], [13.0939114, 63.1381269], [13.0939686, 63.1382414], [13.0937396, 63.1384131], [13.0940831, 63.1384703]]]}}, {"type": "Feature", "id": "way/692070647", "properties": {"import": "yes", "landuse": "forest", "natural": "wetland", "source": "NV NMD2018", "@id": "way/692070647", "@type": "way", "osm_id": 692070647}, "geometry": {"type": "Polygon", "coordinates": [[[13.084466, 63.1400732], [13.0844087, 63.1399587], [13.0841225, 63.1399587], [13.0838935, 63.1400732], [13.0839508, 63.1401877], [13.0840653, 63.1401877], [13.0841225, 63.1404167], [13.084466, 63.1401304], [13.084466, 63.1400732]]]}}, {"type": "Feature", "id": "way/692070659", "properties": {"import": "yes", "landuse": "forest", "natural": "wetland", "source": "NV NMD2018", "@id": "way/692070659", "@type": "way", "osm_id": 692070659}, "geometry": {"type": "Polygon", "coordinates": [[[13.0796574, 63.1377834], [13.0804588, 63.1376117], [13.0801154, 63.1374972], [13.0801154, 63.1374686], [13.0800295, 63.1374399], [13.0799436, 63.1374399], [13.0797147, 63.1373254], [13.079085, 63.1376689], [13.0787415, 63.1380124], [13.0785125, 63.1377262], [13.0782835, 63.1376689], [13.0779401, 63.1377834], [13.0781118, 63.1382414], [13.0782263, 63.1382414], [13.0782835, 63.1383559], [13.0785125, 63.1384703], [13.0786843, 63.1384703], [13.078856, 63.1384417], [13.078856, 63.1384131], [13.0793139, 63.1380696], [13.079085, 63.1379551], [13.0793139, 63.1378407], [13.0796574, 63.1377834]]]}}, {"type": "Feature", "id": "way/692070663", "properties": {"import": "yes", "landuse": "forest", "natural": "wetland", "source": "NV NMD2018", "@id": "way/692070663", "@type": "way", "osm_id": 692070663}, "geometry": {"type": "Polygon", "coordinates": [[[13.0990062, 63.1399587], [13.0989489, 63.1398442], [13.0987772, 63.139787], [13.0990062, 63.1396725], [13.0986055, 63.1396152], [13.0980902, 63.1397297], [13.0979758, 63.1398442], [13.0979758, 63.1399587], [13.0983765, 63.1398442], [13.0987772, 63.1399587], [13.0990062, 63.1399587]]]}}, {"type": "Feature", "id": "way/692070666", "properties": {"import": "yes", "landuse": "forest", "natural": "wetland", "source": "NV NMD2018", "@id": "way/692070666", "@type": "way", "osm_id": 692070666}, "geometry": {"type": "Polygon", "coordinates": [[[13.078856, 63.1408746], [13.0785125, 63.1409891], [13.0782835, 63.1411608], [13.0782835, 63.1411895], [13.0783694, 63.1412181], [13.0784553, 63.1412181], [13.078856, 63.1408746]]]}}, {"type": "Feature", "id": "way/692070667", "properties": {"import": "yes", "landuse": "forest", "natural": "wetland", "source": "NV NMD2018", "@id": "way/692070667", "@type": "way", "osm_id": 692070667}, "geometry": {"type": "Polygon", "coordinates": [[[13.0106202, 63.1430499], [13.0105057, 63.1428782], [13.0099905, 63.1428209], [13.0094753, 63.1429927], [13.0094753, 63.1431644], [13.0106202, 63.1430499]]]}}, {"type": "Feature", "id": "way/692070668", "properties": {"import": "yes", "landuse": "forest", "natural": "wetland", "source": "NV NMD2018", "@id": "way/692070668", "@type": "way", "osm_id": 692070668}, "geometry": {"type": "Polygon", "coordinates": [[[13.0114216, 63.1432789], [13.0113644, 63.1431644], [13.0112499, 63.1431644], [13.0111354, 63.1430499], [13.0106202, 63.1430499], [13.0107919, 63.1431644], [13.0110209, 63.1431644], [13.0112499, 63.1432789], [13.0114216, 63.1432789]]]}}, {"type": "Feature", "id": "way/692070671", "properties": {"import": "yes", "landuse": "forest", "natural": "wetland", "source": "NV NMD2018", "@id": "way/692070671", "@type": "way", "osm_id": 692070671}, "geometry": {"type": "Polygon", "coordinates": [[[13.0154287, 63.1465991], [13.0153715, 63.1464846], [13.0149708, 63.1463701], [13.0147418, 63.1464274], [13.0147418, 63.1464846], [13.0154287, 63.1465991]]]}}, {"type": "Feature", "id": "way/692070674", "properties": {"import": "yes", "landuse": "forest", "natural": "wetland", "source": "NV NMD2018", "@id": "way/692070674", "@type": "way", "osm_id": 692070674}, "geometry": {"type": "Polygon", "coordinates": [[[13.0669491, 63.147515], [13.0664911, 63.1476295], [13.0665484, 63.147744], [13.0667201, 63.147744], [13.0669491, 63.1475723], [13.0669491, 63.147515]]]}}, {"type": "Feature", "id": "way/692070681", "properties": {"import": "yes", "landuse": "forest", "natural": "wetland", "source": "NV NMD2018", "@id": "way/692070681", "@type": "way", "osm_id": 692070681}, "geometry": {"type": "Polygon", "coordinates": [[[13.0912209, 63.1549569], [13.0911064, 63.1547279], [13.0908774, 63.1546134], [13.0906484, 63.1547851], [13.0908774, 63.1549569], [13.0912209, 63.1549569]]]}}, {"type": "Feature", "id": "way/692070683", "properties": {"import": "yes", "landuse": "forest", "natural": "wetland", "source": "NV NMD2018", "@id": "way/692070683", "@type": "way", "osm_id": 692070683}, "geometry": {"type": "Polygon", "coordinates": [[[13.0784553, 63.1601089], [13.0781118, 63.1599944], [13.0778256, 63.1601089], [13.0779973, 63.1603379], [13.078398, 63.1604524], [13.0786843, 63.1604524], [13.0789705, 63.1606241], [13.0792567, 63.1606813], [13.0795429, 63.1605668], [13.0794857, 63.1604524], [13.0793139, 63.1603951], [13.0794284, 63.1602806], [13.0793712, 63.1602234], [13.0789705, 63.1602234], [13.0784553, 63.1601089]]]}}, {"type": "Feature", "id": "way/692070687", "properties": {"import": "yes", "landuse": "forest", "natural": "wetland", "source": "NV NMD2018", "@id": "way/692070687", "@type": "way", "osm_id": 692070687}, "geometry": {"type": "Polygon", "coordinates": [[[13.0834356, 63.153125], [13.0829776, 63.1532395], [13.0833211, 63.153354], [13.0837218, 63.153354], [13.0839508, 63.1534685], [13.0841798, 63.1534685], [13.0845232, 63.153583], [13.0848095, 63.1534685], [13.0847522, 63.153354], [13.0843515, 63.1532968], [13.084466, 63.1529533], [13.0844087, 63.1526671], [13.0841798, 63.1526671], [13.084008, 63.1527815], [13.0839508, 63.152896], [13.0836646, 63.1527815], [13.0834356, 63.1528388], [13.0834356, 63.1528674], [13.0835787, 63.152896], [13.0837218, 63.152896], [13.0838363, 63.153125], [13.084008, 63.1531823], [13.0837218, 63.1532395], [13.0834356, 63.153125]]]}}, {"type": "Feature", "id": "way/692070690", "properties": {"import": "yes", "landuse": "forest", "natural": "wetland", "source": "NV NMD2018", "@id": "way/692070690", "@type": "way", "osm_id": 692070690}, "geometry": {"type": "Polygon", "coordinates": [[[13.0740474, 63.158735], [13.0742192, 63.158735], [13.0743336, 63.158964], [13.0747916, 63.1590785], [13.0750778, 63.1588495], [13.0751923, 63.1586205], [13.0753068, 63.1585633], [13.0749061, 63.1583915], [13.0744481, 63.1586205], [13.0739329, 63.158506], [13.073704, 63.1585633], [13.0740474, 63.158735]]]}}, {"type": "Feature", "id": "way/692070691", "properties": {"import": "yes", "landuse": "forest", "natural": "wetland", "source": "NV NMD2018", "@id": "way/692070691", "@type": "way", "osm_id": 692070691}, "geometry": {"type": "Polygon", "coordinates": [[[13.0825197, 63.1577046], [13.0825197, 63.1578191], [13.0820617, 63.1583343], [13.0821189, 63.158506], [13.0825769, 63.1586205], [13.0831494, 63.158277], [13.0834356, 63.1582198], [13.0833783, 63.1581626], [13.0830921, 63.1581626], [13.0828631, 63.1580481], [13.0828059, 63.1577046], [13.0825197, 63.1577046]]]}}, {"type": "Feature", "id": "way/692070692", "properties": {"import": "yes", "landuse": "forest", "natural": "wetland", "source": "NV NMD2018", "@id": "way/692070692", "@type": "way", "osm_id": 692070692}, "geometry": {"type": "Polygon", "coordinates": [[[13.0738184, 63.1577046], [13.0740474, 63.1578191], [13.0743336, 63.1578191], [13.0743909, 63.1579336], [13.0747916, 63.1580481], [13.0751923, 63.1578763], [13.0751351, 63.1577046], [13.0750206, 63.1577046], [13.0749061, 63.1574756], [13.0746199, 63.1574756], [13.0741047, 63.1571322], [13.073475, 63.1573039], [13.073246, 63.1574756], [13.073475, 63.1575901], [13.0737612, 63.1575901], [13.0738184, 63.1577046]]]}}, {"type": "Feature", "id": "way/692070699", "properties": {"import": "yes", "landuse": "forest", "natural": "wetland", "source": "NV NMD2018", "@id": "way/692070699", "@type": "way", "osm_id": 692070699}, "geometry": {"type": "Polygon", "coordinates": [[[13.0247024, 63.1519801], [13.0247024, 63.1520374], [13.0244734, 63.1521519], [13.0247024, 63.1522663], [13.0243017, 63.1523236], [13.023901, 63.1522663], [13.0237865, 63.1520946], [13.023672, 63.1520946], [13.0233285, 63.1522663], [13.0237865, 63.1524381], [13.0240727, 63.1524381], [13.0241299, 63.1525526], [13.0244734, 63.1526671], [13.0243589, 63.1524953], [13.0251604, 63.1523808], [13.0249314, 63.1522663], [13.0252748, 63.1520946], [13.0249886, 63.1520946], [13.0247024, 63.1519801]]]}}, {"type": "Feature", "id": "way/692070700", "properties": {"import": "yes", "landuse": "forest", "natural": "wetland", "source": "NV NMD2018", "@id": "way/692070700", "@type": "way", "osm_id": 692070700}, "geometry": {"type": "Polygon", "coordinates": [[[13.0715287, 63.1527815], [13.0716431, 63.1527815], [13.0719866, 63.1525526], [13.0719294, 63.1524381], [13.0716431, 63.1524381], [13.0712997, 63.1523236], [13.0711852, 63.1524381], [13.0713569, 63.1527815], [13.0715287, 63.1527815]]]}}, {"type": "Feature", "id": "way/692070707", "properties": {"import": "yes", "landuse": "forest", "natural": "wetland", "source": "NV NMD2018", "@id": "way/692070707", "@type": "way", "osm_id": 692070707}, "geometry": {"type": "Polygon", "coordinates": [[[13.0415324, 63.164345], [13.0413034, 63.1645167], [13.0418186, 63.164574], [13.0423338, 63.1644595], [13.0422766, 63.164345], [13.0419903, 63.1644595], [13.0417041, 63.164345], [13.0415324, 63.164345]]]}}, {"type": "Feature", "id": "way/692070781", "properties": {"import": "yes", "landuse": "forest", "natural": "wetland", "source": "NV NMD2018", "@id": "way/692070781", "@type": "way", "osm_id": 692070781}, "geometry": {"type": "Polygon", "coordinates": [[[13.0213822, 63.1573611], [13.0216684, 63.1574756], [13.0219546, 63.1574184], [13.0221836, 63.1573039], [13.0221836, 63.1572466], [13.0213822, 63.1573611]]]}}, {"type": "Feature", "id": "way/692070782", "properties": {"import": "yes", "landuse": "forest", "natural": "wetland", "source": "NV NMD2018", "@id": "way/692070782", "@type": "way", "osm_id": 692070782}, "geometry": {"type": "Polygon", "coordinates": [[[13.023443, 63.1626277], [13.0233285, 63.1622842], [13.0230423, 63.1623987], [13.0228706, 63.1625704], [13.0228706, 63.1627421], [13.023443, 63.1626277]]]}}, {"type": "Feature", "id": "way/692070786", "properties": {"import": "yes", "landuse": "forest", "natural": "wetland", "source": "NV NMD2018", "@id": "way/692070786", "@type": "way", "osm_id": 692070786}, "geometry": {"type": "Polygon", "coordinates": [[[13.0102767, 63.1541554], [13.009189, 63.1542699], [13.0084449, 63.1541554], [13.0078724, 63.1542127], [13.0087311, 63.1542699], [13.0087883, 63.1543272], [13.0092463, 63.1543844], [13.0102767, 63.1542127], [13.0102767, 63.1541554]]]}}, {"type": "Feature", "id": "way/692070795", "properties": {"import": "yes", "landuse": "forest", "natural": "wetland", "source": "NV NMD2018", "@id": "way/692070795", "@type": "way", "osm_id": 692070795}, "geometry": {"type": "Polygon", "coordinates": [[[13.0540117, 63.1572466], [13.054298, 63.1572466], [13.0544125, 63.1573611], [13.0549849, 63.1574756], [13.0553856, 63.1573611], [13.0553284, 63.1572466], [13.0552139, 63.1572466], [13.0550421, 63.1573611], [13.0548132, 63.1571894], [13.0549277, 63.1570749], [13.0551566, 63.1570177], [13.0555001, 63.1571322], [13.0556146, 63.1569604], [13.0555573, 63.1567887], [13.0553856, 63.1567314], [13.0556146, 63.1565597], [13.0554429, 63.1565597], [13.0553856, 63.1562162], [13.0553284, 63.1561017], [13.0551566, 63.1561017], [13.0550421, 63.15593], [13.0555001, 63.1556438], [13.0550421, 63.1556438], [13.0545842, 63.1557583], [13.0544125, 63.1556438], [13.0541262, 63.1556438], [13.0540117, 63.155701], [13.0541835, 63.1557583], [13.054298, 63.1559873], [13.0543838, 63.1559873], [13.0544697, 63.1559586], [13.0544697, 63.15593], [13.0545842, 63.1558728], [13.0547559, 63.1558728], [13.0548132, 63.15593], [13.0546987, 63.1561017], [13.0548132, 63.1562162], [13.0544125, 63.1567887], [13.0541262, 63.1569032], [13.0540117, 63.1570749], [13.0540117, 63.1572466]]]}}, {"type": "Feature", "id": "way/692070797", "properties": {"import": "yes", "landuse": "forest", "natural": "wetland", "source": "NV NMD2018", "@id": "way/692070797", "@type": "way", "osm_id": 692070797}, "geometry": {"type": "Polygon", "coordinates": [[[13.0793139, 63.1588495], [13.0791422, 63.1588495], [13.0787415, 63.1590785], [13.0784553, 63.1586205], [13.0783408, 63.1586205], [13.0780546, 63.1584488], [13.0782835, 63.1583915], [13.0782263, 63.158277], [13.0780546, 63.158277], [13.0778256, 63.1579336], [13.0775966, 63.1580481], [13.0774821, 63.158277], [13.0776538, 63.158506], [13.0778828, 63.158506], [13.0781118, 63.158735], [13.0782263, 63.158735], [13.0783408, 63.1590785], [13.0785125, 63.1591357], [13.0787987, 63.159193], [13.079085, 63.1591357], [13.0791995, 63.1590785], [13.0793139, 63.1588495]]]}}, {"type": "Feature", "id": "way/692070801", "properties": {"import": "yes", "landuse": "forest", "natural": "wetland", "source": "NV NMD2018", "@id": "way/692070801", "@type": "way", "osm_id": 692070801}, "geometry": {"type": "Polygon", "coordinates": [[[13.0782835, 63.1612538], [13.0772531, 63.1611965], [13.0769097, 63.161082], [13.0779401, 63.1610248], [13.0778828, 63.1609103], [13.0770814, 63.1607958], [13.0765662, 63.1608531], [13.0762227, 63.1611393], [13.076051, 63.1610248], [13.0758793, 63.1610248], [13.0757075, 63.1606813], [13.0755358, 63.1606241], [13.0749633, 63.1605668], [13.0743909, 63.1606241], [13.0747344, 63.1607958], [13.0749061, 63.1607958], [13.0750206, 63.1610248], [13.0751351, 63.1610248], [13.0753068, 63.1611965], [13.0757075, 63.1612538], [13.0757648, 63.1613683], [13.07628, 63.1614828], [13.0768524, 63.1614828], [13.0769097, 63.16154], [13.0773104, 63.1615972], [13.078856, 63.1614255], [13.078856, 63.1613969], [13.0786843, 63.1613683], [13.0785125, 63.1613683], [13.0782835, 63.1612538]]]}}, {"type": "Feature", "id": "way/692070915", "properties": {"import": "yes", "landuse": "forest", "natural": "wetland", "source": "NV NMD2018", "@id": "way/692070915", "@type": "way", "osm_id": 692070915}, "geometry": {"type": "Polygon", "coordinates": [[[13.0587058, 63.1005743], [13.0589348, 63.1005743], [13.059679, 63.1004598], [13.0599652, 63.100517], [13.0600797, 63.1006888], [13.0602514, 63.1008033], [13.0604804, 63.1008033], [13.0607094, 63.1009177], [13.0608811, 63.1008033], [13.062713, 63.1006315], [13.0623122, 63.1004598], [13.0616825, 63.1004598], [13.0611101, 63.1004025], [13.0611101, 63.1003453], [13.0610529, 63.1002308], [13.0607666, 63.1002308], [13.0603087, 63.1002881], [13.0602514, 63.1003453], [13.0601942, 63.1002881], [13.059679, 63.1002308], [13.0591638, 63.1002881], [13.0587058, 63.1004598], [13.0587058, 63.1005743]]]}}, {"type": "Feature", "id": "way/692070922", "properties": {"import": "yes", "landuse": "forest", "natural": "wetland", "source": "NV NMD2018", "@id": "way/692070922", "@type": "way", "osm_id": 692070922}, "geometry": {"type": "Polygon", "coordinates": [[[13.0704982, 63.1509497], [13.0700403, 63.1509497], [13.0700975, 63.1510642], [13.0702693, 63.1511214], [13.0696968, 63.1512932], [13.0695823, 63.1516367], [13.0696396, 63.1518656], [13.0700975, 63.1519801], [13.0703838, 63.1517511], [13.0704982, 63.1515222], [13.0708417, 63.1512359], [13.0708417, 63.1512073], [13.0707272, 63.1511787], [13.0706127, 63.1511787], [13.0704982, 63.1509497]]]}}, {"type": "Feature", "id": "way/692070943", "properties": {"import": "yes", "landuse": "forest", "natural": "wetland", "source": "NV NMD2018", "@id": "way/692070943", "@type": "way", "osm_id": 692070943}, "geometry": {"type": "Polygon", "coordinates": [[[13.0190924, 63.1238157], [13.0190924, 63.1239874], [13.0192069, 63.1242736], [13.0193214, 63.1240446], [13.0192641, 63.1238157], [13.0190924, 63.1238157]]]}}, {"type": "Feature", "id": "way/692070959", "properties": {"import": "yes", "landuse": "forest", "natural": "wetland", "source": "NV NMD2018", "@id": "way/692070959", "@type": "way", "osm_id": 692070959}, "geometry": {"type": "Polygon", "coordinates": [[[13.0999221, 63.1360661], [13.0998648, 63.1359516], [13.0997503, 63.1359516], [13.0996931, 63.1357226], [13.0994641, 63.1357226], [13.0992351, 63.1357798], [13.0995214, 63.1359516], [13.0996931, 63.136295], [13.0999221, 63.1360661]]]}}, {"type": "Feature", "id": "way/692070960", "properties": {"import": "yes", "landuse": "forest", "natural": "wetland", "source": "NV NMD2018", "@id": "way/692070960", "@type": "way", "osm_id": 692070960}, "geometry": {"type": "Polygon", "coordinates": [[[13.0110781, 63.1361806], [13.0107347, 63.1361806], [13.0107919, 63.136295], [13.0109064, 63.136295], [13.0109636, 63.1364095], [13.0106202, 63.1366385], [13.0105057, 63.1368102], [13.0106202, 63.136982], [13.0111354, 63.1368675], [13.0115361, 63.1366385], [13.0114788, 63.136524], [13.0112499, 63.136524], [13.0110781, 63.1361806]]]}}, {"type": "Feature", "id": "way/692070961", "properties": {"import": "yes", "landuse": "forest", "natural": "wetland", "source": "NV NMD2018", "@id": "way/692070961", "@type": "way", "osm_id": 692070961}, "geometry": {"type": "Polygon", "coordinates": [[[13.0761082, 63.136982], [13.0759937, 63.137211], [13.07628, 63.1374399], [13.0765662, 63.1374399], [13.076509, 63.1370965], [13.0763945, 63.1370965], [13.07628, 63.136982], [13.0761082, 63.136982]]]}}, {"type": "Feature", "id": "way/692070963", "properties": {"import": "yes", "landuse": "forest", "natural": "wetland", "source": "NV NMD2018", "@id": "way/692070963", "@type": "way", "osm_id": 692070963}, "geometry": {"type": "Polygon", "coordinates": [[[13.0951135, 63.1406456], [13.0953997, 63.1406456], [13.095457, 63.1407601], [13.0959149, 63.1405884], [13.0958005, 63.1404739], [13.0961439, 63.1403022], [13.0953425, 63.1403594], [13.095228, 63.1404167], [13.0951135, 63.1406456]]]}}, {"type": "Feature", "id": "way/692070964", "properties": {"import": "yes", "landuse": "forest", "natural": "wetland", "source": "NV NMD2018", "@id": "way/692070964", "@type": "way", "osm_id": 692070964}, "geometry": {"type": "Polygon", "coordinates": [[[13.0266487, 63.1451107], [13.0267632, 63.144939], [13.0269922, 63.1448818], [13.0269349, 63.1447673], [13.0268205, 63.1447673], [13.0266487, 63.1446528], [13.0266487, 63.1447673], [13.0265342, 63.1448818], [13.0263625, 63.1447673], [13.026248, 63.1447673], [13.0261908, 63.1446528], [13.0258473, 63.1448818], [13.0266487, 63.1451107]]]}}, {"type": "Feature", "id": "way/692070965", "properties": {"import": "yes", "landuse": "forest", "natural": "wetland", "source": "NV NMD2018", "@id": "way/692070965", "@type": "way", "osm_id": 692070965}, "geometry": {"type": "Polygon", "coordinates": [[[13.0102767, 63.1478585], [13.0104484, 63.1478585], [13.0105057, 63.147973], [13.0109064, 63.147973], [13.0109636, 63.1480302], [13.0108491, 63.1483165], [13.0109636, 63.1483165], [13.0111926, 63.1480875], [13.0113071, 63.1478585], [13.0110209, 63.1478585], [13.0105629, 63.147744], [13.0102767, 63.1478012], [13.0102767, 63.1478585]]]}}, {"type": "Feature", "id": "way/692070967", "properties": {"import": "yes", "landuse": "forest", "natural": "wetland", "source": "NV NMD2018", "@id": "way/692070967", "@type": "way", "osm_id": 692070967}, "geometry": {"type": "Polygon", "coordinates": [[[13.072788, 63.1488889], [13.0727308, 63.1487744], [13.0726449, 63.1487744], [13.0725591, 63.1488603], [13.0725591, 63.1489461], [13.0723873, 63.1491179], [13.0721011, 63.1490034], [13.0719866, 63.1491751], [13.0721011, 63.1493469], [13.0731315, 63.1491751], [13.0730743, 63.1491179], [13.0729025, 63.1491179], [13.072788, 63.1488889]]]}}, {"type": "Feature", "id": "way/692070976", "properties": {"import": "yes", "landuse": "forest", "natural": "wetland", "source": "NV NMD2018", "@id": "way/692070976", "@type": "way", "osm_id": 692070976}, "geometry": {"type": "Polygon", "coordinates": [[[13.0305414, 63.1625132], [13.0305986, 63.1626277], [13.0307131, 63.1626277], [13.0307703, 63.1627421], [13.0314573, 63.1625132], [13.0320297, 63.1620552], [13.031858, 63.1620552], [13.0309993, 63.1624559], [13.0305414, 63.1625132]]]}}, {"type": "Feature", "id": "way/692071004", "properties": {"import": "yes", "natural": "wetland", "source": "NV NMD2018", "wetland": "bog", "@id": "way/692071004", "@type": "way", "osm_id": 692071004}, "geometry": {"type": "Polygon", "coordinates": [[[13.0573608, 63.1058408], [13.0571602, 63.1058408], [13.0569885, 63.1056118], [13.0569885, 63.1054973], [13.0569598, 63.1053828], [13.0569312, 63.1053828], [13.0567595, 63.1058408], [13.0568167, 63.1059553], [13.0572174, 63.1060698], [13.0574439, 63.1060487], [13.0573608, 63.1058408]]]}}, {"type": "Feature", "id": "way/692071007", "properties": {"import": "yes", "landuse": "forest", "natural": "wetland", "source": "NV NMD2018", "@id": "way/692071007", "@type": "way", "osm_id": 692071007}, "geometry": {"type": "Polygon", "coordinates": [[[13.0109636, 63.1131681], [13.0112499, 63.1132826], [13.0115361, 63.1132826], [13.0114788, 63.1131681], [13.0109636, 63.1131681]]]}}, {"type": "Feature", "id": "way/692071018", "properties": {"import": "yes", "landuse": "forest", "natural": "wetland", "source": "NV NMD2018", "@id": "way/692071018", "@type": "way", "osm_id": 692071018}, "geometry": {"type": "Polygon", "coordinates": [[[13.0355789, 63.1038945], [13.0352354, 63.1038945], [13.034892, 63.104009], [13.0349492, 63.1041235], [13.0350351, 63.1041235], [13.035121, 63.1040948], [13.035121, 63.1040662], [13.0356934, 63.104009], [13.0356362, 63.1038945], [13.0355789, 63.1038945]]]}}, {"type": "Feature", "id": "way/692071019", "properties": {"import": "yes", "landuse": "forest", "natural": "wetland", "source": "NV NMD2018", "@id": "way/692071019", "@type": "way", "osm_id": 692071019}, "geometry": {"type": "Polygon", "coordinates": [[[13.0560726, 63.1043524], [13.0560726, 63.1044097], [13.0563015, 63.1044669], [13.0565305, 63.1042379], [13.0564733, 63.1041235], [13.0562443, 63.1041235], [13.0560726, 63.1042379], [13.0560726, 63.1043524]]]}}, {"type": "Feature", "id": "way/692071028", "properties": {"import": "yes", "landuse": "forest", "natural": "wetland", "source": "NV NMD2018", "@id": "way/692071028", "@type": "way", "osm_id": 692071028}, "geometry": {"type": "Polygon", "coordinates": [[[13.0966019, 63.1061843], [13.0966019, 63.1060698], [13.0970598, 63.1059553], [13.0976323, 63.1057836], [13.097575, 63.1057263], [13.0972888, 63.1057263], [13.0970026, 63.1056118], [13.0968309, 63.1056118], [13.0967164, 63.1058408], [13.0965446, 63.1057263], [13.0963729, 63.1058408], [13.0962584, 63.1058408], [13.0963157, 63.1059553], [13.0964874, 63.1060125], [13.0962584, 63.106127], [13.0966019, 63.1061843]]]}}, {"type": "Feature", "id": "way/692071030", "properties": {"import": "yes", "landuse": "forest", "natural": "wetland", "source": "NV NMD2018", "@id": "way/692071030", "@type": "way", "osm_id": 692071030}, "geometry": {"type": "Polygon", "coordinates": [[[13.0022624, 63.1068712], [13.0020334, 63.1068712], [13.0018045, 63.1071002], [13.0020334, 63.1071002], [13.0022624, 63.1068712]]]}}, {"type": "Feature", "id": "way/692071034", "properties": {"import": "yes", "landuse": "forest", "natural": "wetland", "source": "NV NMD2018", "@id": "way/692071034", "@type": "way", "osm_id": 692071034}, "geometry": {"type": "Polygon", "coordinates": [[[13.0598507, 63.1547279], [13.0606521, 63.1547279], [13.0614536, 63.1546134], [13.0614536, 63.1544989], [13.0612246, 63.1546134], [13.0610529, 63.1544989], [13.0606808, 63.1544989], [13.0603087, 63.1545275], [13.0603087, 63.1545561], [13.0598507, 63.1547279]]]}}, {"type": "Feature", "id": "way/692071035", "properties": {"import": "yes", "landuse": "forest", "natural": "wetland", "source": "NV NMD2018", "@id": "way/692071035", "@type": "way", "osm_id": 692071035}, "geometry": {"type": "Polygon", "coordinates": [[[13.0303124, 63.1491179], [13.0301979, 63.1491179], [13.0300834, 63.1493469], [13.0299689, 63.1495758], [13.0298544, 63.1496331], [13.0300834, 63.1497476], [13.0298544, 63.1498621], [13.0298544, 63.1498907], [13.0299975, 63.1499193], [13.0301407, 63.1499193], [13.0306559, 63.1494613], [13.0310566, 63.1495758], [13.0312283, 63.1495186], [13.0315718, 63.1493469], [13.0316863, 63.1491179], [13.0315145, 63.1491179], [13.0308848, 63.1493469], [13.0306559, 63.1492324], [13.0311138, 63.1490606], [13.0310566, 63.1490034], [13.0307703, 63.1490034], [13.0303124, 63.1491179]]]}}, {"type": "Feature", "id": "way/692071036", "properties": {"import": "yes", "landuse": "forest", "natural": "wetland", "source": "NV NMD2018", "@id": "way/692071036", "@type": "way", "osm_id": 692071036}, "geometry": {"type": "Polygon", "coordinates": [[[13.0489742, 63.109619], [13.0493749, 63.1097334], [13.0497756, 63.1097334], [13.0497184, 63.109619], [13.0489742, 63.109619]]]}}, {"type": "Feature", "id": "way/692071040", "properties": {"import": "yes", "landuse": "forest", "natural": "wetland", "source": "NV NMD2018", "@id": "way/692071040", "@type": "way", "osm_id": 692071040}, "geometry": {"type": "Polygon", "coordinates": [[[13.0442801, 63.1209534], [13.0445091, 63.1208389], [13.0447381, 63.1208389], [13.0444519, 63.1207245], [13.0440511, 63.1208389], [13.0441084, 63.1209534], [13.0442801, 63.1209534]]]}}, {"type": "Feature", "id": "way/692071041", "properties": {"import": "yes", "landuse": "forest", "natural": "wetland", "source": "NV NMD2018", "@id": "way/692071041", "@type": "way", "osm_id": 692071041}, "geometry": {"type": "Polygon", "coordinates": [[[13.0577899, 63.1124812], [13.0581906, 63.1125957], [13.0585913, 63.1125957], [13.0585341, 63.1124812], [13.0584196, 63.1124812], [13.0582479, 63.1123667], [13.0579616, 63.1124812], [13.0577899, 63.1124812]]]}}, {"type": "Feature", "id": "way/692071042", "properties": {"import": "yes", "landuse": "forest", "natural": "wetland", "source": "NV NMD2018", "@id": "way/692071042", "@type": "way", "osm_id": 692071042}, "geometry": {"type": "Polygon", "coordinates": [[[13.0240155, 63.1249606], [13.023443, 63.1250178], [13.023443, 63.1250751], [13.0233285, 63.1252468], [13.0235575, 63.125304], [13.0237865, 63.1251895], [13.0240155, 63.1249606]]]}}, {"type": "Feature", "id": "way/692071043", "properties": {"import": "yes", "landuse": "forest", "natural": "wetland", "source": "NV NMD2018", "@id": "way/692071043", "@type": "way", "osm_id": 692071043}, "geometry": {"type": "Polygon", "coordinates": [[[13.0590493, 63.1111073], [13.0587631, 63.1111073], [13.0585913, 63.1110501], [13.0585913, 63.1109928], [13.0588203, 63.1108211], [13.0588203, 63.1107639], [13.0580761, 63.1109928], [13.0578758, 63.1109928], [13.0576754, 63.1110215], [13.0576754, 63.1110501], [13.0580189, 63.1111073], [13.0584196, 63.1111073], [13.0585913, 63.1112791], [13.0588203, 63.1113363], [13.0590493, 63.1111073]]]}}, {"type": "Feature", "id": "way/692071070", "properties": {"import": "yes", "landuse": "forest", "natural": "wetland", "source": "NV NMD2018", "@id": "way/692071070", "@type": "way", "osm_id": 692071070}, "geometry": {"type": "Polygon", "coordinates": [[[13.0118796, 63.1103059], [13.0118796, 63.1103631], [13.0120513, 63.1104204], [13.0122803, 63.1104204], [13.0123375, 63.1105349], [13.01291, 63.1102486], [13.0128527, 63.1101914], [13.0125665, 63.1101914], [13.0118796, 63.1103059]]]}}, {"type": "Feature", "id": "way/692071125", "properties": {"import": "yes", "landuse": "forest", "natural": "wetland", "source": "NV NMD2018", "@id": "way/692071125", "@type": "way", "osm_id": 692071125}, "geometry": {"type": "Polygon", "coordinates": [[[13.0630564, 63.1183202], [13.0623695, 63.1183774], [13.0623695, 63.1184347], [13.0630564, 63.1183774], [13.0630564, 63.1183202]]]}}, {"type": "Feature", "id": "way/692071127", "properties": {"import": "yes", "landuse": "forest", "natural": "wetland", "source": "NV NMD2018", "@id": "way/692071127", "@type": "way", "osm_id": 692071127}, "geometry": {"type": "Polygon", "coordinates": [[[13.0805733, 63.1177477], [13.0805733, 63.117805], [13.0804016, 63.1178622], [13.0802299, 63.1180912], [13.0808023, 63.1178622], [13.0807451, 63.1177477], [13.0805733, 63.1177477]]]}}, {"type": "Feature", "id": "way/692071128", "properties": {"import": "yes", "landuse": "forest", "natural": "wetland", "source": "NV NMD2018", "@id": "way/692071128", "@type": "way", "osm_id": 692071128}, "geometry": {"type": "Polygon", "coordinates": [[[13.0121085, 63.1183202], [13.0123375, 63.1180912], [13.0125665, 63.1180339], [13.0125665, 63.1180053], [13.012452, 63.1179767], [13.0123375, 63.1179767], [13.012223, 63.1178622], [13.0115361, 63.1179195], [13.0114216, 63.1179767], [13.0114216, 63.1180912], [13.0113071, 63.1182629], [13.0119368, 63.1183202], [13.011994, 63.1184347], [13.0118796, 63.1186064], [13.0115361, 63.1187781], [13.0118223, 63.1187781], [13.0121085, 63.1183202]]]}}, {"type": "Feature", "id": "way/692071143", "properties": {"import": "yes", "landuse": "forest", "natural": "wetland", "source": "NV NMD2018", "@id": "way/692071143", "@type": "way", "osm_id": 692071143}, "geometry": {"type": "Polygon", "coordinates": [[[13.0145128, 63.1216404], [13.0139404, 63.1216976], [13.0139404, 63.1217549], [13.0141121, 63.1218693], [13.0145128, 63.1216976], [13.0145128, 63.1216404]]]}}, {"type": "Feature", "id": "way/692071145", "properties": {"import": "yes", "landuse": "forest", "natural": "wetland", "source": "NV NMD2018", "@id": "way/692071145", "@type": "way", "osm_id": 692071145}, "geometry": {"type": "Polygon", "coordinates": [[[13.0425628, 63.1225563], [13.0425628, 63.122499], [13.0427918, 63.1224418], [13.04262, 63.1220983], [13.0425055, 63.1220983], [13.042391, 63.1218693], [13.0422193, 63.1218693], [13.0422766, 63.1223273], [13.0425628, 63.1225563]]]}}, {"type": "Feature", "id": "way/692071152", "properties": {"import": "yes", "landuse": "forest", "natural": "wetland", "source": "NV NMD2018", "@id": "way/692071152", "@type": "way", "osm_id": 692071152}, "geometry": {"type": "Polygon", "coordinates": [[[13.0197793, 63.125533], [13.0194931, 63.125533], [13.0192069, 63.1256475], [13.0194931, 63.1256475], [13.0197793, 63.125533]]]}}, {"type": "Feature", "id": "way/692071154", "properties": {"import": "yes", "landuse": "forest", "natural": "wetland", "source": "NV NMD2018", "@id": "way/692071154", "@type": "way", "osm_id": 692071154}, "geometry": {"type": "Polygon", "coordinates": [[[13.0352354, 63.1258765], [13.0352354, 63.1259337], [13.0350065, 63.125991], [13.0350065, 63.1260482], [13.0360369, 63.1261055], [13.0359796, 63.125991], [13.0356934, 63.125991], [13.0354072, 63.1258765], [13.0352354, 63.1258765]]]}}, {"type": "Feature", "id": "way/692071160", "properties": {"import": "yes", "landuse": "forest", "natural": "wetland", "source": "NV NMD2018", "@id": "way/692071160", "@type": "way", "osm_id": 692071160}, "geometry": {"type": "Polygon", "coordinates": [[[13.0076434, 63.1288532], [13.0073, 63.1290249], [13.0073, 63.1291108], [13.0073286, 63.1291967], [13.0073572, 63.1291967], [13.0076434, 63.1288532]]]}}, {"type": "Feature", "id": "way/692071167", "properties": {"import": "yes", "landuse": "forest", "natural": "wetland", "source": "NV NMD2018", "@id": "way/692071167", "@type": "way", "osm_id": 692071167}, "geometry": {"type": "Polygon", "coordinates": [[[13.0635144, 63.1296546], [13.0635144, 63.1297691], [13.0637434, 63.1298836], [13.0639723, 63.1297691], [13.0639151, 63.1296546], [13.0635144, 63.1296546]]]}}, {"type": "Feature", "id": "way/692071181", "properties": {"import": "yes", "landuse": "forest", "natural": "wetland", "source": "NV NMD2018", "@id": "way/692071181", "@type": "way", "osm_id": 692071181}, "geometry": {"type": "Polygon", "coordinates": [[[13.0825197, 63.1406456], [13.0824052, 63.1407601], [13.0824052, 63.1408746], [13.0826341, 63.1409891], [13.0828631, 63.1408174], [13.0828059, 63.1406456], [13.0825197, 63.1406456]]]}}, {"type": "Feature", "id": "way/692071182", "properties": {"import": "yes", "landuse": "forest", "natural": "wetland", "source": "NV NMD2018", "@id": "way/692071182", "@type": "way", "osm_id": 692071182}, "geometry": {"type": "Polygon", "coordinates": [[[13.0756503, 63.136295], [13.0757075, 63.1364095], [13.0757648, 63.1364095], [13.0762227, 63.1363523], [13.0759937, 63.1362378], [13.0764517, 63.1361806], [13.0763945, 63.1359516], [13.0754213, 63.1360661], [13.0754213, 63.1361233], [13.0757648, 63.1362378], [13.0756503, 63.136295]]]}}, {"type": "Feature", "id": "way/692071183", "properties": {"import": "yes", "landuse": "forest", "natural": "wetland", "source": "NV NMD2018", "@id": "way/692071183", "@type": "way", "osm_id": 692071183}, "geometry": {"type": "Polygon", "coordinates": [[[13.0197793, 63.1348067], [13.0198938, 63.1346922], [13.0199511, 63.1346922], [13.0200083, 63.1346349], [13.0200083, 63.1345777], [13.0198938, 63.1344632], [13.0196649, 63.1345777], [13.0195504, 63.1346922], [13.0197793, 63.1348067]]]}}, {"type": "Feature", "id": "way/692071185", "properties": {"import": "yes", "landuse": "forest", "natural": "wetland", "source": "NV NMD2018", "@id": "way/692071185", "@type": "way", "osm_id": 692071185}, "geometry": {"type": "Polygon", "coordinates": [[[13.0976323, 63.1356081], [13.0980902, 63.1355509], [13.0980902, 63.1354936], [13.098033, 63.1353791], [13.0979185, 63.1353791], [13.097804, 63.1354936], [13.0976895, 63.1353791], [13.0976323, 63.1356081]]]}}, {"type": "Feature", "id": "way/692071193", "properties": {"import": "yes", "landuse": "forest", "natural": "wetland", "source": "NV NMD2018", "@id": "way/692071193", "@type": "way", "osm_id": 692071193}, "geometry": {"type": "Polygon", "coordinates": [[[13.0071855, 63.1413326], [13.0074145, 63.1411036], [13.0074145, 63.1408746], [13.0071855, 63.1411036], [13.0071855, 63.1413326]]]}}, {"type": "Feature", "id": "way/692071194", "properties": {"import": "yes", "landuse": "forest", "natural": "wetland", "source": "NV NMD2018", "@id": "way/692071194", "@type": "way", "osm_id": 692071194}, "geometry": {"type": "Polygon", "coordinates": [[[13.0777111, 63.1412181], [13.0773104, 63.1412181], [13.0769097, 63.1413326], [13.0767952, 63.1415043], [13.0769097, 63.1416188], [13.0765662, 63.141905], [13.0765662, 63.1419623], [13.0767952, 63.1420195], [13.0771959, 63.1417905], [13.0774821, 63.141905], [13.0778256, 63.1415043], [13.0782835, 63.1412181], [13.0777111, 63.1412181]]]}}, {"type": "Feature", "id": "way/692071198", "properties": {"import": "yes", "landuse": "forest", "natural": "wetland", "source": "NV NMD2018", "@id": "way/692071198", "@type": "way", "osm_id": 692071198}, "geometry": {"type": "Polygon", "coordinates": [[[13.012223, 63.1430499], [13.012223, 63.1431644], [13.0123375, 63.1432789], [13.0125092, 63.1432789], [13.0125665, 63.1433362], [13.0117651, 63.1433934], [13.0122803, 63.1435079], [13.0127955, 63.1433362], [13.0127382, 63.1431644], [13.012223, 63.1430499]]]}}, {"type": "Feature", "id": "way/692071199", "properties": {"import": "yes", "landuse": "forest", "natural": "wetland", "source": "NV NMD2018", "@id": "way/692071199", "@type": "way", "osm_id": 692071199}, "geometry": {"type": "Polygon", "coordinates": [[[13.0923658, 63.1438514], [13.0925947, 63.1438514], [13.0928237, 63.1436224], [13.0923658, 63.1437369], [13.0923658, 63.1438514]]]}}, {"type": "Feature", "id": "way/692071200", "properties": {"import": "yes", "landuse": "forest", "natural": "wetland", "source": "NV NMD2018", "@id": "way/692071200", "@type": "way", "osm_id": 692071200}, "geometry": {"type": "Polygon", "coordinates": [[[13.0204663, 63.1455687], [13.020409, 63.1455687], [13.0203518, 63.1456832], [13.0205808, 63.1457977], [13.0208097, 63.1457404], [13.0209242, 63.1456832], [13.0210387, 63.1456832], [13.0209815, 63.1455687], [13.0204663, 63.1455687]]]}}, {"type": "Feature", "id": "way/692071203", "properties": {"import": "yes", "landuse": "forest", "natural": "wetland", "source": "NV NMD2018", "@id": "way/692071203", "@type": "way", "osm_id": 692071203}, "geometry": {"type": "Polygon", "coordinates": [[[13.0275646, 63.1455687], [13.0273357, 63.1455687], [13.0271067, 63.1459122], [13.0276791, 63.1457977], [13.0277936, 63.1457404], [13.0276219, 63.1456832], [13.0275646, 63.1455687]]]}}, {"type": "Feature", "id": "way/692071204", "properties": {"import": "yes", "landuse": "forest", "natural": "wetland", "source": "NV NMD2018", "@id": "way/692071204", "@type": "way", "osm_id": 692071204}, "geometry": {"type": "Polygon", "coordinates": [[[13.0814893, 63.1462556], [13.0817755, 63.1462556], [13.0820617, 63.1461411], [13.0814893, 63.1461984], [13.0814893, 63.1462556]]]}}, {"type": "Feature", "id": "way/692071205", "properties": {"import": "yes", "landuse": "forest", "natural": "wetland", "source": "NV NMD2018", "@id": "way/692071205", "@type": "way", "osm_id": 692071205}, "geometry": {"type": "Polygon", "coordinates": [[[13.0249314, 63.1462556], [13.0249314, 63.1464274], [13.0250459, 63.1465991], [13.0251604, 63.1464274], [13.0251031, 63.1462556], [13.0249314, 63.1462556]]]}}, {"type": "Feature", "id": "way/692071207", "properties": {"import": "yes", "landuse": "forest", "natural": "wetland", "source": "NV NMD2018", "@id": "way/692071207", "@type": "way", "osm_id": 692071207}, "geometry": {"type": "Polygon", "coordinates": [[[13.0794284, 63.1465991], [13.0793712, 63.1465991], [13.0793139, 63.1464274], [13.078856, 63.1462556], [13.0787987, 63.1464846], [13.078627, 63.1465991], [13.0785125, 63.1464274], [13.0785125, 63.1462556], [13.0781118, 63.1467136], [13.0778256, 63.1468281], [13.0777111, 63.1469998], [13.0777683, 63.1471716], [13.0778828, 63.147286], [13.0779973, 63.147286], [13.0781691, 63.1474005], [13.0783408, 63.1474005], [13.0785698, 63.147515], [13.0787987, 63.147515], [13.078856, 63.1476295], [13.0790277, 63.147744], [13.0797147, 63.1476295], [13.0802299, 63.147286], [13.0805161, 63.1469426], [13.0811458, 63.1470571], [13.0814893, 63.1470571], [13.081432, 63.1469426], [13.081203, 63.1469426], [13.080974, 63.1468281], [13.0801726, 63.1468281], [13.0794284, 63.1465991]]]}}, {"type": "Feature", "id": "way/692071209", "properties": {"import": "yes", "landuse": "forest", "natural": "wetland", "source": "NV NMD2018", "@id": "way/692071209", "@type": "way", "osm_id": 692071209}, "geometry": {"type": "Polygon", "coordinates": [[[13.0816037, 63.1468281], [13.0823479, 63.1467136], [13.0830921, 63.1467136], [13.0830349, 63.1465991], [13.0828059, 63.1465991], [13.0825197, 63.1464274], [13.0821762, 63.1463701], [13.0818327, 63.1464274], [13.0820617, 63.1465419], [13.0802299, 63.1465991], [13.0802299, 63.1466564], [13.081203, 63.1467136], [13.0816037, 63.1468281]]]}}, {"type": "Feature", "id": "way/692071210", "properties": {"import": "yes", "landuse": "forest", "natural": "wetland", "source": "NV NMD2018", "@id": "way/692071210", "@type": "way", "osm_id": 692071210}, "geometry": {"type": "Polygon", "coordinates": [[[13.0052392, 63.1491179], [13.0059261, 63.1488889], [13.0059261, 63.1487744], [13.0058688, 63.1486599], [13.0058116, 63.1486599], [13.0052392, 63.1491179]]]}}, {"type": "Feature", "id": "way/692071211", "properties": {"import": "yes", "landuse": "forest", "natural": "wetland", "source": "NV NMD2018", "@id": "way/692071211", "@type": "way", "osm_id": 692071211}, "geometry": {"type": "Polygon", "coordinates": [[[13.0042088, 63.1476295], [13.004266, 63.1478585], [13.0043232, 63.1478585], [13.0043805, 63.147744], [13.004495, 63.1478585], [13.0047812, 63.1476295], [13.004724, 63.147515], [13.0042088, 63.1476295]]]}}, {"type": "Feature", "id": "way/692071213", "properties": {"import": "yes", "landuse": "forest", "natural": "wetland", "source": "NV NMD2018", "@id": "way/692071213", "@type": "way", "osm_id": 692071213}, "geometry": {"type": "Polygon", "coordinates": [[[13.0044377, 63.1492324], [13.0047812, 63.1492324], [13.0051247, 63.1491179], [13.0047812, 63.1491179], [13.004495, 63.1490034], [13.0044377, 63.1492324]]]}}, {"type": "Feature", "id": "way/692071214", "properties": {"import": "yes", "landuse": "forest", "natural": "wetland", "source": "NV NMD2018", "@id": "way/692071214", "@type": "way", "osm_id": 692071214}, "geometry": {"type": "Polygon", "coordinates": [[[13.0177185, 63.1503773], [13.0177185, 63.1504345], [13.017833, 63.1504918], [13.018291, 63.1504345], [13.018291, 63.1503773], [13.0179475, 63.15032], [13.0181765, 63.1499193], [13.0179475, 63.1499193], [13.0177185, 63.1503773]]]}}, {"type": "Feature", "id": "way/692071215", "properties": {"import": "yes", "landuse": "forest", "natural": "wetland", "source": "NV NMD2018", "@id": "way/692071215", "@type": "way", "osm_id": 692071215}, "geometry": {"type": "Polygon", "coordinates": [[[13.0266487, 63.1504918], [13.026706, 63.1507207], [13.0267346, 63.1507207], [13.0267632, 63.1506921], [13.0267632, 63.1506635], [13.0268777, 63.1506062], [13.0272212, 63.1507207], [13.0274501, 63.1506062], [13.0273929, 63.1504918], [13.0266487, 63.1504918]]]}}, {"type": "Feature", "id": "way/692071216", "properties": {"import": "yes", "landuse": "forest", "natural": "wetland", "source": "NV NMD2018", "@id": "way/692071216", "@type": "way", "osm_id": 692071216}, "geometry": {"type": "Polygon", "coordinates": [[[13.0865268, 63.1575901], [13.0866985, 63.1575901], [13.0868703, 63.1574184], [13.0868416, 63.1572466], [13.086813, 63.1572466], [13.0865268, 63.1575901]]]}}, {"type": "Feature", "id": "way/692071217", "properties": {"import": "yes", "landuse": "forest", "natural": "wetland", "source": "NV NMD2018", "@id": "way/692071217", "@type": "way", "osm_id": 692071217}, "geometry": {"type": "Polygon", "coordinates": [[[13.0928237, 63.1612538], [13.0930527, 63.1611965], [13.0930527, 63.1611393], [13.0929955, 63.1610248], [13.092881, 63.1610248], [13.0928237, 63.1609103], [13.0928237, 63.1607958], [13.0929382, 63.1606813], [13.0935107, 63.1605096], [13.0937396, 63.1603379], [13.0941404, 63.1604524], [13.0944266, 63.1601089], [13.0940831, 63.1602234], [13.0938541, 63.1599944], [13.0929382, 63.1601089], [13.0927092, 63.1603951], [13.0928237, 63.1605096], [13.0924803, 63.1607386], [13.0925947, 63.1609103], [13.0924803, 63.161082], [13.092652, 63.1612538], [13.0928237, 63.1612538]]]}}, {"type": "Feature", "id": "way/692071220", "properties": {"import": "yes", "landuse": "forest", "natural": "wetland", "source": "NV NMD2018", "@id": "way/692071220", "@type": "way", "osm_id": 692071220}, "geometry": {"type": "Polygon", "coordinates": [[[13.0487452, 63.1524381], [13.0484017, 63.1524381], [13.0481728, 63.1523808], [13.0481728, 63.1523522], [13.0480297, 63.1523236], [13.0478865, 63.1523236], [13.0476003, 63.1522091], [13.0474858, 63.1523808], [13.0464554, 63.1527815], [13.0460547, 63.1526671], [13.0453678, 63.1527815], [13.0449671, 63.1527815], [13.0451388, 63.152896], [13.0453678, 63.152896], [13.0454823, 63.1530105], [13.0455395, 63.1529533], [13.0469134, 63.1528388], [13.0477148, 63.1526098], [13.0487452, 63.1524953], [13.0487452, 63.1524381]]]}}, {"type": "Feature", "id": "way/692071224", "properties": {"import": "yes", "landuse": "forest", "natural": "wetland", "source": "NV NMD2018", "@id": "way/692071224", "@type": "way", "osm_id": 692071224}, "geometry": {"type": "Polygon", "coordinates": [[[13.0841225, 63.1553003], [13.084237, 63.1548424], [13.0843515, 63.1547851], [13.0843515, 63.1547279], [13.0835501, 63.1547851], [13.0838935, 63.1548996], [13.0835501, 63.1550141], [13.0838363, 63.1550713], [13.0839508, 63.1553003], [13.0841225, 63.1553003]]]}}, {"type": "Feature", "id": "way/692071239", "properties": {"import": "yes", "landuse": "forest", "natural": "wetland", "source": "NV NMD2018", "@id": "way/692071239", "@type": "way", "osm_id": 692071239}, "geometry": {"type": "Polygon", "coordinates": [[[13.0588203, 63.1551858], [13.0585341, 63.1554148], [13.0582479, 63.1554148], [13.0583051, 63.1555293], [13.0584768, 63.1555865], [13.0580189, 63.1557583], [13.0580189, 63.1558728], [13.0579044, 63.1559873], [13.0576182, 63.1561017], [13.0574464, 63.1563307], [13.0575037, 63.1563307], [13.0576182, 63.1565597], [13.0579616, 63.1566742], [13.0581334, 63.1564452], [13.0582479, 63.1562735], [13.0585913, 63.156159], [13.0584196, 63.1561017], [13.0582479, 63.15593], [13.0587631, 63.1558728], [13.0592783, 63.155701], [13.0595072, 63.1552431], [13.05945, 63.1550713], [13.0593355, 63.1550713], [13.0591638, 63.1547279], [13.0589348, 63.1551858], [13.0588203, 63.1551858]]]}}, {"type": "Feature", "id": "way/692071244", "properties": {"import": "yes", "landuse": "forest", "natural": "wetland", "source": "NV NMD2018", "@id": "way/692071244", "@type": "way", "osm_id": 692071244}, "geometry": {"type": "Polygon", "coordinates": [[[13.0149708, 63.1553003], [13.0149708, 63.1554148], [13.0153142, 63.1555293], [13.0163447, 63.1554148], [13.0163447, 63.1553576], [13.0161729, 63.1553003], [13.0160012, 63.1552431], [13.0158867, 63.1551858], [13.0157722, 63.1552431], [13.0156577, 63.1553003], [13.0155432, 63.1553576], [13.015486, 63.1554148], [13.0154287, 63.1553576], [13.0151998, 63.1553003], [13.0149708, 63.1553003]]]}}, {"type": "Feature", "id": "way/692071251", "properties": {"import": "yes", "landuse": "forest", "natural": "wetland", "source": "NV NMD2018", "@id": "way/692071251", "@type": "way", "osm_id": 692071251}, "geometry": {"type": "Polygon", "coordinates": [[[13.0987772, 63.1575901], [13.0987199, 63.1575901], [13.0986627, 63.1573611], [13.0983765, 63.1573611], [13.0982047, 63.1573039], [13.0982047, 63.1572753], [13.0981189, 63.1572466], [13.098033, 63.1572466], [13.0978613, 63.1573611], [13.098033, 63.1575901], [13.0981475, 63.1575901], [13.0983192, 63.1577046], [13.098491, 63.1577046], [13.0986627, 63.1578191], [13.0987772, 63.1575901]]]}}, {"type": "Feature", "id": "way/692071259", "properties": {"import": "yes", "landuse": "forest", "natural": "wetland", "source": "NV NMD2018", "@id": "way/692071259", "@type": "way", "osm_id": 692071259}, "geometry": {"type": "Polygon", "coordinates": [[[13.0245879, 63.1578191], [13.0247024, 63.1577618], [13.0246451, 63.1577046], [13.0243589, 63.1577046], [13.0241299, 63.1575901], [13.0241299, 63.1575329], [13.0240155, 63.1574756], [13.023901, 63.1574756], [13.0237865, 63.1573611], [13.0235575, 63.1575901], [13.0235575, 63.1577046], [13.0237006, 63.1578191], [13.0238437, 63.1578191], [13.0240155, 63.1579336], [13.0243589, 63.1578191], [13.0245879, 63.1578191]]]}}, {"type": "Feature", "id": "way/692071267", "properties": {"import": "yes", "landuse": "forest", "natural": "wetland", "source": "NV NMD2018", "@id": "way/692071267", "@type": "way", "osm_id": 692071267}, "geometry": {"type": "Polygon", "coordinates": [[[13.0330601, 63.1615972], [13.0328312, 63.1618262], [13.0327167, 63.1620552], [13.0326022, 63.1620552], [13.0328884, 63.1621697], [13.0331746, 63.1620552], [13.0331174, 63.1619407], [13.0329456, 63.1618835], [13.0330601, 63.1617117], [13.0330601, 63.1615972]]]}}, {"type": "Feature", "id": "way/692071274", "properties": {"import": "yes", "landuse": "forest", "natural": "wetland", "source": "NV NMD2018", "@id": "way/692071274", "@type": "way", "osm_id": 692071274}, "geometry": {"type": "Polygon", "coordinates": [[[13.0924803, 63.1626277], [13.092423, 63.1627421], [13.0923658, 63.1627421], [13.0924803, 63.1628566], [13.092652, 63.1628566], [13.0928237, 63.1629711], [13.0929382, 63.1628566], [13.0929382, 63.1627994], [13.0928523, 63.1627421], [13.0927665, 63.1627421], [13.092652, 63.1626277], [13.0924803, 63.1626277]]]}}, {"type": "Feature", "id": "way/692071280", "properties": {"import": "yes", "landuse": "forest", "natural": "wetland", "source": "NV NMD2018", "@id": "way/692071280", "@type": "way", "osm_id": 692071280}, "geometry": {"type": "Polygon", "coordinates": [[[13.0261908, 63.164803], [13.0255038, 63.1648602], [13.0255038, 63.1649174], [13.0261908, 63.1648602], [13.0261908, 63.164803]]]}}, {"type": "Feature", "id": "way/692071286", "properties": {"import": "yes", "landuse": "forest", "natural": "wetland", "source": "NV NMD2018", "@id": "way/692071286", "@type": "way", "osm_id": 692071286}, "geometry": {"type": "Polygon", "coordinates": [[[13.0316863, 63.1635436], [13.031629, 63.1634291], [13.0314573, 63.1634291], [13.0313428, 63.1633718], [13.0313428, 63.1633146], [13.0308848, 63.1634291], [13.0306559, 63.1636581], [13.0316863, 63.1635436]]]}}, {"type": "Feature", "id": "way/692071289", "properties": {"import": "yes", "landuse": "forest", "natural": "wetland", "source": "NV NMD2018", "@id": "way/692071289", "@type": "way", "osm_id": 692071289}, "geometry": {"type": "Polygon", "coordinates": [[[13.0265342, 63.1636581], [13.0263052, 63.1637153], [13.0263052, 63.1637439], [13.0265629, 63.1637726], [13.0268205, 63.1637726], [13.0269349, 63.163887], [13.0271067, 63.163887], [13.0270494, 63.1636581], [13.0265342, 63.1636581]]]}}, {"type": "Feature", "id": "way/692071291", "properties": {"import": "yes", "landuse": "forest", "natural": "wetland", "source": "NV NMD2018", "@id": "way/692071291", "@type": "way", "osm_id": 692071291}, "geometry": {"type": "Polygon", "coordinates": [[[13.0296254, 63.1640015], [13.0296254, 63.1639443], [13.0300834, 63.163887], [13.0305414, 63.1637153], [13.0305414, 63.1636581], [13.029282, 63.1637153], [13.0289385, 63.163887], [13.028824, 63.164116], [13.0296254, 63.1640015]]]}}, {"type": "Feature", "id": "way/692071368", "properties": {"import": "yes", "landuse": "forest", "natural": "wetland", "source": "NV NMD2018", "@id": "way/692071368", "@type": "way", "osm_id": 692071368}, "geometry": {"type": "Polygon", "coordinates": [[[13.0817182, 63.1027496], [13.08189, 63.1027496], [13.0820617, 63.1026351], [13.0813748, 63.1026923], [13.0817182, 63.1027496]]]}}, {"type": "Feature", "id": "way/692071372", "properties": {"import": "yes", "landuse": "forest", "natural": "wetland", "source": "NV NMD2018", "@id": "way/692071372", "@type": "way", "osm_id": 692071372}, "geometry": {"type": "Polygon", "coordinates": [[[13.0529813, 63.1125957], [13.0528668, 63.1125957], [13.0527524, 63.1128247], [13.0528668, 63.1130536], [13.0530958, 63.1130536], [13.0532103, 63.1128819], [13.0531531, 63.1127102], [13.0530386, 63.1127102], [13.0529813, 63.1125957]]]}}, {"type": "Feature", "id": "way/692071373", "properties": {"import": "yes", "landuse": "forest", "natural": "wetland", "source": "NV NMD2018", "@id": "way/692071373", "@type": "way", "osm_id": 692071373}, "geometry": {"type": "Polygon", "coordinates": [[[13.0700403, 63.1508352], [13.0696396, 63.1507207], [13.0692389, 63.150778], [13.0692389, 63.1508066], [13.0692389, 63.1508638], [13.0692389, 63.1508925], [13.0693533, 63.1509497], [13.0696968, 63.1508352], [13.0700403, 63.1508352]]]}}, {"type": "Feature", "id": "way/692071384", "properties": {"import": "yes", "landuse": "forest", "natural": "wetland", "source": "NV NMD2018", "@id": "way/692071384", "@type": "way", "osm_id": 692071384}, "geometry": {"type": "Polygon", "coordinates": [[[13.0450815, 63.1208389], [13.0454823, 63.1209534], [13.045883, 63.1209534], [13.0458257, 63.1208389], [13.0450815, 63.1208389]]]}}, {"type": "Feature", "id": "way/692071386", "properties": {"import": "yes", "landuse": "forest", "natural": "wetland", "source": "NV NMD2018", "@id": "way/692071386", "@type": "way", "osm_id": 692071386}, "geometry": {"type": "Polygon", "coordinates": [[[13.0100477, 63.1409891], [13.0093608, 63.1412181], [13.0093608, 63.1414471], [13.0098187, 63.1411036], [13.0100477, 63.1410464], [13.0100477, 63.1409891]]]}}, {"type": "Feature", "id": "way/692071396", "properties": {"import": "yes", "landuse": "forest", "natural": "wetland", "source": "NV NMD2018", "@id": "way/692071396", "@type": "way", "osm_id": 692071396}, "geometry": {"type": "Polygon", "coordinates": [[[13.0967164, 63.131372], [13.0967164, 63.131601], [13.0968309, 63.1318299], [13.0969454, 63.131601], [13.0971743, 63.1314292], [13.0971171, 63.131372], [13.0967164, 63.131372]]]}}, {"type": "Feature", "id": "way/692071404", "properties": {"import": "yes", "landuse": "forest", "natural": "wetland", "source": "NV NMD2018", "@id": "way/692071404", "@type": "way", "osm_id": 692071404}, "geometry": {"type": "Polygon", "coordinates": [[[13.0137114, 63.1215259], [13.0131389, 63.1216404], [13.0133107, 63.1217549], [13.0134824, 63.1217549], [13.0137114, 63.1215831], [13.0137114, 63.1215259]]]}}, {"type": "Feature", "id": "way/692071406", "properties": {"import": "yes", "landuse": "forest", "natural": "wetland", "source": "NV NMD2018", "@id": "way/692071406", "@type": "way", "osm_id": 692071406}, "geometry": {"type": "Polygon", "coordinates": [[[13.0067275, 63.1217549], [13.0069565, 63.1213541], [13.0068993, 63.1209534], [13.006842, 63.1209534], [13.0067275, 63.1217549]]]}}, {"type": "Feature", "id": "way/692071407", "properties": {"import": "yes", "landuse": "forest", "natural": "wetland", "source": "NV NMD2018", "@id": "way/692071407", "@type": "way", "osm_id": 692071407}, "geometry": {"type": "Polygon", "coordinates": [[[13.0386701, 63.1194651], [13.0374107, 63.1195223], [13.0374107, 63.1195509], [13.0377256, 63.1195796], [13.0380404, 63.1195796], [13.0386701, 63.1194651]]]}}, {"type": "Feature", "id": "way/692071412", "properties": {"import": "yes", "landuse": "forest", "natural": "wetland", "source": "NV NMD2018", "@id": "way/692071412", "@type": "way", "osm_id": 692071412}, "geometry": {"type": "Polygon", "coordinates": [[[13.0925947, 63.1463701], [13.092881, 63.1463701], [13.0931672, 63.1461411], [13.0931099, 63.1459122], [13.0928237, 63.1459122], [13.0925947, 63.1462556], [13.0925947, 63.1463701]]]}}, {"type": "Feature", "id": "way/692071413", "properties": {"import": "yes", "landuse": "forest", "natural": "wetland", "source": "NV NMD2018", "@id": "way/692071413", "@type": "way", "osm_id": 692071413}, "geometry": {"type": "Polygon", "coordinates": [[[13.0859543, 63.1392718], [13.0862978, 63.1391], [13.0862406, 63.1389283], [13.0862119, 63.1389283], [13.0861833, 63.1389855], [13.0861833, 63.1390428], [13.0859543, 63.1392718]]]}}, {"type": "Feature", "id": "way/692071414", "properties": {"import": "yes", "landuse": "forest", "natural": "wetland", "source": "NV NMD2018", "@id": "way/692071414", "@type": "way", "osm_id": 692071414}, "geometry": {"type": "Polygon", "coordinates": [[[13.0851529, 63.142363], [13.0851529, 63.1425347], [13.0854391, 63.1427065], [13.0857254, 63.142592], [13.0858399, 63.1424775], [13.0859543, 63.1423057], [13.0858399, 63.142134], [13.0857254, 63.1421913], [13.0857254, 63.1422485], [13.0853819, 63.142592], [13.0851529, 63.142363]]]}}, {"type": "Feature", "id": "way/692071415", "properties": {"import": "yes", "landuse": "forest", "natural": "wetland", "source": "NV NMD2018", "@id": "way/692071415", "@type": "way", "osm_id": 692071415}, "geometry": {"type": "Polygon", "coordinates": [[[13.0801154, 63.1406456], [13.0800009, 63.1407601], [13.0798864, 63.1411036], [13.0801726, 63.1414471], [13.0804588, 63.1413326], [13.0804588, 63.1412753], [13.0803157, 63.1412181], [13.0801726, 63.1412181], [13.0800009, 63.1411036], [13.0802299, 63.1407601], [13.0801726, 63.1406456], [13.0801154, 63.1406456]]]}}, {"type": "Feature", "id": "way/692071416", "properties": {"import": "yes", "landuse": "forest", "natural": "wetland", "source": "NV NMD2018", "@id": "way/692071416", "@type": "way", "osm_id": 692071416}, "geometry": {"type": "Polygon", "coordinates": [[[13.0107347, 63.1361806], [13.0107347, 63.1358371], [13.0108491, 63.1354936], [13.0109636, 63.1353791], [13.0107347, 63.1353791], [13.0103912, 63.1352646], [13.0098187, 63.1355509], [13.0103339, 63.1356081], [13.0103912, 63.1356653], [13.0101622, 63.1357798], [13.0104484, 63.1358371], [13.0105629, 63.1361806], [13.0107347, 63.1361806]]]}}, {"type": "Feature", "id": "way/692071418", "properties": {"import": "yes", "landuse": "forest", "natural": "wetland", "source": "NV NMD2018", "@id": "way/692071418", "@type": "way", "osm_id": 692071418}, "geometry": {"type": "Polygon", "coordinates": [[[13.0030639, 63.1468281], [13.0033501, 63.1471716], [13.0036363, 63.1470571], [13.0036363, 63.1469998], [13.0035218, 63.1469426], [13.0034073, 63.1469426], [13.0032356, 63.1468281], [13.0030639, 63.1468281]]]}}, {"type": "Feature", "id": "way/692071422", "properties": {"import": "yes", "landuse": "forest", "natural": "wetland", "source": "NV NMD2018", "@id": "way/692071422", "@type": "way", "osm_id": 692071422}, "geometry": {"type": "Polygon", "coordinates": [[[13.0912209, 63.1549569], [13.0912209, 63.1551286], [13.0913354, 63.1553003], [13.0914498, 63.1551286], [13.0913926, 63.1549569], [13.0912209, 63.1549569]]]}}, {"type": "Feature", "id": "way/692071440", "properties": {"import": "yes", "landuse": "forest", "natural": "wetland", "source": "NV NMD2018", "@id": "way/692071440", "@type": "way", "osm_id": 692071440}, "geometry": {"type": "Polygon", "coordinates": [[[13.0251604, 63.1657189], [13.0253893, 63.1653182], [13.0253893, 63.1649174], [13.0251604, 63.1655471], [13.0251604, 63.1657189]]]}}, {"type": "Feature", "id": "way/692071448", "properties": {"import": "yes", "landuse": "forest", "natural": "wetland", "source": "NV NMD2018", "@id": "way/692071448", "@type": "way", "osm_id": 692071448}, "geometry": {"type": "Polygon", "coordinates": [[[13.0581334, 63.1598799], [13.0585341, 63.1598799], [13.0589348, 63.1596509], [13.0589348, 63.1594792], [13.0590493, 63.1593075], [13.0591638, 63.1592502], [13.0591065, 63.159193], [13.0585913, 63.159193], [13.0586486, 63.1594219], [13.0587631, 63.1594219], [13.0588203, 63.1595364], [13.0587058, 63.1596509], [13.0581334, 63.1598799]]]}}, {"type": "Feature", "id": "way/692071466", "properties": {"import": "yes", "landuse": "forest", "natural": "wetland", "source": "NV NMD2018", "@id": "way/692071466", "@type": "way", "osm_id": 692071466}, "geometry": {"type": "Polygon", "coordinates": [[[13.0682085, 63.1036655], [13.067865, 63.1036655], [13.0679222, 63.1038945], [13.068094, 63.1038945], [13.0682085, 63.1036655]]]}}, {"type": "Feature", "id": "way/692071474", "properties": {"import": "yes", "landuse": "forest", "natural": "wetland", "source": "NV NMD2018", "@id": "way/692071474", "@type": "way", "osm_id": 692071474}, "geometry": {"type": "Polygon", "coordinates": [[[13.0050102, 63.1132826], [13.0051247, 63.1132826], [13.0053536, 63.1131681], [13.0051819, 63.1130536], [13.0050102, 63.1131681], [13.0050102, 63.1132826]]]}}, {"type": "Feature", "id": "way/692071475", "properties": {"import": "yes", "landuse": "forest", "natural": "wetland", "source": "NV NMD2018", "@id": "way/692071475", "@type": "way", "osm_id": 692071475}, "geometry": {"type": "Polygon", "coordinates": [[[13.0054735, 63.1004258], [13.0054735, 63.1002541], [13.0052964, 63.1001163], [13.0051247, 63.1001163], [13.0052392, 63.1004598], [13.0054735, 63.1004258]]]}}, {"type": "Feature", "id": "way/692071478", "properties": {"import": "yes", "landuse": "forest", "natural": "wetland", "source": "NV NMD2018", "@id": "way/692071478", "@type": "way", "osm_id": 692071478}, "geometry": {"type": "Polygon", "coordinates": [[[13.056645, 63.1000018], [13.056416, 63.1001163], [13.056187, 63.1001736], [13.056187, 63.1002308], [13.0563015, 63.1003453], [13.0564733, 63.1003453], [13.0565305, 63.1004598], [13.0567595, 63.1004598], [13.056645, 63.1000018]]]}}, {"type": "Feature", "id": "way/692071486", "properties": {"import": "yes", "landuse": "forest", "natural": "wetland", "source": "NV NMD2018", "@id": "way/692071486", "@type": "way", "osm_id": 692071486}, "geometry": {"type": "Polygon", "coordinates": [[[13.0643158, 63.1004598], [13.0638578, 63.1004598], [13.0639151, 63.1005743], [13.0640296, 63.1005743], [13.0640868, 63.100746], [13.064602, 63.1009177], [13.0651172, 63.1008033], [13.0651172, 63.100746], [13.0649741, 63.1006888], [13.064831, 63.1006888], [13.0645448, 63.1008033], [13.0644303, 63.100746], [13.0645448, 63.1005743], [13.0644875, 63.1004598], [13.0643158, 63.1004598]]]}}, {"type": "Feature", "id": "way/692071506", "properties": {"import": "yes", "landuse": "forest", "natural": "wetland", "source": "NV NMD2018", "@id": "way/692071506", "@type": "way", "osm_id": 692071506}, "geometry": {"type": "Polygon", "coordinates": [[[13.0416469, 63.1043524], [13.0417613, 63.1042379], [13.0418758, 63.1042379], [13.0418186, 63.1041235], [13.0415896, 63.1041235], [13.0414179, 63.104009], [13.0410744, 63.104009], [13.0407882, 63.1038945], [13.040502, 63.1038945], [13.0408454, 63.1041235], [13.0412461, 63.1041235], [13.0413034, 63.1042379], [13.0414751, 63.1043524], [13.0416469, 63.1043524]]]}}, {"type": "Feature", "id": "way/692071515", "properties": {"import": "yes", "landuse": "forest", "natural": "wetland", "source": "NV NMD2018", "@id": "way/692071515", "@type": "way", "osm_id": 692071515}, "geometry": {"type": "Polygon", "coordinates": [[[13.0991207, 63.1071002], [13.0988917, 63.1071002], [13.0987772, 63.1072719], [13.0986627, 63.1073292], [13.0985482, 63.1072147], [13.0983192, 63.1072147], [13.098033, 63.1073292], [13.0979185, 63.1068712], [13.0978326, 63.1068712], [13.0977468, 63.1069285], [13.0977468, 63.1069857], [13.097575, 63.1071002], [13.0973461, 63.1069857], [13.096974, 63.1069857], [13.0966019, 63.1070143], [13.0966019, 63.1070429], [13.0961439, 63.1072147], [13.0963729, 63.1073292], [13.0966591, 63.1072147], [13.0967164, 63.1073292], [13.0970026, 63.1074437], [13.0975178, 63.1073292], [13.0982047, 63.1075581], [13.098491, 63.1075581], [13.0985482, 63.1076154], [13.0990062, 63.1076726], [13.0994641, 63.1076154], [13.0996931, 63.1074437], [13.0995214, 63.1074437], [13.0994641, 63.1073864], [13.0995786, 63.1072719], [13.0995214, 63.1072147], [13.0992924, 63.1072147], [13.0991207, 63.1071002]]]}}, {"type": "Feature", "id": "way/692071520", "properties": {"import": "yes", "landuse": "forest", "natural": "wetland", "source": "NV NMD2018", "@id": "way/692071520", "@type": "way", "osm_id": 692071520}, "geometry": {"type": "Polygon", "coordinates": [[[13.0149708, 63.1024061], [13.0149135, 63.1024061], [13.0146846, 63.1024061], [13.0145128, 63.1024061], [13.0141693, 63.1025206], [13.0140549, 63.1027496], [13.0141121, 63.1028641], [13.0142266, 63.1027496], [13.0143983, 63.1027496], [13.0148563, 63.1025778], [13.0149708, 63.1024061]]]}}, {"type": "Feature", "id": "way/692071529", "properties": {"import": "yes", "landuse": "forest", "natural": "wetland", "source": "NV NMD2018", "@id": "way/692071529", "@type": "way", "osm_id": 692071529}, "geometry": {"type": "Polygon", "coordinates": [[[13.0892745, 63.1028641], [13.0891601, 63.1028641], [13.0892745, 63.1030358], [13.0895035, 63.103093], [13.0897325, 63.1029786], [13.0896753, 63.1028641], [13.0892745, 63.1028641]]]}}, {"type": "Feature", "id": "way/692071533", "properties": {"import": "yes", "landuse": "forest", "natural": "wetland", "source": "NV NMD2018", "@id": "way/692071533", "@type": "way", "osm_id": 692071533}, "geometry": {"type": "Polygon", "coordinates": [[[13.0825197, 63.1027496], [13.0821762, 63.1028641], [13.0827486, 63.1028068], [13.0826914, 63.1027496], [13.0825197, 63.1027496]]]}}, {"type": "Feature", "id": "way/692071534", "properties": {"import": "yes", "landuse": "forest", "natural": "wetland", "source": "NV NMD2018", "@id": "way/692071534", "@type": "way", "osm_id": 692071534}, "geometry": {"type": "Polygon", "coordinates": [[[13.0691244, 63.103093], [13.0702693, 63.1030358], [13.069983, 63.1028641], [13.0696968, 63.1028641], [13.0691244, 63.103093]]]}}, {"type": "Feature", "id": "way/692071536", "properties": {"import": "yes", "landuse": "forest", "natural": "wetland", "source": "NV NMD2018", "@id": "way/692071536", "@type": "way", "osm_id": 692071536}, "geometry": {"type": "Polygon", "coordinates": [[[13.0813748, 63.103093], [13.0813748, 63.1031503], [13.0809168, 63.1034938], [13.0811458, 63.1036655], [13.0813175, 63.1036655], [13.0815465, 63.1038945], [13.0819472, 63.104009], [13.0819472, 63.1038945], [13.0820617, 63.10378], [13.0821762, 63.1034365], [13.0821189, 63.103093], [13.0820045, 63.103093], [13.0813748, 63.103093]]]}}, {"type": "Feature", "id": "way/692071540", "properties": {"import": "yes", "landuse": "forest", "natural": "wetland", "source": "NV NMD2018", "@id": "way/692071540", "@type": "way", "osm_id": 692071540}, "geometry": {"type": "Polygon", "coordinates": [[[13.0876717, 63.104009], [13.0876717, 63.1039517], [13.0875858, 63.1038945], [13.0875, 63.1038945], [13.087271, 63.1036655], [13.087042, 63.1036655], [13.0868703, 63.1034938], [13.086813, 63.103322], [13.0862978, 63.1034938], [13.086584, 63.103551], [13.0866413, 63.1036655], [13.0865268, 63.1038945], [13.0871565, 63.1038945], [13.087271, 63.104009], [13.0873568, 63.104009], [13.0875572, 63.104009], [13.0876717, 63.104009]]]}}, {"type": "Feature", "id": "way/692071541", "properties": {"import": "yes", "landuse": "forest", "natural": "wetland", "source": "NV NMD2018", "@id": "way/692071541", "@type": "way", "osm_id": 692071541}, "geometry": {"type": "Polygon", "coordinates": [[[13.0683229, 63.10378], [13.0685519, 63.1038945], [13.0686664, 63.10378], [13.0686092, 63.1036655], [13.0685233, 63.1036655], [13.0683802, 63.1036655], [13.0683229, 63.10378]]]}}, {"type": "Feature", "id": "way/692071542", "properties": {"import": "yes", "landuse": "forest", "natural": "wetland", "source": "NV NMD2018", "@id": "way/692071542", "@type": "way", "osm_id": 692071542}, "geometry": {"type": "Polygon", "coordinates": [[[13.0532103, 63.1038945], [13.0529813, 63.1038945], [13.0532103, 63.104009], [13.0535538, 63.104009], [13.0537828, 63.1039517], [13.0537255, 63.1038945], [13.0532103, 63.1038945]]]}}, {"type": "Feature", "id": "way/692071547", "properties": {"import": "yes", "landuse": "forest", "natural": "wetland", "source": "NV NMD2018", "@id": "way/692071547", "@type": "way", "osm_id": 692071547}, "geometry": {"type": "Polygon", "coordinates": [[[13.0147418, 63.10378], [13.0147418, 63.1038945], [13.0151998, 63.104009], [13.0154287, 63.104009], [13.0156577, 63.1039517], [13.015486, 63.1038945], [13.0153142, 63.1038945], [13.0150853, 63.10378], [13.015028, 63.1036655], [13.0148563, 63.10378], [13.0147418, 63.10378]]]}}, {"type": "Feature", "id": "way/692071551", "properties": {"import": "yes", "landuse": "forest", "natural": "wetland", "source": "NV NMD2018", "@id": "way/692071551", "@type": "way", "osm_id": 692071551}, "geometry": {"type": "Polygon", "coordinates": [[[13.056874, 63.1044669], [13.056874, 63.1045242], [13.0569598, 63.1045814], [13.0570457, 63.1045814], [13.0571602, 63.1046959], [13.0573319, 63.1046959], [13.0574464, 63.1045242], [13.0576754, 63.1044669], [13.0576754, 63.1044097], [13.0581334, 63.1041235], [13.0575037, 63.104009], [13.057103, 63.1041235], [13.0570457, 63.1042379], [13.0569312, 63.1041235], [13.0567595, 63.1042952], [13.056874, 63.1044669]]]}}, {"type": "Feature", "id": "way/692071557", "properties": {"import": "yes", "landuse": "forest", "natural": "wetland", "source": "NV NMD2018", "@id": "way/692071557", "@type": "way", "osm_id": 692071557}, "geometry": {"type": "Polygon", "coordinates": [[[13.0592783, 63.1048104], [13.0592783, 63.1047531], [13.0591065, 63.1046959], [13.0589348, 63.1046959], [13.0584196, 63.1045814], [13.0581334, 63.1046387], [13.0580189, 63.1048676], [13.0581906, 63.1050394], [13.0584196, 63.1050394], [13.0585341, 63.1051539], [13.0585913, 63.1052684], [13.0584768, 63.1054401], [13.058992, 63.1056118], [13.0593928, 63.1052684], [13.0592783, 63.1049821], [13.0592783, 63.1048104]]]}}, {"type": "Feature", "id": "way/692071562", "properties": {"import": "yes", "landuse": "forest", "natural": "wetland", "source": "NV NMD2018", "@id": "way/692071562", "@type": "way", "osm_id": 692071562}, "geometry": {"type": "Polygon", "coordinates": [[[13.0757648, 63.1042952], [13.0757648, 63.1043524], [13.0751923, 63.1044669], [13.0745054, 63.1050966], [13.0742764, 63.1054401], [13.0743336, 63.1056118], [13.0749633, 63.1057263], [13.0754213, 63.1055546], [13.0753641, 63.1053828], [13.0752496, 63.1052684], [13.0751351, 63.1052684], [13.0750778, 63.1051539], [13.0757075, 63.1046959], [13.0758793, 63.1045242], [13.0757648, 63.1042952]]]}}, {"type": "Feature", "id": "way/692071564", "properties": {"import": "yes", "landuse": "forest", "natural": "wetland", "source": "NV NMD2018", "@id": "way/692071564", "@type": "way", "osm_id": 692071564}, "geometry": {"type": "Polygon", "coordinates": [[[13.0114216, 63.1057263], [13.0116506, 63.1056691], [13.0116506, 63.1056404], [13.0115647, 63.1056118], [13.0114788, 63.1056118], [13.0113644, 63.1051539], [13.0110781, 63.1051539], [13.0111354, 63.1052684], [13.0113071, 63.1053256], [13.0111926, 63.1055546], [13.0112499, 63.1057263], [13.0114216, 63.1057263]]]}}, {"type": "Feature", "id": "way/692071566", "properties": {"import": "yes", "landuse": "forest", "natural": "wetland", "source": "NV NMD2018", "@id": "way/692071566", "@type": "way", "osm_id": 692071566}, "geometry": {"type": "Polygon", "coordinates": [[[13.1, 63.1054973], [13.1, 63.1051539], [13.0992351, 63.1053256], [13.0990062, 63.1054401], [13.1, 63.1054973]]]}}, {"type": "Feature", "id": "way/692071591", "properties": {"import": "yes", "landuse": "forest", "natural": "wetland", "source": "NV NMD2018", "@id": "way/692071591", "@type": "way", "osm_id": 692071591}, "geometry": {"type": "Polygon", "coordinates": [[[13.0526379, 63.1066422], [13.0528096, 63.1066422], [13.0529813, 63.1066136], [13.0529813, 63.106585], [13.0532103, 63.1064132], [13.0531531, 63.1062988], [13.0528096, 63.1064132], [13.0526379, 63.1062988], [13.0524089, 63.1062988], [13.0521799, 63.1064132], [13.0523516, 63.1064132], [13.0524661, 63.1065277], [13.0525806, 63.1065277], [13.0526379, 63.1066422]]]}}, {"type": "Feature", "id": "way/692071593", "properties": {"import": "yes", "landuse": "forest", "natural": "wetland", "source": "NV NMD2018", "@id": "way/692071593", "@type": "way", "osm_id": 692071593}, "geometry": {"type": "Polygon", "coordinates": [[[13.0504626, 63.1065277], [13.0508633, 63.1065277], [13.051264, 63.1064705], [13.0510636, 63.1064132], [13.0508633, 63.1064132], [13.0504626, 63.1062988], [13.0504626, 63.106356], [13.0504626, 63.1064705], [13.0504626, 63.1065277]]]}}, {"type": "Feature", "id": "way/692071598", "properties": {"import": "yes", "landuse": "forest", "natural": "wetland", "source": "NV NMD2018", "@id": "way/692071598", "@type": "way", "osm_id": 692071598}, "geometry": {"type": "Polygon", "coordinates": [[[13.0592926, 63.1068283], [13.0589348, 63.1069285], [13.0590875, 63.1071956], [13.0593928, 63.1072147], [13.0595072, 63.1071861], [13.0595072, 63.1071574], [13.0596161, 63.1070516], [13.0598553, 63.1070566], [13.0600725, 63.1068712], [13.0592926, 63.1068283]]]}}, {"type": "Feature", "id": "way/692071631", "properties": {"import": "yes", "landuse": "forest", "natural": "wetland", "source": "NV NMD2018", "@id": "way/692071631", "@type": "way", "osm_id": 692071631}, "geometry": {"type": "Polygon", "coordinates": [[[13.0260763, 63.1525526], [13.0266487, 63.1525526], [13.0263625, 63.1524381], [13.0260763, 63.1524953], [13.0260763, 63.1525526]]]}}, {"type": "Feature", "id": "way/692071632", "properties": {"import": "yes", "landuse": "forest", "natural": "wetland", "source": "NV NMD2018", "@id": "way/692071632", "@type": "way", "osm_id": 692071632}, "geometry": {"type": "Polygon", "coordinates": [[[13.0711852, 63.1498048], [13.0711852, 63.1495758], [13.0711279, 63.1494613], [13.0709562, 63.1494613], [13.0708417, 63.1496903], [13.0707845, 63.1496903], [13.0707272, 63.1498048], [13.0707272, 63.1499193], [13.070899, 63.1500338], [13.0709562, 63.1499193], [13.0711852, 63.1498048]]]}}, {"type": "Feature", "id": "way/692071633", "properties": {"import": "yes", "landuse": "forest", "natural": "wetland", "source": "NV NMD2018", "@id": "way/692071633", "@type": "way", "osm_id": 692071633}, "geometry": {"type": "Polygon", "coordinates": [[[13.0240155, 63.1508352], [13.0237865, 63.1508352], [13.023214, 63.1512359], [13.0226416, 63.1512932], [13.0226416, 63.1513504], [13.023214, 63.1514077], [13.0237865, 63.1512932], [13.0242444, 63.1511214], [13.0243589, 63.1509497], [13.0241299, 63.1509497], [13.0240155, 63.1508925], [13.0240155, 63.1508352]]]}}, {"type": "Feature", "id": "way/692071634", "properties": {"import": "yes", "landuse": "forest", "natural": "wetland", "source": "NV NMD2018", "@id": "way/692071634", "@type": "way", "osm_id": 692071634}, "geometry": {"type": "Polygon", "coordinates": [[[13.023214, 63.1506062], [13.023214, 63.1504345], [13.0230995, 63.1502628], [13.0228706, 63.1504345], [13.023214, 63.1506062]]]}}, {"type": "Feature", "id": "way/692071636", "properties": {"import": "yes", "landuse": "forest", "natural": "wetland", "source": "NV NMD2018", "@id": "way/692071636", "@type": "way", "osm_id": 692071636}, "geometry": {"type": "Polygon", "coordinates": [[[13.028824, 63.1451107], [13.0287095, 63.1451107], [13.0285378, 63.1451107], [13.0284806, 63.1451107], [13.0283661, 63.1452252], [13.0284806, 63.1453397], [13.028824, 63.1451107]]]}}, {"type": "Feature", "id": "way/692071639", "properties": {"import": "yes", "landuse": "forest", "natural": "wetland", "source": "NV NMD2018", "@id": "way/692071639", "@type": "way", "osm_id": 692071639}, "geometry": {"type": "Polygon", "coordinates": [[[13.0316863, 63.1491179], [13.0319152, 63.1491179], [13.031858, 63.1488889], [13.0314573, 63.1489461], [13.031629, 63.1490034], [13.0316863, 63.1491179]]]}}, {"type": "Feature", "id": "way/692071641", "properties": {"import": "yes", "landuse": "forest", "natural": "wetland", "source": "NV NMD2018", "@id": "way/692071641", "@type": "way", "osm_id": 692071641}, "geometry": {"type": "Polygon", "coordinates": [[[13.0701548, 63.1459122], [13.0700403, 63.1460267], [13.0700403, 63.1460839], [13.0700689, 63.1461411], [13.0700975, 63.1461411], [13.070212, 63.1463701], [13.0703265, 63.1463701], [13.0703838, 63.1465991], [13.0706127, 63.1463129], [13.0706127, 63.1461698], [13.0704696, 63.1460267], [13.0703265, 63.1460267], [13.0701548, 63.1459694], [13.0701548, 63.1459122]]]}}, {"type": "Feature", "id": "way/692071644", "properties": {"import": "yes", "landuse": "forest", "natural": "wetland", "source": "NV NMD2018", "@id": "way/692071644", "@type": "way", "osm_id": 692071644}, "geometry": {"type": "Polygon", "coordinates": [[[13.0686664, 63.147744], [13.0683802, 63.147744], [13.068094, 63.1477726], [13.068094, 63.1478012], [13.0682085, 63.1478585], [13.0683802, 63.1478585], [13.0684374, 63.1479157], [13.067865, 63.1480302], [13.068094, 63.1481447], [13.067865, 63.148202], [13.067636, 63.1480875], [13.0675215, 63.1478585], [13.0670063, 63.147973], [13.0667201, 63.1478585], [13.0666056, 63.1478585], [13.0663766, 63.1480875], [13.0662621, 63.1486599], [13.0658614, 63.1487744], [13.0656611, 63.1487744], [13.0654607, 63.148803], [13.0654607, 63.1488317], [13.0656897, 63.1488889], [13.0659759, 63.1488889], [13.0660904, 63.1491179], [13.0662049, 63.1491179], [13.0663766, 63.1492324], [13.0665484, 63.1492324], [13.0667201, 63.1493469], [13.0668346, 63.1491179], [13.0667773, 63.1488889], [13.0666056, 63.1488889], [13.0664911, 63.1486599], [13.0666056, 63.1484309], [13.0667773, 63.1483165], [13.0668918, 63.1484309], [13.0670063, 63.1484309], [13.067178, 63.1485454], [13.0673498, 63.1485454], [13.067407, 63.1487744], [13.0680367, 63.1485454], [13.0684374, 63.1486027], [13.0684374, 63.1486313], [13.0684947, 63.1486599], [13.0685519, 63.1486599], [13.0687237, 63.1485454], [13.0688381, 63.1486599], [13.0690099, 63.1486599], [13.0694678, 63.1484882], [13.0694106, 63.1483165], [13.0692389, 63.1482592], [13.0696396, 63.148202], [13.0701548, 63.1483165], [13.0702693, 63.1480875], [13.0702693, 63.147973], [13.0701548, 63.1478585], [13.0700403, 63.1478585], [13.0697541, 63.1480875], [13.0696396, 63.147973], [13.0694106, 63.147973], [13.0691816, 63.1478585], [13.0690099, 63.147973], [13.0688381, 63.1478585], [13.0687237, 63.1478585], [13.0686664, 63.147744]]]}}, {"type": "Feature", "id": "way/692071645", "properties": {"import": "yes", "landuse": "forest", "natural": "wetland", "source": "NV NMD2018", "@id": "way/692071645", "@type": "way", "osm_id": 692071645}, "geometry": {"type": "Polygon", "coordinates": [[[13.067178, 63.1343487], [13.0677505, 63.1343487], [13.0676933, 63.1342342], [13.0675215, 63.1342342], [13.0672925, 63.1341197], [13.067178, 63.1343487]]]}}, {"type": "Feature", "id": "way/692071650", "properties": {"import": "yes", "landuse": "forest", "natural": "wetland", "source": "NV NMD2018", "@id": "way/692071650", "@type": "way", "osm_id": 692071650}, "geometry": {"type": "Polygon", "coordinates": [[[13.0526379, 63.1303416], [13.0526379, 63.1302271], [13.0525806, 63.1301126], [13.0524089, 63.1301126], [13.0519509, 63.1302271], [13.0517219, 63.1306278], [13.0519509, 63.1307423], [13.0517219, 63.1308568], [13.0519509, 63.130914], [13.0525234, 63.130685], [13.0524089, 63.1304561], [13.0525234, 63.1303416], [13.0526379, 63.1303416]]]}}, {"type": "Feature", "id": "way/692071651", "properties": {"import": "yes", "landuse": "forest", "natural": "wetland", "source": "NV NMD2018", "@id": "way/692071651", "@type": "way", "osm_id": 692071651}, "geometry": {"type": "Polygon", "coordinates": [[[13.0449671, 63.1282808], [13.045196, 63.1282808], [13.045425, 63.128109], [13.0453678, 63.1279373], [13.045196, 63.1279373], [13.0449671, 63.1282808]]]}}, {"type": "Feature", "id": "way/692071652", "properties": {"import": "yes", "landuse": "forest", "natural": "wetland", "source": "NV NMD2018", "@id": "way/692071652", "@type": "way", "osm_id": 692071652}, "geometry": {"type": "Polygon", "coordinates": [[[13.0416469, 63.1286242], [13.0414179, 63.1286242], [13.0409599, 63.1286815], [13.0413034, 63.1287387], [13.0416469, 63.1286815], [13.0416469, 63.1286242]]]}}, {"type": "Feature", "id": "way/692071655", "properties": {"import": "yes", "landuse": "forest", "natural": "wetland", "source": "NV NMD2018", "@id": "way/692071655", "@type": "way", "osm_id": 692071655}, "geometry": {"type": "Polygon", "coordinates": [[[13.0078724, 63.1200375], [13.0076434, 63.1200375], [13.0075289, 63.1202665], [13.006842, 63.1204382], [13.0062696, 63.1207817], [13.0062696, 63.1208103], [13.0065558, 63.1208389], [13.006842, 63.1208103], [13.006842, 63.1207817], [13.0074145, 63.12061], [13.0075289, 63.1204955], [13.0081014, 63.1202092], [13.0079297, 63.120152], [13.0078724, 63.1200375]]]}}, {"type": "Feature", "id": "way/692071656", "properties": {"import": "yes", "landuse": "forest", "natural": "wetland", "source": "NV NMD2018", "@id": "way/692071656", "@type": "way", "osm_id": 692071656}, "geometry": {"type": "Polygon", "coordinates": [[[13.01291, 63.1192361], [13.01291, 63.1192933], [13.01291, 63.1193792], [13.01291, 63.1194078], [13.0130245, 63.1194651], [13.0131962, 63.1194651], [13.0132534, 63.119694], [13.0134252, 63.119694], [13.0135969, 63.1196654], [13.0135969, 63.1196368], [13.0138259, 63.1194651], [13.0140549, 63.1193506], [13.0139976, 63.1192361], [13.0138831, 63.1192361], [13.0137114, 63.1191216], [13.0134824, 63.1192933], [13.0132534, 63.1193506], [13.01291, 63.1192361]]]}}, {"type": "Feature", "id": "way/692071658", "properties": {"import": "yes", "landuse": "forest", "natural": "wetland", "source": "NV NMD2018", "@id": "way/692071658", "@type": "way", "osm_id": 692071658}, "geometry": {"type": "Polygon", "coordinates": [[[13.0291675, 63.1190071], [13.0291675, 63.1192361], [13.0293965, 63.1191788], [13.029511, 63.1190644], [13.0294537, 63.1190071], [13.0291675, 63.1190071]]]}}, {"type": "Feature", "id": "way/692071660", "properties": {"import": "yes", "landuse": "forest", "natural": "wetland", "source": "NV NMD2018", "@id": "way/692071660", "@type": "way", "osm_id": 692071660}, "geometry": {"type": "Polygon", "coordinates": [[[13.0228706, 63.1208389], [13.0226416, 63.1208389], [13.0225271, 63.1210679], [13.0228133, 63.1210679], [13.0230423, 63.1211824], [13.023443, 63.1210107], [13.023443, 63.1209821], [13.0232713, 63.1209534], [13.0230995, 63.1209534], [13.0228706, 63.1208389]]]}}, {"type": "Feature", "id": "way/692071661", "properties": {"import": "yes", "landuse": "forest", "natural": "wetland", "source": "NV NMD2018", "@id": "way/692071661", "@type": "way", "osm_id": 692071661}, "geometry": {"type": "Polygon", "coordinates": [[[13.0222981, 63.1212969], [13.0224126, 63.1211824], [13.0224126, 63.1211252], [13.0219546, 63.1210679], [13.0214967, 63.1210679], [13.0216112, 63.1211824], [13.0217257, 63.1211824], [13.021926, 63.1211824], [13.0220119, 63.1211824], [13.0221264, 63.1212969], [13.0222981, 63.1212969]]]}}, {"type": "Feature", "id": "way/692071663", "properties": {"import": "yes", "landuse": "forest", "natural": "wetland", "source": "NV NMD2018", "@id": "way/692071663", "@type": "way", "osm_id": 692071663}, "geometry": {"type": "Polygon", "coordinates": [[[13.0284806, 63.1240446], [13.028824, 63.1239302], [13.028824, 63.1238157], [13.0287095, 63.1237012], [13.0284806, 63.1240446]]]}}, {"type": "Feature", "id": "way/692071665", "properties": {"import": "yes", "landuse": "forest", "natural": "wetland", "source": "NV NMD2018", "@id": "way/692071665", "@type": "way", "osm_id": 692071665}, "geometry": {"type": "Polygon", "coordinates": [[[13.0006596, 63.1295402], [13.0006596, 63.1291967], [13.0004878, 63.1289677], [13.0003733, 63.1289677], [13.0003161, 63.1288532], [13.0000871, 63.1288532], [13.0001444, 63.1291967], [13.0003161, 63.1292539], [13.0000871, 63.1293684], [13.0006596, 63.1295402]]]}}, {"type": "Feature", "id": "way/692071666", "properties": {"import": "yes", "landuse": "forest", "natural": "wetland", "source": "NV NMD2018", "@id": "way/692071666", "@type": "way", "osm_id": 692071666}, "geometry": {"type": "Polygon", "coordinates": [[[13.0121085, 63.1471716], [13.011994, 63.1471716], [13.0119368, 63.147515], [13.0118223, 63.1476295], [13.0117078, 63.147515], [13.0115075, 63.147515], [13.0113071, 63.1476868], [13.0113071, 63.1478585], [13.0117078, 63.147744], [13.0119368, 63.1478585], [13.0120227, 63.1478585], [13.0121085, 63.1478299], [13.0121085, 63.1478012], [13.012223, 63.147744], [13.0123375, 63.1474005], [13.0121658, 63.1474005], [13.0121085, 63.1471716]]]}}, {"type": "Feature", "id": "way/692071667", "properties": {"import": "yes", "landuse": "forest", "natural": "wetland", "source": "NV NMD2018", "@id": "way/692071667", "@type": "way", "osm_id": 692071667}, "geometry": {"type": "Polygon", "coordinates": [[[13.018291, 63.1503773], [13.0188634, 63.1503773], [13.0187489, 63.1501483], [13.0186917, 63.1500338], [13.01852, 63.1500338], [13.018291, 63.1503773]]]}}, {"type": "Feature", "id": "way/692071670", "properties": {"import": "yes", "landuse": "forest", "natural": "wetland", "source": "NV NMD2018", "@id": "way/692071670", "@type": "way", "osm_id": 692071670}, "geometry": {"type": "Polygon", "coordinates": [[[13.0533248, 63.1577046], [13.0543552, 63.1577046], [13.054298, 63.1575901], [13.0538972, 63.1575901], [13.0533248, 63.1574756], [13.0529813, 63.1573611], [13.0529813, 63.1572466], [13.0527524, 63.1574184], [13.0528668, 63.1575901], [13.0530386, 63.1575901], [13.0531531, 63.1577046], [13.0533248, 63.1577046]]]}}, {"type": "Feature", "id": "way/692071676", "properties": {"import": "yes", "landuse": "forest", "natural": "wetland", "source": "NV NMD2018", "@id": "way/692071676", "@type": "way", "osm_id": 692071676}, "geometry": {"type": "Polygon", "coordinates": [[[13.0600797, 63.1072147], [13.0600797, 63.1073292], [13.0602228, 63.1074437], [13.0603659, 63.1074437], [13.0608811, 63.1073292], [13.0617398, 63.1075581], [13.062026, 63.1074437], [13.0619115, 63.1073864], [13.062026, 63.1071574], [13.0619688, 63.1069857], [13.0619401, 63.1069857], [13.0617684, 63.1069857], [13.0616253, 63.1069857], [13.0612246, 63.1071002], [13.0610815, 63.1069857], [13.0605176, 63.1069727], [13.0604232, 63.1071002], [13.0600797, 63.1072147]]]}}, {"type": "Feature", "id": "way/692071683", "properties": {"import": "yes", "landuse": "forest", "natural": "wetland", "source": "NV NMD2018", "@id": "way/692071683", "@type": "way", "osm_id": 692071683}, "geometry": {"type": "Polygon", "coordinates": [[[13.0598507, 63.1076726], [13.0598507, 63.1077299], [13.0599366, 63.1077871], [13.0600224, 63.1077871], [13.0600797, 63.1079016], [13.0602514, 63.1077871], [13.0603659, 63.1077871], [13.0604232, 63.1080161], [13.0605376, 63.1080161], [13.0606521, 63.1077871], [13.0605949, 63.1075581], [13.0603087, 63.1075581], [13.0598507, 63.1076726]]]}}, {"type": "Feature", "id": "way/692071700", "properties": {"import": "yes", "landuse": "forest", "natural": "wetland", "source": "NV NMD2018", "@id": "way/692071700", "@type": "way", "osm_id": 692071700}, "geometry": {"type": "Polygon", "coordinates": [[[13.0559581, 63.10939], [13.056187, 63.10939], [13.056416, 63.1092182], [13.056187, 63.109161], [13.0559581, 63.1092755], [13.0559581, 63.10939]]]}}, {"type": "Feature", "id": "way/692071704", "properties": {"import": "yes", "landuse": "forest", "natural": "wetland", "source": "NV NMD2018", "@id": "way/692071704", "@type": "way", "osm_id": 692071704}, "geometry": {"type": "Polygon", "coordinates": [[[13.0459975, 63.1112218], [13.0459402, 63.1112218], [13.045883, 63.1112791], [13.045883, 63.1113363], [13.0460547, 63.1114508], [13.0462837, 63.1114508], [13.0463409, 63.1115653], [13.0463982, 63.1116798], [13.0466844, 63.1113363], [13.0463409, 63.1113363], [13.0459975, 63.1112218]]]}}, {"type": "Feature", "id": "way/692071709", "properties": {"import": "yes", "landuse": "forest", "natural": "wetland", "source": "NV NMD2018", "@id": "way/692071709", "@type": "way", "osm_id": 692071709}, "geometry": {"type": "Polygon", "coordinates": [[[13.0906484, 63.1100769], [13.0904194, 63.1100769], [13.0905339, 63.1103059], [13.0906484, 63.1103059], [13.0907629, 63.1102773], [13.0907629, 63.1102486], [13.0914498, 63.1100769], [13.0906484, 63.1100769]]]}}, {"type": "Feature", "id": "way/692071712", "properties": {"import": "yes", "landuse": "forest", "natural": "wetland", "source": "NV NMD2018", "@id": "way/692071712", "@type": "way", "osm_id": 692071712}, "geometry": {"type": "Polygon", "coordinates": [[[13.0923658, 63.1101914], [13.0923658, 63.1101342], [13.0919651, 63.1100769], [13.0915643, 63.1100769], [13.0916216, 63.1101914], [13.0917361, 63.1101914], [13.0918506, 63.1103059], [13.0919364, 63.1103059], [13.0920223, 63.1102773], [13.0920223, 63.1102486], [13.0923658, 63.1101914]]]}}, {"type": "Feature", "id": "way/692071725", "properties": {"import": "yes", "landuse": "forest", "natural": "wetland", "source": "NV NMD2018", "@id": "way/692071725", "@type": "way", "osm_id": 692071725}, "geometry": {"type": "Polygon", "coordinates": [[[13.0563015, 63.1111073], [13.056416, 63.1111073], [13.0569312, 63.1112218], [13.0570743, 63.1112218], [13.0572174, 63.1110501], [13.0571602, 63.1108783], [13.0569885, 63.1108783], [13.056874, 63.1108783], [13.0560726, 63.1109356], [13.0562443, 63.1109928], [13.0563015, 63.1111073]]]}}, {"type": "Feature", "id": "way/692071731", "properties": {"import": "yes", "landuse": "forest", "natural": "wetland", "source": "NV NMD2018", "@id": "way/692071731", "@type": "way", "osm_id": 692071731}, "geometry": {"type": "Polygon", "coordinates": [[[13.0155432, 63.1114508], [13.0155432, 63.1116798], [13.0163447, 63.111508], [13.0163447, 63.1114794], [13.016316, 63.1114508], [13.0162874, 63.1114508], [13.0162302, 63.1113363], [13.0155432, 63.1114508]]]}}, {"type": "Feature", "id": "way/692071735", "properties": {"import": "yes", "landuse": "forest", "natural": "wetland", "source": "NV NMD2018", "@id": "way/692071735", "@type": "way", "osm_id": 692071735}, "geometry": {"type": "Polygon", "coordinates": [[[13.0448526, 63.1124812], [13.0448526, 63.1123095], [13.0448526, 63.1120805], [13.0448526, 63.1120232], [13.0446236, 63.1119087], [13.0439367, 63.1120805], [13.0439367, 63.1121091], [13.0440798, 63.1121377], [13.0442229, 63.1121377], [13.0443946, 63.1122522], [13.0445663, 63.1122522], [13.0446236, 63.1123667], [13.0448526, 63.1124812]]]}}, {"type": "Feature", "id": "way/692071736", "properties": {"import": "yes", "landuse": "forest", "natural": "wetland", "source": "NV NMD2018", "@id": "way/692071736", "@type": "way", "osm_id": 692071736}, "geometry": {"type": "Polygon", "coordinates": [[[13.0133679, 63.1121377], [13.0131389, 63.1121377], [13.01291, 63.112195], [13.01291, 63.1122522], [13.0134824, 63.112195], [13.0133679, 63.1121377]]]}}, {"type": "Feature", "id": "way/692071750", "properties": {"import": "yes", "landuse": "forest", "natural": "wetland", "source": "NV NMD2018", "@id": "way/692071750", "@type": "way", "osm_id": 692071750}, "geometry": {"type": "Polygon", "coordinates": [[[13.0625985, 63.1132826], [13.062484, 63.1132826], [13.062026, 63.1133399], [13.062026, 63.1133971], [13.0620833, 63.1135116], [13.062255, 63.1135116], [13.0625985, 63.1133399], [13.0625985, 63.1132826]]]}}, {"type": "Feature", "id": "way/692071756", "properties": {"import": "yes", "landuse": "forest", "natural": "wetland", "source": "NV NMD2018", "@id": "way/692071756", "@type": "way", "osm_id": 692071756}, "geometry": {"type": "Polygon", "coordinates": [[[13.0265342, 63.1139696], [13.0264197, 63.1141985], [13.0263052, 63.1141985], [13.026477, 63.114313], [13.026706, 63.1141985], [13.0267632, 63.1140841], [13.026706, 63.1139696], [13.0265342, 63.1139696]]]}}, {"type": "Feature", "id": "way/692071766", "properties": {"import": "yes", "landuse": "forest", "natural": "wetland", "source": "NV NMD2018", "@id": "way/692071766", "@type": "way", "osm_id": 692071766}, "geometry": {"type": "Polygon", "coordinates": [[[13.0280226, 63.1156869], [13.0280226, 63.1155724], [13.0279367, 63.1154579], [13.0278509, 63.1154579], [13.0277936, 63.1153434], [13.0275646, 63.1154007], [13.0275646, 63.1154293], [13.0275646, 63.1156297], [13.0275646, 63.1158014], [13.0280226, 63.1156869]]]}}, {"type": "Feature", "id": "way/692071767", "properties": {"import": "yes", "landuse": "forest", "natural": "wetland", "source": "NV NMD2018", "@id": "way/692071767", "@type": "way", "osm_id": 692071767}, "geometry": {"type": "Polygon", "coordinates": [[[13.0226416, 63.1158014], [13.0225271, 63.1159159], [13.0224126, 63.1159159], [13.0221836, 63.1161449], [13.0221836, 63.1162021], [13.022384, 63.1162594], [13.0225843, 63.1162594], [13.0228133, 63.1163738], [13.022985, 63.1163738], [13.0229278, 63.1162594], [13.0227561, 63.1162021], [13.022985, 63.1160876], [13.0228133, 63.1158014], [13.0226416, 63.1158014]]]}}, {"type": "Feature", "id": "way/692071773", "properties": {"import": "yes", "landuse": "forest", "natural": "wetland", "source": "NV NMD2018", "@id": "way/692071773", "@type": "way", "osm_id": 692071773}, "geometry": {"type": "Polygon", "coordinates": [[[13.0687809, 63.1158014], [13.0687809, 63.1159159], [13.0689526, 63.1161449], [13.0690957, 63.1161449], [13.0692961, 63.1161449], [13.0693533, 63.1161449], [13.0694678, 63.1159159], [13.0694106, 63.1158014], [13.0692961, 63.1158014], [13.0691244, 63.1159159], [13.0687809, 63.1158014]]]}}, {"type": "Feature", "id": "way/692071782", "properties": {"import": "yes", "landuse": "forest", "natural": "wetland", "source": "NV NMD2018", "@id": "way/692071782", "@type": "way", "osm_id": 692071782}, "geometry": {"type": "Polygon", "coordinates": [[[13.0861833, 63.125762], [13.0861833, 63.1256475], [13.0860688, 63.1255903], [13.0860688, 63.1255616], [13.0860116, 63.125533], [13.0859543, 63.125533], [13.0858399, 63.1256475], [13.0859543, 63.125762], [13.0861833, 63.125762]]]}}, {"type": "Feature", "id": "way/692071784", "properties": {"import": "yes", "landuse": "forest", "natural": "wetland", "source": "NV NMD2018", "@id": "way/692071784", "@type": "way", "osm_id": 692071784}, "geometry": {"type": "Polygon", "coordinates": [[[13.0767952, 63.1187781], [13.0763372, 63.1188354], [13.0763372, 63.118864], [13.0763372, 63.1189212], [13.0763372, 63.1189499], [13.0765662, 63.1190071], [13.0767952, 63.1187781]]]}}, {"type": "Feature", "id": "way/692071796", "properties": {"import": "yes", "landuse": "forest", "natural": "wetland", "source": "NV NMD2018", "@id": "way/692071796", "@type": "way", "osm_id": 692071796}, "geometry": {"type": "Polygon", "coordinates": [[[13.0845805, 63.1388138], [13.0845805, 63.1387566], [13.0842942, 63.1386993], [13.0839508, 63.1386993], [13.0838935, 63.1386993], [13.083779, 63.1385848], [13.0836646, 63.1385848], [13.0835501, 63.1386993], [13.0832066, 63.1388138], [13.0829776, 63.1388711], [13.0834928, 63.1389283], [13.0835501, 63.1389855], [13.0833211, 63.1391573], [13.0833783, 63.1392718], [13.0834642, 63.1392718], [13.0835501, 63.1392431], [13.0835501, 63.1392145], [13.083779, 63.1390428], [13.0845805, 63.1388138]]]}}, {"type": "Feature", "id": "way/692071815", "properties": {"import": "yes", "landuse": "forest", "natural": "wetland", "source": "NV NMD2018", "@id": "way/692071815", "@type": "way", "osm_id": 692071815}, "geometry": {"type": "Polygon", "coordinates": [[[13.0445091, 63.1175187], [13.0447381, 63.1175187], [13.0449671, 63.117347], [13.0446808, 63.1171753], [13.0445663, 63.1171753], [13.0443946, 63.1169463], [13.0440511, 63.1170608], [13.0434787, 63.117576], [13.0435932, 63.1176332], [13.0442801, 63.1174043], [13.0444519, 63.1174043], [13.0445091, 63.1175187]]]}}, {"type": "Feature", "id": "way/692071817", "properties": {"import": "yes", "landuse": "forest", "natural": "wetland", "source": "NV NMD2018", "@id": "way/692071817", "@type": "way", "osm_id": 692071817}, "geometry": {"type": "Polygon", "coordinates": [[[13.0268777, 63.1175187], [13.0265342, 63.1175187], [13.0261908, 63.1176332], [13.0260763, 63.117805], [13.0261335, 63.1179767], [13.0263052, 63.1179767], [13.0263625, 63.1177477], [13.0265342, 63.1178622], [13.0268777, 63.117576], [13.0268777, 63.1175187]]]}}, {"type": "Feature", "id": "way/692071820", "properties": {"import": "yes", "landuse": "forest", "natural": "wetland", "source": "NV NMD2018", "@id": "way/692071820", "@type": "way", "osm_id": 692071820}, "geometry": {"type": "Polygon", "coordinates": [[[13.0196649, 63.1179767], [13.0197793, 63.1179767], [13.0200083, 63.1179767], [13.0201228, 63.1179767], [13.0200656, 63.1178622], [13.0199511, 63.1178622], [13.0197793, 63.1177477], [13.0196649, 63.1178622], [13.0196649, 63.1179767]]]}}, {"type": "Feature", "id": "way/692071823", "properties": {"import": "yes", "landuse": "forest", "natural": "wetland", "source": "NV NMD2018", "@id": "way/692071823", "@type": "way", "osm_id": 692071823}, "geometry": {"type": "Polygon", "coordinates": [[[13.0644303, 63.1183202], [13.0646593, 63.1183202], [13.0645448, 63.1179767], [13.0640868, 63.1180339], [13.0639723, 63.1181484], [13.0642586, 63.1182057], [13.0643158, 63.1183202], [13.0644303, 63.1183202]]]}}, {"type": "Feature", "id": "way/692071836", "properties": {"import": "yes", "landuse": "forest", "natural": "wetland", "source": "NV NMD2018", "@id": "way/692071836", "@type": "way", "osm_id": 692071836}, "geometry": {"type": "Polygon", "coordinates": [[[13.0148563, 63.1215259], [13.0150853, 63.1215259], [13.0149708, 63.1212969], [13.0142838, 63.1213541], [13.0142838, 63.1213828], [13.0145414, 63.1214114], [13.014799, 63.1214114], [13.0148563, 63.1215259]]]}}, {"type": "Feature", "id": "way/692071855", "properties": {"import": "yes", "landuse": "forest", "natural": "wetland", "source": "NV NMD2018", "@id": "way/692071855", "@type": "way", "osm_id": 692071855}, "geometry": {"type": "Polygon", "coordinates": [[[13.029511, 63.119694], [13.0297399, 63.119694], [13.0296827, 63.1195796], [13.0295682, 63.1195796], [13.029511, 63.1194651], [13.0291675, 63.1194651], [13.0289385, 63.1194078], [13.0289385, 63.1193792], [13.0287668, 63.1193506], [13.0284806, 63.1193506], [13.0283661, 63.1194078], [13.0283661, 63.1194937], [13.0283661, 63.1195223], [13.0287668, 63.1195796], [13.0292247, 63.1195796], [13.0293392, 63.119694], [13.029511, 63.119694]]]}}, {"type": "Feature", "id": "way/692071859", "properties": {"import": "yes", "landuse": "forest", "natural": "wetland", "source": "NV NMD2018", "@id": "way/692071859", "@type": "way", "osm_id": 692071859}, "geometry": {"type": "Polygon", "coordinates": [[[13.0653462, 63.1301126], [13.0654607, 63.1301126], [13.0655752, 63.1297691], [13.0655179, 63.1296546], [13.0654035, 63.1296546], [13.0653462, 63.1297691], [13.06506, 63.1298836], [13.0647738, 63.1299409], [13.0648883, 63.1300554], [13.0646593, 63.1301698], [13.0650027, 63.1303416], [13.0651745, 63.1301126], [13.0651172, 63.1300554], [13.0652317, 63.1299981], [13.0653462, 63.1301126]]]}}, {"type": "Feature", "id": "way/692071876", "properties": {"import": "yes", "landuse": "forest", "natural": "wetland", "source": "NV NMD2018", "@id": "way/692071876", "@type": "way", "osm_id": 692071876}, "geometry": {"type": "Polygon", "coordinates": [[[13.0108491, 63.1200375], [13.0108491, 63.1198085], [13.0107919, 63.119694], [13.0099905, 63.1198085], [13.0097329, 63.1198085], [13.0094753, 63.1198372], [13.0094753, 63.1198658], [13.0099332, 63.119923], [13.0105057, 63.119923], [13.0106774, 63.1200375], [13.0108491, 63.1200375]]]}}, {"type": "Feature", "id": "way/692071878", "properties": {"import": "yes", "landuse": "forest", "natural": "wetland", "source": "NV NMD2018", "@id": "way/692071878", "@type": "way", "osm_id": 692071878}, "geometry": {"type": "Polygon", "coordinates": [[[13.029511, 63.1200375], [13.029511, 63.1199803], [13.0293678, 63.119923], [13.0292247, 63.119923], [13.0288813, 63.1198085], [13.0284806, 63.119923], [13.0285378, 63.1200375], [13.0289958, 63.120152], [13.029511, 63.1200375]]]}}, {"type": "Feature", "id": "way/692071881", "properties": {"import": "yes", "landuse": "forest", "natural": "wetland", "source": "NV NMD2018", "@id": "way/692071881", "@type": "way", "osm_id": 692071881}, "geometry": {"type": "Polygon", "coordinates": [[[13.0279081, 63.119923], [13.0279081, 63.1198658], [13.0278222, 63.1198085], [13.0277364, 63.1198085], [13.0276791, 63.1195796], [13.0274501, 63.1198085], [13.0273357, 63.1198085], [13.0273929, 63.1200375], [13.0274501, 63.1200375], [13.0279081, 63.119923]]]}}, {"type": "Feature", "id": "way/692071882", "properties": {"import": "yes", "landuse": "forest", "natural": "wetland", "source": "NV NMD2018", "@id": "way/692071882", "@type": "way", "osm_id": 692071882}, "geometry": {"type": "Polygon", "coordinates": [[[13.0087883, 63.1202665], [13.0089028, 63.1202665], [13.0088456, 63.119923], [13.0087311, 63.119923], [13.0086738, 63.119694], [13.0084449, 63.1194651], [13.0085021, 63.1200375], [13.0086166, 63.1200375], [13.0087883, 63.1202665]]]}}, {"type": "Feature", "id": "way/692071886", "properties": {"import": "yes", "landuse": "forest", "natural": "wetland", "source": "NV NMD2018", "@id": "way/692071886", "@type": "way", "osm_id": 692071886}, "geometry": {"type": "Polygon", "coordinates": [[[13.0212677, 63.12061], [13.0211532, 63.12061], [13.0209242, 63.1206672], [13.021096, 63.1207245], [13.0212677, 63.1210679], [13.0214967, 63.1210679], [13.0214394, 63.1209534], [13.0213249, 63.1209534], [13.0212677, 63.12061]]]}}, {"type": "Feature", "id": "way/692071891", "properties": {"import": "yes", "landuse": "forest", "natural": "wetland", "source": "NV NMD2018", "@id": "way/692071891", "@type": "way", "osm_id": 692071891}, "geometry": {"type": "Polygon", "coordinates": [[[13.0757648, 63.1222128], [13.0757648, 63.1224418], [13.0763372, 63.1223846], [13.0759365, 63.1222128], [13.0757648, 63.1222128]]]}}, {"type": "Feature", "id": "way/692071894", "properties": {"import": "yes", "landuse": "forest", "natural": "wetland", "source": "NV NMD2018", "@id": "way/692071894", "@type": "way", "osm_id": 692071894}, "geometry": {"type": "Polygon", "coordinates": [[[13.0114216, 63.120152], [13.0111926, 63.120152], [13.0110209, 63.120381], [13.0107347, 63.1204955], [13.0106202, 63.12061], [13.0107919, 63.1207245], [13.0109636, 63.1207245], [13.0111926, 63.1204955], [13.0117651, 63.120381], [13.0117651, 63.1203237], [13.0116506, 63.1202665], [13.0115361, 63.1202665], [13.0114216, 63.1202092], [13.0114216, 63.120152]]]}}, {"type": "Feature", "id": "way/692071895", "properties": {"import": "yes", "landuse": "forest", "natural": "wetland", "source": "NV NMD2018", "@id": "way/692071895", "@type": "way", "osm_id": 692071895}, "geometry": {"type": "Polygon", "coordinates": [[[13.0280226, 63.1210679], [13.0280226, 63.1208389], [13.0276791, 63.1207817], [13.0279081, 63.1206672], [13.0276791, 63.12061], [13.0268777, 63.1207817], [13.0266487, 63.1208962], [13.026248, 63.1209534], [13.0257328, 63.1208389], [13.0252748, 63.1210107], [13.0263625, 63.1210679], [13.0264197, 63.1211824], [13.0261908, 63.1213541], [13.026477, 63.1214114], [13.0272212, 63.1211824], [13.0272212, 63.1210679], [13.0273929, 63.1209534], [13.0280226, 63.1210679]]]}}, {"type": "Feature", "id": "way/692071896", "properties": {"import": "yes", "landuse": "forest", "natural": "wetland", "source": "NV NMD2018", "@id": "way/692071896", "@type": "way", "osm_id": 692071896}, "geometry": {"type": "Polygon", "coordinates": [[[13.0748489, 63.1209534], [13.0748489, 63.1208389], [13.0747057, 63.1207245], [13.0745626, 63.1207245], [13.0738184, 63.1208962], [13.0748489, 63.1209534]]]}}, {"type": "Feature", "id": "way/692071899", "properties": {"import": "yes", "landuse": "forest", "natural": "wetland", "source": "NV NMD2018", "@id": "way/692071899", "@type": "way", "osm_id": 692071899}, "geometry": {"type": "Polygon", "coordinates": [[[13.0583623, 63.1210679], [13.0582479, 63.1211824], [13.0581334, 63.1211824], [13.0584196, 63.1212969], [13.0587058, 63.1212397], [13.0585341, 63.1210679], [13.0583623, 63.1210679]]]}}, {"type": "Feature", "id": "way/692071902", "properties": {"import": "yes", "landuse": "forest", "natural": "wetland", "source": "NV NMD2018", "@id": "way/692071902", "@type": "way", "osm_id": 692071902}, "geometry": {"type": "Polygon", "coordinates": [[[13.0999221, 63.1212969], [13.0999221, 63.1212397], [13.099779, 63.1211824], [13.0996359, 63.1211824], [13.0994069, 63.1210679], [13.099321, 63.1210679], [13.0992351, 63.1211252], [13.0992351, 63.1211824], [13.0995214, 63.1212969], [13.0999221, 63.1212969]]]}}, {"type": "Feature", "id": "way/692071911", "properties": {"import": "yes", "landuse": "forest", "natural": "wetland", "source": "NV NMD2018", "@id": "way/692071911", "@type": "way", "osm_id": 692071911}, "geometry": {"type": "Polygon", "coordinates": [[[13.0813748, 63.1215259], [13.081432, 63.1215259], [13.0816037, 63.1215259], [13.0817182, 63.1215259], [13.0815465, 63.1212969], [13.0813748, 63.1214114], [13.0813748, 63.1215259]]]}}, {"type": "Feature", "id": "way/692071919", "properties": {"import": "yes", "landuse": "forest", "natural": "wetland", "source": "NV NMD2018", "@id": "way/692071919", "@type": "way", "osm_id": 692071919}, "geometry": {"type": "Polygon", "coordinates": [[[13.0154287, 63.1219838], [13.0154287, 63.1221556], [13.0156291, 63.1223273], [13.0158294, 63.1223273], [13.0159439, 63.1224418], [13.0160012, 63.1226708], [13.0161729, 63.1226708], [13.0162302, 63.122728], [13.0160012, 63.1228425], [13.0160584, 63.1228998], [13.0161443, 63.1228998], [13.0162874, 63.1228998], [13.0163447, 63.1228998], [13.0165164, 63.1227853], [13.0170478, 63.1228594], [13.0168913, 63.122776], [13.0168079, 63.122496], [13.0164485, 63.1223295], [13.0164591, 63.1219838], [13.0162874, 63.1219838], [13.0161729, 63.1218693], [13.0157722, 63.1219838], [13.0154287, 63.1219838]]]}}, {"type": "Feature", "id": "way/692071926", "properties": {"import": "yes", "landuse": "forest", "natural": "wetland", "source": "NV NMD2018", "@id": "way/692071926", "@type": "way", "osm_id": 692071926}, "geometry": {"type": "Polygon", "coordinates": [[[13.0600797, 63.1226708], [13.0601369, 63.1226708], [13.0604232, 63.1226708], [13.0606521, 63.1226708], [13.0605949, 63.1225563], [13.0602514, 63.1224418], [13.0600797, 63.1226708]]]}}, {"type": "Feature", "id": "way/692071927", "properties": {"import": "yes", "landuse": "forest", "natural": "wetland", "source": "NV NMD2018", "@id": "way/692071927", "@type": "way", "osm_id": 692071927}, "geometry": {"type": "Polygon", "coordinates": [[[13.0146273, 63.1227853], [13.0146846, 63.1228998], [13.014799, 63.1228998], [13.0148563, 63.1230142], [13.0149135, 63.1230142], [13.0149708, 63.1229284], [13.0149708, 63.1228425], [13.0150853, 63.1225563], [13.0147181, 63.1225041], [13.0146461, 63.1226143], [13.0146273, 63.1227853]]]}}, {"type": "Feature", "id": "way/692071933", "properties": {"import": "yes", "landuse": "forest", "natural": "wetland", "source": "NV NMD2018", "@id": "way/692071933", "@type": "way", "osm_id": 692071933}, "geometry": {"type": "Polygon", "coordinates": [[[13.0298544, 63.1232432], [13.0299689, 63.1232432], [13.0301979, 63.1232432], [13.0303124, 63.1232432], [13.0302551, 63.1230142], [13.0300548, 63.1230142], [13.0298544, 63.1231287], [13.0298544, 63.1232432]]]}}, {"type": "Feature", "id": "way/692071936", "properties": {"import": "yes", "landuse": "forest", "natural": "wetland", "source": "NV NMD2018", "@id": "way/692071936", "@type": "way", "osm_id": 692071936}, "geometry": {"type": "Polygon", "coordinates": [[[13.0224126, 63.1250751], [13.023214, 63.1250751], [13.0228133, 63.1249606], [13.0224126, 63.1250178], [13.0224126, 63.1250751]]]}}, {"type": "Feature", "id": "way/692071938", "properties": {"import": "yes", "landuse": "forest", "natural": "wetland", "source": "NV NMD2018", "@id": "way/692071938", "@type": "way", "osm_id": 692071938}, "geometry": {"type": "Polygon", "coordinates": [[[13.001919, 63.1225563], [13.0024914, 63.1225563], [13.0026059, 63.1223846], [13.0024914, 63.1223273], [13.001919, 63.1225563]]]}}, {"type": "Feature", "id": "way/692071945", "properties": {"import": "yes", "landuse": "forest", "natural": "wetland", "source": "NV NMD2018", "@id": "way/692071945", "@type": "way", "osm_id": 692071945}, "geometry": {"type": "Polygon", "coordinates": [[[13.0269922, 63.1240446], [13.0269922, 63.1241019], [13.0270494, 63.1241591], [13.0271067, 63.1241591], [13.0274501, 63.1239874], [13.0273929, 63.1239302], [13.0271639, 63.1239302], [13.0269922, 63.1240446]]]}}, {"type": "Feature", "id": "way/692071954", "properties": {"import": "yes", "landuse": "forest", "natural": "wetland", "source": "NV NMD2018", "@id": "way/692071954", "@type": "way", "osm_id": 692071954}, "geometry": {"type": "Polygon", "coordinates": [[[13.067865, 63.1247316], [13.0687809, 63.1247316], [13.0686664, 63.1245599], [13.0685519, 63.1245026], [13.067865, 63.1246743], [13.067865, 63.1247316]]]}}, {"type": "Feature", "id": "way/692071959", "properties": {"import": "yes", "landuse": "forest", "natural": "wetland", "source": "NV NMD2018", "@id": "way/692071959", "@type": "way", "osm_id": 692071959}, "geometry": {"type": "Polygon", "coordinates": [[[13.0587058, 63.125304], [13.0585913, 63.1254185], [13.0584768, 63.1254185], [13.0585913, 63.125533], [13.0588203, 63.125533], [13.0590493, 63.1253613], [13.058992, 63.125304], [13.0587058, 63.125304]]]}}, {"type": "Feature", "id": "way/692071961", "properties": {"import": "yes", "landuse": "forest", "natural": "wetland", "source": "NV NMD2018", "@id": "way/692071961", "@type": "way", "osm_id": 692071961}, "geometry": {"type": "Polygon", "coordinates": [[[13.040273, 63.1248461], [13.040273, 63.1249033], [13.0405306, 63.1249606], [13.0407882, 63.1249606], [13.0410172, 63.1250751], [13.0411889, 63.1250178], [13.0413034, 63.1248461], [13.040273, 63.1248461]]]}}, {"type": "Feature", "id": "way/692071967", "properties": {"import": "yes", "landuse": "forest", "natural": "wetland", "source": "NV NMD2018", "@id": "way/692071967", "@type": "way", "osm_id": 692071967}, "geometry": {"type": "Polygon", "coordinates": [[[13.035121, 63.1251895], [13.0354072, 63.1251895], [13.0356934, 63.1251323], [13.0356075, 63.1250751], [13.0355217, 63.1250751], [13.0352927, 63.1249606], [13.0350065, 63.1250751], [13.034892, 63.1251895], [13.035121, 63.1251895]]]}}, {"type": "Feature", "id": "way/692071968", "properties": {"import": "yes", "landuse": "forest", "natural": "wetland", "source": "NV NMD2018", "@id": "way/692071968", "@type": "way", "osm_id": 692071968}, "geometry": {"type": "Polygon", "coordinates": [[[13.0005451, 63.1250751], [13.0005451, 63.1251895], [13.0005451, 63.1253327], [13.0005451, 63.1253613], [13.0006596, 63.1254185], [13.0007741, 63.1252468], [13.001003, 63.1250751], [13.001232, 63.1250178], [13.0011748, 63.1249606], [13.001003, 63.1249606], [13.0005451, 63.1250178], [13.0005451, 63.1250751]]]}}, {"type": "Feature", "id": "way/692071973", "properties": {"import": "yes", "landuse": "forest", "natural": "wetland", "source": "NV NMD2018", "@id": "way/692071973", "@type": "way", "osm_id": 692071973}, "geometry": {"type": "Polygon", "coordinates": [[[13.0314573, 63.1256475], [13.0314573, 63.1257047], [13.0316576, 63.125762], [13.031858, 63.125762], [13.0319152, 63.1258765], [13.0318008, 63.1261055], [13.0321442, 63.1261055], [13.0325736, 63.1261055], [13.0326594, 63.1261055], [13.0328312, 63.125991], [13.0326594, 63.125991], [13.0324304, 63.125762], [13.0314573, 63.1256475]]]}}, {"type": "Feature", "id": "way/692071975", "properties": {"import": "yes", "landuse": "forest", "natural": "wetland", "source": "NV NMD2018", "@id": "way/692071975", "@type": "way", "osm_id": 692071975}, "geometry": {"type": "Polygon", "coordinates": [[[13.0053536, 63.1269069], [13.0052392, 63.1269069], [13.0051247, 63.1270214], [13.0050102, 63.1270214], [13.0044377, 63.1271359], [13.0044377, 63.1271931], [13.0045522, 63.1272504], [13.004724, 63.1272504], [13.0047812, 63.1273076], [13.0045522, 63.1274221], [13.0051247, 63.1274793], [13.0052392, 63.1273076], [13.0055826, 63.1272504], [13.0055254, 63.1271359], [13.0054109, 63.1271359], [13.0053536, 63.1269069]]]}}, {"type": "Feature", "id": "way/692071984", "properties": {"import": "yes", "landuse": "forest", "natural": "wetland", "source": "NV NMD2018", "@id": "way/692071984", "@type": "way", "osm_id": 692071984}, "geometry": {"type": "Polygon", "coordinates": [[[13.0637434, 63.125991], [13.0637434, 63.1261055], [13.0638578, 63.12622], [13.0639723, 63.12622], [13.0645448, 63.1261627], [13.0643158, 63.125991], [13.0640868, 63.1261055], [13.0639723, 63.125991], [13.0637434, 63.125991]]]}}, {"type": "Feature", "id": "way/692071988", "properties": {"import": "yes", "landuse": "forest", "natural": "wetland", "source": "NV NMD2018", "@id": "way/692071988", "@type": "way", "osm_id": 692071988}, "geometry": {"type": "Polygon", "coordinates": [[[13.0227561, 63.1261055], [13.0227561, 63.1261627], [13.0227561, 63.1263344], [13.0228992, 63.1264489], [13.0230423, 63.1264489], [13.0230995, 63.1265634], [13.0236147, 63.1263344], [13.0243589, 63.1261627], [13.0243589, 63.1261341], [13.0242158, 63.1261055], [13.0240727, 63.1261055], [13.023901, 63.1260482], [13.023901, 63.125991], [13.0236147, 63.1261055], [13.0235575, 63.125991], [13.022985, 63.1261055], [13.0227561, 63.1261055]]]}}, {"type": "Feature", "id": "way/692072008", "properties": {"import": "yes", "landuse": "forest", "natural": "wetland", "source": "NV NMD2018", "@id": "way/692072008", "@type": "way", "osm_id": 692072008}, "geometry": {"type": "Polygon", "coordinates": [[[13.0210387, 63.1277083], [13.0210387, 63.1274793], [13.020867, 63.1272504], [13.0206953, 63.1272504], [13.0207525, 63.1274793], [13.0210387, 63.1277083]]]}}, {"type": "Feature", "id": "way/692072009", "properties": {"import": "yes", "landuse": "forest", "natural": "wetland", "source": "NV NMD2018", "@id": "way/692072009", "@type": "way", "osm_id": 692072009}, "geometry": {"type": "Polygon", "coordinates": [[[13.0459975, 63.1275938], [13.0459402, 63.1275938], [13.045654, 63.1275938], [13.045425, 63.1276225], [13.045425, 63.1276511], [13.0457112, 63.1277083], [13.0459975, 63.1275938]]]}}, {"type": "Feature", "id": "way/692072038", "properties": {"import": "yes", "landuse": "forest", "natural": "wetland", "source": "NV NMD2018", "@id": "way/692072038", "@type": "way", "osm_id": 692072038}, "geometry": {"type": "Polygon", "coordinates": [[[13.0005451, 63.1288532], [13.0007741, 63.1288532], [13.0008886, 63.1285097], [13.0008313, 63.1283953], [13.0008027, 63.1283953], [13.0007741, 63.1284239], [13.0007741, 63.1284525], [13.0003161, 63.128567], [13.0004878, 63.1286242], [13.0005451, 63.1288532]]]}}, {"type": "Feature", "id": "way/692072047", "properties": {"import": "yes", "landuse": "forest", "natural": "wetland", "source": "NV NMD2018", "@id": "way/692072047", "@type": "way", "osm_id": 692072047}, "geometry": {"type": "Polygon", "coordinates": [[[13.0502336, 63.1301126], [13.0502336, 63.1300554], [13.0501477, 63.1299981], [13.0500618, 63.1299981], [13.0500046, 63.1298836], [13.0496611, 63.1299409], [13.0500046, 63.1301126], [13.0502336, 63.1301126]]]}}, {"type": "Feature", "id": "way/692072055", "properties": {"import": "yes", "landuse": "forest", "natural": "wetland", "source": "NV NMD2018", "@id": "way/692072055", "@type": "way", "osm_id": 692072055}, "geometry": {"type": "Polygon", "coordinates": [[[13.0643158, 63.1307995], [13.0643158, 63.130914], [13.0648883, 63.1308568], [13.064831, 63.1307995], [13.0643158, 63.1307995]]]}}, {"type": "Feature", "id": "way/692072057", "properties": {"import": "yes", "landuse": "forest", "natural": "wetland", "source": "NV NMD2018", "@id": "way/692072057", "@type": "way", "osm_id": 692072057}, "geometry": {"type": "Polygon", "coordinates": [[[13.0595072, 63.1305706], [13.0595072, 63.130914], [13.0598507, 63.1308568], [13.0597362, 63.130685], [13.0600797, 63.1305133], [13.0600224, 63.1304561], [13.0598793, 63.1304561], [13.0596217, 63.1304561], [13.0595072, 63.1305133], [13.0595072, 63.1305706]]]}}, {"type": "Feature", "id": "way/692072058", "properties": {"import": "yes", "landuse": "forest", "natural": "wetland", "source": "NV NMD2018", "@id": "way/692072058", "@type": "way", "osm_id": 692072058}, "geometry": {"type": "Polygon", "coordinates": [[[13.0587058, 63.1305706], [13.0587058, 63.1307423], [13.058992, 63.130914], [13.0592783, 63.130914], [13.059221, 63.130685], [13.0590493, 63.1307995], [13.0589348, 63.130685], [13.0589348, 63.1305706], [13.0588775, 63.1304561], [13.0587917, 63.1304561], [13.0587058, 63.1305133], [13.0587058, 63.1305706]]]}}, {"type": "Feature", "id": "way/692072064", "properties": {"import": "yes", "landuse": "forest", "natural": "wetland", "source": "NV NMD2018", "@id": "way/692072064", "@type": "way", "osm_id": 692072064}, "geometry": {"type": "Polygon", "coordinates": [[[13.0090173, 63.1314865], [13.0091318, 63.1314865], [13.0092463, 63.1312575], [13.0089028, 63.131143], [13.0084449, 63.1313147], [13.0085594, 63.1314292], [13.0089028, 63.1314865], [13.0089601, 63.131372], [13.0090173, 63.1314865]]]}}, {"type": "Feature", "id": "way/692072065", "properties": {"import": "yes", "landuse": "forest", "natural": "wetland", "source": "NV NMD2018", "@id": "way/692072065", "@type": "way", "osm_id": 692072065}, "geometry": {"type": "Polygon", "coordinates": [[[13.0165736, 63.1312575], [13.0165736, 63.131372], [13.0164591, 63.1315437], [13.0165736, 63.1317155], [13.0168026, 63.1314865], [13.0167454, 63.1312575], [13.0165736, 63.1312575]]]}}, {"type": "Feature", "id": "way/692072067", "properties": {"import": "yes", "landuse": "forest", "natural": "wetland", "source": "NV NMD2018", "@id": "way/692072067", "@type": "way", "osm_id": 692072067}, "geometry": {"type": "Polygon", "coordinates": [[[13.0550421, 63.1317155], [13.0550421, 63.1316582], [13.0547559, 63.131601], [13.0544697, 63.131601], [13.0543552, 63.1317155], [13.054298, 63.1317155], [13.0542407, 63.1317727], [13.0542407, 63.1318299], [13.0545269, 63.1319444], [13.0548132, 63.1318872], [13.0550421, 63.1317155]]]}}, {"type": "Feature", "id": "way/692072071", "properties": {"import": "yes", "landuse": "forest", "natural": "wetland", "source": "NV NMD2018", "@id": "way/692072071", "@type": "way", "osm_id": 692072071}, "geometry": {"type": "Polygon", "coordinates": [[[13.0577899, 63.1321734], [13.0577899, 63.1320589], [13.0576754, 63.1318872], [13.0579044, 63.1317155], [13.0578471, 63.131601], [13.0573319, 63.131601], [13.056874, 63.1318299], [13.0572174, 63.1317155], [13.0573892, 63.1317155], [13.0574464, 63.1318299], [13.0572174, 63.1320017], [13.056874, 63.1321162], [13.056874, 63.1321734], [13.0575609, 63.1320589], [13.0577899, 63.1321734]]]}}, {"type": "Feature", "id": "way/692072073", "properties": {"import": "yes", "landuse": "forest", "natural": "wetland", "source": "NV NMD2018", "@id": "way/692072073", "@type": "way", "osm_id": 692072073}, "geometry": {"type": "Polygon", "coordinates": [[[13.0125665, 63.1318299], [13.0125665, 63.1317727], [13.0127955, 63.1317155], [13.0127955, 63.1316582], [13.0130245, 63.131601], [13.0133679, 63.131601], [13.0134824, 63.1315437], [13.0133107, 63.1314865], [13.0132534, 63.1312575], [13.0130245, 63.1312575], [13.01291, 63.131143], [13.01291, 63.1310858], [13.0128527, 63.1310285], [13.0127955, 63.1310285], [13.012681, 63.1312575], [13.012681, 63.1313147], [13.0123375, 63.1314865], [13.011994, 63.131601], [13.0118796, 63.1317727], [13.0117651, 63.1318299], [13.0118223, 63.1319444], [13.011994, 63.1319444], [13.0125665, 63.1318299]]]}}, {"type": "Feature", "id": "way/692072082", "properties": {"import": "yes", "landuse": "forest", "natural": "wetland", "source": "NV NMD2018", "@id": "way/692072082", "@type": "way", "osm_id": 692072082}, "geometry": {"type": "Polygon", "coordinates": [[[13.0974033, 63.1329748], [13.0973461, 63.1330893], [13.0973174, 63.1330893], [13.0972888, 63.1331466], [13.0973174, 63.1332038], [13.0973461, 63.1332038], [13.0974033, 63.1333183], [13.0975178, 63.1333183], [13.0976323, 63.1331466], [13.097575, 63.1329748], [13.0974033, 63.1329748]]]}}, {"type": "Feature", "id": "way/692072085", "properties": {"import": "yes", "landuse": "forest", "natural": "wetland", "source": "NV NMD2018", "@id": "way/692072085", "@type": "way", "osm_id": 692072085}, "geometry": {"type": "Polygon", "coordinates": [[[13.0004306, 63.1337763], [13.0003161, 63.1337763], [13.0002016, 63.1338908], [13.0002016, 63.1340052], [13.0004306, 63.1342342], [13.0007168, 63.1342342], [13.0007741, 63.134406], [13.0011748, 63.1345777], [13.0016327, 63.1345777], [13.00169, 63.1346349], [13.0013465, 63.1348067], [13.0015182, 63.1349212], [13.0022624, 63.1345205], [13.0023769, 63.1343487], [13.0020907, 63.1343487], [13.0018617, 63.1342342], [13.0014896, 63.1342342], [13.0010889, 63.1342342], [13.0010603, 63.1342342], [13.0009458, 63.1340052], [13.0003161, 63.133948], [13.0006596, 63.1338908], [13.001003, 63.1336618], [13.0011175, 63.1334328], [13.001461, 63.1332611], [13.0014038, 63.1332038], [13.0010603, 63.1332038], [13.0006023, 63.1333183], [13.0004306, 63.1334328], [13.0006023, 63.1335473], [13.0007168, 63.1335473], [13.0007741, 63.1336618], [13.0004306, 63.1337763]]]}}, {"type": "Feature", "id": "way/692072090", "properties": {"import": "yes", "landuse": "forest", "natural": "wetland", "source": "NV NMD2018", "@id": "way/692072090", "@type": "way", "osm_id": 692072090}, "geometry": {"type": "Polygon", "coordinates": [[[13.0716431, 63.1337763], [13.0717004, 63.1337763], [13.0717576, 63.1336618], [13.0716431, 63.1336045], [13.0716431, 63.1335473], [13.0714142, 63.1336618], [13.0714714, 63.1337763], [13.0716431, 63.1337763]]]}}, {"type": "Feature", "id": "way/692072097", "properties": {"import": "yes", "landuse": "forest", "natural": "wetland", "source": "NV NMD2018", "@id": "way/692072097", "@type": "way", "osm_id": 692072097}, "geometry": {"type": "Polygon", "coordinates": [[[13.0980902, 63.1345777], [13.0985482, 63.1345777], [13.098491, 63.1344632], [13.0983192, 63.1344632], [13.0980902, 63.1343487], [13.0977468, 63.1345205], [13.0980902, 63.1345777]]]}}, {"type": "Feature", "id": "way/692072099", "properties": {"import": "yes", "landuse": "forest", "natural": "wetland", "source": "NV NMD2018", "@id": "way/692072099", "@type": "way", "osm_id": 692072099}, "geometry": {"type": "Polygon", "coordinates": [[[13.067178, 63.1343487], [13.0668918, 63.1343487], [13.0664339, 63.1343487], [13.0662621, 63.1343487], [13.0661476, 63.1345777], [13.067178, 63.134406], [13.067178, 63.1343487]]]}}, {"type": "Feature", "id": "way/692072101", "properties": {"import": "yes", "landuse": "forest", "natural": "wetland", "source": "NV NMD2018", "@id": "way/692072101", "@type": "way", "osm_id": 692072101}, "geometry": {"type": "Polygon", "coordinates": [[[13.0993496, 63.1351501], [13.0992351, 63.1351501], [13.0992924, 63.1356081], [13.0993783, 63.1356081], [13.0994641, 63.1355795], [13.0994641, 63.1355509], [13.0996359, 63.1354936], [13.1, 63.1353791], [13.1, 63.1348067], [13.0995786, 63.1346349], [13.0997503, 63.1345777], [13.0999221, 63.1343487], [13.0993496, 63.1345205], [13.0993496, 63.1346063], [13.0993783, 63.1346922], [13.0994069, 63.1346922], [13.0994641, 63.1349212], [13.0993496, 63.1351501]]]}}, {"type": "Feature", "id": "way/692072103", "properties": {"import": "yes", "landuse": "forest", "natural": "wetland", "source": "NV NMD2018", "@id": "way/692072103", "@type": "way", "osm_id": 692072103}, "geometry": {"type": "Polygon", "coordinates": [[[13.0862978, 63.1420195], [13.0861261, 63.1420195], [13.0859543, 63.142134], [13.0864123, 63.1422485], [13.0867558, 63.1421913], [13.0868703, 63.142134], [13.0869848, 63.141905], [13.086813, 63.141905], [13.0864123, 63.142134], [13.0862978, 63.1420195]]]}}, {"type": "Feature", "id": "way/692072104", "properties": {"import": "yes", "landuse": "forest", "natural": "wetland", "source": "NV NMD2018", "@id": "way/692072104", "@type": "way", "osm_id": 692072104}, "geometry": {"type": "Polygon", "coordinates": [[[13.0969454, 63.1429354], [13.0969454, 63.1431644], [13.0971743, 63.1431072], [13.0974033, 63.1429354], [13.0973461, 63.1428209], [13.0972316, 63.1428209], [13.0970598, 63.1429354], [13.0969454, 63.1429354]]]}}, {"type": "Feature", "id": "way/692072105", "properties": {"import": "yes", "landuse": "forest", "natural": "wetland", "source": "NV NMD2018", "@id": "way/692072105", "@type": "way", "osm_id": 692072105}, "geometry": {"type": "Polygon", "coordinates": [[[13.0978613, 63.1427065], [13.0978613, 63.142592], [13.0977468, 63.1424775], [13.0976323, 63.1424775], [13.0974033, 63.142592], [13.0978613, 63.1427065]]]}}, {"type": "Feature", "id": "way/692072108", "properties": {"import": "yes", "landuse": "forest", "natural": "wetland", "source": "NV NMD2018", "@id": "way/692072108", "@type": "way", "osm_id": 692072108}, "geometry": {"type": "Polygon", "coordinates": [[[13.0881296, 63.1397297], [13.0881296, 63.1398442], [13.0883014, 63.1399587], [13.0883873, 63.1399587], [13.0884731, 63.1397297], [13.0883873, 63.1395007], [13.0883014, 63.1395007], [13.0881296, 63.1397297]]]}}, {"type": "Feature", "id": "way/692072109", "properties": {"import": "yes", "landuse": "forest", "natural": "wetland", "source": "NV NMD2018", "@id": "way/692072109", "@type": "way", "osm_id": 692072109}, "geometry": {"type": "Polygon", "coordinates": [[[13.0852674, 63.1374399], [13.0850384, 63.1374399], [13.0848095, 63.1374686], [13.0848095, 63.1374972], [13.084695, 63.1375544], [13.0845805, 63.1378407], [13.084695, 63.1380124], [13.0849239, 63.1378979], [13.0852674, 63.1374399]]]}}, {"type": "Feature", "id": "way/692072110", "properties": {"import": "yes", "landuse": "forest", "natural": "wetland", "source": "NV NMD2018", "@id": "way/692072110", "@type": "way", "osm_id": 692072110}, "geometry": {"type": "Polygon", "coordinates": [[[13.0806878, 63.1409891], [13.0810313, 63.1409891], [13.080974, 63.1405312], [13.0808023, 63.1405312], [13.0806878, 63.1405884], [13.0808596, 63.1406456], [13.0809168, 63.1407601], [13.0806878, 63.1409891]]]}}, {"type": "Feature", "id": "way/692072111", "properties": {"import": "yes", "landuse": "forest", "natural": "wetland", "source": "NV NMD2018", "@id": "way/692072111", "@type": "way", "osm_id": 692072111}, "geometry": {"type": "Polygon", "coordinates": [[[13.0748489, 63.1357226], [13.0748489, 63.1357798], [13.0749347, 63.1358371], [13.0750206, 63.1358371], [13.0751923, 63.1359516], [13.0754213, 63.1357798], [13.0753641, 63.1357226], [13.0748489, 63.1357226]]]}}, {"type": "Feature", "id": "way/692072112", "properties": {"import": "yes", "landuse": "forest", "natural": "wetland", "source": "NV NMD2018", "@id": "way/692072112", "@type": "way", "osm_id": 692072112}, "geometry": {"type": "Polygon", "coordinates": [[[13.0695823, 63.1344632], [13.0695823, 63.1345777], [13.0696682, 63.1346922], [13.0697541, 63.1346922], [13.0698686, 63.1348067], [13.0701548, 63.1346349], [13.0700975, 63.1345777], [13.0699258, 63.1345777], [13.0698113, 63.1345205], [13.0698113, 63.1344918], [13.0696968, 63.1344632], [13.0695823, 63.1344632]]]}}, {"type": "Feature", "id": "way/692072113", "properties": {"import": "yes", "landuse": "forest", "natural": "wetland", "source": "NV NMD2018", "@id": "way/692072113", "@type": "way", "osm_id": 692072113}, "geometry": {"type": "Polygon", "coordinates": [[[13.0691244, 63.1345777], [13.0691244, 63.1345205], [13.0690671, 63.1344632], [13.0687809, 63.1344632], [13.0685519, 63.1344632], [13.0686664, 63.1348067], [13.0691244, 63.1345777]]]}}, {"type": "Feature", "id": "way/692072118", "properties": {"import": "yes", "landuse": "forest", "natural": "wetland", "source": "NV NMD2018", "@id": "way/692072118", "@type": "way", "osm_id": 692072118}, "geometry": {"type": "Polygon", "coordinates": [[[13.0899615, 63.1356081], [13.0899615, 63.1354936], [13.089847, 63.1353791], [13.0897325, 63.1353791], [13.089389, 63.1353219], [13.089389, 63.1352933], [13.0892745, 63.1352646], [13.0891601, 63.1353791], [13.0893032, 63.1354936], [13.0894463, 63.1354936], [13.0895608, 63.1356081], [13.0896466, 63.1356081], [13.089847, 63.1356081], [13.0899615, 63.1356081]]]}}, {"type": "Feature", "id": "way/692072119", "properties": {"import": "yes", "landuse": "forest", "natural": "wetland", "source": "NV NMD2018", "@id": "way/692072119", "@type": "way", "osm_id": 692072119}, "geometry": {"type": "Polygon", "coordinates": [[[13.0599652, 63.1356081], [13.0597362, 63.1356081], [13.0600797, 63.1357226], [13.0604232, 63.1356653], [13.0604232, 63.1356367], [13.0601942, 63.1356081], [13.0599652, 63.1356081]]]}}, {"type": "Feature", "id": "way/692072122", "properties": {"import": "yes", "landuse": "forest", "natural": "wetland", "source": "NV NMD2018", "@id": "way/692072122", "@type": "way", "osm_id": 692072122}, "geometry": {"type": "Polygon", "coordinates": [[[13.0935107, 63.1356081], [13.0929382, 63.1356081], [13.0928237, 63.1360661], [13.0927092, 63.1361233], [13.0929955, 63.1361806], [13.0932817, 63.1361233], [13.0932817, 63.1360947], [13.0931958, 63.1360661], [13.0931099, 63.1360661], [13.0930527, 63.1360088], [13.0935107, 63.1356653], [13.0935107, 63.1356081]]]}}, {"type": "Feature", "id": "way/692072126", "properties": {"import": "yes", "landuse": "forest", "natural": "wetland", "source": "NV NMD2018", "@id": "way/692072126", "@type": "way", "osm_id": 692072126}, "geometry": {"type": "Polygon", "coordinates": [[[13.0919078, 63.1360661], [13.0921368, 63.1360661], [13.0924803, 63.1360088], [13.092423, 63.1359516], [13.0921654, 63.1359516], [13.0919078, 63.1360088], [13.0919078, 63.1360661]]]}}, {"type": "Feature", "id": "way/692072129", "properties": {"import": "yes", "landuse": "forest", "natural": "wetland", "source": "NV NMD2018", "@id": "way/692072129", "@type": "way", "osm_id": 692072129}, "geometry": {"type": "Polygon", "coordinates": [[[13.0803444, 63.1359516], [13.0808023, 63.1359516], [13.0807451, 63.1358371], [13.0805733, 63.1357798], [13.0810313, 63.1356081], [13.0807451, 63.1354936], [13.0804588, 63.1356081], [13.0803444, 63.1359516]]]}}, {"type": "Feature", "id": "way/692072132", "properties": {"import": "yes", "landuse": "forest", "natural": "wetland", "source": "NV NMD2018", "@id": "way/692072132", "@type": "way", "osm_id": 692072132}, "geometry": {"type": "Polygon", "coordinates": [[[13.0905339, 63.136295], [13.0905339, 63.1362378], [13.090305, 63.1361806], [13.090076, 63.1361806], [13.0901332, 63.1364095], [13.090305, 63.1364668], [13.090076, 63.1366385], [13.0901905, 63.1366385], [13.0903622, 63.1366385], [13.0904194, 63.1366385], [13.0905339, 63.136295]]]}}, {"type": "Feature", "id": "way/692072145", "properties": {"import": "yes", "landuse": "forest", "natural": "wetland", "source": "NV NMD2018", "@id": "way/692072145", "@type": "way", "osm_id": 692072145}, "geometry": {"type": "Polygon", "coordinates": [[[13.0905339, 63.1383559], [13.0905339, 63.1386993], [13.0907629, 63.1385276], [13.0907057, 63.1383559], [13.0905339, 63.1383559]]]}}, {"type": "Feature", "id": "way/692072147", "properties": {"import": "yes", "landuse": "forest", "natural": "wetland", "source": "NV NMD2018", "@id": "way/692072147", "@type": "way", "osm_id": 692072147}, "geometry": {"type": "Polygon", "coordinates": [[[13.0800009, 63.1381269], [13.0800009, 63.1385848], [13.0802299, 63.1383559], [13.0801726, 63.1381269], [13.0800009, 63.1381269]]]}}, {"type": "Feature", "id": "way/692072152", "properties": {"import": "yes", "landuse": "forest", "natural": "wetland", "source": "NV NMD2018", "@id": "way/692072152", "@type": "way", "osm_id": 692072152}, "geometry": {"type": "Polygon", "coordinates": [[[13.095686, 63.1384703], [13.0959722, 63.1384703], [13.0962584, 63.1383559], [13.0962584, 63.1382414], [13.095686, 63.1383559], [13.095686, 63.1384703]]]}}, {"type": "Feature", "id": "way/692072154", "properties": {"import": "yes", "landuse": "forest", "natural": "wetland", "source": "NV NMD2018", "@id": "way/692072154", "@type": "way", "osm_id": 692072154}, "geometry": {"type": "Polygon", "coordinates": [[[13.0655752, 63.1384703], [13.0655752, 63.1385848], [13.0657183, 63.1386993], [13.0658614, 63.1386993], [13.0659187, 63.1388138], [13.0660332, 63.1388138], [13.0661476, 63.1386421], [13.0660904, 63.1384703], [13.0655752, 63.1384703]]]}}, {"type": "Feature", "id": "way/692072157", "properties": {"import": "yes", "landuse": "forest", "natural": "wetland", "source": "NV NMD2018", "@id": "way/692072157", "@type": "way", "osm_id": 692072157}, "geometry": {"type": "Polygon", "coordinates": [[[13.0061551, 63.1388138], [13.0061551, 63.1386421], [13.0060406, 63.1384703], [13.0059261, 63.1386993], [13.0058688, 63.1386993], [13.0058116, 63.1387566], [13.0058116, 63.1388138], [13.0059261, 63.1389283], [13.0060406, 63.1389283], [13.0061551, 63.1388138]]]}}, {"type": "Feature", "id": "way/692072159", "properties": {"import": "yes", "landuse": "forest", "natural": "wetland", "source": "NV NMD2018", "@id": "way/692072159", "@type": "way", "osm_id": 692072159}, "geometry": {"type": "Polygon", "coordinates": [[[13.0993496, 63.1397297], [13.0993496, 63.1400732], [13.0994641, 63.1401877], [13.0995786, 63.1399587], [13.0995214, 63.1397297], [13.0993496, 63.1397297]]]}}, {"type": "Feature", "id": "way/692072161", "properties": {"import": "yes", "landuse": "forest", "natural": "wetland", "source": "NV NMD2018", "@id": "way/692072161", "@type": "way", "osm_id": 692072161}, "geometry": {"type": "Polygon", "coordinates": [[[13.0765662, 63.1397297], [13.0765662, 63.1396152], [13.0763372, 63.1395007], [13.0761082, 63.1395007], [13.075593, 63.1393863], [13.0754213, 63.139558], [13.0755358, 63.139787], [13.0757648, 63.1398442], [13.0759937, 63.139787], [13.07628, 63.1396152], [13.0764517, 63.1397297], [13.0765662, 63.1397297]]]}}, {"type": "Feature", "id": "way/692072167", "properties": {"import": "yes", "landuse": "forest", "natural": "wetland", "source": "NV NMD2018", "@id": "way/692072167", "@type": "way", "osm_id": 692072167}, "geometry": {"type": "Polygon", "coordinates": [[[13.0081014, 63.1403022], [13.0084449, 63.1403022], [13.0082159, 63.1399587], [13.0081014, 63.1401304], [13.0081014, 63.1403022]]]}}, {"type": "Feature", "id": "way/692072168", "properties": {"import": "yes", "landuse": "forest", "natural": "wetland", "source": "NV NMD2018", "@id": "way/692072168", "@type": "way", "osm_id": 692072168}, "geometry": {"type": "Polygon", "coordinates": [[[13.0932817, 63.1412181], [13.0929382, 63.1412181], [13.0929955, 63.1413326], [13.0931099, 63.1413326], [13.0932244, 63.1414471], [13.0933389, 63.1416761], [13.0935107, 63.1416761], [13.0940259, 63.1414471], [13.0945411, 63.1413898], [13.09477, 63.1412181], [13.09477, 63.1411608], [13.0946842, 63.1411036], [13.0945983, 63.1411036], [13.0944266, 63.1412181], [13.0941976, 63.1411036], [13.0939686, 63.1412753], [13.0936252, 63.1413326], [13.0932817, 63.1412753], [13.0932817, 63.1412181]]]}}, {"type": "Feature", "id": "way/692072170", "properties": {"import": "yes", "landuse": "forest", "natural": "wetland", "source": "NV NMD2018", "@id": "way/692072170", "@type": "way", "osm_id": 692072170}, "geometry": {"type": "Polygon", "coordinates": [[[13.0046667, 63.1415616], [13.0046667, 63.1414471], [13.0046667, 63.1412753], [13.0045808, 63.1412181], [13.004495, 63.1412181], [13.0043805, 63.1411036], [13.0042946, 63.1411036], [13.0041515, 63.1411036], [13.0040943, 63.1411036], [13.0038653, 63.1413898], [13.0035218, 63.1414471], [13.0036363, 63.1416188], [13.003808, 63.1416761], [13.0043232, 63.1415616], [13.0046667, 63.1415616]]]}}, {"type": "Feature", "id": "way/692072174", "properties": {"import": "yes", "landuse": "forest", "natural": "wetland", "source": "NV NMD2018", "@id": "way/692072174", "@type": "way", "osm_id": 692072174}, "geometry": {"type": "Polygon", "coordinates": [[[13.006842, 63.1416761], [13.0058116, 63.1416761], [13.0059261, 63.141905], [13.0055826, 63.1420768], [13.0055826, 63.142134], [13.0053536, 63.1424775], [13.0054681, 63.1427065], [13.0062123, 63.1428209], [13.0067848, 63.1428209], [13.006842, 63.1428782], [13.0064985, 63.1429927], [13.0067848, 63.1430499], [13.0068993, 63.1433934], [13.007071, 63.1433934], [13.0073, 63.1433362], [13.0073, 63.1433075], [13.0073, 63.1429927], [13.0073, 63.1427065], [13.0072427, 63.142592], [13.0068993, 63.1427065], [13.0067275, 63.142592], [13.0069565, 63.142363], [13.0069565, 63.1422485], [13.0068993, 63.142134], [13.0067848, 63.142134], [13.006613, 63.1422485], [13.0064985, 63.1421913], [13.006613, 63.1420768], [13.0064413, 63.1420195], [13.0063841, 63.141905], [13.0066703, 63.1417905], [13.0071282, 63.141905], [13.0073, 63.1420195], [13.0074717, 63.1420195], [13.0075289, 63.142134], [13.0079869, 63.1420768], [13.0077007, 63.141905], [13.0075862, 63.141905], [13.0074717, 63.1417905], [13.0069565, 63.1416761], [13.006842, 63.1416761]]]}}, {"type": "Feature", "id": "way/692072175", "properties": {"import": "yes", "landuse": "forest", "natural": "wetland", "source": "NV NMD2018", "@id": "way/692072175", "@type": "way", "osm_id": 692072175}, "geometry": {"type": "Polygon", "coordinates": [[[13.0813748, 63.141905], [13.0813748, 63.1420195], [13.081432, 63.142134], [13.0815465, 63.142134], [13.0816037, 63.1422485], [13.0817755, 63.1420195], [13.0818041, 63.1420195], [13.0818327, 63.1418478], [13.0817469, 63.1416761], [13.081661, 63.1416761], [13.0814893, 63.141905], [13.0813748, 63.141905]]]}}, {"type": "Feature", "id": "way/692072177", "properties": {"import": "yes", "landuse": "forest", "natural": "wetland", "source": "NV NMD2018", "@id": "way/692072177", "@type": "way", "osm_id": 692072177}, "geometry": {"type": "Polygon", "coordinates": [[[13.0976323, 63.142134], [13.0978613, 63.142134], [13.0982047, 63.1418478], [13.0981475, 63.1417905], [13.0975178, 63.1418478], [13.0972888, 63.1420768], [13.0976323, 63.142134]]]}}, {"type": "Feature", "id": "way/692072180", "properties": {"import": "yes", "landuse": "forest", "natural": "wetland", "source": "NV NMD2018", "@id": "way/692072180", "@type": "way", "osm_id": 692072180}, "geometry": {"type": "Polygon", "coordinates": [[[13.0007741, 63.142134], [13.0004878, 63.142134], [13.0002016, 63.142134], [13.0001444, 63.142134], [13.0, 63.142134], [13.0, 63.1422485], [13.0003733, 63.1422485], [13.0007168, 63.142363], [13.0010603, 63.142363], [13.0011748, 63.1424775], [13.0012893, 63.1424775], [13.0013465, 63.1426492], [13.001232, 63.1428209], [13.001003, 63.1427065], [13.0005451, 63.1427637], [13.0003161, 63.1429354], [13.0008313, 63.1429354], [13.0008886, 63.1429927], [13.0015182, 63.1430499], [13.0018903, 63.1430499], [13.0024055, 63.1430499], [13.0025487, 63.1430499], [13.0029494, 63.1431644], [13.0029494, 63.1431072], [13.0032356, 63.1430499], [13.003808, 63.1431644], [13.0038653, 63.1432789], [13.0035218, 63.1433934], [13.0036363, 63.1436224], [13.004037, 63.1436224], [13.0040943, 63.1437369], [13.0043805, 63.1438514], [13.0046667, 63.1436224], [13.004495, 63.1436224], [13.0044377, 63.1432789], [13.0043805, 63.1431644], [13.0042088, 63.1431644], [13.004037, 63.1430499], [13.0039225, 63.1430499], [13.0038653, 63.1429354], [13.0035218, 63.1428209], [13.0035218, 63.1428782], [13.0033501, 63.1429354], [13.0031783, 63.1427065], [13.0031211, 63.1427065], [13.0027776, 63.1427065], [13.0024914, 63.1427065], [13.00169, 63.142592], [13.0015182, 63.142363], [13.0013465, 63.142363], [13.0007741, 63.142134]]]}}, {"type": "Feature", "id": "way/692072184", "properties": {"import": "yes", "landuse": "forest", "natural": "wetland", "source": "NV NMD2018", "@id": "way/692072184", "@type": "way", "osm_id": 692072184}, "geometry": {"type": "Polygon", "coordinates": [[[13.0909919, 63.1432789], [13.0909919, 63.1433362], [13.0912495, 63.1433934], [13.0915071, 63.1433934], [13.0916788, 63.1435079], [13.0925947, 63.1432789], [13.0928237, 63.1431644], [13.0927665, 63.1430499], [13.0925375, 63.1430499], [13.0921368, 63.1432789], [13.0920223, 63.1432789], [13.0915643, 63.1432217], [13.0916788, 63.1431072], [13.0916216, 63.1430499], [13.0912209, 63.1429354], [13.0909919, 63.1430499], [13.0909919, 63.1432789]]]}}, {"type": "Feature", "id": "way/692072186", "properties": {"import": "yes", "landuse": "forest", "natural": "wetland", "source": "NV NMD2018", "@id": "way/692072186", "@type": "way", "osm_id": 692072186}, "geometry": {"type": "Polygon", "coordinates": [[[13.0046667, 63.1432789], [13.0046667, 63.1434506], [13.004724, 63.1436224], [13.0047812, 63.1436224], [13.0048957, 63.1435079], [13.0046667, 63.1432789]]]}}, {"type": "Feature", "id": "way/692072189", "properties": {"import": "yes", "landuse": "forest", "natural": "wetland", "source": "NV NMD2018", "@id": "way/692072189", "@type": "way", "osm_id": 692072189}, "geometry": {"type": "Polygon", "coordinates": [[[13.0047812, 63.1453397], [13.0045522, 63.1453397], [13.0046095, 63.1455687], [13.004724, 63.1455687], [13.0048957, 63.1456832], [13.0051247, 63.1456832], [13.0050674, 63.1455687], [13.0049529, 63.1455687], [13.0047812, 63.1453397]]]}}, {"type": "Feature", "id": "way/692072190", "properties": {"import": "yes", "landuse": "forest", "natural": "wetland", "source": "NV NMD2018", "@id": "way/692072190", "@type": "way", "osm_id": 692072190}, "geometry": {"type": "Polygon", "coordinates": [[[13.0999221, 63.1437369], [13.1, 63.1436224], [13.0988311, 63.1437167], [13.0999221, 63.1437369]]]}}, {"type": "Feature", "id": "way/692072192", "properties": {"import": "yes", "landuse": "forest", "natural": "wetland", "source": "NV NMD2018", "@id": "way/692072192", "@type": "way", "osm_id": 692072192}, "geometry": {"type": "Polygon", "coordinates": [[[13.0688954, 63.1448818], [13.0690099, 63.1447673], [13.0690671, 63.1447673], [13.069153, 63.1447673], [13.0691816, 63.1447673], [13.0692389, 63.1448818], [13.0699258, 63.1447673], [13.0698686, 63.1446528], [13.0695251, 63.1445383], [13.0694678, 63.1443093], [13.0694106, 63.1441948], [13.0693533, 63.1443093], [13.0691244, 63.1444238], [13.0687237, 63.1445383], [13.0685519, 63.1446528], [13.0684374, 63.1448245], [13.0688954, 63.1448818]]]}}, {"type": "Feature", "id": "way/692072194", "properties": {"import": "yes", "landuse": "forest", "natural": "wetland", "source": "NV NMD2018", "@id": "way/692072194", "@type": "way", "osm_id": 692072194}, "geometry": {"type": "Polygon", "coordinates": [[[13.017604, 63.1436224], [13.0173751, 63.1436224], [13.0171461, 63.1436796], [13.0171461, 63.1437369], [13.0168026, 63.1439086], [13.0169743, 63.1441948], [13.0170888, 63.1441948], [13.0171461, 63.1443093], [13.0171461, 63.1443666], [13.0177185, 63.1444238], [13.018291, 63.1443093], [13.0179475, 63.1443093], [13.0174895, 63.1441376], [13.0181765, 63.1440803], [13.0181765, 63.1438514], [13.0180906, 63.1436224], [13.0180048, 63.1436224], [13.0178903, 63.1437369], [13.0177185, 63.1436224], [13.0176613, 63.1437369], [13.017604, 63.1436224]]]}}, {"type": "Feature", "id": "way/692072195", "properties": {"import": "yes", "landuse": "forest", "natural": "wetland", "source": "NV NMD2018", "@id": "way/692072195", "@type": "way", "osm_id": 692072195}, "geometry": {"type": "Polygon", "coordinates": [[[13.0117651, 63.1437369], [13.0117651, 63.1440803], [13.011994, 63.1439086], [13.0119368, 63.1437369], [13.0117651, 63.1437369]]]}}, {"type": "Feature", "id": "way/692072197", "properties": {"import": "yes", "landuse": "forest", "natural": "wetland", "source": "NV NMD2018", "@id": "way/692072197", "@type": "way", "osm_id": 692072197}, "geometry": {"type": "Polygon", "coordinates": [[[13.0093608, 63.1441948], [13.0095898, 63.1441948], [13.0107347, 63.1440803], [13.0101622, 63.1439658], [13.0095898, 63.1440231], [13.0093608, 63.1441376], [13.0093608, 63.1441948]]]}}, {"type": "Feature", "id": "way/692072198", "properties": {"import": "yes", "landuse": "forest", "natural": "wetland", "source": "NV NMD2018", "@id": "way/692072198", "@type": "way", "osm_id": 692072198}, "geometry": {"type": "Polygon", "coordinates": [[[13.0053536, 63.1443093], [13.0053536, 63.1443666], [13.005554, 63.1444238], [13.0057544, 63.1444238], [13.0059261, 63.1445383], [13.0060978, 63.1444238], [13.0061551, 63.1443093], [13.006613, 63.1441376], [13.006613, 63.144109], [13.0065272, 63.1440803], [13.0064413, 63.1440803], [13.0063841, 63.1439658], [13.0057544, 63.1441948], [13.0056399, 63.1440803], [13.0053536, 63.1443093]]]}}, {"type": "Feature", "id": "way/692072203", "properties": {"import": "yes", "landuse": "forest", "natural": "wetland", "source": "NV NMD2018", "@id": "way/692072203", "@type": "way", "osm_id": 692072203}, "geometry": {"type": "Polygon", "coordinates": [[[13.0083304, 63.1448818], [13.0084449, 63.1448818], [13.0085594, 63.1448245], [13.0085594, 63.1447673], [13.0079869, 63.1448245], [13.0079869, 63.1448531], [13.0081586, 63.1448818], [13.0083304, 63.1448818]]]}}, {"type": "Feature", "id": "way/692072204", "properties": {"import": "yes", "landuse": "forest", "natural": "wetland", "source": "NV NMD2018", "@id": "way/692072204", "@type": "way", "osm_id": 692072204}, "geometry": {"type": "Polygon", "coordinates": [[[13.0186344, 63.1452252], [13.0186344, 63.1452825], [13.019121, 63.1453397], [13.0196076, 63.1453397], [13.0196649, 63.1454542], [13.0198938, 63.1455687], [13.0200083, 63.1452252], [13.0200083, 63.145168], [13.0202373, 63.1450535], [13.0197221, 63.1448818], [13.0188634, 63.1450535], [13.0190924, 63.145168], [13.0186344, 63.1452252]]]}}, {"type": "Feature", "id": "way/692072206", "properties": {"import": "yes", "landuse": "forest", "natural": "wetland", "source": "NV NMD2018", "@id": "way/692072206", "@type": "way", "osm_id": 692072206}, "geometry": {"type": "Polygon", "coordinates": [[[13.0275646, 63.1455687], [13.0276791, 63.1455687], [13.0277936, 63.1455401], [13.0277936, 63.1455115], [13.0279653, 63.1454542], [13.0281371, 63.1452252], [13.0280798, 63.1452252], [13.0279081, 63.1452252], [13.0277936, 63.1452252], [13.0275646, 63.1451107], [13.0272784, 63.1451107], [13.0269922, 63.1451394], [13.0269922, 63.145168], [13.0271067, 63.1452252], [13.0272784, 63.1452252], [13.0273929, 63.1453397], [13.0275074, 63.1453397], [13.0275646, 63.1455687]]]}}, {"type": "Feature", "id": "way/692072207", "properties": {"import": "yes", "landuse": "forest", "natural": "wetland", "source": "NV NMD2018", "@id": "way/692072207", "@type": "way", "osm_id": 692072207}, "geometry": {"type": "Polygon", "coordinates": [[[13.017833, 63.1461411], [13.017604, 63.1461411], [13.0173751, 63.1461698], [13.0173751, 63.1461984], [13.0175468, 63.1462556], [13.017604, 63.1463701], [13.0173751, 63.1465419], [13.0181765, 63.1465991], [13.0181765, 63.1465419], [13.0183482, 63.1464846], [13.0185772, 63.1465991], [13.0186631, 63.1465991], [13.0187489, 63.1465705], [13.0187489, 63.1465419], [13.0189779, 63.1464846], [13.0189779, 63.1464274], [13.0193214, 63.1462556], [13.0193214, 63.1461984], [13.0194359, 63.1461411], [13.0195504, 63.1462556], [13.0200083, 63.1462556], [13.0199511, 63.1460267], [13.0198366, 63.1460267], [13.0197793, 63.1459122], [13.0195504, 63.1459122], [13.0193786, 63.1457977], [13.0190924, 63.1457977], [13.0188634, 63.1456832], [13.0196649, 63.1455115], [13.0196649, 63.1454828], [13.0191496, 63.1454542], [13.0184055, 63.1454542], [13.0181765, 63.1454542], [13.018062, 63.1456259], [13.0181765, 63.1457977], [13.0186917, 63.1457977], [13.0187489, 63.1458549], [13.0186344, 63.1460267], [13.0187489, 63.1461411], [13.0189207, 63.1461411], [13.0189779, 63.1461984], [13.0183482, 63.1463701], [13.0181765, 63.1461411], [13.017833, 63.1461411]]]}}, {"type": "Feature", "id": "way/692072208", "properties": {"import": "yes", "landuse": "forest", "natural": "wetland", "source": "NV NMD2018", "@id": "way/692072208", "@type": "way", "osm_id": 692072208}, "geometry": {"type": "Polygon", "coordinates": [[[13.0100477, 63.1454542], [13.0102767, 63.1454542], [13.0103912, 63.1453397], [13.0105057, 63.1453397], [13.0104484, 63.1452252], [13.0103339, 63.1452252], [13.0102767, 63.1449963], [13.010105, 63.1448818], [13.0100191, 63.1448818], [13.0099332, 63.1449104], [13.0099332, 63.144939], [13.0098187, 63.1449963], [13.0095898, 63.1446528], [13.0095898, 63.1443093], [13.0092463, 63.1445383], [13.009189, 63.1445383], [13.0091318, 63.1446528], [13.0092177, 63.1447673], [13.0093035, 63.1447673], [13.0093608, 63.1448818], [13.0091318, 63.1451107], [13.0092463, 63.1451107], [13.0097329, 63.1451107], [13.010105, 63.1451107], [13.0101622, 63.1452252], [13.0100477, 63.1454542]]]}}, {"type": "Feature", "id": "way/692072211", "properties": {"import": "yes", "landuse": "forest", "natural": "wetland", "source": "NV NMD2018", "@id": "way/692072211", "@type": "way", "osm_id": 692072211}, "geometry": {"type": "Polygon", "coordinates": [[[13.0904194, 63.1461411], [13.0904194, 63.1461984], [13.0909633, 63.1462556], [13.0915071, 63.1462556], [13.0915643, 63.1463129], [13.0922513, 63.1463701], [13.092194, 63.1462556], [13.0920795, 63.1462556], [13.0919651, 63.1460267], [13.0911064, 63.1461411], [13.0904194, 63.1461411]]]}}, {"type": "Feature", "id": "way/692072218", "properties": {"import": "yes", "landuse": "forest", "natural": "wetland", "source": "NV NMD2018", "@id": "way/692072218", "@type": "way", "osm_id": 692072218}, "geometry": {"type": "Polygon", "coordinates": [[[13.067407, 63.1463701], [13.0669491, 63.1463701], [13.0668346, 63.1465419], [13.0666056, 63.1467136], [13.067178, 63.1465991], [13.067407, 63.1464274], [13.067407, 63.1463701]]]}}, {"type": "Feature", "id": "way/692072223", "properties": {"import": "yes", "landuse": "forest", "natural": "wetland", "source": "NV NMD2018", "@id": "way/692072223", "@type": "way", "osm_id": 692072223}, "geometry": {"type": "Polygon", "coordinates": [[[13.0992351, 63.147973], [13.0994641, 63.1478012], [13.0994641, 63.1476295], [13.0992351, 63.1478012], [13.0992351, 63.147973]]]}}, {"type": "Feature", "id": "way/692072226", "properties": {"import": "yes", "landuse": "forest", "natural": "wetland", "source": "NV NMD2018", "@id": "way/692072226", "@type": "way", "osm_id": 692072226}, "geometry": {"type": "Polygon", "coordinates": [[[13.0835501, 63.147515], [13.0835501, 63.1476295], [13.0829776, 63.147744], [13.0821762, 63.1476295], [13.081661, 63.147744], [13.0813748, 63.1479157], [13.0814893, 63.1480875], [13.0820045, 63.148202], [13.0823479, 63.148202], [13.0824624, 63.1483165], [13.0832066, 63.1480875], [13.0835501, 63.1479157], [13.0846377, 63.147744], [13.0849239, 63.1476295], [13.0855536, 63.147515], [13.0861833, 63.147286], [13.0861261, 63.1470571], [13.0859543, 63.1470571], [13.0857254, 63.1469426], [13.0854964, 63.1471716], [13.0854391, 63.1471716], [13.0853819, 63.1472002], [13.0853819, 63.1472288], [13.084695, 63.147515], [13.084466, 63.1474005], [13.0843515, 63.1474578], [13.0835501, 63.147515]]]}}, {"type": "Feature", "id": "way/692072227", "properties": {"import": "yes", "landuse": "forest", "natural": "wetland", "source": "NV NMD2018", "@id": "way/692072227", "@type": "way", "osm_id": 692072227}, "geometry": {"type": "Polygon", "coordinates": [[[13.0145128, 63.1476295], [13.0145128, 63.1475723], [13.0144269, 63.147515], [13.0143411, 63.147515], [13.0142838, 63.147286], [13.0143983, 63.1469426], [13.0142266, 63.1469426], [13.0141693, 63.1470571], [13.0139404, 63.1471716], [13.0138259, 63.1471716], [13.0136541, 63.1471716], [13.0135969, 63.1471716], [13.0133679, 63.147286], [13.0129672, 63.1471716], [13.0123375, 63.1473433], [13.0123375, 63.1473719], [13.0127096, 63.1474005], [13.0130817, 63.1474005], [13.0131389, 63.1474578], [13.0136541, 63.147515], [13.0137114, 63.1475723], [13.0145128, 63.1476295]]]}}, {"type": "Feature", "id": "way/692072228", "properties": {"import": "yes", "landuse": "forest", "natural": "wetland", "source": "NV NMD2018", "@id": "way/692072228", "@type": "way", "osm_id": 692072228}, "geometry": {"type": "Polygon", "coordinates": [[[13.0321442, 63.147973], [13.0322587, 63.147973], [13.0323732, 63.1479157], [13.0322873, 63.1478585], [13.0322015, 63.1478585], [13.0321442, 63.1478012], [13.0323732, 63.1476868], [13.0322015, 63.1476295], [13.0321442, 63.147515], [13.032087, 63.147515], [13.0320297, 63.147286], [13.0319152, 63.147286], [13.0315718, 63.147515], [13.031629, 63.147744], [13.0317435, 63.147744], [13.0319152, 63.147973], [13.0321442, 63.147973]]]}}, {"type": "Feature", "id": "way/692072229", "properties": {"import": "yes", "landuse": "forest", "natural": "wetland", "source": "NV NMD2018", "@id": "way/692072229", "@type": "way", "osm_id": 692072229}, "geometry": {"type": "Polygon", "coordinates": [[[13.0135969, 63.1488889], [13.0135969, 63.1491179], [13.0138259, 63.1492324], [13.0140549, 63.1491179], [13.0139976, 63.1490034], [13.0138831, 63.1490034], [13.0137686, 63.1488889], [13.0135969, 63.1488889]]]}}, {"type": "Feature", "id": "way/692072232", "properties": {"import": "yes", "landuse": "forest", "natural": "wetland", "source": "NV NMD2018", "@id": "way/692072232", "@type": "way", "osm_id": 692072232}, "geometry": {"type": "Polygon", "coordinates": [[[13.0273357, 63.148202], [13.0274501, 63.148202], [13.0275646, 63.1480875], [13.0274501, 63.1479157], [13.0275646, 63.1478012], [13.0273929, 63.1476295], [13.027307, 63.1476295], [13.0272212, 63.1476868], [13.0272212, 63.1479157], [13.0272498, 63.1480875], [13.0272784, 63.1480875], [13.0273357, 63.148202]]]}}, {"type": "Feature", "id": "way/692072233", "properties": {"import": "yes", "landuse": "forest", "natural": "wetland", "source": "NV NMD2018", "@id": "way/692072233", "@type": "way", "osm_id": 692072233}, "geometry": {"type": "Polygon", "coordinates": [[[13.0256183, 63.1478585], [13.0256183, 63.147973], [13.0256756, 63.1480875], [13.0258473, 63.1481447], [13.0257328, 63.1482592], [13.0261908, 63.1483165], [13.0261908, 63.148202], [13.0266487, 63.1480875], [13.0265915, 63.147973], [13.0261908, 63.147973], [13.0258473, 63.1479157], [13.0258473, 63.1478871], [13.0257328, 63.1478585], [13.0256183, 63.1478585]]]}}, {"type": "Feature", "id": "way/692072237", "properties": {"import": "yes", "landuse": "forest", "natural": "wetland", "source": "NV NMD2018", "@id": "way/692072237", "@type": "way", "osm_id": 692072237}, "geometry": {"type": "Polygon", "coordinates": [[[13.0035218, 63.1490034], [13.0035218, 63.1485454], [13.0034646, 63.1484309], [13.0032928, 63.1483737], [13.0035218, 63.1482592], [13.0035218, 63.148202], [13.0028921, 63.1480875], [13.0023769, 63.1483737], [13.0024342, 63.1486599], [13.0024628, 63.1486599], [13.0024914, 63.1486313], [13.0024914, 63.1486027], [13.0028349, 63.1483165], [13.0030066, 63.1484309], [13.0031211, 63.1484309], [13.0032356, 63.1486599], [13.0032928, 63.1491179], [13.0035218, 63.1490606], [13.0035218, 63.1490034]]]}}, {"type": "Feature", "id": "way/692072238", "properties": {"import": "yes", "landuse": "forest", "natural": "wetland", "source": "NV NMD2018", "@id": "way/692072238", "@type": "way", "osm_id": 692072238}, "geometry": {"type": "Polygon", "coordinates": [[[13.0928237, 63.1486599], [13.0920223, 63.1486599], [13.092423, 63.1487744], [13.0928237, 63.1487172], [13.0928237, 63.1486599]]]}}, {"type": "Feature", "id": "way/692072239", "properties": {"import": "yes", "landuse": "forest", "natural": "wetland", "source": "NV NMD2018", "@id": "way/692072239", "@type": "way", "osm_id": 692072239}, "geometry": {"type": "Polygon", "coordinates": [[[13.0323732, 63.1483165], [13.0319152, 63.1483165], [13.0313428, 63.1484309], [13.0313428, 63.1486027], [13.0315145, 63.1487744], [13.0316863, 63.1486027], [13.0323732, 63.1483165]]]}}, {"type": "Feature", "id": "way/692072240", "properties": {"import": "yes", "landuse": "forest", "natural": "wetland", "source": "NV NMD2018", "@id": "way/692072240", "@type": "way", "osm_id": 692072240}, "geometry": {"type": "Polygon", "coordinates": [[[12.9999726, 63.1486599], [13.0, 63.1487744], [13.0006596, 63.1485454], [13.0018045, 63.1483165], [13.0017472, 63.148202], [13.0015182, 63.148202], [13.0006023, 63.1484309], [13.0003733, 63.1483165], [13.0000871, 63.1486599], [12.9999726, 63.1486599]]]}}, {"type": "Feature", "id": "way/692072244", "properties": {"import": "yes", "landuse": "forest", "natural": "wetland", "source": "NV NMD2018", "@id": "way/692072244", "@type": "way", "osm_id": 692072244}, "geometry": {"type": "Polygon", "coordinates": [[[13.0129976, 63.1496764], [13.0131904, 63.1497808], [13.0133679, 63.1494041], [13.0133679, 63.1493182], [13.0131962, 63.1492324], [13.0130245, 63.1492324], [13.0127955, 63.1493469], [13.0128527, 63.1494613], [13.0129672, 63.1494613], [13.0129976, 63.1496764]]]}}, {"type": "Feature", "id": "way/692072252", "properties": {"import": "yes", "landuse": "forest", "natural": "wetland", "source": "NV NMD2018", "@id": "way/692072252", "@type": "way", "osm_id": 692072252}, "geometry": {"type": "Polygon", "coordinates": [[[13.0686664, 63.1502628], [13.0685519, 63.1502628], [13.068094, 63.1502055], [13.0679222, 63.1500338], [13.0677505, 63.1500338], [13.0675215, 63.150091], [13.0677505, 63.1502055], [13.0669491, 63.1503773], [13.0669491, 63.1504345], [13.0682085, 63.1504918], [13.0694678, 63.15032], [13.0695251, 63.1501483], [13.0695823, 63.1500338], [13.0694678, 63.1499193], [13.0693533, 63.1501483], [13.0690099, 63.1503773], [13.0686664, 63.15032], [13.0686664, 63.1502628]]]}}, {"type": "Feature", "id": "way/692072256", "properties": {"import": "yes", "landuse": "forest", "natural": "wetland", "source": "NV NMD2018", "@id": "way/692072256", "@type": "way", "osm_id": 692072256}, "geometry": {"type": "Polygon", "coordinates": [[[13.084237, 63.1562162], [13.084237, 63.1564452], [13.0843515, 63.1566742], [13.0845232, 63.1566742], [13.0846377, 63.1567887], [13.0847522, 63.1567887], [13.0849239, 63.1570177], [13.0852674, 63.1567887], [13.0853819, 63.1568459], [13.0854964, 63.1570177], [13.0852102, 63.1571322], [13.0849239, 63.1570749], [13.084695, 63.1571894], [13.0845805, 63.1574756], [13.0856681, 63.1573611], [13.0857254, 63.1574756], [13.0860688, 63.1575901], [13.0865268, 63.1573039], [13.0863551, 63.1571322], [13.0861261, 63.1571322], [13.0859543, 63.1570177], [13.0858971, 63.1569032], [13.0857826, 63.1569032], [13.0856681, 63.1566742], [13.0853819, 63.1566742], [13.0850957, 63.1565597], [13.0849239, 63.1565597], [13.0847522, 63.1564452], [13.0845232, 63.1564452], [13.0843515, 63.156388], [13.0845805, 63.1562735], [13.0845232, 63.1562162], [13.084237, 63.1562162]]]}}, {"type": "Feature", "id": "way/692072258", "properties": {"import": "yes", "landuse": "forest", "natural": "wetland", "source": "NV NMD2018", "@id": "way/692072258", "@type": "way", "osm_id": 692072258}, "geometry": {"type": "Polygon", "coordinates": [[[13.0905339, 63.159193], [13.0905339, 63.1595364], [13.0913354, 63.1594792], [13.0908202, 63.1593075], [13.0907057, 63.159193], [13.0905339, 63.159193]]]}}, {"type": "Feature", "id": "way/692072259", "properties": {"import": "yes", "landuse": "forest", "natural": "wetland", "source": "NV NMD2018", "@id": "way/692072259", "@type": "way", "osm_id": 692072259}, "geometry": {"type": "Polygon", "coordinates": [[[13.0987772, 63.158506], [13.0989489, 63.158506], [13.0991207, 63.1584774], [13.0991207, 63.1584488], [13.0994641, 63.158277], [13.0998076, 63.1579336], [13.0996359, 63.1579336], [13.0995214, 63.1578191], [13.0993496, 63.1578191], [13.0992351, 63.1579908], [13.0988917, 63.1581626], [13.0987199, 63.1579336], [13.0985482, 63.1579336], [13.0983192, 63.1578191], [13.0982047, 63.1579336], [13.0982047, 63.1579908], [13.0982906, 63.1580481], [13.0983765, 63.1580481], [13.0984337, 63.1581053], [13.0983192, 63.1582198], [13.0986055, 63.1583915], [13.0987199, 63.1583915], [13.0987772, 63.158506]]]}}, {"type": "Feature", "id": "way/692072261", "properties": {"import": "yes", "landuse": "forest", "natural": "wetland", "source": "NV NMD2018", "@id": "way/692072261", "@type": "way", "osm_id": 692072261}, "geometry": {"type": "Polygon", "coordinates": [[[13.0642013, 63.1518656], [13.0640868, 63.1518656], [13.0642013, 63.1520946], [13.0643731, 63.1520946], [13.064602, 63.1522091], [13.0647738, 63.1521519], [13.0647738, 63.1520946], [13.064602, 63.1519801], [13.0642013, 63.1519229], [13.0642013, 63.1518656]]]}}, {"type": "Feature", "id": "way/692072268", "properties": {"import": "yes", "landuse": "forest", "natural": "wetland", "source": "NV NMD2018", "@id": "way/692072268", "@type": "way", "osm_id": 692072268}, "geometry": {"type": "Polygon", "coordinates": [[[13.0094753, 63.1523236], [13.0091318, 63.1523236], [13.0087883, 63.1522663], [13.0085594, 63.1520946], [13.0084449, 63.1522091], [13.0078724, 63.1524381], [13.0082731, 63.1525526], [13.0089601, 63.1524381], [13.0090173, 63.1525526], [13.009189, 63.1526671], [13.0095898, 63.1523808], [13.0094753, 63.1523236]]]}}, {"type": "Feature", "id": "way/692072270", "properties": {"import": "yes", "landuse": "forest", "natural": "wetland", "source": "NV NMD2018", "@id": "way/692072270", "@type": "way", "osm_id": 692072270}, "geometry": {"type": "Polygon", "coordinates": [[[13.0712138, 63.1530105], [13.0711279, 63.1530105], [13.0710707, 63.1529533], [13.0711852, 63.1527815], [13.0710707, 63.1526671], [13.0708417, 63.152896], [13.0705555, 63.1530105], [13.0702693, 63.1526671], [13.0701548, 63.1529533], [13.0701548, 63.1530964], [13.070212, 63.1532395], [13.0706127, 63.1532395], [13.0709562, 63.1532395], [13.0712138, 63.1530105]]]}}, {"type": "Feature", "id": "way/692072273", "properties": {"import": "yes", "landuse": "forest", "natural": "wetland", "source": "NV NMD2018", "@id": "way/692072273", "@type": "way", "osm_id": 692072273}, "geometry": {"type": "Polygon", "coordinates": [[[13.0588203, 63.1530105], [13.0588203, 63.153354], [13.0597935, 63.153125], [13.0604232, 63.152896], [13.0603659, 63.1526671], [13.0598507, 63.1526671], [13.0593928, 63.1527243], [13.0588203, 63.1530105]]]}}, {"type": "Feature", "id": "way/692072277", "properties": {"import": "yes", "landuse": "forest", "natural": "wetland", "source": "NV NMD2018", "@id": "way/692072277", "@type": "way", "osm_id": 692072277}, "geometry": {"type": "Polygon", "coordinates": [[[13.0694678, 63.1532395], [13.0692961, 63.1532395], [13.0690099, 63.1532395], [13.0688954, 63.1532395], [13.0691244, 63.1534685], [13.0694678, 63.1534685], [13.0696968, 63.1534112], [13.0695251, 63.153354], [13.0694678, 63.1532395]]]}}, {"type": "Feature", "id": "way/692072278", "properties": {"import": "yes", "landuse": "forest", "natural": "wetland", "source": "NV NMD2018", "@id": "way/692072278", "@type": "way", "osm_id": 692072278}, "geometry": {"type": "Polygon", "coordinates": [[[13.0050102, 63.152896], [13.0050102, 63.1527815], [13.0046667, 63.1529533], [13.0034073, 63.1532395], [13.0032928, 63.153354], [13.0031783, 63.153354], [13.0034073, 63.1534685], [13.0035791, 63.1534685], [13.0037508, 63.153354], [13.0043805, 63.1532395], [13.0050102, 63.1530678], [13.0050102, 63.152896]]]}}, {"type": "Feature", "id": "way/692072282", "properties": {"import": "yes", "landuse": "forest", "natural": "wetland", "source": "NV NMD2018", "@id": "way/692072282", "@type": "way", "osm_id": 692072282}, "geometry": {"type": "Polygon", "coordinates": [[[13.0536683, 63.1551858], [13.0536683, 63.1550713], [13.0534965, 63.1549569], [13.0533248, 63.1549569], [13.0530958, 63.1550141], [13.0530958, 63.1550427], [13.0532103, 63.1550713], [13.0534107, 63.1550713], [13.0534965, 63.1550713], [13.0535538, 63.1551858], [13.0536683, 63.1551858]]]}}, {"type": "Feature", "id": "way/692072284", "properties": {"import": "yes", "landuse": "forest", "natural": "wetland", "source": "NV NMD2018", "@id": "way/692072284", "@type": "way", "osm_id": 692072284}, "geometry": {"type": "Polygon", "coordinates": [[[13.01291, 63.1541554], [13.0128527, 63.1540409], [13.012452, 63.1539837], [13.0127382, 63.153812], [13.0121085, 63.1536975], [13.0110781, 63.153583], [13.0110209, 63.1534685], [13.0102195, 63.153354], [13.0097043, 63.1534112], [13.009647, 63.1534685], [13.0095898, 63.1534112], [13.0082731, 63.153354], [13.0069565, 63.153583], [13.0075289, 63.153812], [13.0081586, 63.153812], [13.0082159, 63.1539264], [13.0085021, 63.1539264], [13.0085594, 63.1539837], [13.0110781, 63.1540409], [13.0114788, 63.1540409], [13.0115361, 63.1542699], [13.0120513, 63.1542699], [13.0127382, 63.1542699], [13.01291, 63.1541554]]]}}, {"type": "Feature", "id": "way/692072285", "properties": {"import": "yes", "landuse": "forest", "natural": "wetland", "source": "NV NMD2018", "@id": "way/692072285", "@type": "way", "osm_id": 692072285}, "geometry": {"type": "Polygon", "coordinates": [[[13.0672925, 63.1546134], [13.0672925, 63.1545561], [13.0672067, 63.1544989], [13.0671208, 63.1544989], [13.0670063, 63.1542699], [13.0662621, 63.1542699], [13.0663766, 63.1543844], [13.0665484, 63.1543844], [13.0666628, 63.1546134], [13.0667773, 63.1546134], [13.0668346, 63.1547279], [13.0672925, 63.1546134]]]}}, {"type": "Feature", "id": "way/692072298", "properties": {"import": "yes", "landuse": "forest", "natural": "wetland", "source": "NV NMD2018", "@id": "way/692072298", "@type": "way", "osm_id": 692072298}, "geometry": {"type": "Polygon", "coordinates": [[[13.0258473, 63.164116], [13.0259618, 63.164116], [13.0261908, 63.1640015], [13.0263052, 63.164116], [13.0265342, 63.164116], [13.026477, 63.163887], [13.0263625, 63.163887], [13.0263052, 63.1637726], [13.0259618, 63.163887], [13.0258473, 63.164116]]]}}, {"type": "Feature", "id": "way/692072299", "properties": {"import": "yes", "landuse": "forest", "natural": "wetland", "source": "NV NMD2018", "@id": "way/692072299", "@type": "way", "osm_id": 692072299}, "geometry": {"type": "Polygon", "coordinates": [[[13.0640868, 63.153812], [13.0640868, 63.1538692], [13.0641727, 63.1539264], [13.0642586, 63.1539264], [13.0646593, 63.1540409], [13.064602, 63.153812], [13.0640868, 63.153812]]]}}, {"type": "Feature", "id": "way/692072301", "properties": {"import": "yes", "landuse": "forest", "natural": "wetland", "source": "NV NMD2018", "@id": "way/692072301", "@type": "way", "osm_id": 692072301}, "geometry": {"type": "Polygon", "coordinates": [[[13.0592783, 63.1542699], [13.0593928, 63.1542699], [13.0596217, 63.1542699], [13.0597362, 63.1542699], [13.0599652, 63.1541554], [13.0597935, 63.1541554], [13.05945, 63.1539264], [13.0588775, 63.153812], [13.0585913, 63.1538692], [13.0585913, 63.1538978], [13.0587344, 63.1539264], [13.0588775, 63.1539264], [13.058992, 63.1540409], [13.0591065, 63.1540409], [13.0592783, 63.1542699]]]}}, {"type": "Feature", "id": "way/692072314", "properties": {"import": "yes", "landuse": "forest", "natural": "wetland", "source": "NV NMD2018", "@id": "way/692072314", "@type": "way", "osm_id": 692072314}, "geometry": {"type": "Polygon", "coordinates": [[[13.0690099, 63.1548424], [13.0692389, 63.1548424], [13.0694678, 63.1546706], [13.0693247, 63.1544989], [13.0691816, 63.1544989], [13.0689526, 63.1543844], [13.0687809, 63.1546134], [13.0688381, 63.1547279], [13.0689526, 63.1547279], [13.0690099, 63.1548424]]]}}, {"type": "Feature", "id": "way/692072315", "properties": {"import": "yes", "landuse": "forest", "natural": "wetland", "source": "NV NMD2018", "@id": "way/692072315", "@type": "way", "osm_id": 692072315}, "geometry": {"type": "Polygon", "coordinates": [[[13.0079869, 63.1546134], [13.0078724, 63.1546706], [13.0089601, 63.1547279], [13.0090746, 63.1548424], [13.009418, 63.1549569], [13.0098187, 63.1547851], [13.0098187, 63.1547565], [13.009647, 63.1547279], [13.0094753, 63.1547279], [13.0092463, 63.1546706], [13.0079869, 63.1546134]]]}}, {"type": "Feature", "id": "way/692072345", "properties": {"import": "yes", "landuse": "forest", "natural": "wetland", "source": "NV NMD2018", "@id": "way/692072345", "@type": "way", "osm_id": 692072345}, "geometry": {"type": "Polygon", "coordinates": [[[13.0355789, 63.1567887], [13.0353499, 63.1567887], [13.0350065, 63.1567887], [13.034892, 63.1567887], [13.0352354, 63.1569032], [13.0355789, 63.1568459], [13.0355789, 63.1567887]]]}}, {"type": "Feature", "id": "way/692072347", "properties": {"import": "yes", "landuse": "forest", "natural": "wetland", "source": "NV NMD2018", "@id": "way/692072347", "@type": "way", "osm_id": 692072347}, "geometry": {"type": "Polygon", "coordinates": [[[13.078398, 63.1566742], [13.0782263, 63.1566742], [13.0780546, 63.1568459], [13.0780546, 63.1570177], [13.078398, 63.1569604], [13.0781691, 63.1568459], [13.078398, 63.1567887], [13.078398, 63.1566742]]]}}, {"type": "Feature", "id": "way/692072353", "properties": {"import": "yes", "landuse": "forest", "natural": "wetland", "source": "NV NMD2018", "@id": "way/692072353", "@type": "way", "osm_id": 692072353}, "geometry": {"type": "Polygon", "coordinates": [[[13.0905339, 63.159193], [13.0905339, 63.1590785], [13.0903622, 63.158506], [13.0902477, 63.158506], [13.0901905, 63.1583915], [13.0899615, 63.158506], [13.089847, 63.1583915], [13.090076, 63.158277], [13.090076, 63.1580481], [13.0902477, 63.1578191], [13.0904194, 63.1577046], [13.0906484, 63.1573611], [13.0905912, 63.1572466], [13.0900187, 63.1571322], [13.0897325, 63.1571894], [13.0895035, 63.1573611], [13.0900187, 63.1573611], [13.090076, 63.1575329], [13.0899615, 63.1577046], [13.0896753, 63.1578191], [13.0893318, 63.158277], [13.0892173, 63.1580481], [13.0890456, 63.1580481], [13.0891028, 63.158964], [13.0891601, 63.1590212], [13.089389, 63.1590785], [13.0896753, 63.158964], [13.0899042, 63.1590785], [13.0901332, 63.1590785], [13.090305, 63.159193], [13.0905339, 63.159193]]]}}, {"type": "Feature", "id": "way/692072357", "properties": {"import": "yes", "landuse": "forest", "natural": "wetland", "source": "NV NMD2018", "@id": "way/692072357", "@type": "way", "osm_id": 692072357}, "geometry": {"type": "Polygon", "coordinates": [[[13.0559581, 63.1578191], [13.0560726, 63.1578191], [13.0573319, 63.1577618], [13.0576754, 63.1575329], [13.0583623, 63.1574184], [13.0584768, 63.1572466], [13.0584768, 63.1571894], [13.0582192, 63.1571322], [13.0579616, 63.1571322], [13.0567595, 63.1573039], [13.0557291, 63.1575329], [13.0545842, 63.1576474], [13.0545842, 63.157676], [13.0550708, 63.1577046], [13.0555573, 63.1577046], [13.0557291, 63.1578191], [13.0559581, 63.1578191]]]}}, {"type": "Feature", "id": "way/692072358", "properties": {"import": "yes", "landuse": "forest", "natural": "wetland", "source": "NV NMD2018", "@id": "way/692072358", "@type": "way", "osm_id": 692072358}, "geometry": {"type": "Polygon", "coordinates": [[[13.0237865, 63.1570177], [13.0237865, 63.1571894], [13.0239582, 63.1573611], [13.0241299, 63.1573611], [13.0248169, 63.1573039], [13.0246451, 63.1572466], [13.0245879, 63.1571322], [13.0241872, 63.1570177], [13.0237865, 63.1570177]]]}}, {"type": "Feature", "id": "way/692072367", "properties": {"import": "yes", "landuse": "forest", "natural": "wetland", "source": "NV NMD2018", "@id": "way/692072367", "@type": "way", "osm_id": 692072367}, "geometry": {"type": "Polygon", "coordinates": [[[13.056416, 63.1590785], [13.056187, 63.1590785], [13.0562443, 63.159193], [13.0563588, 63.159193], [13.056416, 63.1593075], [13.0565878, 63.1593075], [13.056645, 63.1594219], [13.0567595, 63.1592502], [13.0567022, 63.1590785], [13.056416, 63.1590785]]]}}, {"type": "Feature", "id": "way/692072368", "properties": {"import": "yes", "landuse": "forest", "natural": "wetland", "source": "NV NMD2018", "@id": "way/692072368", "@type": "way", "osm_id": 692072368}, "geometry": {"type": "Polygon", "coordinates": [[[13.0260763, 63.158964], [13.0260763, 63.159193], [13.0261908, 63.1592502], [13.0269922, 63.1593075], [13.0269349, 63.159193], [13.0267632, 63.159193], [13.0266487, 63.1591357], [13.0266487, 63.1591071], [13.0265056, 63.1590785], [13.0263625, 63.1590785], [13.0260763, 63.158964]]]}}, {"type": "Feature", "id": "way/692072372", "properties": {"import": "yes", "landuse": "forest", "natural": "wetland", "source": "NV NMD2018", "@id": "way/692072372", "@type": "way", "osm_id": 692072372}, "geometry": {"type": "Polygon", "coordinates": [[[13.0275646, 63.159193], [13.0275646, 63.1593075], [13.0277936, 63.1594219], [13.0280226, 63.1593075], [13.0279653, 63.159193], [13.0275646, 63.159193]]]}}, {"type": "Feature", "id": "way/692072374", "properties": {"import": "yes", "landuse": "forest", "natural": "wetland", "source": "NV NMD2018", "@id": "way/692072374", "@type": "way", "osm_id": 692072374}, "geometry": {"type": "Polygon", "coordinates": [[[13.0921368, 63.1597654], [13.0921368, 63.1597082], [13.0920509, 63.1596509], [13.0919651, 63.1596509], [13.0919078, 63.1595364], [13.0913354, 63.1597082], [13.0915071, 63.1597654], [13.0917933, 63.1599944], [13.0921368, 63.1597654]]]}}, {"type": "Feature", "id": "way/692072377", "properties": {"import": "yes", "landuse": "forest", "natural": "wetland", "source": "NV NMD2018", "@id": "way/692072377", "@type": "way", "osm_id": 692072377}, "geometry": {"type": "Polygon", "coordinates": [[[13.0208097, 63.1601089], [13.0205808, 63.1601089], [13.0208097, 63.1603379], [13.0210387, 63.1602234], [13.0209815, 63.1601089], [13.0208097, 63.1601089]]]}}, {"type": "Feature", "id": "way/692072381", "properties": {"import": "yes", "landuse": "forest", "natural": "wetland", "source": "NV NMD2018", "@id": "way/692072381", "@type": "way", "osm_id": 692072381}, "geometry": {"type": "Polygon", "coordinates": [[[13.0415324, 63.1612538], [13.0414179, 63.161311], [13.0414179, 63.1613683], [13.0417041, 63.1614828], [13.0419903, 63.1614828], [13.0419331, 63.1613683], [13.0418186, 63.1613683], [13.0417041, 63.1612538], [13.0415324, 63.1612538]]]}}, {"type": "Feature", "id": "way/692072384", "properties": {"import": "yes", "landuse": "forest", "natural": "wetland", "source": "NV NMD2018", "@id": "way/692072384", "@type": "way", "osm_id": 692072384}, "geometry": {"type": "Polygon", "coordinates": [[[13.089847, 63.1613683], [13.090076, 63.1613683], [13.0901905, 63.1611393], [13.0897325, 63.1611393], [13.089389, 63.1611965], [13.089389, 63.1612252], [13.0895894, 63.1612538], [13.0897897, 63.1612538], [13.089847, 63.1613683]]]}}, {"type": "Feature", "id": "way/692072386", "properties": {"import": "yes", "landuse": "forest", "natural": "wetland", "source": "NV NMD2018", "@id": "way/692072386", "@type": "way", "osm_id": 692072386}, "geometry": {"type": "Polygon", "coordinates": [[[13.0913354, 63.1619407], [13.0913354, 63.161998], [13.0915071, 63.1620552], [13.0916788, 63.1620552], [13.0921368, 63.1619407], [13.0920795, 63.1617117], [13.0919078, 63.1618262], [13.0915071, 63.1617117], [13.0912209, 63.161769], [13.0915643, 63.1618835], [13.0913354, 63.1619407]]]}}, {"type": "Feature", "id": "way/692072387", "properties": {"import": "yes", "landuse": "forest", "natural": "wetland", "source": "NV NMD2018", "@id": "way/692072387", "@type": "way", "osm_id": 692072387}, "geometry": {"type": "Polygon", "coordinates": [[[13.0905339, 63.1620552], [13.0907629, 63.1620552], [13.0908774, 63.1618262], [13.0909919, 63.161769], [13.0908202, 63.1617117], [13.0907057, 63.1614828], [13.0905339, 63.1615972], [13.0904194, 63.1615972], [13.0904767, 63.1617117], [13.0906484, 63.161769], [13.0905339, 63.1620552]]]}}, {"type": "Feature", "id": "way/692072394", "properties": {"import": "yes", "landuse": "forest", "natural": "wetland", "source": "NV NMD2018", "@id": "way/692072394", "@type": "way", "osm_id": 692072394}, "geometry": {"type": "Polygon", "coordinates": [[[13.0999221, 63.1621697], [13.0999221, 63.161998], [13.0998362, 63.1618262], [13.0997503, 63.1618262], [13.0995786, 63.1617117], [13.0995214, 63.1619407], [13.0993496, 63.1622269], [13.0992351, 63.1622842], [13.0990062, 63.1621697], [13.0987772, 63.1623987], [13.0986055, 63.1622842], [13.0985482, 63.1623987], [13.0987772, 63.1625132], [13.0990634, 63.1625132], [13.0992351, 63.1626277], [13.0994069, 63.1626277], [13.0996359, 63.1627421], [13.099779, 63.1627421], [13.0999221, 63.1626849], [13.0998362, 63.1626277], [13.0997503, 63.1626277], [13.0996359, 63.1625132], [13.0995214, 63.1625132], [13.0994641, 63.1623987], [13.0997503, 63.1621697], [13.0999221, 63.1621697]]]}}, {"type": "Feature", "id": "way/692072395", "properties": {"import": "yes", "landuse": "forest", "natural": "wetland", "source": "NV NMD2018", "@id": "way/692072395", "@type": "way", "osm_id": 692072395}, "geometry": {"type": "Polygon", "coordinates": [[[13.0921368, 63.1619407], [13.0921368, 63.1621697], [13.0927665, 63.1620552], [13.0935107, 63.1621697], [13.0934534, 63.1619407], [13.0931672, 63.1618262], [13.0925375, 63.1619407], [13.0921368, 63.1619407]]]}}, {"type": "Feature", "id": "way/692072397", "properties": {"import": "yes", "landuse": "forest", "natural": "wetland", "source": "NV NMD2018", "@id": "way/692072397", "@type": "way", "osm_id": 692072397}, "geometry": {"type": "Polygon", "coordinates": [[[13.0131389, 63.1625132], [13.01291, 63.1625132], [13.0129672, 63.1626277], [13.0130817, 63.1626277], [13.0131389, 63.1627421], [13.0134824, 63.1625704], [13.0134252, 63.1625132], [13.0131389, 63.1625132]]]}}, {"type": "Feature", "id": "way/692072402", "properties": {"import": "yes", "landuse": "forest", "natural": "wetland", "source": "NV NMD2018", "@id": "way/692072402", "@type": "way", "osm_id": 692072402}, "geometry": {"type": "Polygon", "coordinates": [[[13.0960294, 63.1632001], [13.0961439, 63.1632001], [13.0962584, 63.1630856], [13.0962584, 63.1629711], [13.0961439, 63.1628566], [13.0959149, 63.1631429], [13.0960294, 63.1632001]]]}}, {"type": "Feature", "id": "way/692072409", "properties": {"import": "yes", "landuse": "forest", "natural": "wetland", "source": "NV NMD2018", "@id": "way/692072409", "@type": "way", "osm_id": 692072409}, "geometry": {"type": "Polygon", "coordinates": [[[13.0986627, 63.1633146], [13.0986627, 63.1633718], [13.0986627, 63.1635149], [13.0986627, 63.1636008], [13.0988344, 63.1637726], [13.0990062, 63.1636581], [13.0990062, 63.1635436], [13.0989203, 63.1634291], [13.0988344, 63.1634291], [13.0986627, 63.1633146]]]}}, {"type": "Feature", "id": "way/692072414", "properties": {"import": "yes", "landuse": "forest", "natural": "wetland", "source": "NV NMD2018", "@id": "way/692072414", "@type": "way", "osm_id": 692072414}, "geometry": {"type": "Polygon", "coordinates": [[[13.0557291, 63.1642305], [13.0557291, 63.164116], [13.0549277, 63.1642305], [13.0546987, 63.1644595], [13.0548704, 63.164574], [13.0553284, 63.164345], [13.0554429, 63.1644595], [13.0557291, 63.1642878], [13.0557291, 63.1642305]]]}}, {"type": "Feature", "id": "way/692072416", "properties": {"import": "yes", "landuse": "forest", "natural": "wetland", "source": "NV NMD2018", "@id": "way/692072416", "@type": "way", "osm_id": 692072416}, "geometry": {"type": "Polygon", "coordinates": [[[13.0996931, 63.1657189], [13.0996931, 63.1654899], [13.0995786, 63.1652609], [13.0994641, 63.1652609], [13.0993496, 63.1651464], [13.0995786, 63.1649174], [13.0995786, 63.164803], [13.0996931, 63.1646885], [13.0995214, 63.1644595], [13.0994069, 63.1644595], [13.0992924, 63.164116], [13.0991779, 63.164116], [13.0991207, 63.1642305], [13.0989489, 63.164345], [13.0987199, 63.1642305], [13.0985196, 63.1642305], [13.0983192, 63.1642878], [13.0984051, 63.164345], [13.098491, 63.164345], [13.0985482, 63.1645167], [13.0983192, 63.1646885], [13.0983192, 63.164803], [13.0985196, 63.1649174], [13.0987199, 63.1649174], [13.0987772, 63.1649747], [13.0985482, 63.1650892], [13.0979758, 63.1651464], [13.0978613, 63.1651464], [13.0979185, 63.1652609], [13.098033, 63.1652609], [13.0980902, 63.1653754], [13.0984337, 63.1652609], [13.0986627, 63.1654327], [13.0984337, 63.1656616], [13.0988344, 63.1657189], [13.0989489, 63.1658334], [13.0990634, 63.1658334], [13.0992351, 63.1659479], [13.0993496, 63.1659479], [13.0994641, 63.1658906], [13.0994641, 63.1658334], [13.0996931, 63.1657189]]]}}, {"type": "Feature", "id": "way/692072418", "properties": {"import": "yes", "landuse": "forest", "natural": "wetland", "source": "NV NMD2018", "@id": "way/692072418", "@type": "way", "osm_id": 692072418}, "geometry": {"type": "Polygon", "coordinates": [[[13.0892745, 63.1644595], [13.0892745, 63.164345], [13.0890456, 63.1642305], [13.0888166, 63.1642305], [13.0888738, 63.164345], [13.0889883, 63.164345], [13.0891028, 63.1644595], [13.0892745, 63.1644595]]]}}, {"type": "Feature", "id": "way/692072424", "properties": {"import": "yes", "landuse": "forest", "natural": "wetland", "source": "NV NMD2018", "@id": "way/692072424", "@type": "way", "osm_id": 692072424}, "geometry": {"type": "Polygon", "coordinates": [[[13.0853819, 63.1651464], [13.0853819, 63.1650319], [13.0852102, 63.1649174], [13.0850957, 63.1649174], [13.0849812, 63.164803], [13.0848095, 63.164803], [13.0845805, 63.164574], [13.084466, 63.164803], [13.0845805, 63.1651464], [13.0847522, 63.1652609], [13.0849812, 63.1652609], [13.0852674, 63.1654899], [13.0853819, 63.1651464]]]}}, {"type": "Feature", "id": "way/692072587", "properties": {"import": "yes", "landuse": "forest", "natural": "wetland", "source": "NV NMD2018", "@id": "way/692072587", "@type": "way", "osm_id": 692072587}, "geometry": {"type": "Polygon", "coordinates": [[[13.0968309, 63.100117], [13.0965196, 63.1001163], [13.095228, 63.1000018], [13.0952853, 63.1003453], [13.095457, 63.1003453], [13.0959149, 63.1002308], [13.0962584, 63.1002881], [13.0962584, 63.1003453], [13.0966019, 63.1002881], [13.0968309, 63.100117]]]}}, {"type": "Feature", "id": "way/692072594", "properties": {"import": "yes", "landuse": "forest", "natural": "wetland", "source": "NV NMD2018", "@id": "way/692072594", "@type": "way", "osm_id": 692072594}, "geometry": {"type": "Polygon", "coordinates": [[[13.078856, 63.1043524], [13.0786843, 63.1044669], [13.0785125, 63.1044669], [13.0785698, 63.1045814], [13.0786843, 63.1045814], [13.0789132, 63.1048104], [13.0790277, 63.1048104], [13.0793139, 63.1049821], [13.079085, 63.1050394], [13.0787987, 63.1049249], [13.078627, 63.1049249], [13.0785125, 63.1050966], [13.0782835, 63.1051539], [13.078398, 63.1052684], [13.0785698, 63.1052684], [13.078627, 63.1053256], [13.0782263, 63.1054973], [13.0775394, 63.1053828], [13.0770242, 63.1055546], [13.0769097, 63.1057263], [13.0767952, 63.1057836], [13.0770242, 63.105898], [13.0781118, 63.1059553], [13.0781691, 63.1060698], [13.0789132, 63.1060698], [13.0791995, 63.1061843], [13.0793712, 63.1061843], [13.0795429, 63.106127], [13.0795429, 63.1060698], [13.0802299, 63.1058408], [13.0801726, 63.1056118], [13.0797719, 63.1056118], [13.0794284, 63.1054973], [13.0796574, 63.1052684], [13.0799436, 63.1051539], [13.0804588, 63.1050394], [13.0808023, 63.1051539], [13.080974, 63.1051539], [13.0810313, 63.1052684], [13.0805733, 63.1053828], [13.0805733, 63.1054401], [13.0807737, 63.1054973], [13.080974, 63.1054973], [13.081203, 63.1056118], [13.0813748, 63.1055546], [13.0812603, 63.1053828], [13.0813748, 63.1052111], [13.0814893, 63.1051539], [13.0818327, 63.1052684], [13.0820617, 63.1051539], [13.08189, 63.1051539], [13.0818327, 63.1050966], [13.0826341, 63.1049249], [13.0825769, 63.1046959], [13.0824624, 63.1046959], [13.0824052, 63.1045814], [13.0821189, 63.1044669], [13.0818327, 63.1045242], [13.0817182, 63.1046387], [13.0813175, 63.1046959], [13.0805161, 63.1045814], [13.0798864, 63.1046959], [13.0796002, 63.1045814], [13.0794284, 63.1045814], [13.0792567, 63.1043524], [13.078856, 63.1043524]]]}}, {"type": "Feature", "id": "way/692072596", "properties": {"import": "yes", "landuse": "forest", "natural": "wetland", "source": "NV NMD2018", "@id": "way/692072596", "@type": "way", "osm_id": 692072596}, "geometry": {"type": "Polygon", "coordinates": [[[13.0105057, 63.1074437], [13.0104484, 63.1073292], [13.0102767, 63.1073292], [13.0101622, 63.1072147], [13.0101622, 63.1071002], [13.0095898, 63.1072719], [13.009876, 63.1073292], [13.0100477, 63.1074437], [13.0101622, 63.1074437], [13.0103912, 63.1074437], [13.0105057, 63.1074437]]]}}, {"type": "Feature", "id": "way/692072613", "properties": {"import": "yes", "landuse": "forest", "natural": "wetland", "source": "NV NMD2018", "@id": "way/692072613", "@type": "way", "osm_id": 692072613}, "geometry": {"type": "Polygon", "coordinates": [[[13.0056971, 63.1135116], [13.0060406, 63.1135116], [13.0063841, 63.1134544], [13.0062696, 63.1133971], [13.0061551, 63.1133971], [13.0056971, 63.1134544], [13.0056971, 63.1135116]]]}}, {"type": "Feature", "id": "way/692072616", "properties": {"import": "yes", "landuse": "forest", "natural": "wetland", "source": "NV NMD2018", "@id": "way/692072616", "@type": "way", "osm_id": 692072616}, "geometry": {"type": "Polygon", "coordinates": [[[13.0249314, 63.1195796], [13.0253893, 63.1195796], [13.0255611, 63.1193506], [13.0258473, 63.1194651], [13.0259618, 63.1193506], [13.0259618, 63.1192933], [13.0256756, 63.1192361], [13.0252748, 63.1192361], [13.0251604, 63.1192361], [13.0249314, 63.1195796]]]}}, {"type": "Feature", "id": "way/692072633", "properties": {"import": "yes", "landuse": "forest", "natural": "wetland", "source": "NV NMD2018", "@id": "way/692072633", "@type": "way", "osm_id": 692072633}, "geometry": {"type": "Polygon", "coordinates": [[[13.0526379, 63.1294257], [13.0534393, 63.1294257], [13.0530386, 63.1293112], [13.0526379, 63.1293684], [13.0526379, 63.1294257]]]}}, {"type": "Feature", "id": "way/692072639", "properties": {"import": "yes", "landuse": "forest", "natural": "wetland", "source": "NV NMD2018", "@id": "way/692072639", "@type": "way", "osm_id": 692072639}, "geometry": {"type": "Polygon", "coordinates": [[[13.0150853, 63.1385848], [13.0153142, 63.1383559], [13.0154287, 63.1383559], [13.0155432, 63.1382986], [13.0153715, 63.1382414], [13.0151998, 63.1382414], [13.0149708, 63.1381269], [13.0145128, 63.1382986], [13.0142838, 63.1386421], [13.0142838, 63.1387279], [13.0143697, 63.1388138], [13.0144556, 63.1388138], [13.0146273, 63.1389283], [13.0147418, 63.1388138], [13.0146846, 63.1386993], [13.0145128, 63.1386421], [13.0150853, 63.1385848]]]}}, {"type": "Feature", "id": "way/692072641", "properties": {"import": "yes", "landuse": "forest", "natural": "wetland", "source": "NV NMD2018", "@id": "way/692072641", "@type": "way", "osm_id": 692072641}, "geometry": {"type": "Polygon", "coordinates": [[[13.0826341, 63.1403022], [13.0829776, 63.1403022], [13.0833211, 63.1400732], [13.0833211, 63.1398442], [13.0827486, 63.1399587], [13.0826341, 63.1403022]]]}}, {"type": "Feature", "id": "way/692072644", "properties": {"import": "yes", "landuse": "forest", "natural": "wetland", "source": "NV NMD2018", "@id": "way/692072644", "@type": "way", "osm_id": 692072644}, "geometry": {"type": "Polygon", "coordinates": [[[12.9998168, 63.1444281], [12.9998473, 63.1446562], [13.0006596, 63.1445383], [13.0006596, 63.144481], [13.0003161, 63.1444238], [12.9998168, 63.1444281]]]}}, {"type": "Feature", "id": "way/692072645", "properties": {"import": "yes", "landuse": "forest", "natural": "wetland", "source": "NV NMD2018", "@id": "way/692072645", "@type": "way", "osm_id": 692072645}, "geometry": {"type": "Polygon", "coordinates": [[[13.0684374, 63.1462556], [13.0677505, 63.1462556], [13.0679795, 63.1464846], [13.0682085, 63.1464274], [13.0684374, 63.1463129], [13.0684374, 63.1462556]]]}}, {"type": "Feature", "id": "way/692072648", "properties": {"import": "yes", "landuse": "forest", "natural": "wetland", "source": "NV NMD2018", "@id": "way/692072648", "@type": "way", "osm_id": 692072648}, "geometry": {"type": "Polygon", "coordinates": [[[13.0085594, 63.1474005], [13.0087883, 63.1473433], [13.0087883, 63.147286], [13.0087311, 63.1471716], [13.0086166, 63.1471716], [13.0085021, 63.147286], [13.0083876, 63.1469426], [13.0082159, 63.1468853], [13.0084449, 63.1467136], [13.0083876, 63.1465991], [13.0082159, 63.1465991], [13.0080442, 63.1467136], [13.0079583, 63.1467136], [13.0078724, 63.1467708], [13.0078724, 63.1468281], [13.0081586, 63.1471716], [13.0082731, 63.1471716], [13.0085594, 63.1474005]]]}}, {"type": "Feature", "id": "way/692072649", "properties": {"import": "yes", "landuse": "forest", "natural": "wetland", "source": "NV NMD2018", "@id": "way/692072649", "@type": "way", "osm_id": 692072649}, "geometry": {"type": "Polygon", "coordinates": [[[13.0145128, 63.147515], [13.0149135, 63.147515], [13.0153142, 63.1474578], [13.0152284, 63.1474005], [13.0151425, 63.1474005], [13.0150853, 63.147286], [13.015028, 63.147286], [13.0149708, 63.1473147], [13.0149708, 63.1473433], [13.0145128, 63.147515]]]}}, {"type": "Feature", "id": "way/692072650", "properties": {"import": "yes", "landuse": "forest", "natural": "wetland", "source": "NV NMD2018", "@id": "way/692072650", "@type": "way", "osm_id": 692072650}, "geometry": {"type": "Polygon", "coordinates": [[[13.0930527, 63.1484309], [13.0930527, 63.1483737], [13.0931672, 63.1483165], [13.0932817, 63.1483737], [13.0930527, 63.1486599], [13.0933962, 63.1486027], [13.0938541, 63.148202], [13.0937969, 63.1480875], [13.0932244, 63.148202], [13.0929382, 63.1480875], [13.092881, 63.147973], [13.0927092, 63.147973], [13.0925947, 63.148202], [13.092423, 63.1480875], [13.0922513, 63.1480875], [13.0920795, 63.1483165], [13.0918506, 63.1484309], [13.0916788, 63.1483165], [13.0916788, 63.1483737], [13.0915643, 63.1484309], [13.0914498, 63.1483165], [13.0913354, 63.1483737], [13.0912209, 63.1485454], [13.0914498, 63.1486599], [13.0917933, 63.1485454], [13.0920223, 63.1485454], [13.0930527, 63.1484309]]]}}, {"type": "Feature", "id": "way/692072651", "properties": {"import": "yes", "landuse": "forest", "natural": "wetland", "source": "NV NMD2018", "@id": "way/692072651", "@type": "way", "osm_id": 692072651}, "geometry": {"type": "Polygon", "coordinates": [[[13.0816037, 63.1500338], [13.0828631, 63.1500338], [13.0828059, 63.1499193], [13.08189, 63.1498048], [13.0814893, 63.1498621], [13.0816037, 63.1500338]]]}}, {"type": "Feature", "id": "way/692072653", "properties": {"import": "yes", "landuse": "forest", "natural": "wetland", "source": "NV NMD2018", "@id": "way/692072653", "@type": "way", "osm_id": 692072653}, "geometry": {"type": "Polygon", "coordinates": [[[13.0260763, 63.1525526], [13.0255038, 63.1526098], [13.0255038, 63.1526384], [13.0256469, 63.1526671], [13.02579, 63.1526671], [13.0260763, 63.1525526]]]}}, {"type": "Feature", "id": "way/692072655", "properties": {"import": "yes", "landuse": "forest", "natural": "wetland", "source": "NV NMD2018", "@id": "way/692072655", "@type": "way", "osm_id": 692072655}, "geometry": {"type": "Polygon", "coordinates": [[[13.0780546, 63.1536975], [13.0782263, 63.1536975], [13.078398, 63.1535257], [13.078398, 63.1532968], [13.0783694, 63.1532395], [13.0783408, 63.1532395], [13.0782835, 63.1530678], [13.078398, 63.152896], [13.0785125, 63.1530105], [13.079085, 63.1530105], [13.0790277, 63.152896], [13.0789132, 63.152896], [13.078856, 63.1527243], [13.079085, 63.1525526], [13.0793139, 63.1524953], [13.0792567, 63.1524381], [13.0790277, 63.1524381], [13.0787987, 63.1523236], [13.078627, 63.1524381], [13.0785125, 63.1522663], [13.0782263, 63.1520946], [13.0779401, 63.1522663], [13.0778256, 63.1524381], [13.0775966, 63.1523236], [13.0774821, 63.1524381], [13.0775394, 63.1525526], [13.0776538, 63.1525526], [13.0777683, 63.1527815], [13.0778828, 63.1527815], [13.0779973, 63.152896], [13.0781118, 63.153354], [13.0782263, 63.153354], [13.0782835, 63.1534685], [13.0780546, 63.1536402], [13.0780546, 63.1536975]]]}}, {"type": "Feature", "id": "way/692072663", "properties": {"import": "yes", "landuse": "forest", "natural": "wetland", "source": "NV NMD2018", "@id": "way/692072663", "@type": "way", "osm_id": 692072663}, "geometry": {"type": "Polygon", "coordinates": [[[13.0149708, 63.1551858], [13.0151998, 63.1551858], [13.0154287, 63.1549569], [13.0151998, 63.1549569], [13.0149708, 63.1550713], [13.0149708, 63.1551858]]]}}, {"type": "Feature", "id": "way/694451850", "properties": {"import": "yes", "landuse": "forest", "natural": "wetland", "source": "NV NMD2018", "@id": "way/694451850", "@type": "way", "osm_id": 694451850}, "geometry": {"type": "Polygon", "coordinates": [[[12.6521531, 63.1293112], [12.6523821, 63.1291394], [12.6523249, 63.1290822], [12.6516952, 63.1290822], [12.6517524, 63.1291967], [12.6518669, 63.1291967], [12.6519814, 63.1293112], [12.6521531, 63.1293112]]]}}, {"type": "Feature", "id": "way/694452118", "properties": {"import": "yes", "landuse": "forest", "natural": "wetland", "source": "NV NMD2018", "@id": "way/694452118", "@type": "way", "osm_id": 694452118}, "geometry": {"type": "Polygon", "coordinates": [[[12.6969186, 63.1141985], [12.6973765, 63.1141985], [12.6978345, 63.1137978], [12.6977773, 63.1137406], [12.6974338, 63.1137406], [12.6967468, 63.1139696], [12.6963461, 63.1140268], [12.6963461, 63.1140554], [12.6965465, 63.1140841], [12.6967468, 63.1140841], [12.6969186, 63.1141985]]]}}, {"type": "Feature", "id": "way/694452125", "properties": {"import": "yes", "landuse": "forest", "natural": "wetland", "source": "NV NMD2018", "@id": "way/694452125", "@type": "way", "osm_id": 694452125}, "geometry": {"type": "Polygon", "coordinates": [[[12.6984069, 63.1167173], [12.6984642, 63.1167173], [12.6985214, 63.1166601], [12.6985214, 63.1166028], [12.6986359, 63.1164883], [12.6989794, 63.1166028], [12.6992084, 63.1163738], [12.6988077, 63.1163738], [12.6984069, 63.1164025], [12.6984069, 63.1164311], [12.6978345, 63.1164883], [12.69772, 63.1165456], [12.6981207, 63.1166028], [12.698178, 63.1167173], [12.6984069, 63.1167173]]]}}, {"type": "Feature", "id": "way/694452140", "properties": {"import": "yes", "landuse": "forest", "natural": "wetland", "source": "NV NMD2018", "@id": "way/694452140", "@type": "way", "osm_id": 694452140}, "geometry": {"type": "Polygon", "coordinates": [[[12.6555878, 63.1280518], [12.6555878, 63.1279945], [12.655502, 63.1279373], [12.6554161, 63.1279373], [12.6553588, 63.1278801], [12.6554733, 63.1277083], [12.6551299, 63.1275938], [12.6547864, 63.1277656], [12.6549581, 63.1279373], [12.6551871, 63.1279373], [12.6553588, 63.1280518], [12.6555878, 63.1280518]]]}}, {"type": "Feature", "id": "way/694463186", "properties": {"import": "yes", "landuse": "forest", "natural": "wetland", "source": "NV NMD2018", "@id": "way/694463186", "@type": "way", "osm_id": 694463186}, "geometry": {"type": "Polygon", "coordinates": [[[12.7609183, 63.1209534], [12.7610328, 63.1211252], [12.7611473, 63.1211824], [12.7617197, 63.1210107], [12.761548, 63.1209534], [12.7614907, 63.1208389], [12.7609183, 63.1209534]]]}}, {"type": "Feature", "id": "way/694463358", "properties": {"import": "yes", "landuse": "forest", "natural": "wetland", "source": "NV NMD2018", "@id": "way/694463358", "@type": "way", "osm_id": 694463358}, "geometry": {"type": "Polygon", "coordinates": [[[12.780954, 63.1156869], [12.7810685, 63.1158586], [12.780267, 63.1159159], [12.7806105, 63.1160304], [12.7810112, 63.1160304], [12.7812974, 63.1161449], [12.7816409, 63.1160304], [12.7817554, 63.1159159], [12.7816982, 63.1158014], [12.7815837, 63.1158014], [12.7815264, 63.1155724], [12.780954, 63.1156869]]]}}, {"type": "Feature", "id": "way/694463672", "properties": {"import": "yes", "landuse": "forest", "natural": "wetland", "source": "NV NMD2018", "@id": "way/694463672", "@type": "way", "osm_id": 694463672}, "geometry": {"type": "Polygon", "coordinates": [[[12.7571401, 63.125304], [12.7575981, 63.1252468], [12.7575981, 63.1251895], [12.7575408, 63.1250751], [12.7574264, 63.1250751], [12.7573119, 63.1249606], [12.7571401, 63.125304]]]}}, {"type": "Feature", "id": "way/694463673", "properties": {"import": "yes", "landuse": "forest", "natural": "wetland", "source": "NV NMD2018", "@id": "way/694463673", "@type": "way", "osm_id": 694463673}, "geometry": {"type": "Polygon", "coordinates": [[[12.7832438, 63.1326314], [12.7827858, 63.1327459], [12.7827858, 63.1328031], [12.7828717, 63.1328604], [12.7829575, 63.1328604], [12.7831293, 63.1329748], [12.7838162, 63.1328031], [12.78353, 63.1326314], [12.7832438, 63.1326314]]]}}, {"type": "Feature", "id": "way/694463676", "properties": {"import": "yes", "landuse": "forest", "natural": "wetland", "source": "NV NMD2018", "@id": "way/694463676", "@type": "way", "osm_id": 694463676}, "geometry": {"type": "Polygon", "coordinates": [[[12.7932044, 63.1129392], [12.7934333, 63.1132826], [12.7936623, 63.1132826], [12.7936051, 63.1131681], [12.7934906, 63.1131681], [12.7933761, 63.1129392], [12.7932044, 63.1129392]]]}}, {"type": "Feature", "id": "way/694463677", "properties": {"import": "yes", "landuse": "forest", "natural": "wetland", "source": "NV NMD2018", "@id": "way/694463677", "@type": "way", "osm_id": 694463677}, "geometry": {"type": "Polygon", "coordinates": [[[12.7926319, 63.1131681], [12.7925747, 63.1130536], [12.7924029, 63.1130536], [12.7922884, 63.1129964], [12.7922884, 63.1129392], [12.791945, 63.1131681], [12.7918305, 63.1131681], [12.7918877, 63.1132826], [12.7920595, 63.1132826], [12.7926319, 63.1131681]]]}}, {"type": "Feature", "id": "way/694463680", "properties": {"import": "yes", "landuse": "forest", "natural": "wetland", "source": "NV NMD2018", "@id": "way/694463680", "@type": "way", "osm_id": 694463680}, "geometry": {"type": "Polygon", "coordinates": [[[12.7784352, 63.114771], [12.7782062, 63.114771], [12.7779772, 63.1151145], [12.7784924, 63.1151145], [12.7786642, 63.1152289], [12.7787787, 63.1152289], [12.7787214, 63.114771], [12.7784352, 63.114771]]]}}, {"type": "Feature", "id": "way/694463696", "properties": {"import": "yes", "landuse": "forest", "natural": "wetland", "source": "NV NMD2018", "@id": "way/694463696", "@type": "way", "osm_id": 694463696}, "geometry": {"type": "Polygon", "coordinates": [[[12.7464926, 63.1249606], [12.7461491, 63.1249606], [12.7459201, 63.1249033], [12.7447752, 63.1250751], [12.7445463, 63.1251895], [12.7450615, 63.1251895], [12.7451187, 63.1252468], [12.7456912, 63.125304], [12.7462636, 63.1252468], [12.7463781, 63.1251895], [12.7464926, 63.1249606]]]}}, {"type": "Feature", "id": "way/694463707", "properties": {"import": "yes", "landuse": "forest", "natural": "wetland", "source": "NV NMD2018", "@id": "way/694463707", "@type": "way", "osm_id": 694463707}, "geometry": {"type": "Polygon", "coordinates": [[[12.7887393, 63.1251895], [12.7885103, 63.125304], [12.7885103, 63.1254185], [12.788682, 63.125533], [12.788911, 63.1254185], [12.7889682, 63.125304], [12.788911, 63.1251895], [12.7887393, 63.1251895]]]}}, {"type": "Feature", "id": "way/694463726", "properties": {"import": "yes", "landuse": "forest", "natural": "wetland", "source": "NV NMD2018", "@id": "way/694463726", "@type": "way", "osm_id": 694463726}, "geometry": {"type": "Polygon", "coordinates": [[[12.7743136, 63.1215259], [12.7740273, 63.1214114], [12.7737411, 63.1214686], [12.7737411, 63.1214973], [12.7740273, 63.1215259], [12.7743136, 63.1215259]]]}}, {"type": "Feature", "id": "way/694463748", "properties": {"import": "yes", "landuse": "forest", "natural": "wetland", "source": "NV NMD2018", "@id": "way/694463748", "@type": "way", "osm_id": 694463748}, "geometry": {"type": "Polygon", "coordinates": [[[12.753133, 63.1239302], [12.7534192, 63.1239302], [12.7537054, 63.1239015], [12.7537054, 63.1238729], [12.7539344, 63.1238157], [12.7538772, 63.1237012], [12.7535909, 63.1237012], [12.753362, 63.1235867], [12.7535909, 63.1233577], [12.7534765, 63.1232432], [12.7532475, 63.1233577], [12.753133, 63.1236439], [12.753133, 63.1239302]]]}}, {"type": "Feature", "id": "way/694463754", "properties": {"import": "yes", "landuse": "forest", "natural": "wetland", "source": "NV NMD2018", "@id": "way/694463754", "@type": "way", "osm_id": 694463754}, "geometry": {"type": "Polygon", "coordinates": [[[12.7816409, 63.1108783], [12.7818699, 63.1108783], [12.7818126, 63.1106494], [12.7816409, 63.1106494], [12.7814119, 63.1105349], [12.7812974, 63.1106494], [12.7814119, 63.1107639], [12.7815837, 63.1107639], [12.7816409, 63.1108783]]]}}, {"type": "Feature", "id": "way/694463787", "properties": {"import": "yes", "landuse": "forest", "natural": "wetland", "source": "NV NMD2018", "@id": "way/694463787", "@type": "way", "osm_id": 694463787}, "geometry": {"type": "Polygon", "coordinates": [[[12.7787787, 63.1160876], [12.7788932, 63.1160304], [12.7790076, 63.1158014], [12.7791221, 63.1158014], [12.7790649, 63.1156869], [12.7789218, 63.1156869], [12.7786642, 63.1156869], [12.7785497, 63.1156869], [12.7782062, 63.1159159], [12.7778628, 63.1162021], [12.7778628, 63.1162594], [12.7787787, 63.1160876]]]}}, {"type": "Feature", "id": "way/694463789", "properties": {"import": "yes", "landuse": "forest", "natural": "wetland", "source": "NV NMD2018", "@id": "way/694463789", "@type": "way", "osm_id": 694463789}, "geometry": {"type": "Polygon", "coordinates": [[[12.7776338, 63.1163166], [12.7775193, 63.1162594], [12.7774048, 63.1162594], [12.7772903, 63.1162021], [12.7772903, 63.1161449], [12.7761454, 63.1162594], [12.7763744, 63.1163738], [12.7767179, 63.1163738], [12.7767751, 63.1162594], [12.7768323, 63.1163166], [12.7776338, 63.1163166]]]}}, {"type": "Feature", "id": "way/694463790", "properties": {"import": "yes", "landuse": "forest", "natural": "wetland", "source": "NV NMD2018", "@id": "way/694463790", "@type": "way", "osm_id": 694463790}, "geometry": {"type": "Polygon", "coordinates": [[[12.7786642, 63.1162594], [12.7787787, 63.1164883], [12.7793511, 63.1163166], [12.7791794, 63.1162594], [12.7786642, 63.1162594]]]}}, {"type": "Feature", "id": "way/694463817", "properties": {"import": "yes", "landuse": "forest", "natural": "wetland", "source": "NV NMD2018", "@id": "way/694463817", "@type": "way", "osm_id": 694463817}, "geometry": {"type": "Polygon", "coordinates": [[[12.7882813, 63.120152], [12.7882813, 63.1202665], [12.7889682, 63.1202092], [12.7889682, 63.120152], [12.7887965, 63.1200375], [12.7885103, 63.120152], [12.7882813, 63.120152]]]}}, {"type": "Feature", "id": "way/694463825", "properties": {"import": "yes", "landuse": "forest", "natural": "wetland", "source": "NV NMD2018", "@id": "way/694463825", "@type": "way", "osm_id": 694463825}, "geometry": {"type": "Polygon", "coordinates": [[[12.7889682, 63.119923], [12.7889682, 63.120152], [12.7893117, 63.1200375], [12.7893117, 63.1199803], [12.78914, 63.119923], [12.7889682, 63.119923]]]}}, {"type": "Feature", "id": "way/694463831", "properties": {"import": "yes", "landuse": "forest", "natural": "wetland", "source": "NV NMD2018", "@id": "way/694463831", "@type": "way", "osm_id": 694463831}, "geometry": {"type": "Polygon", "coordinates": [[[12.7743136, 63.1215259], [12.7743136, 63.1219838], [12.7745426, 63.1219266], [12.774657, 63.1218121], [12.7744853, 63.1215259], [12.7743136, 63.1215259]]]}}, {"type": "Feature", "id": "way/694463854", "properties": {"import": "yes", "landuse": "forest", "natural": "wetland", "source": "NV NMD2018", "@id": "way/694463854", "@type": "way", "osm_id": 694463854}, "geometry": {"type": "Polygon", "coordinates": [[[12.7610328, 63.1222128], [12.7611473, 63.1222128], [12.7613762, 63.1218693], [12.7611473, 63.1218693], [12.7608324, 63.1218693], [12.7607466, 63.1218693], [12.7605748, 63.1217549], [12.7605176, 63.1217549], [12.7604603, 63.1220983], [12.7609755, 63.1220983], [12.7610328, 63.1222128]]]}}, {"type": "Feature", "id": "way/694463858", "properties": {"import": "yes", "landuse": "forest", "natural": "wetland", "source": "NV NMD2018", "@id": "way/694463858", "@type": "way", "osm_id": 694463858}, "geometry": {"type": "Polygon", "coordinates": [[[12.7379059, 63.1228998], [12.7383638, 63.1228998], [12.7383066, 63.1227853], [12.7381348, 63.122728], [12.7378486, 63.1226708], [12.7375624, 63.122728], [12.7378486, 63.1227853], [12.7379059, 63.1228998]]]}}, {"type": "Feature", "id": "way/694463863", "properties": {"import": "yes", "landuse": "forest", "natural": "wetland", "source": "NV NMD2018", "@id": "way/694463863", "@type": "way", "osm_id": 694463863}, "geometry": {"type": "Polygon", "coordinates": [[[12.7442028, 63.1235867], [12.7444318, 63.1235867], [12.7446608, 63.1235294], [12.7446608, 63.1234722], [12.7446035, 63.1232432], [12.7443173, 63.1232432], [12.7440883, 63.1233577], [12.7440883, 63.123415], [12.7441169, 63.1234722], [12.7441456, 63.1234722], [12.7442028, 63.1235867]]]}}, {"type": "Feature", "id": "way/694463867", "properties": {"import": "yes", "landuse": "forest", "natural": "wetland", "source": "NV NMD2018", "@id": "way/694463867", "@type": "way", "osm_id": 694463867}, "geometry": {"type": "Polygon", "coordinates": [[[12.7572546, 63.1240446], [12.7571974, 63.1240446], [12.7571115, 63.1240446], [12.7570829, 63.1240446], [12.7570256, 63.1242164], [12.7570829, 63.1243881], [12.7571687, 63.1243881], [12.7572546, 63.1242164], [12.7572546, 63.1240446]]]}}, {"type": "Feature", "id": "way/694463889", "properties": {"import": "yes", "landuse": "forest", "natural": "wetland", "source": "NV NMD2018", "@id": "way/694463889", "@type": "way", "osm_id": 694463889}, "geometry": {"type": "Polygon", "coordinates": [[[12.7435159, 63.1251895], [12.7435159, 63.125304], [12.7436304, 63.1254185], [12.7437735, 63.1254185], [12.7438021, 63.1254185], [12.7438593, 63.125304], [12.7442028, 63.1251323], [12.7444318, 63.1249606], [12.7437448, 63.1250751], [12.7435159, 63.1251323], [12.7435159, 63.1251895]]]}}, {"type": "Feature", "id": "way/694463914", "properties": {"import": "yes", "landuse": "forest", "natural": "wetland", "source": "NV NMD2018", "@id": "way/694463914", "@type": "way", "osm_id": 694463914}, "geometry": {"type": "Polygon", "coordinates": [[[12.7301206, 63.1265634], [12.7301206, 63.1266207], [12.7302637, 63.1266779], [12.7304068, 63.1266779], [12.730464, 63.1267924], [12.7314945, 63.1267924], [12.7314372, 63.1266779], [12.731151, 63.1266207], [12.7314945, 63.1263344], [12.7312655, 63.1263344], [12.730693, 63.1263917], [12.7308648, 63.1264489], [12.730922, 63.1265634], [12.7308075, 63.1266779], [12.7306358, 63.1265634], [12.730464, 63.1265634], [12.7303496, 63.1265062], [12.7303496, 63.1264489], [12.7301206, 63.1265062], [12.7301206, 63.1265634]]]}}, {"type": "Feature", "id": "way/694463927", "properties": {"import": "yes", "landuse": "forest", "natural": "wetland", "source": "NV NMD2018", "@id": "way/694463927", "@type": "way", "osm_id": 694463927}, "geometry": {"type": "Polygon", "coordinates": [[[12.7427144, 63.1283953], [12.7428862, 63.1283953], [12.7430579, 63.1283666], [12.7430579, 63.128338], [12.7432869, 63.1281663], [12.7430579, 63.1278228], [12.7428862, 63.1277083], [12.7427144, 63.1278228], [12.7427717, 63.1279373], [12.7429434, 63.1279945], [12.7428289, 63.1281663], [12.7425999, 63.1282808], [12.7425999, 63.128338], [12.7427144, 63.1283953]]]}}, {"type": "Feature", "id": "way/694463929", "properties": {"import": "yes", "landuse": "forest", "natural": "wetland", "source": "NV NMD2018", "@id": "way/694463929", "@type": "way", "osm_id": 694463929}, "geometry": {"type": "Polygon", "coordinates": [[[12.7540489, 63.1278228], [12.7540489, 63.1278801], [12.7535909, 63.1279373], [12.7535909, 63.1279945], [12.7536768, 63.1280518], [12.7537627, 63.1280518], [12.7539344, 63.1281663], [12.7541634, 63.1280518], [12.7541062, 63.1278228], [12.7540489, 63.1278228]]]}}, {"type": "Feature", "id": "way/694463943", "properties": {"import": "yes", "landuse": "forest", "natural": "wetland", "source": "NV NMD2018", "@id": "way/694463943", "@type": "way", "osm_id": 694463943}, "geometry": {"type": "Polygon", "coordinates": [[[12.7264569, 63.130914], [12.7265142, 63.130914], [12.7265714, 63.1308854], [12.7265714, 63.1308568], [12.7266859, 63.1307995], [12.7268004, 63.130914], [12.7273728, 63.1306278], [12.7273728, 63.1305992], [12.7271438, 63.1305706], [12.7269149, 63.1305706], [12.7265714, 63.1305133], [12.7265714, 63.1304561], [12.7262279, 63.1305706], [12.7261134, 63.1305706], [12.7259989, 63.1305992], [12.7259989, 63.1306278], [12.7261707, 63.130685], [12.7263997, 63.130685], [12.7264569, 63.130914]]]}}, {"type": "Feature", "id": "way/694463953", "properties": {"import": "yes", "landuse": "forest", "natural": "wetland", "source": "NV NMD2018", "@id": "way/694463953", "@type": "way", "osm_id": 694463953}, "geometry": {"type": "Polygon", "coordinates": [[[12.7841597, 63.1327459], [12.7841597, 63.1328604], [12.7844459, 63.1329748], [12.7847321, 63.1329748], [12.7851901, 63.1327459], [12.7851901, 63.1326886], [12.7849897, 63.1326314], [12.7847894, 63.1326314], [12.7841597, 63.1327459]]]}}, {"type": "Feature", "id": "way/694949196", "properties": {"import": "yes", "landuse": "forest", "natural": "wetland", "source": "NV NMD2018", "@id": "way/694949196", "@type": "way", "osm_id": 694949196}, "geometry": {"type": "Polygon", "coordinates": [[[13.1085088, 63.0975975], [13.1089095, 63.0974831], [13.1090813, 63.0973686], [13.109024, 63.0972541], [13.1089095, 63.0972541], [13.108795, 63.0971396], [13.1087378, 63.0972541], [13.1079364, 63.0975975], [13.1080508, 63.097712], [13.1085088, 63.0975975]]]}}, {"type": "Feature", "id": "way/694949199", "properties": {"import": "yes", "landuse": "forest", "natural": "wetland", "source": "NV NMD2018", "@id": "way/694949199", "@type": "way", "osm_id": 694949199}, "geometry": {"type": "Polygon", "coordinates": [[[13.1138898, 63.0962237], [13.1130884, 63.0965671], [13.1130884, 63.0966816], [13.1137753, 63.0964526], [13.1138898, 63.0962237]]]}}, {"type": "Feature", "id": "way/694949201", "properties": {"import": "yes", "landuse": "forest", "natural": "wetland", "source": "NV NMD2018", "@id": "way/694949201", "@type": "way", "osm_id": 694949201}, "geometry": {"type": "Polygon", "coordinates": [[[13.1117145, 63.0972541], [13.1125159, 63.0971968], [13.1126304, 63.0970251], [13.1126304, 63.0969106], [13.1124015, 63.0970251], [13.1122297, 63.0969106], [13.112058, 63.0969106], [13.1119435, 63.0971396], [13.1117718, 63.0970251], [13.1117145, 63.0972541]]]}}, {"type": "Feature", "id": "way/694949219", "properties": {"import": "yes", "landuse": "forest", "natural": "wetland", "source": "NV NMD2018", "@id": "way/694949219", "@type": "way", "osm_id": 694949219}, "geometry": {"type": "Polygon", "coordinates": [[[13.1318647, 63.0914151], [13.1315785, 63.0913006], [13.1312922, 63.0913579], [13.1312922, 63.0913865], [13.1315785, 63.0914151], [13.1318647, 63.0914151]]]}}, {"type": "Feature", "id": "way/694949254", "properties": {"import": "yes", "landuse": "forest", "natural": "wetland", "source": "NV NMD2018", "@id": "way/694949254", "@type": "way", "osm_id": 694949254}, "geometry": {"type": "Polygon", "coordinates": [[[13.1357573, 63.0888963], [13.1357573, 63.0890108], [13.1363298, 63.0888391], [13.1362725, 63.0887818], [13.1359863, 63.0887818], [13.1357573, 63.0888391], [13.1357573, 63.0888963]]]}}, {"type": "Feature", "id": "way/694949269", "properties": {"import": "yes", "landuse": "forest", "natural": "wetland", "source": "NV NMD2018", "@id": "way/694949269", "@type": "way", "osm_id": 694949269}, "geometry": {"type": "Polygon", "coordinates": [[[13.1449165, 63.092102], [13.1446875, 63.092102], [13.1436571, 63.0921593], [13.1444013, 63.0922165], [13.1446875, 63.092331], [13.145031, 63.092331], [13.1449165, 63.092102]]]}}, {"type": "Feature", "id": "way/696647474", "properties": {"import": "yes", "landuse": "forest", "natural": "wetland", "source": "NV NMD2018", "@id": "way/696647474", "@type": "way", "osm_id": 696647474}, "geometry": {"type": "Polygon", "coordinates": [[[12.9036869, 63.0545494], [12.9038872, 63.0548929], [12.9040303, 63.0550074], [12.9042593, 63.0548357], [12.9042021, 63.0546639], [12.9040876, 63.0545494], [12.9036869, 63.0545494]]]}}, {"type": "Feature", "id": "way/696647475", "properties": {"import": "yes", "landuse": "forest", "natural": "wetland", "source": "NV NMD2018", "@id": "way/696647475", "@type": "way", "osm_id": 696647475}, "geometry": {"type": "Polygon", "coordinates": [[[12.9033434, 63.0566675], [12.9035724, 63.0563813], [12.9035151, 63.0562668], [12.902914, 63.0561523], [12.9031144, 63.0566103], [12.9033434, 63.0566675]]]}}, {"type": "Feature", "id": "way/696647480", "properties": {"import": "yes", "landuse": "forest", "natural": "wetland", "source": "NV NMD2018", "@id": "way/696647480", "@type": "way", "osm_id": 696647480}, "geometry": {"type": "Polygon", "coordinates": [[[12.9065491, 63.054435], [12.907236, 63.0543777], [12.9073505, 63.054206], [12.9072933, 63.0540915], [12.9070929, 63.0540915], [12.9068926, 63.0541344], [12.9066636, 63.0542632], [12.9065491, 63.054435]]]}}, {"type": "Feature", "id": "way/696647482", "properties": {"import": "yes", "landuse": "forest", "natural": "wetland", "source": "NV NMD2018", "@id": "way/696647482", "@type": "way", "osm_id": 696647482}, "geometry": {"type": "Polygon", "coordinates": [[[12.9087244, 63.0569251], [12.9092968, 63.0568965], [12.9095258, 63.0567247], [12.9093827, 63.0566103], [12.9091824, 63.0567247], [12.9087244, 63.0569251]]]}}, {"type": "Feature", "id": "way/696647489", "properties": {"import": "yes", "landuse": "forest", "natural": "wetland", "source": "NV NMD2018", "@id": "way/696647489", "@type": "way", "osm_id": 696647489}, "geometry": {"type": "Polygon", "coordinates": [[[12.9925308, 63.0604743], [12.9927025, 63.0605029], [12.9928743, 63.0606174], [12.9933322, 63.0603312], [12.9931605, 63.0602739], [12.9931319, 63.0601594], [12.9927598, 63.0603884], [12.9925308, 63.0604743]]]}}, {"type": "Feature", "id": "way/696647498", "properties": {"import": "yes", "landuse": "forest", "natural": "wetland", "source": "NV NMD2018", "@id": "way/696647498", "@type": "way", "osm_id": 696647498}, "geometry": {"type": "Polygon", "coordinates": [[[12.97925, 63.0613043], [12.97925, 63.0612471], [12.979479, 63.0610754], [12.9793359, 63.0609609], [12.979021, 63.0611898], [12.9790783, 63.0613043], [12.97925, 63.0613043]]]}}, {"type": "Feature", "id": "way/696647519", "properties": {"import": "yes", "landuse": "forest", "natural": "wetland", "source": "NV NMD2018", "@id": "way/696647519", "@type": "way", "osm_id": 696647519}, "geometry": {"type": "Polygon", "coordinates": [[[12.9636794, 63.0682882], [12.9637939, 63.0684027], [12.9640801, 63.0686317], [12.9641374, 63.0684027], [12.9640801, 63.0682882], [12.9636794, 63.0682882]]]}}, {"type": "Feature", "id": "way/696647538", "properties": {"import": "yes", "landuse": "forest", "natural": "wetland", "source": "NV NMD2018", "@id": "way/696647538", "@type": "way", "osm_id": 696647538}, "geometry": {"type": "Polygon", "coordinates": [[[12.9534898, 63.0749286], [12.9532609, 63.0749286], [12.9532322, 63.0745851], [12.9528029, 63.0746424], [12.9529174, 63.0747569], [12.9526884, 63.0749858], [12.9528602, 63.0750431], [12.9529174, 63.0752721], [12.9534898, 63.0749858], [12.9534898, 63.0749286]]]}}, {"type": "Feature", "id": "way/696647545", "properties": {"import": "yes", "landuse": "forest", "natural": "wetland", "source": "NV NMD2018", "@id": "way/696647545", "@type": "way", "osm_id": 696647545}, "geometry": {"type": "Polygon", "coordinates": [[[12.9700908, 63.0763025], [12.9700908, 63.0764742], [12.9699764, 63.0766459], [12.9697474, 63.076417], [12.9696329, 63.0765887], [12.9694039, 63.0767891], [12.9696329, 63.0768749], [12.9700336, 63.0767604], [12.9703198, 63.0763597], [12.9702196, 63.0763025], [12.9700908, 63.0763025]]]}}, {"type": "Feature", "id": "way/696647564", "properties": {"import": "yes", "landuse": "forest", "natural": "wetland", "source": "NV NMD2018", "@id": "way/696647564", "@type": "way", "osm_id": 696647564}, "geometry": {"type": "Polygon", "coordinates": [[[12.9582984, 63.0829429], [12.9583557, 63.0831719], [12.9585274, 63.0832291], [12.9580694, 63.0834008], [12.9585846, 63.0834008], [12.9586419, 63.0836584], [12.9588709, 63.0834008], [12.9586705, 63.0830574], [12.9584272, 63.0829429], [12.9582984, 63.0829429]]]}}, {"type": "Feature", "id": "way/696647570", "properties": {"import": "yes", "landuse": "forest", "natural": "wetland", "source": "NV NMD2018", "@id": "way/696647570", "@type": "way", "osm_id": 696647570}, "geometry": {"type": "Polygon", "coordinates": [[[12.9791355, 63.0846602], [12.9787921, 63.0847175], [12.9791928, 63.0848892], [12.9793645, 63.0848892], [12.97925, 63.0847747], [12.9791355, 63.0846602]]]}}, {"type": "Feature", "id": "way/696647571", "properties": {"import": "yes", "landuse": "forest", "natural": "wetland", "source": "NV NMD2018", "@id": "way/696647571", "@type": "way", "osm_id": 696647571}, "geometry": {"type": "Polygon", "coordinates": [[[12.9807384, 63.0859196], [12.9806239, 63.0855761], [12.9802518, 63.0852327], [12.9803377, 63.0858051], [12.9807384, 63.0859196]]]}}, {"type": "Feature", "id": "way/696647589", "properties": {"import": "yes", "landuse": "forest", "natural": "wetland", "source": "NV NMD2018", "@id": "way/696647589", "@type": "way", "osm_id": 696647589}, "geometry": {"type": "Polygon", "coordinates": [[[12.968488, 63.0913006], [12.9683735, 63.0911861], [12.9681159, 63.0909571], [12.9682018, 63.0913006], [12.968488, 63.0913006]]]}}, {"type": "Feature", "id": "way/696647594", "properties": {"import": "yes", "landuse": "forest", "natural": "wetland", "source": "NV NMD2018", "@id": "way/696647594", "@type": "way", "osm_id": 696647594}, "geometry": {"type": "Polygon", "coordinates": [[[12.9633646, 63.0916441], [12.9633932, 63.0913006], [12.962878, 63.091272], [12.962649, 63.0913579], [12.9630497, 63.0914151], [12.9633646, 63.0916441]]]}}, {"type": "Feature", "id": "way/696647608", "properties": {"import": "yes", "landuse": "forest", "natural": "wetland", "source": "NV NMD2018", "@id": "way/696647608", "@type": "way", "osm_id": 696647608}, "geometry": {"type": "Polygon", "coordinates": [[[12.9599013, 63.0949929], [12.9594433, 63.0950215], [12.9590998, 63.0951933], [12.9589853, 63.095365], [12.9591285, 63.0955367], [12.9593288, 63.0953078], [12.9599013, 63.0949929]]]}}, {"type": "Feature", "id": "way/696647609", "properties": {"import": "yes", "landuse": "forest", "natural": "wetland", "source": "NV NMD2018", "@id": "way/696647609", "@type": "way", "osm_id": 696647609}, "geometry": {"type": "Polygon", "coordinates": [[[12.9576115, 63.0951933], [12.9578404, 63.0950215], [12.9575828, 63.0947353], [12.9576115, 63.0951933]]]}}, {"type": "Feature", "id": "way/696647610", "properties": {"import": "yes", "landuse": "forest", "natural": "wetland", "source": "NV NMD2018", "@id": "way/696647610", "@type": "way", "osm_id": 696647610}, "geometry": {"type": "Polygon", "coordinates": [[[12.9989422, 63.0946208], [12.999114, 63.0946208], [12.9994002, 63.0945063], [12.9996005, 63.0942773], [12.9993429, 63.0941629], [12.9989422, 63.0946208]]]}}, {"type": "Feature", "id": "way/696647615", "properties": {"import": "yes", "landuse": "forest", "natural": "wetland", "source": "NV NMD2018", "@id": "way/696647615", "@type": "way", "osm_id": 696647615}, "geometry": {"type": "Polygon", "coordinates": [[[12.9863484, 63.095365], [12.9861194, 63.0954795], [12.9860049, 63.0956512], [12.9863484, 63.095594], [12.9865773, 63.0954795], [12.9865201, 63.0954222], [12.9863484, 63.095365]]]}}, {"type": "Feature", "id": "way/696647624", "properties": {"import": "yes", "landuse": "forest", "natural": "wetland", "source": "NV NMD2018", "@id": "way/696647624", "@type": "way", "osm_id": 696647624}, "geometry": {"type": "Polygon", "coordinates": [[[12.9024847, 63.0964526], [12.9029427, 63.0964526], [12.9031144, 63.0965958], [12.9033434, 63.0962809], [12.9031144, 63.0961664], [12.9033434, 63.0961092], [12.9032289, 63.0959947], [12.9031144, 63.0958802], [12.9028854, 63.0959947], [12.9026564, 63.0962237], [12.9024847, 63.0964526]]]}}, {"type": "Feature", "id": "way/696647954", "properties": {"import": "yes", "landuse": "forest", "natural": "wetland", "source": "NV NMD2018", "@id": "way/696647954", "@type": "way", "osm_id": 696647954}, "geometry": {"type": "Polygon", "coordinates": [[[12.9764164, 63.0840878], [12.9761588, 63.0839733], [12.9758153, 63.0842595], [12.9762733, 63.084374], [12.9764164, 63.0840878]]]}}, {"type": "Feature", "id": "way/696647963", "properties": {"import": "yes", "landuse": "forest", "natural": "wetland", "source": "NV NMD2018", "@id": "way/696647963", "@type": "way", "osm_id": 696647963}, "geometry": {"type": "Polygon", "coordinates": [[[12.974327, 63.0842023], [12.974327, 63.0842452], [12.9746704, 63.0843167], [12.9751284, 63.0842023], [12.9752429, 63.0839733], [12.9751284, 63.0837729], [12.9750139, 63.0838588], [12.9748994, 63.083916], [12.9750139, 63.0839733], [12.9751284, 63.0840305], [12.9750139, 63.0840878], [12.9748994, 63.084145], [12.9746132, 63.0842023], [12.974327, 63.0842023]]]}}, {"type": "Feature", "id": "way/696647994", "properties": {"import": "yes", "landuse": "forest", "natural": "wetland", "source": "NV NMD2018", "@id": "way/696647994", "@type": "way", "osm_id": 696647994}, "geometry": {"type": "Polygon", "coordinates": [[[12.9431858, 63.0785923], [12.9430713, 63.0785923], [12.9429568, 63.0787068], [12.9431572, 63.0788212], [12.9434148, 63.0789357], [12.9437296, 63.0792792], [12.9438727, 63.0793937], [12.9441589, 63.0795082], [12.9444452, 63.0794509], [12.9442162, 63.0792792], [12.9441017, 63.0790502], [12.9438727, 63.0789357], [12.9436151, 63.0788212], [12.9433003, 63.0787068], [12.9431858, 63.0785923]]]}}, {"type": "Feature", "id": "way/696647997", "properties": {"import": "yes", "landuse": "forest", "natural": "wetland", "source": "NV NMD2018", "@id": "way/696647997", "@type": "way", "osm_id": 696647997}, "geometry": {"type": "Polygon", "coordinates": [[[12.9144489, 63.053519], [12.9134757, 63.0534045], [12.913304, 63.053519], [12.913533, 63.053748], [12.9137619, 63.053977], [12.9141054, 63.0538053], [12.9150213, 63.0536621], [12.9148496, 63.053519], [12.9144489, 63.053519]]]}}, {"type": "Feature", "id": "way/696647999", "properties": {"import": "yes", "landuse": "forest", "natural": "wetland", "source": "NV NMD2018", "@id": "way/696647999", "@type": "way", "osm_id": 696647999}, "geometry": {"type": "Polygon", "coordinates": [[[12.9026564, 63.0643097], [12.9031144, 63.0641666], [12.9033434, 63.0638231], [12.9035437, 63.0638231], [12.9033577, 63.0637086], [12.9032289, 63.0637086], [12.9029999, 63.0638231], [12.9028854, 63.0640521], [12.9026564, 63.0642238], [12.9026564, 63.0643097]]]}}, {"type": "Feature", "id": "way/696648032", "properties": {"import": "yes", "landuse": "forest", "natural": "wetland", "source": "NV NMD2018", "@id": "way/696648032", "@type": "way", "osm_id": 696648032}, "geometry": {"type": "Polygon", "coordinates": [[[12.9012826, 63.0726388], [12.901626, 63.0725816], [12.9021985, 63.0723526], [12.902084, 63.0722953], [12.9017405, 63.0721808], [12.9012826, 63.0725243], [12.9012826, 63.0726388]]]}}, {"type": "Feature", "id": "way/696648069", "properties": {"import": "yes", "landuse": "forest", "natural": "wetland", "source": "NV NMD2018", "@id": "way/696648069", "@type": "way", "osm_id": 696648069}, "geometry": {"type": "Polygon", "coordinates": [[[12.9752715, 63.0911861], [12.9758726, 63.0913006], [12.9761588, 63.0910716], [12.9761015, 63.0908427], [12.9759871, 63.0907282], [12.9755291, 63.0906137], [12.9752429, 63.0907282], [12.9754432, 63.0908427], [12.9755863, 63.0909858], [12.9752715, 63.0911861]]]}}, {"type": "Feature", "id": "way/696648073", "properties": {"import": "yes", "landuse": "forest", "natural": "wetland", "source": "NV NMD2018", "@id": "way/696648073", "@type": "way", "osm_id": 696648073}, "geometry": {"type": "Polygon", "coordinates": [[[12.9992857, 63.0972541], [12.9984843, 63.0973113], [12.9988564, 63.0974831], [12.9989422, 63.0974401], [12.9992857, 63.0972541]]]}}, {"type": "Feature", "id": "way/696648074", "properties": {"import": "yes", "landuse": "forest", "natural": "wetland", "source": "NV NMD2018", "@id": "way/696648074", "@type": "way", "osm_id": 696648074}, "geometry": {"type": "Polygon", "coordinates": [[[12.9935612, 63.0781343], [12.9940192, 63.0780198], [12.9941337, 63.0778481], [12.9940049, 63.0776763], [12.9937902, 63.0776763], [12.9939047, 63.0778481], [12.9936757, 63.0779626], [12.9935612, 63.0781343]]]}}, {"type": "Feature", "id": "way/696648076", "properties": {"import": "yes", "landuse": "forest", "natural": "wetland", "source": "NV NMD2018", "@id": "way/696648076", "@type": "way", "osm_id": 696648076}, "geometry": {"type": "Polygon", "coordinates": [[[12.9833144, 63.0793937], [12.983572, 63.0795082], [12.9837151, 63.0795654], [12.9842876, 63.0796227], [12.9841444, 63.0795082], [12.9838868, 63.0793937], [12.9833144, 63.0793937]]]}}, {"type": "Feature", "id": "way/696648084", "properties": {"import": "yes", "landuse": "forest", "natural": "wetland", "source": "NV NMD2018", "@id": "way/696648084", "@type": "way", "osm_id": 696648084}, "geometry": {"type": "Polygon", "coordinates": [[[12.9058622, 63.0543205], [12.9055759, 63.054206], [12.9052897, 63.0542632], [12.9058622, 63.0543205]]]}}, {"type": "Feature", "id": "way/696648087", "properties": {"import": "yes", "landuse": "forest", "natural": "wetland", "source": "NV NMD2018", "@id": "way/696648087", "@type": "way", "osm_id": 696648087}, "geometry": {"type": "Polygon", "coordinates": [[[12.9005956, 63.0982845], [12.9003667, 63.0984562], [12.9005956, 63.0985707], [12.9013684, 63.098628], [12.9010536, 63.098399], [12.9008819, 63.0982845], [12.9005956, 63.0982845]]]}}, {"type": "Feature", "id": "way/696648088", "properties": {"import": "yes", "landuse": "forest", "natural": "wetland", "source": "NV NMD2018", "@id": "way/696648088", "@type": "way", "osm_id": 696648088}, "geometry": {"type": "Polygon", "coordinates": [[[12.9048031, 63.054206], [12.9044883, 63.0546067], [12.90466, 63.0550074], [12.9050607, 63.0546639], [12.9050035, 63.0543205], [12.9048031, 63.054206]]]}}, {"type": "Feature", "id": "way/696648173", "properties": {"import": "yes", "landuse": "forest", "natural": "wetland", "source": "NV NMD2018", "@id": "way/696648173", "@type": "way", "osm_id": 696648173}, "geometry": {"type": "Polygon", "coordinates": [[[12.9277297, 63.0919876], [12.9278442, 63.0917586], [12.9281876, 63.0914437], [12.9278442, 63.0915296], [12.9275007, 63.0917586], [12.9273862, 63.0920162], [12.9277297, 63.0919876]]]}}, {"type": "Feature", "id": "way/696648175", "properties": {"import": "yes", "landuse": "forest", "natural": "wetland", "source": "NV NMD2018", "@id": "way/696648175", "@type": "way", "osm_id": 696648175}, "geometry": {"type": "Polygon", "coordinates": [[[12.9036869, 63.0956512], [12.9038586, 63.0956512], [12.9041448, 63.0957657], [12.9045455, 63.0956512], [12.9047173, 63.0955367], [12.90466, 63.0954222], [12.9039158, 63.0953936], [12.9036869, 63.0956083], [12.9036869, 63.0956512]]]}}, {"type": "Feature", "id": "way/696648190", "properties": {"import": "yes", "landuse": "forest", "natural": "wetland", "source": "NV NMD2018", "@id": "way/696648190", "@type": "way", "osm_id": 696648190}, "geometry": {"type": "Polygon", "coordinates": [[[12.9769602, 63.1], [12.9777616, 63.099916], [12.9777044, 63.0997728], [12.9775327, 63.0997156], [12.9777616, 63.0994866], [12.9766167, 63.0994866], [12.9769602, 63.0996011], [12.9767312, 63.0997156], [12.976903, 63.0997728], [12.9769602, 63.1]]]}}, {"type": "Feature", "id": "way/696648191", "properties": {"import": "yes", "landuse": "forest", "natural": "wetland", "source": "NV NMD2018", "@id": "way/696648191", "@type": "way", "osm_id": 696648191}, "geometry": {"type": "Polygon", "coordinates": [[[12.9039158, 63.0166534], [12.9038013, 63.0168824], [12.9039158, 63.0169968], [12.9040303, 63.0171113], [12.9038013, 63.0172258], [12.9039015, 63.0174548], [12.9040303, 63.0174548], [12.9043738, 63.0169968], [12.9045455, 63.0171113], [12.9048318, 63.0169396], [12.9046028, 63.0168251], [12.9048318, 63.0166534], [12.9045741, 63.0164244], [12.9042593, 63.0165961], [12.9039158, 63.0166534]]]}}, {"type": "Feature", "id": "way/696648199", "properties": {"import": "yes", "landuse": "forest", "natural": "wetland", "source": "NV NMD2018", "@id": "way/696648199", "@type": "way", "osm_id": 696648199}, "geometry": {"type": "Polygon", "coordinates": [[[12.9256689, 63.0512292], [12.9256116, 63.0511148], [12.9253254, 63.0511148], [12.924524, 63.0512865], [12.9246957, 63.0513437], [12.9249819, 63.0515727], [12.9252109, 63.0516872], [12.9253254, 63.0516156], [12.9253254, 63.0515298], [12.9256689, 63.0512292]]]}}, {"type": "Feature", "id": "way/696648205", "properties": {"import": "yes", "landuse": "forest", "natural": "wetland", "source": "NV NMD2018", "@id": "way/696648205", "@type": "way", "osm_id": 696648205}, "geometry": {"type": "Polygon", "coordinates": [[[12.946735, 63.0526031], [12.9466205, 63.0528321], [12.9471929, 63.0527749], [12.9468638, 63.0526031], [12.946735, 63.0526031]]]}}, {"type": "Feature", "id": "way/696648215", "properties": {"import": "yes", "landuse": "forest", "natural": "wetland", "source": "NV NMD2018", "@id": "way/696648215", "@type": "way", "osm_id": 696648215}, "geometry": {"type": "Polygon", "coordinates": [[[12.9100983, 63.0766459], [12.9098693, 63.0766459], [12.9095258, 63.0765315], [12.9094113, 63.0769894], [12.9099838, 63.0768177], [12.9100983, 63.0766459]]]}}, {"type": "Feature", "id": "way/696648217", "properties": {"import": "yes", "landuse": "forest", "natural": "wetland", "source": "NV NMD2018", "@id": "way/696648217", "@type": "way", "osm_id": 696648217}, "geometry": {"type": "Polygon", "coordinates": [[[12.9424988, 63.077705], [12.9426133, 63.0773329], [12.9420409, 63.0775619], [12.9422842, 63.0776763], [12.9424988, 63.077705]]]}}, {"type": "Feature", "id": "way/696648219", "properties": {"import": "yes", "landuse": "forest", "natural": "wetland", "source": "NV NMD2018", "@id": "way/696648219", "@type": "way", "osm_id": 696648219}, "geometry": {"type": "Polygon", "coordinates": [[[12.9643664, 63.0835153], [12.9642232, 63.0838588], [12.9645953, 63.0836584], [12.9645381, 63.0835153], [12.9643664, 63.0835153]]]}}, {"type": "Feature", "id": "way/696648229", "properties": {"import": "yes", "landuse": "forest", "natural": "wetland", "source": "NV NMD2018", "@id": "way/696648229", "@type": "way", "osm_id": 696648229}, "geometry": {"type": "Polygon", "coordinates": [[[12.973411, 63.0963382], [12.9735255, 63.0964526], [12.97364, 63.0965671], [12.9739835, 63.0966816], [12.9742125, 63.0965099], [12.9740694, 63.0963382], [12.9737545, 63.0962237], [12.973411, 63.0963382]]]}}, {"type": "Feature", "id": "way/696648236", "properties": {"import": "yes", "landuse": "forest", "natural": "wetland", "source": "NV NMD2018", "@id": "way/696648236", "@type": "way", "osm_id": 696648236}, "geometry": {"type": "Polygon", "coordinates": [[[12.9149068, 63.0118448], [12.9149068, 63.0119021], [12.9144489, 63.0119593], [12.9147351, 63.0120738], [12.9150213, 63.0119593], [12.9152503, 63.0117303], [12.9151931, 63.0116158], [12.9149068, 63.0117876], [12.9149068, 63.0118448]]]}}, {"type": "Feature", "id": "way/696648248", "properties": {"import": "yes", "landuse": "forest", "natural": "wetland", "source": "NV NMD2018", "@id": "way/696648248", "@type": "way", "osm_id": 696648248}, "geometry": {"type": "Polygon", "coordinates": [[[12.9129605, 63.0474511], [12.913533, 63.0473795], [12.9134042, 63.0473366], [12.913304, 63.0472221], [12.9129605, 63.0473938], [12.9129605, 63.0474511]]]}}, {"type": "Feature", "id": "way/696648249", "properties": {"import": "yes", "landuse": "forest", "natural": "wetland", "source": "NV NMD2018", "@id": "way/696648249", "@type": "way", "osm_id": 696648249}, "geometry": {"type": "Polygon", "coordinates": [[[12.9206313, 63.0477946], [12.9206313, 63.0477516], [12.9200589, 63.0476801], [12.9203451, 63.0477946], [12.9206313, 63.0477946]]]}}, {"type": "Feature", "id": "way/696648250", "properties": {"import": "yes", "landuse": "forest", "natural": "wetland", "source": "NV NMD2018", "@id": "way/696648250", "@type": "way", "osm_id": 696648250}, "geometry": {"type": "Polygon", "coordinates": [[[12.984631, 63.0490539], [12.9841731, 63.0491255], [12.9843019, 63.0491684], [12.9845165, 63.0493974], [12.98486, 63.0492257], [12.9846883, 63.0491684], [12.984631, 63.0490539]]]}}, {"type": "Feature", "id": "way/696648257", "properties": {"import": "yes", "landuse": "forest", "natural": "wetland", "source": "NV NMD2018", "@id": "way/696648257", "@type": "way", "osm_id": 696648257}, "geometry": {"type": "Polygon", "coordinates": [[[12.9801946, 63.0837443], [12.9805666, 63.0838588], [12.9808529, 63.0838588], [12.9807956, 63.0837443], [12.9801946, 63.0837443]]]}}, {"type": "Feature", "id": "way/696648259", "properties": {"import": "yes", "landuse": "forest", "natural": "wetland", "source": "NV NMD2018", "@id": "way/696648259", "@type": "way", "osm_id": 696648259}, "geometry": {"type": "Polygon", "coordinates": [[[12.9656544, 63.081569], [12.9659692, 63.0813114], [12.9655113, 63.0812828], [12.965683, 63.08134], [12.9656544, 63.081569]]]}}, {"type": "Feature", "id": "way/696648262", "properties": {"import": "yes", "landuse": "forest", "natural": "wetland", "source": "NV NMD2018", "@id": "way/696648262", "@type": "way", "osm_id": 696648262}, "geometry": {"type": "Polygon", "coordinates": [[[12.9072647, 63.0592435], [12.9075223, 63.0592435], [12.907694, 63.0591004], [12.907465, 63.059129], [12.907236, 63.0590145], [12.9071215, 63.0591004], [12.9072647, 63.0592435]]]}}, {"type": "Feature", "id": "way/696648269", "properties": {"import": "yes", "landuse": "forest", "natural": "wetland", "source": "NV NMD2018", "@id": "way/696648269", "@type": "way", "osm_id": 696648269}, "geometry": {"type": "Polygon", "coordinates": [[[12.9041734, 63.0552364], [12.9043452, 63.0553509], [12.9044024, 63.0553509], [12.9045455, 63.0553509], [12.9046028, 63.0554081], [12.9044883, 63.0554654], [12.9046028, 63.0555799], [12.9048318, 63.0555799], [12.9050607, 63.0555226], [12.904889, 63.0554654], [12.9047173, 63.0551791], [12.9044883, 63.0551219], [12.9041734, 63.0552364]]]}}, {"type": "Feature", "id": "way/696648284", "properties": {"import": "yes", "landuse": "forest", "natural": "wetland", "source": "NV NMD2018", "@id": "way/696648284", "@type": "way", "osm_id": 696648284}, "geometry": {"type": "Polygon", "coordinates": [[[12.9746704, 63.0649108], [12.9748422, 63.0650825], [12.9750139, 63.0650825], [12.9748994, 63.064968], [12.9747277, 63.0646245], [12.9744414, 63.0646245], [12.9745559, 63.064739], [12.9746704, 63.0649108]]]}}, {"type": "Feature", "id": "way/696648291", "properties": {"import": "yes", "landuse": "forest", "natural": "wetland", "source": "NV NMD2018", "@id": "way/696648291", "@type": "way", "osm_id": 696648291}, "geometry": {"type": "Polygon", "coordinates": [[[12.9505704, 63.0724098], [12.9507421, 63.0722953], [12.950599, 63.0721808], [12.9503414, 63.0722953], [12.9501696, 63.0721522], [12.9495972, 63.0723526], [12.9505704, 63.0724098]]]}}, {"type": "Feature", "id": "way/696648295", "properties": {"import": "yes", "landuse": "forest", "natural": "wetland", "source": "NV NMD2018", "@id": "way/696648295", "@type": "way", "osm_id": 696648295}, "geometry": {"type": "Polygon", "coordinates": [[[12.9666562, 63.0743562], [12.9668851, 63.0742703], [12.9666562, 63.0741272], [12.9664272, 63.0741844], [12.9660837, 63.0744134], [12.9664272, 63.0743562], [12.9666562, 63.0743562]]]}}, {"type": "Feature", "id": "way/696648298", "properties": {"import": "yes", "landuse": "forest", "natural": "wetland", "source": "NV NMD2018", "@id": "way/696648298", "@type": "way", "osm_id": 696648298}, "geometry": {"type": "Polygon", "coordinates": [[[12.9871498, 63.07573], [12.9869781, 63.07573], [12.9866918, 63.0758445], [12.9873215, 63.0758445], [12.9873788, 63.075959], [12.9882947, 63.07573], [12.9881516, 63.075501], [12.987894, 63.0752721], [12.9876078, 63.0753293], [12.9877222, 63.075501], [12.9876078, 63.0756155], [12.9873215, 63.07573], [12.9871498, 63.07573]]]}}, {"type": "Feature", "id": "way/696648306", "properties": {"import": "yes", "landuse": "forest", "natural": "wetland", "source": "NV NMD2018", "@id": "way/696648306", "@type": "way", "osm_id": 696648306}, "geometry": {"type": "Polygon", "coordinates": [[[12.9332252, 63.0791361], [12.9326527, 63.0792363], [12.9326527, 63.0793221], [12.9330534, 63.0793937], [12.9334542, 63.0793364], [12.9332824, 63.0792792], [12.9332252, 63.0791361]]]}}, {"type": "Feature", "id": "way/696648307", "properties": {"import": "yes", "landuse": "forest", "natural": "wetland", "source": "NV NMD2018", "@id": "way/696648307", "@type": "way", "osm_id": 696648307}, "geometry": {"type": "Polygon", "coordinates": [[[12.9512001, 63.0793937], [12.9509711, 63.0793937], [12.9508566, 63.0793078], [12.9506848, 63.0792792], [12.9503986, 63.0793937], [12.9505274, 63.0793937], [12.9507421, 63.0795082], [12.9509711, 63.0796227], [12.9510856, 63.0795654], [12.9512001, 63.0793937]]]}}, {"type": "Feature", "id": "way/696648312", "properties": {"import": "yes", "landuse": "forest", "natural": "wetland", "source": "NV NMD2018", "@id": "way/696648312", "@type": "way", "osm_id": 696648312}, "geometry": {"type": "Polygon", "coordinates": [[[12.9652823, 63.081798], [12.9659692, 63.0817264], [12.9658404, 63.0816835], [12.9656544, 63.081569], [12.965454, 63.0814545], [12.9649388, 63.0814259], [12.9650533, 63.081569], [12.9652823, 63.081798]]]}}, {"type": "Feature", "id": "way/696648315", "properties": {"import": "yes", "landuse": "forest", "natural": "wetland", "source": "NV NMD2018", "@id": "way/696648315", "@type": "way", "osm_id": 696648315}, "geometry": {"type": "Polygon", "coordinates": [[[12.9641374, 63.0838588], [12.9635649, 63.0840305], [12.9641374, 63.0839017], [12.9641374, 63.0838588]]]}}, {"type": "Feature", "id": "way/696648321", "properties": {"import": "yes", "landuse": "forest", "natural": "wetland", "source": "NV NMD2018", "@id": "way/696648321", "@type": "way", "osm_id": 696648321}, "geometry": {"type": "Polygon", "coordinates": [[[12.9839441, 63.0848892], [12.9842303, 63.0848892], [12.9845165, 63.0847175], [12.984402, 63.0845457], [12.9842876, 63.0847175], [12.9839441, 63.0848892]]]}}, {"type": "Feature", "id": "way/696648324", "properties": {"import": "yes", "landuse": "forest", "natural": "wetland", "source": "NV NMD2018", "@id": "way/696648324", "@type": "way", "osm_id": 696648324}, "geometry": {"type": "Polygon", "coordinates": [[[12.9586419, 63.086721], [12.9587564, 63.086721], [12.9588709, 63.0862631], [12.9586419, 63.0864921], [12.9586419, 63.086721]]]}}, {"type": "Feature", "id": "way/696648326", "properties": {"import": "yes", "landuse": "forest", "natural": "wetland", "source": "NV NMD2018", "@id": "way/696648326", "@type": "way", "osm_id": 696648326}, "geometry": {"type": "Polygon", "coordinates": [[[12.9136761, 63.0880949], [12.9137047, 63.0878659], [12.9134185, 63.0878659], [12.9131895, 63.0879804], [12.9131895, 63.0881522], [12.9134757, 63.0879804], [12.9136761, 63.0880949]]]}}, {"type": "Feature", "id": "way/696648327", "properties": {"import": "yes", "landuse": "forest", "natural": "wetland", "source": "NV NMD2018", "@id": "way/696648327", "@type": "way", "osm_id": 696648327}, "geometry": {"type": "Polygon", "coordinates": [[[12.9584129, 63.0880949], [12.9584558, 63.0880949], [12.9585274, 63.0877514], [12.9581839, 63.0877514], [12.9579549, 63.0878659], [12.9580694, 63.0879804], [12.9582984, 63.0878659], [12.9584129, 63.0880949]]]}}, {"type": "Feature", "id": "way/696648329", "properties": {"import": "yes", "landuse": "forest", "natural": "wetland", "source": "NV NMD2018", "@id": "way/696648329", "@type": "way", "osm_id": 696648329}, "geometry": {"type": "Polygon", "coordinates": [[[12.9024275, 63.0894402], [12.9019695, 63.0895546], [12.9016833, 63.0902702], [12.9021985, 63.0900985], [12.9023988, 63.0899267], [12.9024275, 63.0894402]]]}}, {"type": "Feature", "id": "way/696648369", "properties": {"import": "yes", "landuse": "forest", "natural": "wetland", "source": "NV NMD2018", "@id": "way/696648369", "@type": "way", "osm_id": 696648369}, "geometry": {"type": "Polygon", "coordinates": [[[12.9687742, 63.0827139], [12.9691177, 63.0830574], [12.9694039, 63.0828856], [12.969547, 63.0827139], [12.9697617, 63.0827139], [12.9699764, 63.0829429], [12.9703198, 63.0827139], [12.9705488, 63.0830001], [12.9709495, 63.0830574], [12.9710068, 63.0831146], [12.9707778, 63.0833436], [12.971293, 63.0835153], [12.9714647, 63.0836298], [12.9716937, 63.0838302], [12.9718654, 63.0836298], [12.9722089, 63.0837443], [12.9724379, 63.0837443], [12.9726096, 63.0839733], [12.9727241, 63.0838015], [12.9726096, 63.0836298], [12.9722375, 63.0832863], [12.9718082, 63.0832291], [12.9719227, 63.0831146], [12.9718082, 63.0829429], [12.9719227, 63.0828284], [12.9721517, 63.0830287], [12.9722661, 63.0825422], [12.9722089, 63.0824849], [12.9719799, 63.0824849], [12.9717509, 63.0823704], [12.9710068, 63.0823132], [12.9707778, 63.0821414], [12.9706633, 63.082027], [12.9704916, 63.0819125], [12.9694611, 63.0822559], [12.9690604, 63.0822559], [12.9688315, 63.0825994], [12.9687742, 63.0827139]]]}}, {"type": "Feature", "id": "way/696648371", "properties": {"import": "yes", "landuse": "forest", "natural": "wetland", "source": "NV NMD2018", "@id": "way/696648371", "@type": "way", "osm_id": 696648371}, "geometry": {"type": "Polygon", "coordinates": [[[12.9759871, 63.0678302], [12.9758153, 63.0680592], [12.9759298, 63.0683454], [12.9761588, 63.0681165], [12.9760443, 63.0679447], [12.9759871, 63.0678302]]]}}, {"type": "Feature", "id": "way/696648373", "properties": {"import": "yes", "landuse": "forest", "natural": "wetland", "source": "NV NMD2018", "@id": "way/696648373", "@type": "way", "osm_id": 696648373}, "geometry": {"type": "Polygon", "coordinates": [[[12.9520015, 63.0722953], [12.9523449, 63.0724098], [12.9526884, 63.0721522], [12.9523449, 63.0722381], [12.9520015, 63.0722953]]]}}, {"type": "Feature", "id": "way/696648374", "properties": {"import": "yes", "landuse": "forest", "natural": "wetland", "source": "NV NMD2018", "@id": "way/696648374", "@type": "way", "osm_id": 696648374}, "geometry": {"type": "Polygon", "coordinates": [[[12.9533754, 63.096653], [12.9537188, 63.0963382], [12.9540623, 63.0963382], [12.954005, 63.0962237], [12.9536043, 63.0961664], [12.9538333, 63.0959947], [12.9534898, 63.0960519], [12.9530319, 63.0962809], [12.9532609, 63.0963954], [12.9529174, 63.0965671], [12.9528029, 63.0967103], [12.9529317, 63.0967961], [12.9531464, 63.0968247], [12.9533754, 63.096653]]]}}, {"type": "Feature", "id": "way/696648389", "properties": {"import": "yes", "landuse": "forest", "natural": "wetland", "source": "NV NMD2018", "@id": "way/696648389", "@type": "way", "osm_id": 696648389}, "geometry": {"type": "Polygon", "coordinates": [[[12.9129605, 63.0767891], [12.913304, 63.0768749], [12.9137619, 63.0769322], [12.9137047, 63.0767604], [12.9129605, 63.0767891]]]}}, {"type": "Feature", "id": "way/696648392", "properties": {"import": "yes", "landuse": "forest", "natural": "wetland", "source": "NV NMD2018", "@id": "way/696648392", "@type": "way", "osm_id": 696648392}, "geometry": {"type": "Polygon", "coordinates": [[[12.9616186, 63.0861486], [12.9614469, 63.0860341], [12.9612751, 63.0862058], [12.9614469, 63.0863776], [12.9616186, 63.0861486]]]}}, {"type": "Feature", "id": "way/696648416", "properties": {"import": "yes", "landuse": "forest", "natural": "wetland", "source": "NV NMD2018", "@id": "way/696648416", "@type": "way", "osm_id": 696648416}, "geometry": {"type": "Polygon", "coordinates": [[[12.9004811, 63.0171972], [12.9003667, 63.0172258], [12.9002522, 63.0173117], [12.9000232, 63.0176838], [12.9003667, 63.0175693], [12.9004811, 63.0171972]]]}}, {"type": "Feature", "id": "way/696648417", "properties": {"import": "yes", "landuse": "forest", "natural": "wetland", "source": "NV NMD2018", "@id": "way/696648417", "@type": "way", "osm_id": 696648417}, "geometry": {"type": "Polygon", "coordinates": [[[12.8997942, 63.0172258], [12.9002522, 63.0172258], [12.9003667, 63.0169968], [12.9004811, 63.0169396], [12.9003523, 63.0168824], [12.9000518, 63.0168824], [12.8997942, 63.0172258]]]}}, {"type": "Feature", "id": "way/696648434", "properties": {"import": "yes", "landuse": "forest", "natural": "wetland", "source": "NV NMD2018", "@id": "way/696648434", "@type": "way", "osm_id": 696648434}, "geometry": {"type": "Polygon", "coordinates": [[[12.9017405, 63.0385209], [12.9017405, 63.0384637], [12.9015259, 63.0384064], [12.9011681, 63.0382919], [12.9010536, 63.0384064], [12.9008246, 63.0382919], [12.9004811, 63.038478], [12.9005384, 63.0385209], [12.9009963, 63.0385209], [12.9013971, 63.0385209], [12.901626, 63.0385209], [12.9017405, 63.0385209]]]}}, {"type": "Feature", "id": "way/696648441", "properties": {"import": "yes", "landuse": "forest", "natural": "wetland", "source": "NV NMD2018", "@id": "way/696648441", "@type": "way", "osm_id": 696648441}, "geometry": {"type": "Polygon", "coordinates": [[[12.9029999, 63.0447033], [12.9029999, 63.0450468], [12.9032289, 63.0448751], [12.9031717, 63.0447033], [12.9029999, 63.0447033]]]}}, {"type": "Feature", "id": "way/696648443", "properties": {"import": "yes", "landuse": "forest", "natural": "wetland", "source": "NV NMD2018", "@id": "way/696648443", "@type": "way", "osm_id": 696648443}, "geometry": {"type": "Polygon", "coordinates": [[[12.9280731, 63.0430146], [12.9281876, 63.042986], [12.9283021, 63.0429431], [12.9288746, 63.0426425], [12.9291036, 63.0425853], [12.9289748, 63.042528], [12.9285311, 63.042528], [12.9283021, 63.042571], [12.9279587, 63.0426998], [12.9278442, 63.0428143], [12.9280159, 63.0428715], [12.9280731, 63.0430146]]]}}, {"type": "Feature", "id": "way/696648450", "properties": {"import": "yes", "landuse": "forest", "natural": "wetland", "source": "NV NMD2018", "@id": "way/696648450", "@type": "way", "osm_id": 696648450}, "geometry": {"type": "Polygon", "coordinates": [[[12.9054042, 63.0447033], [12.9058622, 63.044732], [12.9062056, 63.0445316], [12.9067781, 63.0444171], [12.9066063, 63.0442454], [12.9063774, 63.0442454], [12.9062056, 63.0440736], [12.9061484, 63.0439019], [12.9058622, 63.0440164], [12.9056332, 63.0440164], [12.9054042, 63.0441881], [12.9056332, 63.0443026], [12.9054042, 63.0443885], [12.9051752, 63.0445316], [12.905347, 63.0445888], [12.9054042, 63.0447033]]]}}, {"type": "Feature", "id": "way/696648451", "properties": {"import": "yes", "landuse": "forest", "natural": "wetland", "source": "NV NMD2018", "@id": "way/696648451", "@type": "way", "osm_id": 696648451}, "geometry": {"type": "Polygon", "coordinates": [[[12.9165097, 63.0445888], [12.9166242, 63.0445888], [12.9167387, 63.0445459], [12.9168532, 63.0444744], [12.9169677, 63.0442454], [12.9161662, 63.0444171], [12.9163809, 63.0445888], [12.9165097, 63.0445888]]]}}, {"type": "Feature", "id": "way/696648453", "properties": {"import": "yes", "landuse": "forest", "natural": "wetland", "source": "NV NMD2018", "@id": "way/696648453", "@type": "way", "osm_id": 696648453}, "geometry": {"type": "Polygon", "coordinates": [[[12.9238657, 63.0452758], [12.9241805, 63.0452758], [12.9247529, 63.0451613], [12.9246957, 63.0448178], [12.9244381, 63.0448178], [12.9241805, 63.0448608], [12.923837, 63.0451613], [12.9237225, 63.0452185], [12.9238657, 63.0452758]]]}}, {"type": "Feature", "id": "way/696648454", "properties": {"import": "yes", "landuse": "forest", "natural": "wetland", "source": "NV NMD2018", "@id": "way/696648454", "@type": "way", "osm_id": 696648454}, "geometry": {"type": "Polygon", "coordinates": [[[12.9979118, 63.0452185], [12.9979118, 63.0453903], [12.9981408, 63.0454761], [12.9987132, 63.045333], [12.9987132, 63.045104], [12.998427, 63.0450468], [12.9981408, 63.0451327], [12.9979118, 63.0452185]]]}}, {"type": "Feature", "id": "way/696648465", "properties": {"import": "yes", "landuse": "forest", "natural": "wetland", "source": "NV NMD2018", "@id": "way/696648465", "@type": "way", "osm_id": 696648465}, "geometry": {"type": "Polygon", "coordinates": [[[12.929218, 63.048825], [12.929218, 63.0488822], [12.9293468, 63.0489395], [12.9295615, 63.0490539], [12.929676, 63.0489395], [12.9296188, 63.048825], [12.929218, 63.048825]]]}}, {"type": "Feature", "id": "way/696648468", "properties": {"import": "yes", "landuse": "forest", "natural": "wetland", "source": "NV NMD2018", "@id": "way/696648468", "@type": "way", "osm_id": 696648468}, "geometry": {"type": "Polygon", "coordinates": [[[12.9098693, 63.0482525], [12.9098693, 63.0481953], [12.9097548, 63.048138], [12.9096403, 63.0487105], [12.9098693, 63.0484815], [12.9098693, 63.0482525]]]}}, {"type": "Feature", "id": "way/696648472", "properties": {"import": "yes", "landuse": "forest", "natural": "wetland", "source": "NV NMD2018", "@id": "way/696648472", "@type": "way", "osm_id": 696648472}, "geometry": {"type": "Polygon", "coordinates": [[[12.9248674, 63.0496836], [12.9250964, 63.0495119], [12.9249533, 63.0493974], [12.924295, 63.0494833], [12.924524, 63.0496264], [12.9246957, 63.0497409], [12.9248674, 63.0496836]]]}}, {"type": "Feature", "id": "way/696648476", "properties": {"import": "yes", "landuse": "forest", "natural": "wetland", "source": "NV NMD2018", "@id": "way/696648476", "@type": "way", "osm_id": 696648476}, "geometry": {"type": "Polygon", "coordinates": [[[12.9001377, 63.0635941], [12.9001377, 63.0636514], [12.9003523, 63.0637086], [12.9006529, 63.0638231], [12.9006529, 63.0634796], [12.9004525, 63.0634796], [12.9002522, 63.0635226], [12.9001377, 63.0635941]]]}}, {"type": "Feature", "id": "way/696648486", "properties": {"import": "yes", "landuse": "forest", "natural": "wetland", "source": "NV NMD2018", "@id": "way/696648486", "@type": "way", "osm_id": 696648486}, "geometry": {"type": "Polygon", "coordinates": [[[12.9847455, 63.0932469], [12.9847455, 63.0933042], [12.9848743, 63.0933614], [12.9850317, 63.0934759], [12.985318, 63.0933614], [12.9852607, 63.0932469], [12.9847455, 63.0932469]]]}}, {"type": "Feature", "id": "way/696648487", "properties": {"import": "yes", "landuse": "forest", "natural": "wetland", "source": "NV NMD2018", "@id": "way/696648487", "@type": "way", "osm_id": 696648487}, "geometry": {"type": "Polygon", "coordinates": [[[12.9878367, 63.0945349], [12.9878797, 63.0946208], [12.9880085, 63.0948498], [12.9881802, 63.0943918], [12.9878367, 63.0945349]]]}}, {"type": "Feature", "id": "way/696648488", "properties": {"import": "yes", "landuse": "forest", "natural": "wetland", "source": "NV NMD2018", "@id": "way/696648488", "@type": "way", "osm_id": 696648488}, "geometry": {"type": "Polygon", "coordinates": [[[12.9787062, 63.0896978], [12.9787921, 63.0899267], [12.97925, 63.0898123], [12.9791355, 63.0896978], [12.9790783, 63.0894688], [12.9786776, 63.0895833], [12.9787062, 63.0896978]]]}}, {"type": "Feature", "id": "way/696648489", "properties": {"import": "yes", "landuse": "forest", "natural": "wetland", "source": "NV NMD2018", "@id": "way/696648489", "@type": "way", "osm_id": 696648489}, "geometry": {"type": "Polygon", "coordinates": [[[12.9611606, 63.0900412], [12.9613896, 63.0900412], [12.9612751, 63.0899267], [12.9611034, 63.0898123], [12.960946, 63.0895833], [12.9606454, 63.0895833], [12.960531, 63.0896978], [12.9603878, 63.0894688], [12.9601875, 63.0892398], [12.9599013, 63.0892398], [12.9597868, 63.0895833], [12.9600158, 63.0896978], [12.960302, 63.0896978], [12.9603592, 63.0900412], [12.9605023, 63.0901557], [12.9605882, 63.0900699], [12.9607027, 63.0899267], [12.9609317, 63.0900412], [12.9611606, 63.0900412]]]}}, {"type": "Feature", "id": "way/696648490", "properties": {"import": "yes", "landuse": "forest", "natural": "wetland", "source": "NV NMD2018", "@id": "way/696648490", "@type": "way", "osm_id": 696648490}, "geometry": {"type": "Polygon", "coordinates": [[[12.9611606, 63.0854044], [12.9610318, 63.0853472], [12.9608172, 63.0852327], [12.9607027, 63.0853472], [12.9608744, 63.0854616], [12.9611606, 63.0854044]]]}}, {"type": "Feature", "id": "way/696648492", "properties": {"import": "yes", "landuse": "forest", "natural": "wetland", "source": "NV NMD2018", "@id": "way/696648492", "@type": "way", "osm_id": 696648492}, "geometry": {"type": "Polygon", "coordinates": [[[12.984402, 63.0845457], [12.984402, 63.0842023], [12.9841444, 63.0838588], [12.9839441, 63.0842166], [12.9840729, 63.0844312], [12.9842303, 63.0845457], [12.984402, 63.0845457]]]}}, {"type": "Feature", "id": "way/696648493", "properties": {"import": "yes", "landuse": "forest", "natural": "wetland", "source": "NV NMD2018", "@id": "way/696648493", "@type": "way", "osm_id": 696648493}, "geometry": {"type": "Polygon", "coordinates": [[[12.9645953, 63.0831719], [12.9645953, 63.0830574], [12.9640229, 63.0832863], [12.9641374, 63.0835153], [12.9643664, 63.0835153], [12.9645381, 63.0831719], [12.9645953, 63.0831719]]]}}, {"type": "Feature", "id": "way/696648495", "properties": {"import": "yes", "landuse": "forest", "natural": "wetland", "source": "NV NMD2018", "@id": "way/696648495", "@type": "way", "osm_id": 696648495}, "geometry": {"type": "Polygon", "coordinates": [[[12.9519156, 63.0791647], [12.951658, 63.0791647], [12.9517725, 63.0793937], [12.9522305, 63.079222], [12.9521732, 63.0791647], [12.9519156, 63.0791647]]]}}, {"type": "Feature", "id": "way/696648496", "properties": {"import": "yes", "landuse": "forest", "natural": "wetland", "source": "NV NMD2018", "@id": "way/696648496", "@type": "way", "osm_id": 696648496}, "geometry": {"type": "Polygon", "coordinates": [[[12.9515435, 63.07573], [12.951658, 63.07573], [12.952116, 63.0754724], [12.9514004, 63.0756155], [12.9514147, 63.07573], [12.9515435, 63.07573]]]}}, {"type": "Feature", "id": "way/696648497", "properties": {"import": "yes", "landuse": "forest", "natural": "wetland", "source": "NV NMD2018", "@id": "way/696648497", "@type": "way", "osm_id": 696648497}, "geometry": {"type": "Polygon", "coordinates": [[[12.9810818, 63.0624492], [12.9807956, 63.0624492], [12.9804235, 63.0624492], [12.9803663, 63.0625637], [12.9805094, 63.0627068], [12.9813108, 63.062621], [12.9811391, 63.0625637], [12.9810818, 63.0624492]]]}}, {"type": "Feature", "id": "way/696648498", "properties": {"import": "yes", "landuse": "forest", "natural": "wetland", "source": "NV NMD2018", "@id": "way/696648498", "@type": "way", "osm_id": 696648498}, "geometry": {"type": "Polygon", "coordinates": [[[12.9493682, 63.0785923], [12.9493682, 63.078535], [12.949082, 63.0784778], [12.9487958, 63.0784778], [12.9483378, 63.0785493], [12.9485525, 63.0785923], [12.9486813, 63.0787068], [12.9493682, 63.0785923]]]}}, {"type": "Feature", "id": "way/696648500", "properties": {"import": "yes", "landuse": "forest", "natural": "wetland", "source": "NV NMD2018", "@id": "way/696648500", "@type": "way", "osm_id": 696648500}, "geometry": {"type": "Polygon", "coordinates": [[[12.9015116, 63.0626782], [12.9015116, 63.0631362], [12.9017405, 63.0629072], [12.9016833, 63.0626782], [12.9015116, 63.0626782]]]}}, {"type": "Feature", "id": "way/696648502", "properties": {"import": "yes", "landuse": "forest", "natural": "wetland", "source": "NV NMD2018", "@id": "way/696648502", "@type": "way", "osm_id": 696648502}, "geometry": {"type": "Polygon", "coordinates": [[[12.9557796, 63.0763025], [12.9557796, 63.0766459], [12.9560086, 63.0764742], [12.9557796, 63.0763025]]]}}, {"type": "Feature", "id": "way/696648504", "properties": {"import": "yes", "landuse": "forest", "natural": "wetland", "source": "NV NMD2018", "@id": "way/696648504", "@type": "way", "osm_id": 696648504}, "geometry": {"type": "Polygon", "coordinates": [[[12.9083809, 63.0582131], [12.9085813, 63.0582131], [12.9086672, 63.0582131], [12.908753, 63.0580986], [12.9084954, 63.0579841], [12.908152, 63.0581559], [12.9082092, 63.0582131], [12.9083809, 63.0582131]]]}}, {"type": "Feature", "id": "way/696648506", "properties": {"import": "yes", "landuse": "forest", "natural": "wetland", "source": "NV NMD2018", "@id": "way/696648506", "@type": "way", "osm_id": 696648506}, "geometry": {"type": "Polygon", "coordinates": [[[12.9795935, 63.059587], [12.9793645, 63.059587], [12.9791355, 63.0596299], [12.9793359, 63.0597015], [12.9796507, 63.059816], [12.9798797, 63.059816], [12.9799369, 63.0599591], [12.9801659, 63.0599305], [12.9800228, 63.0597015], [12.9795935, 63.0596442], [12.9795935, 63.059587]]]}}, {"type": "Feature", "id": "way/696648507", "properties": {"import": "yes", "landuse": "forest", "natural": "wetland", "source": "NV NMD2018", "@id": "way/696648507", "@type": "way", "osm_id": 696648507}, "geometry": {"type": "Polygon", "coordinates": [[[12.9640229, 63.0695476], [12.9640229, 63.0693186], [12.9638941, 63.0690896], [12.9637653, 63.0689751], [12.9636508, 63.0694331], [12.9638512, 63.0695476], [12.9640229, 63.0695476]]]}}, {"type": "Feature", "id": "way/696648509", "properties": {"import": "yes", "landuse": "forest", "natural": "wetland", "source": "NV NMD2018", "@id": "way/696648509", "@type": "way", "osm_id": 696648509}, "geometry": {"type": "Polygon", "coordinates": [[[12.9041448, 63.0973686], [12.9041448, 63.0976262], [12.9047459, 63.0975975], [12.9048318, 63.0974831], [12.9044883, 63.0974831], [12.9041448, 63.0973686]]]}}, {"type": "Feature", "id": "way/696648510", "properties": {"import": "yes", "landuse": "forest", "natural": "wetland", "source": "NV NMD2018", "@id": "way/696648510", "@type": "way", "osm_id": 696648510}, "geometry": {"type": "Polygon", "coordinates": [[[12.907236, 63.0909571], [12.9068926, 63.0909571], [12.9067781, 63.0912863], [12.9068926, 63.0914151], [12.9072933, 63.0914151], [12.9076654, 63.0914151], [12.9078085, 63.0913006], [12.9077512, 63.0911861], [12.9075795, 63.0911289], [12.9082664, 63.0910716], [12.9082092, 63.0909571], [12.907236, 63.0909571]]]}}, {"type": "Feature", "id": "way/696648513", "properties": {"import": "yes", "landuse": "forest", "natural": "wetland", "source": "NV NMD2018", "@id": "way/696648513", "@type": "way", "osm_id": 696648513}, "geometry": {"type": "Polygon", "coordinates": [[[12.9707778, 63.0922452], [12.9708923, 63.0923024], [12.9712357, 63.0922165], [12.9713502, 63.0920448], [12.9712357, 63.0918731], [12.9711212, 63.0919876], [12.9707778, 63.0921593], [12.9707778, 63.0922452]]]}}, {"type": "Feature", "id": "way/696648514", "properties": {"import": "yes", "landuse": "forest", "natural": "wetland", "source": "NV NMD2018", "@id": "way/696648514", "@type": "way", "osm_id": 696648514}, "geometry": {"type": "Polygon", "coordinates": [[[12.9960227, 63.0996584], [12.9959655, 63.0995725], [12.9957938, 63.0995439], [12.995622, 63.0992576], [12.995622, 63.0989714], [12.995393, 63.0991145], [12.995393, 63.0992004], [12.9952786, 63.0995439], [12.9951641, 63.0996584], [12.9952786, 63.0997728], [12.9955934, 63.0996584], [12.9957938, 63.0997728], [12.9960227, 63.0996584]]]}}, {"type": "Feature", "id": "way/696648515", "properties": {"import": "yes", "landuse": "forest", "natural": "wetland", "source": "NV NMD2018", "@id": "way/696648515", "@type": "way", "osm_id": 696648515}, "geometry": {"type": "Polygon", "coordinates": [[[12.9779334, 63.0773329], [12.9781051, 63.0773329], [12.9780479, 63.0771039], [12.9777616, 63.0771039], [12.9775327, 63.0772184], [12.9778189, 63.0772184], [12.9779334, 63.0773329]]]}}, {"type": "Feature", "id": "way/696648520", "properties": {"import": "yes", "landuse": "forest", "natural": "wetland", "source": "NV NMD2018", "@id": "way/696648520", "@type": "way", "osm_id": 696648520}, "geometry": {"type": "Polygon", "coordinates": [[[12.9590426, 63.0585566], [12.9593002, 63.0585566], [12.9596723, 63.05807], [12.9586419, 63.0580414], [12.9589853, 63.0582131], [12.9590998, 63.0583276], [12.9590426, 63.0585566]]]}}, {"type": "Feature", "id": "way/696648522", "properties": {"import": "yes", "landuse": "forest", "natural": "wetland", "source": "NV NMD2018", "@id": "way/696648522", "@type": "way", "osm_id": 696648522}, "geometry": {"type": "Polygon", "coordinates": [[[12.9017405, 63.098399], [12.9017405, 63.097941], [12.9013971, 63.0979983], [12.901626, 63.0981127], [12.9015116, 63.0982845], [12.9015688, 63.098399], [12.9017405, 63.098399]]]}}, {"type": "Feature", "id": "way/696648530", "properties": {"import": "yes", "landuse": "forest", "natural": "wetland", "source": "NV NMD2018", "@id": "way/696648530", "@type": "way", "osm_id": 696648530}, "geometry": {"type": "Polygon", "coordinates": [[[12.9038586, 63.0566103], [12.9035724, 63.057011], [12.9033434, 63.0573544], [12.9038013, 63.0572972], [12.9041448, 63.057011], [12.9039731, 63.0569537], [12.9038586, 63.0566103]]]}}, {"type": "Feature", "id": "way/696648543", "properties": {"import": "yes", "landuse": "forest", "natural": "wetland", "source": "NV NMD2018", "@id": "way/696648543", "@type": "way", "osm_id": 696648543}, "geometry": {"type": "Polygon", "coordinates": [[[12.9054042, 63.0551219], [12.9058622, 63.0551219], [12.9057477, 63.0550074], [12.9056332, 63.0548357], [12.9058622, 63.0545494], [12.9055187, 63.054435], [12.9052897, 63.0544922], [12.9055187, 63.0546067], [12.9052897, 63.0546639], [12.9050607, 63.0548357], [12.9052325, 63.0548929], [12.9054042, 63.0551219]]]}}, {"type": "Feature", "id": "way/696648551", "properties": {"import": "yes", "landuse": "forest", "natural": "wetland", "source": "NV NMD2018", "@id": "way/696648551", "@type": "way", "osm_id": 696648551}, "geometry": {"type": "Polygon", "coordinates": [[[12.9127315, 63.0558088], [12.9129605, 63.0558088], [12.913304, 63.0556371], [12.9132467, 63.0555799], [12.9123881, 63.0556371], [12.9126743, 63.0556943], [12.9127315, 63.0558088]]]}}, {"type": "Feature", "id": "way/696648557", "properties": {"import": "yes", "landuse": "forest", "natural": "wetland", "source": "NV NMD2018", "@id": "way/696648557", "@type": "way", "osm_id": 696648557}, "geometry": {"type": "Polygon", "coordinates": [[[12.95681, 63.0577552], [12.9566956, 63.0577552], [12.9567528, 63.0578696], [12.9569245, 63.0579269], [12.957497, 63.0579269], [12.9573252, 63.0577552], [12.9569818, 63.0577552], [12.95681, 63.0577552]]]}}, {"type": "Feature", "id": "way/696648560", "properties": {"import": "yes", "landuse": "forest", "natural": "wetland", "source": "NV NMD2018", "@id": "way/696648560", "@type": "way", "osm_id": 696648560}, "geometry": {"type": "Polygon", "coordinates": [[[12.9042593, 63.0583276], [12.9043165, 63.0583276], [12.904431, 63.0584421], [12.9046028, 63.0581559], [12.9042593, 63.0582847], [12.9042593, 63.0583276]]]}}, {"type": "Feature", "id": "way/696648567", "properties": {"import": "yes", "landuse": "forest", "natural": "wetland", "source": "NV NMD2018", "@id": "way/696648567", "@type": "way", "osm_id": 696648567}, "geometry": {"type": "Polygon", "coordinates": [[[12.9936757, 63.0585566], [12.9935612, 63.0585566], [12.9934467, 63.0586711], [12.9935755, 63.0587856], [12.9937902, 63.0589001], [12.9938188, 63.0586711], [12.9936757, 63.0585566]]]}}, {"type": "Feature", "id": "way/696648570", "properties": {"import": "yes", "landuse": "forest", "natural": "wetland", "source": "NV NMD2018", "@id": "way/696648570", "@type": "way", "osm_id": 696648570}, "geometry": {"type": "Polygon", "coordinates": [[[12.9858904, 63.0590145], [12.9855469, 63.0590145], [12.9854038, 63.059358], [12.9856614, 63.0595011], [12.9858332, 63.0592435], [12.9861194, 63.0590718], [12.9860621, 63.0590145], [12.9858904, 63.0590145]]]}}, {"type": "Feature", "id": "way/696648577", "properties": {"import": "yes", "landuse": "forest", "natural": "wetland", "source": "NV NMD2018", "@id": "way/696648577", "@type": "way", "osm_id": 696648577}, "geometry": {"type": "Polygon", "coordinates": [[[12.9049462, 63.0597015], [12.9049462, 63.0594725], [12.9048604, 63.0592435], [12.90466, 63.0599305], [12.9049462, 63.0597873], [12.9049462, 63.0597015]]]}}, {"type": "Feature", "id": "way/696648578", "properties": {"import": "yes", "landuse": "forest", "natural": "wetland", "source": "NV NMD2018", "@id": "way/696648578", "@type": "way", "osm_id": 696648578}, "geometry": {"type": "Polygon", "coordinates": [[[12.9068926, 63.059358], [12.9068926, 63.0592435], [12.9066636, 63.059129], [12.9064919, 63.0589001], [12.9063201, 63.058943], [12.9059766, 63.0590145], [12.9057477, 63.0592435], [12.9058908, 63.059358], [12.9060339, 63.0592435], [12.9060911, 63.0593008], [12.9068926, 63.059358]]]}}, {"type": "Feature", "id": "way/696648581", "properties": {"import": "yes", "landuse": "forest", "natural": "wetland", "source": "NV NMD2018", "@id": "way/696648581", "@type": "way", "osm_id": 696648581}, "geometry": {"type": "Polygon", "coordinates": [[[12.9955075, 63.0599305], [12.9961945, 63.0599305], [12.9962517, 63.059816], [12.996309, 63.0599305], [12.9969959, 63.0597015], [12.9969387, 63.0594725], [12.9965379, 63.0594725], [12.9963233, 63.059358], [12.9961945, 63.0594009], [12.9957365, 63.059816], [12.995393, 63.0598875], [12.9954503, 63.0599305], [12.9955075, 63.0599305]]]}}, {"type": "Feature", "id": "way/696648586", "properties": {"import": "yes", "landuse": "forest", "natural": "wetland", "source": "NV NMD2018", "@id": "way/696648586", "@type": "way", "osm_id": 696648586}, "geometry": {"type": "Polygon", "coordinates": [[[12.998885, 63.0605029], [12.9990567, 63.0605029], [12.9989422, 63.0602167], [12.9990567, 63.0601022], [12.9989995, 63.0600449], [12.9985415, 63.0600449], [12.9979118, 63.0601594], [12.9975684, 63.0600449], [12.9974825, 63.0602739], [12.9976256, 63.0605029], [12.9978546, 63.0605029], [12.9979118, 63.0606174], [12.9974539, 63.0608178], [12.9982553, 63.0607748], [12.9981265, 63.0607319], [12.9980263, 63.0606174], [12.9981408, 63.0604457], [12.9985988, 63.0602739], [12.9987132, 63.0603312], [12.998885, 63.0605029]]]}}, {"type": "Feature", "id": "way/696648602", "properties": {"import": "yes", "landuse": "forest", "natural": "wetland", "source": "NV NMD2018", "@id": "way/696648602", "@type": "way", "osm_id": 696648602}, "geometry": {"type": "Polygon", "coordinates": [[[12.972123, 63.065426], [12.9720372, 63.065197], [12.9718654, 63.064968], [12.9715792, 63.0648535], [12.9714075, 63.064739], [12.9711212, 63.064739], [12.9706633, 63.0648535], [12.9708923, 63.064968], [12.9711785, 63.064968], [12.9713502, 63.0650825], [12.9716651, 63.065197], [12.972123, 63.065426]]]}}, {"type": "Feature", "id": "way/696648605", "properties": {"import": "yes", "landuse": "forest", "natural": "wetland", "source": "NV NMD2018", "@id": "way/696648605", "@type": "way", "osm_id": 696648605}, "geometry": {"type": "Polygon", "coordinates": [[[12.8999946, 63.064968], [12.9000804, 63.064968], [12.9001949, 63.0650825], [12.9003667, 63.0649966], [12.9002522, 63.0647963], [12.9005956, 63.064739], [12.9004525, 63.0646245], [12.9002522, 63.0645387], [12.9000232, 63.0646818], [12.8999946, 63.064968]]]}}, {"type": "Feature", "id": "way/696648607", "properties": {"import": "yes", "landuse": "forest", "natural": "wetland", "source": "NV NMD2018", "@id": "way/696648607", "@type": "way", "osm_id": 696648607}, "geometry": {"type": "Polygon", "coordinates": [[[12.9949351, 63.0688606], [12.9941337, 63.0688606], [12.9943626, 63.0689751], [12.9946489, 63.0689751], [12.9947061, 63.0690896], [12.9951641, 63.0690181], [12.9951641, 63.0689751], [12.9951068, 63.0688606], [12.9949351, 63.0688606]]]}}, {"type": "Feature", "id": "way/696648639", "properties": {"import": "yes", "landuse": "forest", "natural": "wetland", "source": "NV NMD2018", "@id": "way/696648639", "@type": "way", "osm_id": 696648639}, "geometry": {"type": "Polygon", "coordinates": [[[12.9584129, 63.0711504], [12.9589853, 63.0711504], [12.9589281, 63.071036], [12.9586991, 63.071036], [12.9584701, 63.0709215], [12.9584129, 63.0711504]]]}}, {"type": "Feature", "id": "way/696648641", "properties": {"import": "yes", "landuse": "forest", "natural": "wetland", "source": "NV NMD2018", "@id": "way/696648641", "@type": "way", "osm_id": 696648641}, "geometry": {"type": "Polygon", "coordinates": [[[12.9549782, 63.0714939], [12.9549782, 63.0714367], [12.9547206, 63.0713794], [12.9542913, 63.0712649], [12.9538333, 63.0714367], [12.9531464, 63.0715798], [12.9549782, 63.0714939]]]}}, {"type": "Feature", "id": "way/696648645", "properties": {"import": "yes", "landuse": "forest", "natural": "wetland", "source": "NV NMD2018", "@id": "way/696648645", "@type": "way", "osm_id": 696648645}, "geometry": {"type": "Polygon", "coordinates": [[[12.9708923, 63.0722095], [12.9702053, 63.0721808], [12.9699764, 63.0722381], [12.9707778, 63.072324], [12.9708923, 63.0722095]]]}}, {"type": "Feature", "id": "way/696648656", "properties": {"import": "yes", "landuse": "forest", "natural": "wetland", "source": "NV NMD2018", "@id": "way/696648656", "@type": "way", "osm_id": 696648656}, "geometry": {"type": "Polygon", "coordinates": [[[12.9774182, 63.0734402], [12.9775899, 63.0733257], [12.977504, 63.0732113], [12.9771892, 63.0734402], [12.9773037, 63.0736692], [12.9774182, 63.0735547], [12.9774182, 63.0734402]]]}}, {"type": "Feature", "id": "way/696648668", "properties": {"import": "yes", "landuse": "forest", "natural": "wetland", "source": "NV NMD2018", "@id": "way/696648668", "@type": "way", "osm_id": 696648668}, "geometry": {"type": "Polygon", "coordinates": [[[12.9816543, 63.0745851], [12.9813108, 63.0745565], [12.9815112, 63.0746996], [12.9816543, 63.0748714], [12.9818833, 63.0746996], [12.981826, 63.0745851], [12.9816543, 63.0745851]]]}}, {"type": "Feature", "id": "way/696648677", "properties": {"import": "yes", "landuse": "forest", "natural": "wetland", "source": "NV NMD2018", "@id": "way/696648677", "@type": "way", "osm_id": 696648677}, "geometry": {"type": "Polygon", "coordinates": [[[12.9810818, 63.0751576], [12.9810818, 63.0752721], [12.9814253, 63.0753866], [12.9817688, 63.0753866], [12.981597, 63.0751576], [12.9813967, 63.0751576], [12.9811391, 63.0751576], [12.9810818, 63.0751576]]]}}, {"type": "Feature", "id": "way/696648679", "properties": {"import": "yes", "landuse": "forest", "natural": "wetland", "source": "NV NMD2018", "@id": "way/696648679", "@type": "way", "osm_id": 696648679}, "geometry": {"type": "Polygon", "coordinates": [[[12.9795935, 63.076188], [12.979708, 63.076188], [12.9798225, 63.0759304], [12.9795362, 63.0758445], [12.97925, 63.0758445], [12.9794504, 63.075959], [12.9795935, 63.076188]]]}}, {"type": "Feature", "id": "way/696648684", "properties": {"import": "yes", "landuse": "forest", "natural": "wetland", "source": "NV NMD2018", "@id": "way/696648684", "@type": "way", "osm_id": 696648684}, "geometry": {"type": "Polygon", "coordinates": [[[12.9425561, 63.0763025], [12.9424988, 63.0762452], [12.9427278, 63.076188], [12.9426133, 63.075959], [12.9423843, 63.075959], [12.9419264, 63.0761451], [12.9419264, 63.0762309], [12.9421554, 63.0762739], [12.9422699, 63.076188], [12.9423843, 63.0763025], [12.9425561, 63.0763025]]]}}, {"type": "Feature", "id": "way/696648687", "properties": {"import": "yes", "landuse": "forest", "natural": "wetland", "source": "NV NMD2018", "@id": "way/696648687", "@type": "way", "osm_id": 696648687}, "geometry": {"type": "Polygon", "coordinates": [[[12.9487958, 63.0769894], [12.9490247, 63.0768463], [12.9487671, 63.0767604], [12.9487958, 63.0769894]]]}}, {"type": "Feature", "id": "way/696648692", "properties": {"import": "yes", "landuse": "forest", "natural": "wetland", "source": "NV NMD2018", "@id": "way/696648692", "@type": "way", "osm_id": 696648692}, "geometry": {"type": "Polygon", "coordinates": [[[12.9428423, 63.0780198], [12.9436437, 63.0780198], [12.9435292, 63.0779053], [12.943286, 63.0775619], [12.9430713, 63.0776048], [12.9424988, 63.077705], [12.943014, 63.0777908], [12.9430713, 63.0778481], [12.9426133, 63.0779626], [12.9427135, 63.0780198], [12.9428423, 63.0780198]]]}}, {"type": "Feature", "id": "way/696648701", "properties": {"import": "yes", "landuse": "forest", "natural": "wetland", "source": "NV NMD2018", "@id": "way/696648701", "@type": "way", "osm_id": 696648701}, "geometry": {"type": "Polygon", "coordinates": [[[12.947794, 63.0792792], [12.9478799, 63.0788212], [12.9477081, 63.0789357], [12.9476509, 63.0791075], [12.947794, 63.0792792]]]}}, {"type": "Feature", "id": "way/696648703", "properties": {"import": "yes", "landuse": "forest", "natural": "wetland", "source": "NV NMD2018", "@id": "way/696648703", "@type": "way", "osm_id": 696648703}, "geometry": {"type": "Polygon", "coordinates": [[[12.9826847, 63.0791647], [12.9826847, 63.0792792], [12.9829137, 63.0793937], [12.9831427, 63.0793508], [12.9834861, 63.079222], [12.9837151, 63.0790502], [12.9826847, 63.0791647]]]}}, {"type": "Feature", "id": "way/696648716", "properties": {"import": "yes", "landuse": "forest", "natural": "wetland", "source": "NV NMD2018", "@id": "way/696648716", "@type": "way", "osm_id": 696648716}, "geometry": {"type": "Polygon", "coordinates": [[[12.9686025, 63.0809965], [12.9686597, 63.0809965], [12.968717, 63.0811683], [12.9689459, 63.0809965], [12.9689459, 63.0807676], [12.9688315, 63.0806531], [12.9686025, 63.0808821], [12.9686025, 63.0809965]]]}}, {"type": "Feature", "id": "way/696648717", "properties": {"import": "yes", "landuse": "forest", "natural": "wetland", "source": "NV NMD2018", "@id": "way/696648717", "@type": "way", "osm_id": 696648717}, "geometry": {"type": "Polygon", "coordinates": [[[12.9849745, 63.081111], [12.9847455, 63.081111], [12.9848028, 63.0812255], [12.9849745, 63.0812828], [12.9854897, 63.08134], [12.9860049, 63.0812685], [12.9857759, 63.0812255], [12.9855469, 63.0812255], [12.9849745, 63.081111]]]}}, {"type": "Feature", "id": "way/696648719", "properties": {"import": "yes", "landuse": "forest", "natural": "wetland", "source": "NV NMD2018", "@id": "way/696648719", "@type": "way", "osm_id": 696648719}, "geometry": {"type": "Polygon", "coordinates": [[[12.9686311, 63.081111], [12.9686025, 63.0810538], [12.9683878, 63.0809965], [12.9681445, 63.0808821], [12.9679155, 63.0808821], [12.967801, 63.081111], [12.9679155, 63.0812255], [12.9681445, 63.0812255], [12.9686311, 63.081111]]]}}, {"type": "Feature", "id": "way/696648720", "properties": {"import": "yes", "landuse": "forest", "natural": "wetland", "source": "NV NMD2018", "@id": "way/696648720", "@type": "way", "osm_id": 696648720}, "geometry": {"type": "Polygon", "coordinates": [[[12.9679155, 63.0822846], [12.9676866, 63.0822559], [12.9672286, 63.0824277], [12.9671141, 63.0828284], [12.9669996, 63.0829143], [12.9674576, 63.0826853], [12.9673431, 63.0825422], [12.9674576, 63.0824277], [12.9679155, 63.0823704], [12.9679155, 63.0822846]]]}}, {"type": "Feature", "id": "way/696648722", "properties": {"import": "yes", "landuse": "forest", "natural": "wetland", "source": "NV NMD2018", "@id": "way/696648722", "@type": "way", "osm_id": 696648722}, "geometry": {"type": "Polygon", "coordinates": [[[12.8998515, 63.0812255], [12.9, 63.0814545], [12.9007674, 63.081569], [12.9013971, 63.0814545], [12.9013398, 63.08134], [12.9009391, 63.08134], [12.9005384, 63.0812255], [12.8998515, 63.0812255]]]}}, {"type": "Feature", "id": "way/696648723", "properties": {"import": "yes", "landuse": "forest", "natural": "wetland", "source": "NV NMD2018", "@id": "way/696648723", "@type": "way", "osm_id": 696648723}, "geometry": {"type": "Polygon", "coordinates": [[[12.9762733, 63.081569], [12.976445, 63.081569], [12.9766167, 63.0814545], [12.9757008, 63.0815118], [12.9755863, 63.0816262], [12.9758153, 63.0816835], [12.9761445, 63.081569], [12.9762733, 63.081569]]]}}, {"type": "Feature", "id": "way/696648724", "properties": {"import": "yes", "landuse": "forest", "natural": "wetland", "source": "NV NMD2018", "@id": "way/696648724", "@type": "way", "osm_id": 696648724}, "geometry": {"type": "Polygon", "coordinates": [[[13.0, 63.081798], [13.0, 63.0817407], [12.9997293, 63.0816835], [12.9994861, 63.081569], [12.9994002, 63.0816549], [12.9995719, 63.081798], [13.0, 63.081798]]]}}, {"type": "Feature", "id": "way/696648732", "properties": {"import": "yes", "landuse": "forest", "natural": "wetland", "source": "NV NMD2018", "@id": "way/696648732", "@type": "way", "osm_id": 696648732}, "geometry": {"type": "Polygon", "coordinates": [[[12.96803, 63.0831719], [12.967801, 63.0831719], [12.9675721, 63.0832863], [12.9676722, 63.0834008], [12.9678869, 63.0834008], [12.96803, 63.0831719]]]}}, {"type": "Feature", "id": "way/696648739", "properties": {"import": "yes", "landuse": "forest", "natural": "wetland", "source": "NV NMD2018", "@id": "way/696648739", "@type": "way", "osm_id": 696648739}, "geometry": {"type": "Polygon", "coordinates": [[[12.9816543, 63.0835153], [12.981597, 63.0840878], [12.9817688, 63.0839733], [12.9818833, 63.0836871], [12.9824557, 63.0834008], [12.9823126, 63.0832863], [12.9816543, 63.0834724], [12.9816543, 63.0835153]]]}}, {"type": "Feature", "id": "way/696648740", "properties": {"import": "yes", "landuse": "forest", "natural": "wetland", "source": "NV NMD2018", "@id": "way/696648740", "@type": "way", "osm_id": 696648740}, "geometry": {"type": "Polygon", "coordinates": [[[12.9629925, 63.0842023], [12.9629925, 63.0843167], [12.9637939, 63.0842595], [12.9636222, 63.0842023], [12.9635649, 63.0840305], [12.9629925, 63.0842023]]]}}, {"type": "Feature", "id": "way/696648747", "properties": {"import": "yes", "landuse": "forest", "natural": "wetland", "source": "NV NMD2018", "@id": "way/696648747", "@type": "way", "osm_id": 696648747}, "geometry": {"type": "Polygon", "coordinates": [[[12.9799369, 63.0850037], [12.9799369, 63.0849464], [12.9796507, 63.0848892], [12.9793645, 63.0849321], [12.9795935, 63.0850037], [12.9799369, 63.0850037]]]}}, {"type": "Feature", "id": "way/696648749", "properties": {"import": "yes", "landuse": "forest", "natural": "wetland", "source": "NV NMD2018", "@id": "way/696648749", "@type": "way", "osm_id": 696648749}, "geometry": {"type": "Polygon", "coordinates": [[[12.9540623, 63.0851182], [12.9544058, 63.0851182], [12.9546347, 63.0850466], [12.9544201, 63.0850037], [12.9541768, 63.0849178], [12.9538333, 63.0849608], [12.9539621, 63.0850037], [12.9540623, 63.0851182]]]}}, {"type": "Feature", "id": "way/696648750", "properties": {"import": "yes", "landuse": "forest", "natural": "wetland", "source": "NV NMD2018", "@id": "way/696648750", "@type": "way", "osm_id": 696648750}, "geometry": {"type": "Polygon", "coordinates": [[[12.96159, 63.0847747], [12.9614755, 63.0850037], [12.9616186, 63.0851182], [12.9617331, 63.0849464], [12.96159, 63.0847747]]]}}, {"type": "Feature", "id": "way/696648752", "properties": {"import": "yes", "landuse": "forest", "natural": "wetland", "source": "NV NMD2018", "@id": "way/696648752", "@type": "way", "osm_id": 696648752}, "geometry": {"type": "Polygon", "coordinates": [[[12.9995147, 63.0851182], [12.9995147, 63.0852899], [12.9996864, 63.0854616], [13.0, 63.0852899], [12.9996864, 63.0851182], [12.9995147, 63.0851182]]]}}, {"type": "Feature", "id": "way/696648753", "properties": {"import": "yes", "landuse": "forest", "natural": "wetland", "source": "NV NMD2018", "@id": "way/696648753", "@type": "way", "osm_id": 696648753}, "geometry": {"type": "Polygon", "coordinates": [[[12.9092682, 63.0858051], [12.9091824, 63.0857479], [12.9090106, 63.0856906], [12.9086099, 63.0855761], [12.9080375, 63.0856906], [12.9082378, 63.0858051], [12.9086242, 63.0859196], [12.9089677, 63.0859196], [12.9092682, 63.0858051]]]}}, {"type": "Feature", "id": "way/696648754", "properties": {"import": "yes", "landuse": "forest", "natural": "wetland", "source": "NV NMD2018", "@id": "way/696648754", "@type": "way", "osm_id": 696648754}, "geometry": {"type": "Polygon", "coordinates": [[[12.9582984, 63.0890108], [12.957726, 63.0890108], [12.9579263, 63.0891253], [12.9581839, 63.0893543], [12.9585274, 63.0895833], [12.9596723, 63.0894115], [12.959615, 63.0893543], [12.9592143, 63.0892684], [12.9593002, 63.0891253], [12.9592143, 63.0890108], [12.9589853, 63.0891253], [12.9588709, 63.0889536], [12.9582984, 63.0890108]]]}}, {"type": "Feature", "id": "way/696648757", "properties": {"import": "yes", "landuse": "forest", "natural": "wetland", "source": "NV NMD2018", "@id": "way/696648757", "@type": "way", "osm_id": 696648757}, "geometry": {"type": "Polygon", "coordinates": [[[12.9027709, 63.0864921], [12.9028568, 63.0861486], [12.902542, 63.0862631], [12.9024275, 63.0864921], [12.9027709, 63.0864921]]]}}, {"type": "Feature", "id": "way/696648768", "properties": {"import": "yes", "landuse": "forest", "natural": "wetland", "source": "NV NMD2018", "@id": "way/696648768", "@type": "way", "osm_id": 696648768}, "geometry": {"type": "Polygon", "coordinates": [[[12.9032861, 63.0877514], [12.9033434, 63.0878087], [12.9030572, 63.0878659], [12.9029713, 63.0879804], [12.9034293, 63.0880949], [12.9036869, 63.0879518], [12.9035151, 63.0877514], [12.9032861, 63.0877514]]]}}, {"type": "Feature", "id": "way/696648770", "properties": {"import": "yes", "landuse": "forest", "natural": "wetland", "source": "NV NMD2018", "@id": "way/696648770", "@type": "way", "osm_id": 696648770}, "geometry": {"type": "Polygon", "coordinates": [[[12.9601302, 63.0884098], [12.9599013, 63.0882666], [12.9596723, 63.0883811], [12.9590998, 63.0887389], [12.9593145, 63.0887818], [12.9595578, 63.0888963], [12.9598154, 63.0887818], [12.9602447, 63.0887246], [12.9601302, 63.0884098]]]}}, {"type": "Feature", "id": "way/696648772", "properties": {"import": "yes", "landuse": "forest", "natural": "wetland", "source": "NV NMD2018", "@id": "way/696648772", "@type": "way", "osm_id": 696648772}, "geometry": {"type": "Polygon", "coordinates": [[[12.9111287, 63.0887818], [12.9115866, 63.0887818], [12.9117011, 63.0883239], [12.9119301, 63.0884384], [12.9121591, 63.0884384], [12.9131895, 63.0881522], [12.9126743, 63.0879804], [12.9122163, 63.0880949], [12.9120446, 63.088009], [12.9112432, 63.0882094], [12.9110142, 63.0886101], [12.9111287, 63.0887818]]]}}, {"type": "Feature", "id": "way/696648776", "properties": {"import": "yes", "landuse": "forest", "natural": "wetland", "source": "NV NMD2018", "@id": "way/696648776", "@type": "way", "osm_id": 696648776}, "geometry": {"type": "Polygon", "coordinates": [[[12.9025992, 63.0893543], [12.9028568, 63.0893543], [12.9025992, 63.0890108], [12.9024275, 63.0891826], [12.9025992, 63.0893543]]]}}, {"type": "Feature", "id": "way/696648780", "properties": {"import": "yes", "landuse": "forest", "natural": "wetland", "source": "NV NMD2018", "@id": "way/696648780", "@type": "way", "osm_id": 696648780}, "geometry": {"type": "Polygon", "coordinates": [[[12.9530319, 63.0898695], [12.952946, 63.0900412], [12.9528029, 63.090213], [12.952946, 63.0902702], [12.9532609, 63.0900412], [12.9532036, 63.0899267], [12.9530319, 63.0898695]]]}}, {"type": "Feature", "id": "way/696648785", "properties": {"import": "yes", "landuse": "forest", "natural": "wetland", "source": "NV NMD2018", "@id": "way/696648785", "@type": "way", "osm_id": 696648785}, "geometry": {"type": "Polygon", "coordinates": [[[12.9774182, 63.0901557], [12.9778761, 63.0901557], [12.9777616, 63.0900412], [12.977547, 63.0899267], [12.9774182, 63.0900412], [12.9774182, 63.0901557]]]}}, {"type": "Feature", "id": "way/696648791", "properties": {"import": "yes", "landuse": "forest", "natural": "wetland", "source": "NV NMD2018", "@id": "way/696648791", "@type": "way", "osm_id": 696648791}, "geometry": {"type": "Polygon", "coordinates": [[[12.935286, 63.0901557], [12.935286, 63.0900985], [12.9352001, 63.0900412], [12.9349425, 63.0906709], [12.9351143, 63.0907282], [12.935286, 63.0909571], [12.9358584, 63.0906137], [12.9360302, 63.0903847], [12.9359157, 63.0902702], [12.9356295, 63.0903847], [12.9351715, 63.090213], [12.935286, 63.0901557]]]}}, {"type": "Feature", "id": "way/696648793", "properties": {"import": "yes", "landuse": "forest", "natural": "wetland", "source": "NV NMD2018", "@id": "way/696648793", "@type": "way", "osm_id": 696648793}, "geometry": {"type": "Polygon", "coordinates": [[[12.9536043, 63.0902702], [12.952946, 63.0902702], [12.9535471, 63.0903847], [12.9540623, 63.0903275], [12.954005, 63.0902702], [12.9536043, 63.0902702]]]}}, {"type": "Feature", "id": "way/696648795", "properties": {"import": "yes", "landuse": "forest", "natural": "wetland", "source": "NV NMD2018", "@id": "way/696648795", "@type": "way", "osm_id": 696648795}, "geometry": {"type": "Polygon", "coordinates": [[[12.9807384, 63.0904992], [12.9807098, 63.0906137], [12.9811391, 63.0907282], [12.9815398, 63.0906566], [12.9813681, 63.0906137], [12.9811391, 63.0904992], [12.9807384, 63.0904992]]]}}, {"type": "Feature", "id": "way/696648798", "properties": {"import": "yes", "landuse": "forest", "natural": "wetland", "source": "NV NMD2018", "@id": "way/696648798", "@type": "way", "osm_id": 696648798}, "geometry": {"type": "Polygon", "coordinates": [[[12.9561231, 63.0919876], [12.9561231, 63.0918731], [12.9555507, 63.0919876], [12.9548637, 63.0921879], [12.9550355, 63.09256], [12.9552931, 63.09256], [12.9555507, 63.092102], [12.9558941, 63.0921879], [12.9561231, 63.0919876]]]}}, {"type": "Feature", "id": "way/696648799", "properties": {"import": "yes", "landuse": "forest", "natural": "wetland", "source": "NV NMD2018", "@id": "way/696648799", "@type": "way", "osm_id": 696648799}, "geometry": {"type": "Polygon", "coordinates": [[[12.9002522, 63.0909285], [12.9001377, 63.0910287], [12.9001377, 63.0910716], [12.8998515, 63.0917586], [12.9001377, 63.0917586], [12.9003667, 63.0911861], [12.9004811, 63.0910716], [12.9004239, 63.0909571], [12.9002522, 63.0909285]]]}}, {"type": "Feature", "id": "way/696648817", "properties": {"import": "yes", "landuse": "forest", "natural": "wetland", "source": "NV NMD2018", "@id": "way/696648817", "@type": "way", "osm_id": 696648817}, "geometry": {"type": "Polygon", "coordinates": [[[12.9694039, 63.092102], [12.9694039, 63.0921593], [12.9696186, 63.0922165], [12.9698475, 63.092331], [12.9702626, 63.092331], [12.9705488, 63.0923883], [12.9704343, 63.092102], [12.9703198, 63.0919303], [12.9703771, 63.0917586], [12.9704916, 63.0916441], [12.9706919, 63.0917586], [12.9707205, 63.0915296], [12.9704629, 63.0915296], [12.9702053, 63.0916155], [12.9698619, 63.0918731], [12.9695184, 63.0919876], [12.9694611, 63.092102], [12.9694039, 63.092102]]]}}, {"type": "Feature", "id": "way/696648822", "properties": {"import": "yes", "landuse": "forest", "natural": "wetland", "source": "NV NMD2018", "@id": "way/696648822", "@type": "way", "osm_id": 696648822}, "geometry": {"type": "Polygon", "coordinates": [[[12.9068926, 63.0933901], [12.9070643, 63.0934759], [12.907236, 63.0933901], [12.907465, 63.0932469], [12.907923, 63.0930752], [12.9077512, 63.093018], [12.907694, 63.0929035], [12.9075652, 63.092789], [12.9073505, 63.092789], [12.9070071, 63.0931324], [12.9068926, 63.0933901]]]}}, {"type": "Feature", "id": "way/696648834", "properties": {"import": "yes", "landuse": "forest", "natural": "wetland", "source": "NV NMD2018", "@id": "way/696648834", "@type": "way", "osm_id": 696648834}, "geometry": {"type": "Polygon", "coordinates": [[[12.9908135, 63.0939339], [12.9910424, 63.0939339], [12.9912714, 63.0938194], [12.9911712, 63.0937049], [12.9907848, 63.0937049], [12.9908135, 63.0939339]]]}}, {"type": "Feature", "id": "way/696648836", "properties": {"import": "yes", "landuse": "forest", "natural": "wetland", "source": "NV NMD2018", "@id": "way/696648836", "@type": "way", "osm_id": 696648836}, "geometry": {"type": "Polygon", "coordinates": [[[12.9083809, 63.0938194], [12.9084668, 63.0938194], [12.9086099, 63.0935904], [12.9085527, 63.0934759], [12.9083809, 63.0937049], [12.9083809, 63.0938194]]]}}, {"type": "Feature", "id": "way/696648841", "properties": {"import": "yes", "landuse": "forest", "natural": "wetland", "source": "NV NMD2018", "@id": "way/696648841", "@type": "way", "osm_id": 696648841}, "geometry": {"type": "Polygon", "coordinates": [[[12.9054042, 63.0949643], [12.9052897, 63.0949643], [12.9050035, 63.0949643], [12.9050607, 63.0951933], [12.9054042, 63.0950215], [12.9054042, 63.0949643]]]}}, {"type": "Feature", "id": "way/696648842", "properties": {"import": "yes", "landuse": "forest", "natural": "wetland", "source": "NV NMD2018", "@id": "way/696648842", "@type": "way", "osm_id": 696648842}, "geometry": {"type": "Polygon", "coordinates": [[[12.9054042, 63.0946208], [12.9054042, 63.0949643], [12.9057477, 63.0947353], [12.9056904, 63.0945063], [12.9055187, 63.0946208], [12.9054042, 63.0946208]]]}}, {"type": "Feature", "id": "way/696648852", "properties": {"import": "yes", "landuse": "forest", "natural": "wetland", "source": "NV NMD2018", "@id": "way/696648852", "@type": "way", "osm_id": 696648852}, "geometry": {"type": "Polygon", "coordinates": [[[12.9714647, 63.0957657], [12.9714647, 63.0955367], [12.9714933, 63.0953078], [12.9713502, 63.0953507], [12.9711212, 63.0954795], [12.971293, 63.0955367], [12.9713502, 63.0956512], [12.9714075, 63.0957657], [12.9714647, 63.0957657]]]}}, {"type": "Feature", "id": "way/696648854", "properties": {"import": "yes", "landuse": "forest", "natural": "wetland", "source": "NV NMD2018", "@id": "way/696648854", "@type": "way", "osm_id": 696648854}, "geometry": {"type": "Polygon", "coordinates": [[[12.9563807, 63.0957657], [12.9566383, 63.0957657], [12.95681, 63.0957228], [12.9569532, 63.0955367], [12.95681, 63.0954222], [12.9562376, 63.095594], [12.9563807, 63.0957657]]]}}, {"type": "Feature", "id": "way/696648856", "properties": {"import": "yes", "landuse": "forest", "natural": "wetland", "source": "NV NMD2018", "@id": "way/696648856", "@type": "way", "osm_id": 696648856}, "geometry": {"type": "Polygon", "coordinates": [[[12.9744414, 63.0956512], [12.9741552, 63.0956512], [12.973869, 63.0957657], [12.9740837, 63.0958802], [12.974327, 63.0959947], [12.9744414, 63.0960519], [12.9742125, 63.0961664], [12.9744414, 63.0962237], [12.9746704, 63.0961092], [12.9747849, 63.0959374], [12.9745559, 63.0957657], [12.9744414, 63.0956512]]]}}, {"type": "Feature", "id": "way/696648859", "properties": {"import": "yes", "landuse": "forest", "natural": "wetland", "source": "NV NMD2018", "@id": "way/696648859", "@type": "way", "osm_id": 696648859}, "geometry": {"type": "Polygon", "coordinates": [[[12.9575256, 63.0962237], [12.9576115, 63.0961664], [12.9579549, 63.0961092], [12.9581839, 63.0956512], [12.9581267, 63.0954222], [12.9578404, 63.0954222], [12.957497, 63.0952791], [12.957268, 63.0954795], [12.9572394, 63.0959947], [12.9572966, 63.0961092], [12.9575256, 63.0962237]]]}}, {"type": "Feature", "id": "way/696648862", "properties": {"import": "yes", "landuse": "forest", "natural": "wetland", "source": "NV NMD2018", "@id": "way/696648862", "@type": "way", "osm_id": 696648862}, "geometry": {"type": "Polygon", "coordinates": [[[12.9718082, 63.0961092], [12.9720085, 63.0961092], [12.9720944, 63.0961092], [12.9724951, 63.0958802], [12.9724379, 63.0957657], [12.9722089, 63.0957657], [12.9718941, 63.0959947], [12.9718082, 63.0960519], [12.9718082, 63.0961092]]]}}, {"type": "Feature", "id": "way/696648863", "properties": {"import": "yes", "landuse": "forest", "natural": "wetland", "source": "NV NMD2018", "@id": "way/696648863", "@type": "way", "osm_id": 696648863}, "geometry": {"type": "Polygon", "coordinates": [[[12.9579549, 63.0964526], [12.9579549, 63.0965385], [12.958327, 63.0964526], [12.9586991, 63.0962237], [12.9589853, 63.0961521], [12.9584701, 63.0961092], [12.9579549, 63.0961092], [12.957726, 63.0962809], [12.9578977, 63.0963382], [12.9579549, 63.0964526]]]}}, {"type": "Feature", "id": "way/696648867", "properties": {"import": "yes", "landuse": "forest", "natural": "wetland", "source": "NV NMD2018", "@id": "way/696648867", "@type": "way", "osm_id": 696648867}, "geometry": {"type": "Polygon", "coordinates": [[[12.9557796, 63.0967389], [12.955565, 63.0965671], [12.9551499, 63.0966816], [12.9549782, 63.0965671], [12.9550927, 63.0964526], [12.9554362, 63.0963095], [12.9552072, 63.0962237], [12.9549782, 63.0962237], [12.9540623, 63.0963382], [12.954234, 63.0964526], [12.9544916, 63.0964526], [12.954692, 63.0963382], [12.9547492, 63.0965671], [12.9546347, 63.0967961], [12.9544058, 63.0969106], [12.954463, 63.0970251], [12.9548065, 63.0971396], [12.9552072, 63.0970251], [12.9554934, 63.0970251], [12.9555507, 63.0971396], [12.9553217, 63.0973113], [12.9557224, 63.0974831], [12.9558941, 63.0972684], [12.9558512, 63.0971396], [12.9557796, 63.0967389]]]}}, {"type": "Feature", "id": "way/696648868", "properties": {"import": "yes", "landuse": "forest", "natural": "wetland", "source": "NV NMD2018", "@id": "way/696648868", "@type": "way", "osm_id": 696648868}, "geometry": {"type": "Polygon", "coordinates": [[[12.9040303, 63.097111], [12.9040303, 63.0972541], [12.904703, 63.0970251], [12.9048318, 63.0967675], [12.9047173, 63.0963954], [12.9048318, 63.0962809], [12.9047745, 63.0962237], [12.904431, 63.0962237], [12.9046028, 63.0965099], [12.9044883, 63.0966816], [12.9040303, 63.0968534], [12.9043738, 63.0969679], [12.9040303, 63.097111]]]}}, {"type": "Feature", "id": "way/696648870", "properties": {"import": "yes", "landuse": "forest", "natural": "wetland", "source": "NV NMD2018", "@id": "way/696648870", "@type": "way", "osm_id": 696648870}, "geometry": {"type": "Polygon", "coordinates": [[[12.9024275, 63.0965671], [12.9024847, 63.0964526], [12.9021985, 63.0962237], [12.9016833, 63.0963382], [12.9012826, 63.0966816], [12.9015688, 63.0970251], [12.901855, 63.0969106], [12.9019123, 63.0967961], [12.9020268, 63.0969106], [12.902084, 63.0967961], [12.9024275, 63.0966101], [12.9024275, 63.0965671]]]}}, {"type": "Feature", "id": "way/696648874", "properties": {"import": "yes", "landuse": "forest", "natural": "wetland", "source": "NV NMD2018", "@id": "way/696648874", "@type": "way", "osm_id": 696648874}, "geometry": {"type": "Polygon", "coordinates": [[[12.9563521, 63.0966816], [12.9562376, 63.0966816], [12.9561231, 63.0967675], [12.9558941, 63.0971396], [12.9569245, 63.0969392], [12.9567099, 63.0966816], [12.9564666, 63.0966816], [12.9563521, 63.0966816]]]}}, {"type": "Feature", "id": "way/696648879", "properties": {"import": "yes", "landuse": "forest", "natural": "wetland", "source": "NV NMD2018", "@id": "way/696648879", "@type": "way", "osm_id": 696648879}, "geometry": {"type": "Polygon", "coordinates": [[[12.9739835, 63.0971396], [12.9739835, 63.0971968], [12.9740694, 63.0972541], [12.9742697, 63.0971396], [12.974327, 63.0970251], [12.9742697, 63.0969106], [12.9739835, 63.0971396]]]}}, {"type": "Feature", "id": "way/696648880", "properties": {"import": "yes", "landuse": "forest", "natural": "wetland", "source": "NV NMD2018", "@id": "way/696648880", "@type": "way", "osm_id": 696648880}, "geometry": {"type": "Polygon", "coordinates": [[[12.9739835, 63.0973686], [12.9739835, 63.0975689], [12.974327, 63.0974831], [12.9742697, 63.0973686], [12.9739835, 63.0973686]]]}}, {"type": "Feature", "id": "way/696648887", "properties": {"import": "yes", "landuse": "forest", "natural": "wetland", "source": "NV NMD2018", "@id": "way/696648887", "@type": "way", "osm_id": 696648887}, "geometry": {"type": "Polygon", "coordinates": [[[12.9774182, 63.0983131], [12.9773609, 63.0982845], [12.9773323, 63.09817], [12.9768457, 63.0981127], [12.9767312, 63.0978838], [12.9761588, 63.0980555], [12.9758726, 63.097712], [12.9753574, 63.0975975], [12.9751284, 63.0976548], [12.9755577, 63.0978265], [12.9757008, 63.097941], [12.9748994, 63.0981127], [12.9751856, 63.09817], [12.9753574, 63.0982845], [12.9755863, 63.09817], [12.9757581, 63.0985135], [12.9760443, 63.098399], [12.9763878, 63.0985135], [12.9767885, 63.0985135], [12.9769316, 63.0987424], [12.9771892, 63.0988856], [12.9774182, 63.0986852], [12.9770747, 63.0985707], [12.9771892, 63.0984562], [12.9774182, 63.098399], [12.9774182, 63.0983131]]]}}, {"type": "Feature", "id": "way/696648891", "properties": {"import": "yes", "landuse": "forest", "natural": "wetland", "source": "NV NMD2018", "@id": "way/696648891", "@type": "way", "osm_id": 696648891}, "geometry": {"type": "Polygon", "coordinates": [[[12.9526884, 63.0980555], [12.9526884, 63.097941], [12.9525167, 63.0978265], [12.9523449, 63.0978838], [12.9525167, 63.0980555], [12.9526884, 63.0980555]]]}}, {"type": "Feature", "id": "way/696648892", "properties": {"import": "yes", "landuse": "forest", "natural": "wetland", "source": "NV NMD2018", "@id": "way/696648892", "@type": "way", "osm_id": 696648892}, "geometry": {"type": "Polygon", "coordinates": [[[12.9047173, 63.0978265], [12.9039158, 63.0977979], [12.9040876, 63.097941], [12.9043165, 63.097941], [12.9043738, 63.0980555], [12.9041448, 63.0982272], [12.904245, 63.0982845], [12.9045885, 63.0982845], [12.9048031, 63.098399], [12.9051466, 63.0985135], [12.9051752, 63.0983417], [12.9049462, 63.0982272], [12.9052897, 63.09817], [12.9050321, 63.0978265], [12.904889, 63.097941], [12.9048318, 63.0978265], [12.9047173, 63.0978265]]]}}, {"type": "Feature", "id": "way/696648899", "properties": {"import": "yes", "landuse": "forest", "natural": "wetland", "source": "NV NMD2018", "@id": "way/696648899", "@type": "way", "osm_id": 696648899}, "geometry": {"type": "Polygon", "coordinates": [[[12.946048, 63.0988569], [12.9460337, 63.0988569], [12.9459335, 63.0990287], [12.945819, 63.0993149], [12.9452466, 63.0994008], [12.9453611, 63.0997728], [12.9455901, 63.0997728], [12.9457045, 63.0996011], [12.9458763, 63.0995439], [12.946048, 63.0991145], [12.946048, 63.0988569]]]}}, {"type": "Feature", "id": "way/696648903", "properties": {"import": "yes", "landuse": "forest", "natural": "wetland", "source": "NV NMD2018", "@id": "way/696648903", "@type": "way", "osm_id": 696648903}, "geometry": {"type": "Polygon", "coordinates": [[[12.9508566, 63.0989714], [12.9508566, 63.0988569], [12.9502841, 63.0990287], [12.9503557, 63.0992004], [12.9503986, 63.0991575], [12.9508566, 63.0989714]]]}}, {"type": "Feature", "id": "way/696648905", "properties": {"import": "yes", "landuse": "forest", "natural": "wetland", "source": "NV NMD2018", "@id": "way/696648905", "@type": "way", "osm_id": 696648905}, "geometry": {"type": "Polygon", "coordinates": [[[12.9694039, 63.0993149], [12.9696329, 63.0993149], [12.9700622, 63.0993149], [12.9702626, 63.0993149], [12.9707492, 63.0990859], [12.9706633, 63.0990287], [12.9704916, 63.0989714], [12.9701481, 63.0992004], [12.9698619, 63.0990859], [12.9697331, 63.0989714], [12.9695184, 63.0989714], [12.9694039, 63.0993149]]]}}, {"type": "Feature", "id": "way/696648907", "properties": {"import": "yes", "landuse": "forest", "natural": "wetland", "source": "NV NMD2018", "@id": "way/696648907", "@type": "way", "osm_id": 696648907}, "geometry": {"type": "Polygon", "coordinates": [[[12.929447, 63.0995439], [12.929447, 63.0994294], [12.929447, 63.0992004], [12.9292753, 63.0990859], [12.9290606, 63.0990859], [12.9289891, 63.0992004], [12.9291036, 63.0993149], [12.929218, 63.0994294], [12.929447, 63.0995439]]]}}, {"type": "Feature", "id": "way/696648917", "properties": {"import": "yes", "landuse": "forest", "natural": "wetland", "source": "NV NMD2018", "@id": "way/696648917", "@type": "way", "osm_id": 696648917}, "geometry": {"type": "Polygon", "coordinates": [[[12.9034006, 63.0442454], [12.9034579, 63.0440736], [12.9032861, 63.0439019], [12.9031144, 63.0439878], [12.9032289, 63.0441309], [12.9034006, 63.0442454]]]}}, {"type": "Feature", "id": "way/696648919", "properties": {"import": "yes", "landuse": "forest", "natural": "wetland", "source": "NV NMD2018", "@id": "way/696648919", "@type": "way", "osm_id": 696648919}, "geometry": {"type": "Polygon", "coordinates": [[[12.9026564, 63.0442454], [12.9024847, 63.0444744], [12.9025706, 63.0447033], [12.9027709, 63.0445888], [12.9029999, 63.0447033], [12.9032289, 63.0443599], [12.9026564, 63.0442454]]]}}, {"type": "Feature", "id": "way/696648934", "properties": {"import": "yes", "landuse": "forest", "natural": "wetland", "source": "NV NMD2018", "@id": "way/696648934", "@type": "way", "osm_id": 696648934}, "geometry": {"type": "Polygon", "coordinates": [[[12.9090679, 63.0578696], [12.9090679, 63.0578124], [12.9087244, 63.0577552], [12.9083809, 63.0578124], [12.9086099, 63.0578696], [12.9089534, 63.0578696], [12.9090679, 63.0578696]]]}}, {"type": "Feature", "id": "way/696648941", "properties": {"import": "yes", "landuse": "forest", "natural": "wetland", "source": "NV NMD2018", "@id": "way/696648941", "@type": "way", "osm_id": 696648941}, "geometry": {"type": "Polygon", "coordinates": [[[12.9880657, 63.0856906], [12.9876078, 63.0858337], [12.9878224, 63.0859196], [12.9882374, 63.0858051], [12.9880657, 63.0857479], [12.9880657, 63.0856906]]]}}, {"type": "Feature", "id": "way/696648943", "properties": {"import": "yes", "landuse": "forest", "natural": "wetland", "source": "NV NMD2018", "@id": "way/696648943", "@type": "way", "osm_id": 696648943}, "geometry": {"type": "Polygon", "coordinates": [[[12.9913859, 63.0894688], [12.990928, 63.0896119], [12.9910138, 63.0896978], [12.9913859, 63.0894688]]]}}, {"type": "Feature", "id": "way/696648959", "properties": {"import": "yes", "landuse": "forest", "natural": "wetland", "source": "NV NMD2018", "@id": "way/696648959", "@type": "way", "osm_id": 696648959}, "geometry": {"type": "Polygon", "coordinates": [[[12.9926453, 63.1000046], [12.992817, 63.1000049], [12.9929888, 63.0999589], [12.9934467, 63.0998873], [12.9932177, 63.0996584], [12.9926453, 63.099916], [12.9926453, 63.1000046]]]}}, {"type": "Feature", "id": "way/698108771", "properties": {"import": "yes", "landuse": "forest", "natural": "wetland", "source": "NV NMD2018", "@id": "way/698108771", "@type": "way", "osm_id": 698108771}, "geometry": {"type": "Polygon", "coordinates": [[[12.9040871, 63.1514778], [12.9042829, 63.1515402], [12.9040303, 63.1512359], [12.9043738, 63.1510642], [12.9043294, 63.1508702], [12.9041823, 63.1507436], [12.9037843, 63.1504011], [12.9023982, 63.1498817], [12.9010603, 63.1495489], [12.9008246, 63.1496903], [12.9009391, 63.1498048], [12.9012463, 63.1499841], [12.9016773, 63.1500348], [12.902089, 63.1501258], [12.9024164, 63.1501982], [12.9029961, 63.1503886], [12.9032137, 63.1506218], [12.9033307, 63.1508551], [12.903461, 63.151028], [12.903632, 63.1510905], [12.9037053, 63.1512193], [12.9037623, 63.1514657], [12.9037646, 63.1515116], [12.9039143, 63.1515116], [12.9040871, 63.1514778]]]}}, {"type": "Feature", "id": "way/698108772", "properties": {"import": "yes", "natural": "wetland", "source": "NV NMD2018", "wetland": "fen", "@id": "way/698108772", "@type": "way", "osm_id": 698108772}, "geometry": {"type": "Polygon", "coordinates": [[[12.9908323, 63.1422579], [12.9908135, 63.1422485], [12.99047, 63.1423916], [12.9901838, 63.1424775], [12.9898975, 63.1424202], [12.990012, 63.1422485], [12.9898403, 63.1422485], [12.9894968, 63.142363], [12.9893251, 63.1421913], [12.9892679, 63.1420195], [12.9890389, 63.1420195], [12.9885809, 63.1417905], [12.9882947, 63.1418478], [12.9881802, 63.141905], [12.9880657, 63.1420768], [12.9882374, 63.1422485], [12.9884664, 63.1422485], [12.9885237, 63.142363], [12.9878367, 63.142592], [12.9876078, 63.1427637], [12.9877222, 63.1429354], [12.9879798, 63.1430499], [12.988123, 63.1430499], [12.9882661, 63.1430499], [12.9885237, 63.1427065], [12.9888671, 63.142592], [12.9899548, 63.1427065], [12.9908135, 63.142592], [12.9916721, 63.142363], [12.9921301, 63.1424775], [12.9924163, 63.142363], [12.9930688, 63.142324], [12.9936397, 63.142165], [12.9942237, 63.1421481], [12.9944771, 63.142134], [12.9945916, 63.142134], [12.9947878, 63.1421723], [12.9951068, 63.1422485], [12.9954056, 63.142318], [12.9958272, 63.1422822], [12.9962517, 63.142142], [12.9966277, 63.142142], [12.9971246, 63.1421784], [12.9973798, 63.142142], [12.9972992, 63.1419418], [12.9969769, 63.1417537], [12.996743, 63.1416957], [12.9965606, 63.1416505], [12.9959562, 63.1415838], [12.9948281, 63.1415777], [12.9942237, 63.1416869], [12.9936731, 63.1417719], [12.9930688, 63.1419296], [12.9926659, 63.1420631], [12.9923435, 63.1421541], [12.9918735, 63.1421056], [12.9913497, 63.142142], [12.9908797, 63.1422391], [12.9908323, 63.1422579]]]}}, {"type": "Feature", "id": "way/698108785", "properties": {"import": "yes", "landuse": "forest", "natural": "wetland", "source": "NV NMD2018", "@id": "way/698108785", "@type": "way", "osm_id": 698108785}, "geometry": {"type": "Polygon", "coordinates": [[[12.9493682, 63.1512932], [12.9493682, 63.1513504], [12.9499407, 63.1514077], [12.9505131, 63.1512932], [12.9503986, 63.151007], [12.9499979, 63.1508352], [12.9495972, 63.151007], [12.9497117, 63.1512359], [12.9493682, 63.1512932]]]}}, {"type": "Feature", "id": "way/698108792", "properties": {"import": "yes", "landuse": "forest", "natural": "wetland", "source": "NV NMD2018", "@id": "way/698108792", "@type": "way", "osm_id": 698108792}, "geometry": {"type": "Polygon", "coordinates": [[[12.9062056, 63.1583915], [12.9058622, 63.1583915], [12.9055187, 63.158277], [12.9051752, 63.1583343], [12.9049462, 63.1584488], [12.9040876, 63.158506], [12.9034293, 63.158964], [12.9038013, 63.1590785], [12.9040876, 63.1590785], [12.9042593, 63.1593075], [12.9046028, 63.1593075], [12.9049462, 63.159193], [12.9050035, 63.1590785], [12.9050607, 63.1591357], [12.9054614, 63.159193], [12.9058622, 63.1590785], [12.9060911, 63.1589067], [12.9065491, 63.1588495], [12.9064919, 63.1583915], [12.9062056, 63.1583915]]]}}, {"type": "Feature", "id": "way/698108802", "properties": {"import": "yes", "landuse": "forest", "natural": "wetland", "source": "NV NMD2018", "@id": "way/698108802", "@type": "way", "osm_id": 698108802}, "geometry": {"type": "Polygon", "coordinates": [[[12.9503414, 63.1105349], [12.9507707, 63.1105349], [12.9508934, 63.1106052], [12.9512001, 63.1107639], [12.951429, 63.1106923], [12.9516294, 63.1106494], [12.9516532, 63.1106066], [12.9514979, 63.1105556], [12.951354, 63.1104622], [12.9511912, 63.1102697], [12.9511036, 63.1100517], [12.951235, 63.1098111], [12.9508566, 63.1097334], [12.9506419, 63.1095045], [12.9505131, 63.1095903], [12.9502841, 63.1099624], [12.9502841, 63.1101914], [12.9502841, 63.1104776], [12.9503414, 63.1105349]]]}}, {"type": "Feature", "id": "way/698109010", "properties": {"import": "yes", "landuse": "forest", "natural": "wetland", "source": "NV NMD2018", "@id": "way/698109010", "@type": "way", "osm_id": 698109010}, "geometry": {"type": "Polygon", "coordinates": [[[12.9789065, 63.1008319], [12.9787348, 63.1008033], [12.9786776, 63.100746], [12.9789065, 63.1005457], [12.9786919, 63.1004598], [12.9783341, 63.1006315], [12.9785631, 63.1010322], [12.9789065, 63.1008319]]]}}, {"type": "Feature", "id": "way/698109017", "properties": {"import": "yes", "landuse": "forest", "natural": "wetland", "source": "NV NMD2018", "@id": "way/698109017", "@type": "way", "osm_id": 698109017}, "geometry": {"type": "Polygon", "coordinates": [[[12.974098, 63.1011467], [12.9744414, 63.1010322], [12.9743842, 63.1009177], [12.9738404, 63.1009177], [12.9739692, 63.1011467], [12.974098, 63.1011467]]]}}, {"type": "Feature", "id": "way/698109020", "properties": {"import": "yes", "landuse": "forest", "natural": "wetland", "source": "NV NMD2018", "@id": "way/698109020", "@type": "way", "osm_id": 698109020}, "geometry": {"type": "Polygon", "coordinates": [[[12.9291036, 63.1016047], [12.9289318, 63.1016047], [12.9287458, 63.1014902], [12.9284882, 63.1014902], [12.9284166, 63.1016619], [12.9285311, 63.1018337], [12.9287887, 63.1019482], [12.9290463, 63.1018337], [12.9291036, 63.1016047]]]}}, {"type": "Feature", "id": "way/698109038", "properties": {"import": "yes", "landuse": "forest", "natural": "wetland", "source": "NV NMD2018", "@id": "way/698109038", "@type": "way", "osm_id": 698109038}, "geometry": {"type": "Polygon", "coordinates": [[[12.9378048, 63.1064132], [12.9375758, 63.1064132], [12.9374041, 63.1061843], [12.9370033, 63.1062988], [12.9368888, 63.1064132], [12.9371178, 63.1065277], [12.9374041, 63.1065277], [12.9375185, 63.1067567], [12.9376903, 63.1068712], [12.9378048, 63.106585], [12.9378048, 63.1064132]]]}}, {"type": "Feature", "id": "way/698109047", "properties": {"import": "yes", "landuse": "forest", "natural": "wetland", "source": "NV NMD2018", "@id": "way/698109047", "@type": "way", "osm_id": 698109047}, "geometry": {"type": "Polygon", "coordinates": [[[12.9036869, 63.1212969], [12.9036296, 63.1210679], [12.9031646, 63.1210753], [12.9031909, 63.1211511], [12.9038297, 63.1216065], [12.9036869, 63.1212969]]]}}, {"type": "Feature", "id": "way/698109052", "properties": {"import": "yes", "landuse": "forest", "natural": "wetland", "source": "NV NMD2018", "@id": "way/698109052", "@type": "way", "osm_id": 698109052}, "geometry": {"type": "Polygon", "coordinates": [[[12.9363164, 63.1087317], [12.9358584, 63.1087603], [12.9356295, 63.1088748], [12.9358012, 63.108932], [12.9360016, 63.1092755], [12.936345, 63.109161], [12.9362592, 63.108932], [12.9360874, 63.1088748], [12.9363164, 63.1087317]]]}}, {"type": "Feature", "id": "way/698109054", "properties": {"import": "yes", "landuse": "forest", "natural": "wetland", "source": "NV NMD2018", "@id": "way/698109054", "@type": "way", "osm_id": 698109054}, "geometry": {"type": "Polygon", "coordinates": [[[12.9897831, 63.1117943], [12.9895541, 63.111966], [12.9899548, 63.1120232], [12.9901265, 63.1121377], [12.990012, 63.1118515], [12.9899119, 63.1117943], [12.9897831, 63.1117943]]]}}, {"type": "Feature", "id": "way/698109061", "properties": {"import": "yes", "landuse": "forest", "natural": "wetland", "source": "NV NMD2018", "@id": "way/698109061", "@type": "way", "osm_id": 698109061}, "geometry": {"type": "Polygon", "coordinates": [[[12.9810246, 63.1113363], [12.9811963, 63.1114508], [12.9814253, 63.1117084], [12.9817688, 63.1111073], [12.9817115, 63.1109928], [12.9814826, 63.1109928], [12.9811963, 63.1108783], [12.9809674, 63.1109928], [12.9811391, 63.1112218], [12.9813108, 63.1112791], [12.9810246, 63.1113363]]]}}, {"type": "Feature", "id": "way/698109070", "properties": {"import": "yes", "landuse": "forest", "natural": "wetland", "source": "NV NMD2018", "@id": "way/698109070", "@type": "way", "osm_id": 698109070}, "geometry": {"type": "Polygon", "coordinates": [[[12.97842, 63.114313], [12.9778761, 63.1143703], [12.9782768, 63.1144275], [12.9784486, 63.114542], [12.9785631, 63.1144275], [12.97842, 63.114313]]]}}, {"type": "Feature", "id": "way/698109071", "properties": {"import": "yes", "landuse": "forest", "natural": "wetland", "source": "NV NMD2018", "@id": "way/698109071", "@type": "way", "osm_id": 698109071}, "geometry": {"type": "Polygon", "coordinates": [[[12.9769602, 63.1144275], [12.9773037, 63.114542], [12.9776472, 63.1144275], [12.9777616, 63.114313], [12.9777044, 63.1141985], [12.9773037, 63.1141699], [12.9769602, 63.1143703], [12.9769602, 63.1144275]]]}}, {"type": "Feature", "id": "way/698109076", "properties": {"import": "yes", "landuse": "forest", "natural": "wetland", "source": "NV NMD2018", "@id": "way/698109076", "@type": "way", "osm_id": 698109076}, "geometry": {"type": "Polygon", "coordinates": [[[12.9979118, 63.115], [12.9980263, 63.1151145], [12.9980836, 63.1152289], [12.9984843, 63.1151717], [12.998198, 63.115], [12.9979118, 63.115]]]}}, {"type": "Feature", "id": "way/698109091", "properties": {"import": "yes", "landuse": "forest", "natural": "wetland", "source": "NV NMD2018", "@id": "way/698109091", "@type": "way", "osm_id": 698109091}, "geometry": {"type": "Polygon", "coordinates": [[[12.9921873, 63.1167173], [12.9923305, 63.1168318], [12.9928743, 63.1164168], [12.9927455, 63.1163738], [12.9925308, 63.1162594], [12.9921873, 63.1167173]]]}}, {"type": "Feature", "id": "way/698109100", "properties": {"import": "yes", "landuse": "forest", "natural": "wetland", "source": "NV NMD2018", "@id": "way/698109100", "@type": "way", "osm_id": 698109100}, "geometry": {"type": "Polygon", "coordinates": [[[12.945819, 63.1193506], [12.9452466, 63.1194651], [12.9450176, 63.1196368], [12.9451893, 63.119694], [12.9451893, 63.1198085], [12.9457618, 63.119694], [12.946048, 63.119694], [12.9459335, 63.1194651], [12.945819, 63.1193506]]]}}, {"type": "Feature", "id": "way/698109103", "properties": {"import": "yes", "landuse": "forest", "natural": "wetland", "source": "NV NMD2018", "@id": "way/698109103", "@type": "way", "osm_id": 698109103}, "geometry": {"type": "Polygon", "coordinates": [[[12.9342556, 63.1210679], [12.9340839, 63.1210679], [12.9339694, 63.12061], [12.9335686, 63.1214114], [12.9337976, 63.1214114], [12.9341411, 63.1212969], [12.9342556, 63.1210679]]]}}, {"type": "Feature", "id": "way/698109106", "properties": {"import": "yes", "landuse": "forest", "natural": "wetland", "source": "NV NMD2018", "@id": "way/698109106", "@type": "way", "osm_id": 698109106}, "geometry": {"type": "Polygon", "coordinates": [[[12.9167387, 63.1215259], [12.9168532, 63.1217549], [12.9172253, 63.1216404], [12.9172539, 63.1215259], [12.9167387, 63.1215259]]]}}, {"type": "Feature", "id": "way/698109130", "properties": {"import": "yes", "landuse": "forest", "natural": "wetland", "source": "NV NMD2018", "@id": "way/698109130", "@type": "way", "osm_id": 698109130}, "geometry": {"type": "Polygon", "coordinates": [[[12.990012, 63.1289677], [12.990241, 63.128796], [12.9901838, 63.1286242], [12.9900693, 63.1285097], [12.9897831, 63.1285097], [12.9898975, 63.1288532], [12.990012, 63.1289677]]]}}, {"type": "Feature", "id": "way/698109137", "properties": {"import": "yes", "landuse": "forest", "natural": "wetland", "source": "NV NMD2018", "@id": "way/698109137", "@type": "way", "osm_id": 698109137}, "geometry": {"type": "Polygon", "coordinates": [[[12.9066636, 63.1288532], [12.9066636, 63.1288103], [12.9072074, 63.1283953], [12.9069498, 63.1282808], [12.9067781, 63.128338], [12.9065491, 63.1287387], [12.9066063, 63.1288532], [12.9066636, 63.1288532]]]}}, {"type": "Feature", "id": "way/698109142", "properties": {"import": "yes", "landuse": "forest", "natural": "wetland", "source": "NV NMD2018", "@id": "way/698109142", "@type": "way", "osm_id": 698109142}, "geometry": {"type": "Polygon", "coordinates": [[[12.9694039, 63.1340052], [12.9694039, 63.1340625], [12.9691749, 63.1342342], [12.9695756, 63.1342342], [12.9698046, 63.1343487], [12.9699764, 63.1342342], [12.9698619, 63.1340625], [12.9695327, 63.1340052], [12.9694039, 63.1340052]]]}}, {"type": "Feature", "id": "way/698109146", "properties": {"import": "yes", "landuse": "forest", "natural": "wetland", "source": "NV NMD2018", "@id": "way/698109146", "@type": "way", "osm_id": 698109146}, "geometry": {"type": "Polygon", "coordinates": [[[12.9903555, 63.1352933], [12.9895541, 63.1354364], [12.9897258, 63.1356081], [12.9903555, 63.1352933]]]}}, {"type": "Feature", "id": "way/698109148", "properties": {"import": "yes", "landuse": "forest", "natural": "wetland", "source": "NV NMD2018", "@id": "way/698109148", "@type": "way", "osm_id": 698109148}, "geometry": {"type": "Polygon", "coordinates": [[[12.957039, 63.1373254], [12.9571535, 63.1373254], [12.957497, 63.1371537], [12.957268, 63.1370392], [12.9576115, 63.1368102], [12.9575542, 63.136753], [12.9571535, 63.136753], [12.957039, 63.1373254]]]}}, {"type": "Feature", "id": "way/698109149", "properties": {"import": "yes", "landuse": "forest", "natural": "wetland", "source": "NV NMD2018", "@id": "way/698109149", "@type": "way", "osm_id": 698109149}, "geometry": {"type": "Polygon", "coordinates": [[[12.9842876, 63.1372682], [12.9832571, 63.1375544], [12.9840586, 63.1374399], [12.9842876, 63.1372682]]]}}, {"type": "Feature", "id": "way/698109150", "properties": {"import": "yes", "landuse": "forest", "natural": "wetland", "source": "NV NMD2018", "@id": "way/698109150", "@type": "way", "osm_id": 698109150}, "geometry": {"type": "Polygon", "coordinates": [[[12.9783341, 63.1391573], [12.9782196, 63.139329], [12.9783341, 63.1395007], [12.9786489, 63.1395007], [12.9784486, 63.1393863], [12.9783341, 63.1391573]]]}}, {"type": "Feature", "id": "way/698109151", "properties": {"import": "yes", "landuse": "forest", "natural": "wetland", "source": "NV NMD2018", "@id": "way/698109151", "@type": "way", "osm_id": 698109151}, "geometry": {"type": "Polygon", "coordinates": [[[12.9528029, 63.142363], [12.9526884, 63.1425347], [12.9530891, 63.142592], [12.9532609, 63.1427637], [12.9534326, 63.1428209], [12.9537188, 63.1428209], [12.9535757, 63.1427065], [12.9533181, 63.1424775], [12.9530891, 63.1424775], [12.9528029, 63.142363]]]}}, {"type": "Feature", "id": "way/698109154", "properties": {"import": "yes", "landuse": "forest", "natural": "wetland", "source": "NV NMD2018", "@id": "way/698109154", "@type": "way", "osm_id": 698109154}, "geometry": {"type": "Polygon", "coordinates": [[[12.922549, 63.1390428], [12.9222914, 63.1390428], [12.9221197, 63.1393863], [12.9217762, 63.139558], [12.9216045, 63.1396152], [12.9213326, 63.1395007], [12.9212038, 63.1395866], [12.9214327, 63.1397297], [12.921719, 63.1397297], [12.921948, 63.1398442], [12.9221197, 63.139787], [12.9224059, 63.1393863], [12.922549, 63.1390428]]]}}, {"type": "Feature", "id": "way/698109155", "properties": {"import": "yes", "landuse": "forest", "natural": "wetland", "source": "NV NMD2018", "@id": "way/698109155", "@type": "way", "osm_id": 698109155}, "geometry": {"type": "Polygon", "coordinates": [[[12.9344273, 63.1403022], [12.9344846, 63.1404167], [12.9346563, 63.1405312], [12.935286, 63.1403594], [12.9352287, 63.1403022], [12.9348853, 63.1403022], [12.9345991, 63.1401877], [12.9347135, 63.140016], [12.9346563, 63.1399587], [12.9344273, 63.1399587], [12.9340266, 63.1401304], [12.9343128, 63.1403022], [12.9344273, 63.1403022]]]}}, {"type": "Feature", "id": "way/698109158", "properties": {"import": "yes", "landuse": "forest", "natural": "wetland", "source": "NV NMD2018", "@id": "way/698109158", "@type": "way", "osm_id": 698109158}, "geometry": {"type": "Polygon", "coordinates": [[[12.9405525, 63.1456832], [12.940667, 63.1456259], [12.9403808, 63.1454542], [12.9399801, 63.1454542], [12.9400946, 63.1455687], [12.9403235, 63.1456832], [12.9405525, 63.1456832]]]}}, {"type": "Feature", "id": "way/698109159", "properties": {"import": "yes", "landuse": "forest", "natural": "wetland", "source": "NV NMD2018", "@id": "way/698109159", "@type": "way", "osm_id": 698109159}, "geometry": {"type": "Polygon", "coordinates": [[[12.9381196, 63.1454542], [12.9378048, 63.1455115], [12.9381482, 63.1456832], [12.9382627, 63.1456259], [12.9382913, 63.1455687], [12.9381196, 63.1454542]]]}}, {"type": "Feature", "id": "way/698109160", "properties": {"import": "yes", "landuse": "forest", "natural": "wetland", "source": "NV NMD2018", "@id": "way/698109160", "@type": "way", "osm_id": 698109160}, "geometry": {"type": "Polygon", "coordinates": [[[12.9598154, 63.1445383], [12.9600014, 63.1446528], [12.9601302, 63.1446528], [12.9607027, 63.1445955], [12.9609317, 63.1444238], [12.9607599, 63.1444238], [12.9604737, 63.1445383], [12.9602447, 63.1444238], [12.9598154, 63.1445383]]]}}, {"type": "Feature", "id": "way/698109161", "properties": {"import": "yes", "landuse": "forest", "natural": "wetland", "source": "NV NMD2018", "@id": "way/698109161", "@type": "way", "osm_id": 698109161}, "geometry": {"type": "Polygon", "coordinates": [[[12.9607027, 63.1449963], [12.9605596, 63.1448818], [12.9599013, 63.144939], [12.9607027, 63.1449963]]]}}, {"type": "Feature", "id": "way/698109178", "properties": {"import": "yes", "landuse": "forest", "natural": "wetland", "source": "NV NMD2018", "@id": "way/698109178", "@type": "way", "osm_id": 698109178}, "geometry": {"type": "Polygon", "coordinates": [[[12.9912428, 63.1474005], [12.9916149, 63.147286], [12.9917294, 63.1470284], [12.9913287, 63.1470571], [12.9911569, 63.147286], [12.9912428, 63.1474005]]]}}, {"type": "Feature", "id": "way/698109181", "properties": {"import": "yes", "landuse": "forest", "natural": "wetland", "source": "NV NMD2018", "@id": "way/698109181", "@type": "way", "osm_id": 698109181}, "geometry": {"type": "Polygon", "coordinates": [[[12.9894396, 63.1461411], [12.9891534, 63.1461411], [12.9890389, 63.1460267], [12.9886382, 63.1462556], [12.9888099, 63.1463701], [12.9894396, 63.1461841], [12.9894396, 63.1461411]]]}}, {"type": "Feature", "id": "way/698109183", "properties": {"import": "yes", "landuse": "forest", "natural": "wetland", "source": "NV NMD2018", "@id": "way/698109183", "@type": "way", "osm_id": 698109183}, "geometry": {"type": "Polygon", "coordinates": [[[12.9876078, 63.1459551], [12.9868063, 63.1461411], [12.9864629, 63.1463701], [12.9867491, 63.1464846], [12.987207, 63.1463701], [12.9876078, 63.1459551]]]}}, {"type": "Feature", "id": "way/698109184", "properties": {"import": "yes", "landuse": "forest", "natural": "wetland", "source": "NV NMD2018", "@id": "way/698109184", "@type": "way", "osm_id": 698109184}, "geometry": {"type": "Polygon", "coordinates": [[[12.9860049, 63.1473719], [12.9866918, 63.147515], [12.9868063, 63.1471716], [12.9865917, 63.1471716], [12.9860049, 63.1473719]]]}}, {"type": "Feature", "id": "way/698109186", "properties": {"import": "yes", "landuse": "forest", "natural": "wetland", "source": "NV NMD2018", "@id": "way/698109186", "@type": "way", "osm_id": 698109186}, "geometry": {"type": "Polygon", "coordinates": [[[12.9912714, 63.1506062], [12.9915004, 63.150549], [12.9912142, 63.1503773], [12.990928, 63.1503486], [12.9910424, 63.1506062], [12.9912714, 63.1506062]]]}}, {"type": "Feature", "id": "way/698109189", "properties": {"import": "yes", "landuse": "forest", "natural": "wetland", "source": "NV NMD2018", "@id": "way/698109189", "@type": "way", "osm_id": 698109189}, "geometry": {"type": "Polygon", "coordinates": [[[12.9384345, 63.1518656], [12.9386062, 63.1519229], [12.9380624, 63.1520946], [12.9387207, 63.1519801], [12.9388352, 63.1517511], [12.9384345, 63.1518656]]]}}, {"type": "Feature", "id": "way/698109191", "properties": {"import": "yes", "landuse": "forest", "natural": "wetland", "source": "NV NMD2018", "@id": "way/698109191", "@type": "way", "osm_id": 698109191}, "geometry": {"type": "Polygon", "coordinates": [[[12.9976828, 63.152896], [12.9978546, 63.152896], [12.9980263, 63.1527815], [12.9979691, 63.1526671], [12.9974539, 63.1527243], [12.9976256, 63.1527815], [12.9976828, 63.152896]]]}}, {"type": "Feature", "id": "way/698109192", "properties": {"import": "yes", "landuse": "forest", "natural": "wetland", "source": "NV NMD2018", "@id": "way/698109192", "@type": "way", "osm_id": 698109192}, "geometry": {"type": "Polygon", "coordinates": [[[12.9241805, 63.153812], [12.9237225, 63.1538692], [12.9238943, 63.1539264], [12.9239515, 63.1542699], [12.924295, 63.1540409], [12.9241805, 63.153812]]]}}, {"type": "Feature", "id": "way/698109193", "properties": {"import": "yes", "landuse": "forest", "natural": "wetland", "source": "NV NMD2018", "@id": "way/698109193", "@type": "way", "osm_id": 698109193}, "geometry": {"type": "Polygon", "coordinates": [[[12.9068926, 63.1540696], [12.9062056, 63.1543272], [12.9056332, 63.1547851], [12.9059766, 63.1549569], [12.9062056, 63.1549569], [12.9064346, 63.1549569], [12.9068926, 63.1548996], [12.9071502, 63.1547279], [12.9068926, 63.1546134], [12.9067781, 63.1544989], [12.9068926, 63.1540696]]]}}, {"type": "Feature", "id": "way/698109194", "properties": {"import": "yes", "landuse": "forest", "natural": "wetland", "source": "NV NMD2018", "@id": "way/698109194", "@type": "way", "osm_id": 698109194}, "geometry": {"type": "Polygon", "coordinates": [[[12.9806239, 63.1547279], [12.9813108, 63.1546134], [12.9812536, 63.1544989], [12.9810818, 63.1544416], [12.9813108, 63.1542413], [12.981182, 63.1541554], [12.9809101, 63.1540409], [12.9801087, 63.1542699], [12.9799369, 63.1543844], [12.9800514, 63.1544989], [12.9805666, 63.1546134], [12.9806239, 63.1547279]]]}}, {"type": "Feature", "id": "way/698109195", "properties": {"import": "yes", "landuse": "forest", "natural": "wetland", "source": "NV NMD2018", "@id": "way/698109195", "@type": "way", "osm_id": 698109195}, "geometry": {"type": "Polygon", "coordinates": [[[12.9175115, 63.1555293], [12.9177977, 63.1556438], [12.9178836, 63.1555579], [12.9183415, 63.1550713], [12.9180553, 63.1550713], [12.9177691, 63.1549282], [12.9176546, 63.1550713], [12.9177118, 63.1551858], [12.9178836, 63.1552431], [12.9174256, 63.1554721], [12.9175115, 63.1555293]]]}}, {"type": "Feature", "id": "way/698109197", "properties": {"import": "yes", "landuse": "forest", "natural": "wetland", "source": "NV NMD2018", "@id": "way/698109197", "@type": "way", "osm_id": 698109197}, "geometry": {"type": "Polygon", "coordinates": [[[12.9834861, 63.1563307], [12.9836006, 63.1561017], [12.9838296, 63.155701], [12.9836865, 63.1556438], [12.9831999, 63.1559873], [12.9832571, 63.1561017], [12.9834861, 63.1563307]]]}}, {"type": "Feature", "id": "way/698109200", "properties": {"import": "yes", "landuse": "forest", "natural": "wetland", "source": "NV NMD2018", "@id": "way/698109200", "@type": "way", "osm_id": 698109200}, "geometry": {"type": "Polygon", "coordinates": [[[12.9331107, 63.1565597], [12.9329819, 63.1565597], [12.9325955, 63.1563307], [12.9317368, 63.1563307], [12.9310499, 63.1566456], [12.9319658, 63.1565597], [12.9325382, 63.1565597], [12.9328817, 63.1566742], [12.9331107, 63.1565597]]]}}, {"type": "Feature", "id": "way/698109201", "properties": {"import": "yes", "landuse": "forest", "natural": "wetland", "source": "NV NMD2018", "@id": "way/698109201", "@type": "way", "osm_id": 698109201}, "geometry": {"type": "Polygon", "coordinates": [[[12.9250964, 63.1564452], [12.9252109, 63.156388], [12.9251537, 63.1563307], [12.9244095, 63.1563307], [12.924295, 63.1566169], [12.9243952, 63.1566742], [12.9246957, 63.1566742], [12.9250964, 63.1564452]]]}}, {"type": "Feature", "id": "way/698109206", "properties": {"import": "yes", "landuse": "forest", "natural": "wetland", "source": "NV NMD2018", "@id": "way/698109206", "@type": "way", "osm_id": 698109206}, "geometry": {"type": "Polygon", "coordinates": [[[12.9815398, 63.1593075], [12.9819978, 63.1592502], [12.9821123, 63.1591357], [12.9818833, 63.158964], [12.9815398, 63.159193], [12.9813108, 63.1591357], [12.981411, 63.1593075], [12.9815398, 63.1593075]]]}}, {"type": "Feature", "id": "way/698109207", "properties": {"import": "yes", "landuse": "forest", "natural": "wetland", "source": "NV NMD2018", "@id": "way/698109207", "@type": "way", "osm_id": 698109207}, "geometry": {"type": "Polygon", "coordinates": [[[12.9196009, 63.1590785], [12.9194864, 63.1588495], [12.9193147, 63.158735], [12.9192574, 63.159193], [12.9196009, 63.1590785]]]}}, {"type": "Feature", "id": "way/698109217", "properties": {"import": "yes", "landuse": "forest", "natural": "wetland", "source": "NV NMD2018", "@id": "way/698109217", "@type": "way", "osm_id": 698109217}, "geometry": {"type": "Polygon", "coordinates": [[[12.9552072, 63.1605668], [12.9553217, 63.1606813], [12.9556079, 63.1607958], [12.9557796, 63.1607958], [12.9556651, 63.1605668], [12.9554362, 63.1604524], [12.9552072, 63.1605239], [12.9552072, 63.1605668]]]}}, {"type": "Feature", "id": "way/698109264", "properties": {"import": "yes", "landuse": "forest", "natural": "wetland", "source": "NV NMD2018", "@id": "way/698109264", "@type": "way", "osm_id": 698109264}, "geometry": {"type": "Polygon", "coordinates": [[[12.9209748, 63.10378], [12.9209748, 63.1036941], [12.9208031, 63.103551], [12.9205168, 63.1036655], [12.9204023, 63.10378], [12.9205455, 63.1038945], [12.9209748, 63.10378]]]}}, {"type": "Feature", "id": "way/698109274", "properties": {"import": "yes", "landuse": "forest", "natural": "wetland", "source": "NV NMD2018", "@id": "way/698109274", "@type": "way", "osm_id": 698109274}, "geometry": {"type": "Polygon", "coordinates": [[[12.9827992, 63.1097621], [12.9838296, 63.1096762], [12.9841731, 63.1095617], [12.9836006, 63.1095045], [12.9830282, 63.1095617], [12.9827992, 63.1096905], [12.9827992, 63.1097621]]]}}, {"type": "Feature", "id": "way/698109276", "properties": {"import": "yes", "landuse": "forest", "natural": "wetland", "source": "NV NMD2018", "@id": "way/698109276", "@type": "way", "osm_id": 698109276}, "geometry": {"type": "Polygon", "coordinates": [[[12.9335686, 63.1214114], [12.9332252, 63.1214686], [12.9334542, 63.1216404], [12.9336831, 63.1217549], [12.9337976, 63.1216404], [12.9336831, 63.1215259], [12.9335686, 63.1214114]]]}}, {"type": "Feature", "id": "way/698109286", "properties": {"import": "yes", "landuse": "forest", "natural": "wetland", "source": "NV NMD2018", "@id": "way/698109286", "@type": "way", "osm_id": 698109286}, "geometry": {"type": "Polygon", "coordinates": [[[12.9768457, 63.1188067], [12.9763878, 63.1190071], [12.9766167, 63.1191216], [12.9770461, 63.1190071], [12.9771892, 63.1188354], [12.977132, 63.1187781], [12.9768457, 63.1188067]]]}}, {"type": "Feature", "id": "way/698109287", "properties": {"import": "yes", "landuse": "forest", "natural": "wetland", "source": "NV NMD2018", "@id": "way/698109287", "@type": "way", "osm_id": 698109287}, "geometry": {"type": "Polygon", "coordinates": [[[12.979479, 63.1121091], [12.97925, 63.112195], [12.980538, 63.1122522], [12.9804522, 63.1121377], [12.979479, 63.1121091]]]}}, {"type": "Feature", "id": "way/698109330", "properties": {"import": "yes", "landuse": "forest", "natural": "wetland", "source": "NV NMD2018", "@id": "way/698109330", "@type": "way", "osm_id": 698109330}, "geometry": {"type": "Polygon", "coordinates": [[[12.997368, 63.1049249], [12.9980263, 63.1048676], [12.9977973, 63.1047531], [12.9980263, 63.10461], [12.9977973, 63.1044669], [12.9972249, 63.1048104], [12.997368, 63.1049249]]]}}, {"type": "Feature", "id": "way/698109334", "properties": {"import": "yes", "landuse": "forest", "natural": "wetland", "source": "NV NMD2018", "@id": "way/698109334", "@type": "way", "osm_id": 698109334}, "geometry": {"type": "Polygon", "coordinates": [[[12.9181125, 63.1049249], [12.9181125, 63.1048676], [12.9185991, 63.1046959], [12.9183988, 63.1045814], [12.9180553, 63.1046959], [12.9175401, 63.1045814], [12.9171966, 63.1047531], [12.9174829, 63.1048104], [12.9175401, 63.1050394], [12.9181125, 63.1049249]]]}}, {"type": "Feature", "id": "way/698109337", "properties": {"import": "yes", "landuse": "forest", "natural": "wetland", "source": "NV NMD2018", "@id": "way/698109337", "@type": "way", "osm_id": 698109337}, "geometry": {"type": "Polygon", "coordinates": [[[12.9204023, 63.1065277], [12.9203451, 63.1064132], [12.9201161, 63.1064132], [12.9199444, 63.1065277], [12.9198871, 63.1066422], [12.9196009, 63.1065277], [12.9193719, 63.1066708], [12.9195723, 63.1067567], [12.9197726, 63.1067567], [12.9201734, 63.1068712], [12.9204023, 63.1065277]]]}}, {"type": "Feature", "id": "way/698109339", "properties": {"import": "yes", "landuse": "forest", "natural": "wetland", "source": "NV NMD2018", "@id": "way/698109339", "@type": "way", "osm_id": 698109339}, "geometry": {"type": "Polygon", "coordinates": [[[12.9509138, 63.1064132], [12.9512573, 63.1065277], [12.9515435, 63.1064705], [12.9509138, 63.1064132]]]}}, {"type": "Feature", "id": "way/698109347", "properties": {"import": "yes", "landuse": "forest", "natural": "wetland", "source": "NV NMD2018", "@id": "way/698109347", "@type": "way", "osm_id": 698109347}, "geometry": {"type": "Polygon", "coordinates": [[[12.910499, 63.1375544], [12.9106135, 63.1375544], [12.9106707, 63.1376689], [12.9104417, 63.1378407], [12.9106135, 63.1378979], [12.9108425, 63.1377834], [12.9110714, 63.1378979], [12.9114721, 63.1374399], [12.9113577, 63.1373254], [12.9111859, 63.137211], [12.9108425, 63.1370965], [12.9104417, 63.1373254], [12.9102128, 63.1373827], [12.910499, 63.1375544]]]}}, {"type": "Feature", "id": "way/698109381", "properties": {"import": "yes", "landuse": "forest", "natural": "wetland", "source": "NV NMD2018", "@id": "way/698109381", "@type": "way", "osm_id": 698109381}, "geometry": {"type": "Polygon", "coordinates": [[[12.9442162, 63.114771], [12.9447886, 63.1147137], [12.9445024, 63.1146565], [12.9442162, 63.114771]]]}}, {"type": "Feature", "id": "way/698109396", "properties": {"import": "yes", "landuse": "forest", "natural": "wetland", "source": "NV NMD2018", "@id": "way/698109396", "@type": "way", "osm_id": 698109396}, "geometry": {"type": "Polygon", "coordinates": [[[12.9846024, 63.1193506], [12.9839441, 63.119694], [12.9832571, 63.1199803], [12.9837724, 63.119923], [12.9843019, 63.1200375], [12.9845165, 63.1200375], [12.984402, 63.119923], [12.9842876, 63.1198085], [12.9845165, 63.119694], [12.984631, 63.1194651], [12.9847455, 63.1194078], [12.9846024, 63.1193506]]]}}, {"type": "Feature", "id": "way/698109405", "properties": {"import": "yes", "landuse": "forest", "natural": "wetland", "source": "NV NMD2018", "@id": "way/698109405", "@type": "way", "osm_id": 698109405}, "geometry": {"type": "Polygon", "coordinates": [[[12.9815398, 63.116288], [12.9814826, 63.1160304], [12.9806239, 63.1162164], [12.9807527, 63.1162594], [12.9810246, 63.1163738], [12.9815398, 63.116288]]]}}, {"type": "Feature", "id": "way/698109406", "properties": {"import": "yes", "landuse": "forest", "natural": "wetland", "source": "NV NMD2018", "@id": "way/698109406", "@type": "way", "osm_id": 698109406}, "geometry": {"type": "Polygon", "coordinates": [[[12.9373468, 63.1307995], [12.9372323, 63.1310285], [12.9375758, 63.131143], [12.9379193, 63.1310285], [12.9381482, 63.1307423], [12.9380337, 63.130685], [12.9375615, 63.1307995], [12.9373468, 63.1307995]]]}}, {"type": "Feature", "id": "way/698109410", "properties": {"import": "yes", "landuse": "forest", "natural": "wetland", "source": "NV NMD2018", "@id": "way/698109410", "@type": "way", "osm_id": 698109410}, "geometry": {"type": "Polygon", "coordinates": [[[12.9508566, 63.136295], [12.9507993, 63.1361806], [12.9505704, 63.1361806], [12.9502841, 63.1359516], [12.9501696, 63.1361233], [12.9502841, 63.136295], [12.9505417, 63.1364095], [12.9508566, 63.136295]]]}}, {"type": "Feature", "id": "way/698109455", "properties": {"import": "yes", "landuse": "forest", "natural": "wetland", "source": "NV NMD2018", "@id": "way/698109455", "@type": "way", "osm_id": 698109455}, "geometry": {"type": "Polygon", "coordinates": [[[12.9218907, 63.1215259], [12.9218335, 63.1211824], [12.9210893, 63.1213685], [12.9212181, 63.1214114], [12.9215472, 63.1215259], [12.9218907, 63.1215259]]]}}, {"type": "Feature", "id": "way/698109483", "properties": {"import": "yes", "landuse": "forest", "natural": "wetland", "source": "NV NMD2018", "@id": "way/698109483", "@type": "way", "osm_id": 698109483}, "geometry": {"type": "Polygon", "coordinates": [[[12.9873502, 63.1291967], [12.987436, 63.1287387], [12.9874933, 63.1286815], [12.9873788, 63.1286242], [12.9869781, 63.1283953], [12.9866918, 63.1283953], [12.9863484, 63.1282808], [12.9861766, 63.1285097], [12.9857759, 63.1283953], [12.9854325, 63.1286242], [12.9856614, 63.1288532], [12.9858904, 63.1287387], [12.9859477, 63.1286242], [12.9860049, 63.1289677], [12.9868636, 63.1286242], [12.987207, 63.1287387], [12.9873502, 63.1291967]]]}}, {"type": "Feature", "id": "way/698109485", "properties": {"import": "yes", "landuse": "forest", "natural": "wetland", "source": "NV NMD2018", "@id": "way/698109485", "@type": "way", "osm_id": 698109485}, "geometry": {"type": "Polygon", "coordinates": [[[12.9882947, 63.1272504], [12.9877795, 63.1270214], [12.9876078, 63.1271072], [12.988123, 63.1273648], [12.9882947, 63.1272504]]]}}, {"type": "Feature", "id": "way/698109495", "properties": {"import": "yes", "landuse": "forest", "natural": "wetland", "source": "NV NMD2018", "@id": "way/698109495", "@type": "way", "osm_id": 698109495}, "geometry": {"type": "Polygon", "coordinates": [[[12.9936757, 63.1302271], [12.9936185, 63.1301126], [12.9933322, 63.1301126], [12.9929601, 63.1299981], [12.9926453, 63.1297691], [12.9924163, 63.1298836], [12.9923018, 63.1303416], [12.9927025, 63.1301126], [12.993046, 63.1302271], [12.993275, 63.1302271], [12.993504, 63.1303416], [12.9936757, 63.1302843], [12.9936757, 63.1302271]]]}}, {"type": "Feature", "id": "way/698109502", "properties": {"import": "yes", "landuse": "forest", "natural": "wetland", "source": "NV NMD2018", "@id": "way/698109502", "@type": "way", "osm_id": 698109502}, "geometry": {"type": "Polygon", "coordinates": [[[12.9318513, 63.1298836], [12.9315078, 63.1294829], [12.9312789, 63.1294829], [12.9313933, 63.1297119], [12.9311644, 63.1298264], [12.9318513, 63.1298836]]]}}, {"type": "Feature", "id": "way/698109506", "properties": {"import": "yes", "landuse": "forest", "natural": "wetland", "source": "NV NMD2018", "@id": "way/698109506", "@type": "way", "osm_id": 698109506}, "geometry": {"type": "Polygon", "coordinates": [[[12.9726096, 63.130914], [12.973411, 63.1308568], [12.9733538, 63.1307995], [12.9728386, 63.1307423], [12.9730676, 63.1306278], [12.9726669, 63.1305706], [12.9722661, 63.130685], [12.9721517, 63.1307995], [12.9720372, 63.1306278], [12.9720372, 63.1304274], [12.9712357, 63.1305992], [12.9710926, 63.1307995], [12.971293, 63.130914], [12.9716937, 63.1310285], [12.9720372, 63.1310285], [12.9724379, 63.130914], [12.9726096, 63.130914]]]}}, {"type": "Feature", "id": "way/698109510", "properties": {"import": "yes", "landuse": "forest", "natural": "wetland", "source": "NV NMD2018", "@id": "way/698109510", "@type": "way", "osm_id": 698109510}, "geometry": {"type": "Polygon", "coordinates": [[[12.9985988, 63.1333183], [12.9980263, 63.1333756], [12.9975684, 63.1336045], [12.9980263, 63.1337476], [12.998656, 63.1334328], [12.9990567, 63.1333756], [12.9989995, 63.1333183], [12.9985988, 63.1333183]]]}}, {"type": "Feature", "id": "way/698109512", "properties": {"import": "yes", "landuse": "forest", "natural": "wetland", "source": "NV NMD2018", "@id": "way/698109512", "@type": "way", "osm_id": 698109512}, "geometry": {"type": "Polygon", "coordinates": [[[12.9691749, 63.1342342], [12.9688315, 63.1342915], [12.9686025, 63.134406], [12.967801, 63.1344918], [12.9683163, 63.1345777], [12.9688315, 63.1345205], [12.9691749, 63.1342342]]]}}, {"type": "Feature", "id": "way/698109516", "properties": {"import": "yes", "landuse": "forest", "natural": "wetland", "source": "NV NMD2018", "@id": "way/698109516", "@type": "way", "osm_id": 698109516}, "geometry": {"type": "Polygon", "coordinates": [[[12.9920728, 63.1398442], [12.9921873, 63.1396725], [12.9920442, 63.1396152], [12.9919092, 63.1394953], [12.9917866, 63.1393863], [12.9916149, 63.139329], [12.9918439, 63.1392145], [12.9916721, 63.1390428], [12.9912714, 63.1390428], [12.990699, 63.1389283], [12.9904127, 63.1390428], [12.9902983, 63.1389283], [12.990012, 63.1392718], [12.989728, 63.1394283], [12.9894353, 63.1393742], [12.9897258, 63.1395007], [12.9908707, 63.1391573], [12.9912714, 63.139329], [12.9913859, 63.1395007], [12.9916149, 63.1397297], [12.9919011, 63.1398442], [12.9920728, 63.1398442]]]}}, {"type": "Feature", "id": "way/698109518", "properties": {"import": "yes", "landuse": "forest", "natural": "wetland", "source": "NV NMD2018", "@id": "way/698109518", "@type": "way", "osm_id": 698109518}, "geometry": {"type": "Polygon", "coordinates": [[[12.9716937, 63.1385848], [12.9718654, 63.1386993], [12.9724951, 63.1384703], [12.9723806, 63.1383559], [12.9720944, 63.1381269], [12.9718654, 63.1381269], [12.9716365, 63.1380124], [12.9712357, 63.1380124], [12.9708923, 63.1378979], [12.9706347, 63.1376689], [12.971064, 63.1382414], [12.9716365, 63.1382414], [12.9716937, 63.1385848]]]}}, {"type": "Feature", "id": "way/698109519", "properties": {"import": "yes", "landuse": "forest", "natural": "wetland", "source": "NV NMD2018", "@id": "way/698109519", "@type": "way", "osm_id": 698109519}, "geometry": {"type": "Polygon", "coordinates": [[[12.9757008, 63.1380983], [12.9760443, 63.1380124], [12.9770747, 63.1381269], [12.9778189, 63.1381269], [12.9779334, 63.1383559], [12.9780479, 63.1382414], [12.9783055, 63.1382414], [12.9781624, 63.1380124], [12.9765023, 63.1379551], [12.976445, 63.1378979], [12.9760443, 63.1378979], [12.9755863, 63.1377834], [12.9752429, 63.1380696], [12.9757008, 63.1380983]]]}}, {"type": "Feature", "id": "way/698109521", "properties": {"import": "yes", "landuse": "forest", "natural": "wetland", "source": "NV NMD2018", "@id": "way/698109521", "@type": "way", "osm_id": 698109521}, "geometry": {"type": "Polygon", "coordinates": [[[12.9260123, 63.1381269], [12.9256689, 63.1381269], [12.9253826, 63.1380124], [12.9244095, 63.1383559], [12.9255544, 63.1382414], [12.9260123, 63.1381269]]]}}, {"type": "Feature", "id": "way/698109522", "properties": {"import": "yes", "landuse": "forest", "natural": "wetland", "source": "NV NMD2018", "@id": "way/698109522", "@type": "way", "osm_id": 698109522}, "geometry": {"type": "Polygon", "coordinates": [[[12.974098, 63.1385848], [12.9754719, 63.1383845], [12.9753574, 63.1382414], [12.9742125, 63.1384131], [12.974098, 63.1385848]]]}}, {"type": "Feature", "id": "way/698109523", "properties": {"import": "yes", "landuse": "forest", "natural": "wetland", "source": "NV NMD2018", "@id": "way/698109523", "@type": "way", "osm_id": 698109523}, "geometry": {"type": "Polygon", "coordinates": [[[12.9730676, 63.1391573], [12.97364, 63.1389855], [12.973869, 63.1386707], [12.973411, 63.1387566], [12.9730676, 63.1390428], [12.9730676, 63.1391573]]]}}, {"type": "Feature", "id": "way/698109524", "properties": {"import": "yes", "landuse": "forest", "natural": "wetland", "source": "NV NMD2018", "@id": "way/698109524", "@type": "way", "osm_id": 698109524}, "geometry": {"type": "Polygon", "coordinates": [[[12.9529174, 63.1383559], [12.9530319, 63.1384703], [12.9531464, 63.1385848], [12.9533754, 63.1386993], [12.9536043, 63.1385276], [12.9535471, 63.1383559], [12.9529174, 63.1383559]]]}}, {"type": "Feature", "id": "way/698109525", "properties": {"import": "yes", "landuse": "forest", "natural": "wetland", "source": "NV NMD2018", "@id": "way/698109525", "@type": "way", "osm_id": 698109525}, "geometry": {"type": "Polygon", "coordinates": [[[12.9325955, 63.1403022], [12.9328817, 63.1401877], [12.9328245, 63.1400732], [12.9325955, 63.1400732], [12.9319085, 63.1398442], [12.9318513, 63.1397297], [12.9319658, 63.1395007], [12.9315651, 63.1393863], [12.9311644, 63.1395007], [12.9309354, 63.1396725], [12.9303629, 63.139787], [12.9302484, 63.1399015], [12.9308781, 63.1399587], [12.9311644, 63.1400732], [12.9314506, 63.1400732], [12.9318513, 63.1401877], [12.932252, 63.1401877], [12.9325955, 63.1403022]]]}}, {"type": "Feature", "id": "way/698109526", "properties": {"import": "yes", "landuse": "forest", "natural": "wetland", "source": "NV NMD2018", "@id": "way/698109526", "@type": "way", "osm_id": 698109526}, "geometry": {"type": "Polygon", "coordinates": [[[12.940209, 63.1429068], [12.9399801, 63.1430499], [12.9401518, 63.1431644], [12.9403808, 63.1431644], [12.940438, 63.1432217], [12.940209, 63.1433362], [12.9406098, 63.1433934], [12.9410105, 63.1433362], [12.941125, 63.1431644], [12.9407815, 63.1431644], [12.9404094, 63.1430499], [12.940209, 63.1429927], [12.940209, 63.1429068]]]}}, {"type": "Feature", "id": "way/698109527", "properties": {"import": "yes", "landuse": "forest", "natural": "wetland", "source": "NV NMD2018", "@id": "way/698109527", "@type": "way", "osm_id": 698109527}, "geometry": {"type": "Polygon", "coordinates": [[[12.9650533, 63.1431644], [12.9649388, 63.1433362], [12.9651105, 63.1433934], [12.9651678, 63.1435079], [12.9655256, 63.1436224], [12.9657402, 63.1435938], [12.9661982, 63.1433934], [12.9660551, 63.1432789], [12.9655685, 63.1431644], [12.9650533, 63.1431644]]]}}, {"type": "Feature", "id": "way/698109529", "properties": {"import": "yes", "landuse": "forest", "natural": "wetland", "source": "NV NMD2018", "@id": "way/698109529", "@type": "way", "osm_id": 698109529}, "geometry": {"type": "Polygon", "coordinates": [[[12.907465, 63.1455687], [12.9073505, 63.1457977], [12.907236, 63.1458549], [12.9076367, 63.1460267], [12.9075938, 63.1455687], [12.907465, 63.1455687]]]}}, {"type": "Feature", "id": "way/698109530", "properties": {"import": "yes", "landuse": "forest", "natural": "wetland", "source": "NV NMD2018", "@id": "way/698109530", "@type": "way", "osm_id": 698109530}, "geometry": {"type": "Polygon", "coordinates": [[[12.9039158, 63.1393863], [12.9031144, 63.1397297], [12.9030572, 63.1398442], [12.9029427, 63.1397297], [12.9027423, 63.1399587], [12.9033434, 63.1398442], [12.9035151, 63.1397297], [12.9041448, 63.139558], [12.9039158, 63.1393863]]]}}, {"type": "Feature", "id": "way/698109532", "properties": {"import": "yes", "landuse": "forest", "natural": "wetland", "source": "NV NMD2018", "@id": "way/698109532", "@type": "way", "osm_id": 698109532}, "geometry": {"type": "Polygon", "coordinates": [[[12.9947347, 63.1447673], [12.9948206, 63.1446528], [12.9947634, 63.1445383], [12.9941909, 63.1444238], [12.993504, 63.1445383], [12.9928743, 63.1444238], [12.9926453, 63.144481], [12.9931605, 63.1447673], [12.9939047, 63.1446528], [12.9946489, 63.1446528], [12.9947347, 63.1447673]]]}}, {"type": "Feature", "id": "way/698109533", "properties": {"import": "yes", "landuse": "forest", "natural": "wetland", "source": "NV NMD2018", "@id": "way/698109533", "@type": "way", "osm_id": 698109533}, "geometry": {"type": "Polygon", "coordinates": [[[12.9873606, 63.1445921], [12.9879512, 63.1445955], [12.987665, 63.1444238], [12.9873788, 63.1444238], [12.9871498, 63.1443093], [12.9870926, 63.1441948], [12.9868063, 63.1441948], [12.9866389, 63.1443574], [12.9873606, 63.1445921]]]}}, {"type": "Feature", "id": "way/698109538", "properties": {"import": "yes", "landuse": "forest", "natural": "wetland", "source": "NV NMD2018", "@id": "way/698109538", "@type": "way", "osm_id": 698109538}, "geometry": {"type": "Polygon", "coordinates": [[[12.9371178, 63.1449963], [12.9370033, 63.1446528], [12.9366312, 63.1443093], [12.9366599, 63.14471], [12.9365454, 63.1448245], [12.9371178, 63.1449963]]]}}, {"type": "Feature", "id": "way/698109539", "properties": {"import": "yes", "landuse": "forest", "natural": "wetland", "source": "NV NMD2018", "@id": "way/698109539", "@type": "way", "osm_id": 698109539}, "geometry": {"type": "Polygon", "coordinates": [[[12.9372323, 63.1457977], [12.9367744, 63.1461984], [12.9372896, 63.1462556], [12.9378048, 63.1461984], [12.9374613, 63.1460839], [12.9374899, 63.1459122], [12.9372323, 63.1457977]]]}}, {"type": "Feature", "id": "way/698109541", "properties": {"import": "yes", "landuse": "forest", "natural": "wetland", "source": "NV NMD2018", "@id": "way/698109541", "@type": "way", "osm_id": 698109541}, "geometry": {"type": "Polygon", "coordinates": [[[12.9279587, 63.1454542], [12.9278442, 63.1452252], [12.9275007, 63.1455115], [12.9279587, 63.1454542]]]}}, {"type": "Feature", "id": "way/698109542", "properties": {"import": "yes", "landuse": "forest", "natural": "wetland", "source": "NV NMD2018", "@id": "way/698109542", "@type": "way", "osm_id": 698109542}, "geometry": {"type": "Polygon", "coordinates": [[[12.9964235, 63.1447673], [12.9964885, 63.1448775], [12.9966524, 63.144939], [12.9972339, 63.1450573], [12.9971676, 63.1448818], [12.9969959, 63.1448245], [12.9964235, 63.1447673]]]}}, {"type": "Feature", "id": "way/698109543", "properties": {"import": "yes", "landuse": "forest", "natural": "wetland", "source": "NV NMD2018", "@id": "way/698109543", "@type": "way", "osm_id": 698109543}, "geometry": {"type": "Polygon", "coordinates": [[[12.9927598, 63.1457404], [12.9931605, 63.1457977], [12.9933418, 63.1459703], [12.9936644, 63.1459173], [12.9940218, 63.1458814], [12.9942281, 63.1458607], [12.9945934, 63.1458916], [12.9951641, 63.1457977], [12.9955648, 63.1457977], [12.9956312, 63.1459571], [12.9958252, 63.1459173], [12.9961411, 63.1454822], [12.9961945, 63.1451107], [12.9961945, 63.1447673], [12.9956383, 63.1450396], [12.9951641, 63.1453397], [12.9949923, 63.1454542], [12.9945344, 63.1452252], [12.9937902, 63.145397], [12.9928743, 63.1455115], [12.9927598, 63.1457404]]]}}, {"type": "Feature", "id": "way/698109549", "properties": {"import": "yes", "landuse": "forest", "natural": "wetland", "source": "NV NMD2018", "@id": "way/698109549", "@type": "way", "osm_id": 698109549}, "geometry": {"type": "Polygon", "coordinates": [[[12.9805094, 63.1487744], [12.9804522, 63.1485454], [12.979708, 63.1484882], [12.9793073, 63.1483165], [12.9791355, 63.1485454], [12.9797652, 63.1487744], [12.9805094, 63.1487744]]]}}, {"type": "Feature", "id": "way/698109553", "properties": {"import": "yes", "landuse": "forest", "natural": "wetland", "source": "NV NMD2018", "@id": "way/698109553", "@type": "way", "osm_id": 698109553}, "geometry": {"type": "Polygon", "coordinates": [[[12.9236081, 63.1587923], [12.9237225, 63.1588495], [12.923837, 63.158735], [12.9237225, 63.1586205], [12.9234936, 63.1583915], [12.9233218, 63.158506], [12.9229211, 63.1583915], [12.9225776, 63.158506], [12.9226921, 63.1586205], [12.9230356, 63.1587923], [12.9228066, 63.1589067], [12.9229784, 63.158964], [12.9233791, 63.158735], [12.9236081, 63.1587923]]]}}, {"type": "Feature", "id": "way/698109556", "properties": {"import": "yes", "landuse": "forest", "natural": "wetland", "source": "NV NMD2018", "@id": "way/698109556", "@type": "way", "osm_id": 698109556}, "geometry": {"type": "Polygon", "coordinates": [[[12.9213183, 63.1539264], [12.9213755, 63.1541554], [12.921719, 63.1542699], [12.9218907, 63.1544989], [12.9222914, 63.1546134], [12.9229211, 63.1544989], [12.922778, 63.1543844], [12.9225204, 63.1542699], [12.9221769, 63.1542699], [12.9218907, 63.1541554], [12.9220052, 63.1539837], [12.921948, 63.1539264], [12.9213183, 63.1539264]]]}}, {"type": "Feature", "id": "way/698109559", "properties": {"import": "yes", "landuse": "forest", "natural": "wetland", "source": "NV NMD2018", "@id": "way/698109559", "@type": "way", "osm_id": 698109559}, "geometry": {"type": "Polygon", "coordinates": [[[12.9295615, 63.1539264], [12.9295043, 63.1536975], [12.9289318, 63.153583], [12.9285311, 63.153812], [12.9287601, 63.1540409], [12.9290463, 63.1540409], [12.9293182, 63.1547279], [12.929447, 63.154642], [12.929676, 63.1544416], [12.9295043, 63.1543844], [12.9293325, 63.1540409], [12.9295615, 63.1539264]]]}}, {"type": "Feature", "id": "way/698109564", "properties": {"import": "yes", "landuse": "forest", "natural": "wetland", "source": "NV NMD2018", "@id": "way/698109564", "@type": "way", "osm_id": 698109564}, "geometry": {"type": "Polygon", "coordinates": [[[12.9193719, 63.1565597], [12.9197726, 63.1565597], [12.9200016, 63.1566742], [12.9201734, 63.1565311], [12.9200016, 63.1564452], [12.9197154, 63.1563307], [12.9196009, 63.1562162], [12.9192002, 63.1563307], [12.919143, 63.1564452], [12.9192002, 63.1565597], [12.9193719, 63.1565597]]]}}, {"type": "Feature", "id": "way/698109579", "properties": {"import": "yes", "landuse": "forest", "natural": "wetland", "source": "NV NMD2018", "@id": "way/698109579", "@type": "way", "osm_id": 698109579}, "geometry": {"type": "Polygon", "coordinates": [[[12.9895541, 63.1543272], [12.9892106, 63.1542699], [12.9888671, 63.1543844], [12.9890961, 63.1547279], [12.989411, 63.1548424], [12.9897831, 63.1549569], [12.9903555, 63.1547851], [12.9901265, 63.1546134], [12.9899548, 63.1543844], [12.9895541, 63.1543272]]]}}, {"type": "Feature", "id": "way/698109585", "properties": {"import": "yes", "landuse": "forest", "natural": "wetland", "source": "NV NMD2018", "@id": "way/698109585", "@type": "way", "osm_id": 698109585}, "geometry": {"type": "Polygon", "coordinates": [[[12.9811963, 63.1559873], [12.9814253, 63.1558155], [12.9812536, 63.1557583], [12.9811963, 63.1556152], [12.9810818, 63.1555293], [12.9807384, 63.1558155], [12.9811963, 63.1559873]]]}}, {"type": "Feature", "id": "way/698109587", "properties": {"import": "yes", "landuse": "forest", "natural": "wetland", "source": "NV NMD2018", "@id": "way/698109587", "@type": "way", "osm_id": 698109587}, "geometry": {"type": "Polygon", "coordinates": [[[12.9854325, 63.1569032], [12.9852893, 63.1567887], [12.9849745, 63.1566742], [12.9845165, 63.1569747], [12.9847741, 63.1570177], [12.9854325, 63.1569032]]]}}, {"type": "Feature", "id": "way/698109588", "properties": {"import": "yes", "landuse": "forest", "natural": "wetland", "source": "NV NMD2018", "@id": "way/698109588", "@type": "way", "osm_id": 698109588}, "geometry": {"type": "Polygon", "coordinates": [[[12.9838296, 63.1570177], [12.9836579, 63.1569032], [12.9832571, 63.1568459], [12.9831427, 63.1566742], [12.9826847, 63.1567314], [12.9824557, 63.1569032], [12.982513, 63.1570177], [12.9826847, 63.1570749], [12.9831999, 63.1571322], [12.9835434, 63.1572466], [12.9838296, 63.1570177]]]}}, {"type": "Feature", "id": "way/698109589", "properties": {"import": "yes", "landuse": "forest", "natural": "wetland", "source": "NV NMD2018", "@id": "way/698109589", "@type": "way", "osm_id": 698109589}, "geometry": {"type": "Polygon", "coordinates": [[[12.9114721, 63.1562162], [12.9115866, 63.1563307], [12.9117011, 63.1564452], [12.9115866, 63.1567314], [12.9112432, 63.1570177], [12.9118156, 63.1567314], [12.9119301, 63.1564452], [12.9120446, 63.1563307], [12.9119015, 63.1562162], [12.9115866, 63.1561017], [12.9114721, 63.1561733], [12.9114721, 63.1562162]]]}}, {"type": "Feature", "id": "way/698109590", "properties": {"import": "yes", "landuse": "forest", "natural": "wetland", "source": "NV NMD2018", "@id": "way/698109590", "@type": "way", "osm_id": 698109590}, "geometry": {"type": "Polygon", "coordinates": [[[12.9789065, 63.1565597], [12.979021, 63.1565597], [12.9793645, 63.156388], [12.9803949, 63.1562162], [12.9798225, 63.1562162], [12.9793073, 63.1561017], [12.9789638, 63.1563307], [12.9787921, 63.156388], [12.9789065, 63.1565597]]]}}, {"type": "Feature", "id": "way/698109591", "properties": {"import": "yes", "landuse": "forest", "natural": "wetland", "source": "NV NMD2018", "@id": "way/698109591", "@type": "way", "osm_id": 698109591}, "geometry": {"type": "Polygon", "coordinates": [[[12.9254113, 63.1566742], [12.9250964, 63.1569032], [12.9246957, 63.1570177], [12.9244095, 63.1569032], [12.924295, 63.1571322], [12.924295, 63.1573611], [12.9245812, 63.1572466], [12.9250964, 63.1574184], [12.9247529, 63.1577046], [12.9246385, 63.1579622], [12.9250392, 63.1579336], [12.9250964, 63.1579908], [12.9249819, 63.158277], [12.9250821, 63.1583915], [12.9252968, 63.1583915], [12.9256689, 63.1582198], [12.9258978, 63.1577905], [12.925769, 63.1577046], [12.9255544, 63.1578191], [12.9254399, 63.1575901], [12.9257547, 63.1573611], [12.9256116, 63.1572466], [12.9254399, 63.1571894], [12.9255544, 63.1569032], [12.9254113, 63.1566742]]]}}, {"type": "Feature", "id": "way/698109605", "properties": {"import": "yes", "landuse": "forest", "natural": "wetland", "source": "NV NMD2018", "@id": "way/698109605", "@type": "way", "osm_id": 698109605}, "geometry": {"type": "Polygon", "coordinates": [[[12.9196009, 63.1583915], [12.9196009, 63.1584488], [12.9200016, 63.158506], [12.9201734, 63.1586205], [12.9202879, 63.158506], [12.9202306, 63.1583915], [12.9196009, 63.1583915]]]}}, {"type": "Feature", "id": "way/698109615", "properties": {"import": "yes", "landuse": "forest", "natural": "wetland", "source": "NV NMD2018", "@id": "way/698109615", "@type": "way", "osm_id": 698109615}, "geometry": {"type": "Polygon", "coordinates": [[[12.9255544, 63.159794], [12.9250964, 63.1598227], [12.9248674, 63.1599371], [12.9253254, 63.160023], [12.9255544, 63.159794]]]}}, {"type": "Feature", "id": "way/698109709", "properties": {"import": "yes", "landuse": "forest", "natural": "wetland", "source": "NV NMD2018", "@id": "way/698109709", "@type": "way", "osm_id": 698109709}, "geometry": {"type": "Polygon", "coordinates": [[[12.9354005, 63.1095045], [12.9356295, 63.1095045], [12.9355722, 63.10939], [12.935057, 63.10939], [12.9352287, 63.1095045], [12.9354005, 63.1095045]]]}}, {"type": "Feature", "id": "way/698109714", "properties": {"import": "yes", "landuse": "forest", "natural": "wetland", "source": "NV NMD2018", "@id": "way/698109714", "@type": "way", "osm_id": 698109714}, "geometry": {"type": "Polygon", "coordinates": [[[12.9445597, 63.1036655], [12.9450176, 63.1036655], [12.9449031, 63.103551], [12.9446741, 63.1034365], [12.9445597, 63.103551], [12.9445597, 63.1036655]]]}}, {"type": "Feature", "id": "way/698109720", "properties": {"import": "yes", "landuse": "forest", "natural": "wetland", "source": "NV NMD2018", "@id": "way/698109720", "@type": "way", "osm_id": 698109720}, "geometry": {"type": "Polygon", "coordinates": [[[12.9912714, 63.1125957], [12.9917866, 63.1125957], [12.9915863, 63.1124812], [12.9913287, 63.1123667], [12.9906417, 63.1123667], [12.990928, 63.1125957], [12.9912714, 63.1125957]]]}}, {"type": "Feature", "id": "way/698109724", "properties": {"import": "yes", "landuse": "forest", "natural": "wetland", "source": "NV NMD2018", "@id": "way/698109724", "@type": "way", "osm_id": 698109724}, "geometry": {"type": "Polygon", "coordinates": [[[12.9696329, 63.1168318], [12.9694039, 63.1170178], [12.9696186, 63.1170608], [12.9697474, 63.1171753], [12.9699191, 63.1172898], [12.9701481, 63.1172898], [12.9702053, 63.1176332], [12.9705488, 63.117347], [12.9704343, 63.1171753], [12.9703771, 63.1170608], [12.9700336, 63.1169463], [12.9698475, 63.1168318], [12.9696329, 63.1168318]]]}}, {"type": "Feature", "id": "way/698109735", "properties": {"import": "yes", "landuse": "forest", "natural": "wetland", "source": "NV NMD2018", "@id": "way/698109735", "@type": "way", "osm_id": 698109735}, "geometry": {"type": "Polygon", "coordinates": [[[12.9062056, 63.1279373], [12.9057477, 63.1278801], [12.9058622, 63.1280518], [12.9060482, 63.1283953], [12.9060911, 63.1282665], [12.9062056, 63.1279373]]]}}, {"type": "Feature", "id": "way/698109741", "properties": {"import": "yes", "landuse": "forest", "natural": "wetland", "source": "NV NMD2018", "@id": "way/698109741", "@type": "way", "osm_id": 698109741}, "geometry": {"type": "Polygon", "coordinates": [[[12.9201734, 63.1341197], [12.9207458, 63.1341197], [12.9212038, 63.1339766], [12.9216617, 63.1335473], [12.9216045, 63.1334328], [12.9213755, 63.1334328], [12.9208603, 63.1336618], [12.9200589, 63.1338908], [12.9201734, 63.1341197]]]}}, {"type": "Feature", "id": "way/698109744", "properties": {"import": "yes", "landuse": "forest", "natural": "wetland", "source": "NV NMD2018", "@id": "way/698109744", "@type": "way", "osm_id": 698109744}, "geometry": {"type": "Polygon", "coordinates": [[[12.9766167, 63.1422485], [12.9763878, 63.1422485], [12.9761588, 63.1423057], [12.9763878, 63.1424202], [12.9762733, 63.1424775], [12.9761588, 63.1427065], [12.9762733, 63.1429927], [12.9761588, 63.1431072], [12.9762733, 63.1431644], [12.9769602, 63.1429354], [12.976903, 63.1427065], [12.976674, 63.1427065], [12.9765023, 63.142592], [12.9766167, 63.1422485]]]}}, {"type": "Feature", "id": "way/698109745", "properties": {"import": "yes", "landuse": "forest", "natural": "wetland", "source": "NV NMD2018", "@id": "way/698109745", "@type": "way", "osm_id": 698109745}, "geometry": {"type": "Polygon", "coordinates": [[[12.9169677, 63.1437369], [12.9167387, 63.1437369], [12.9164524, 63.1439658], [12.9163952, 63.1440803], [12.9166242, 63.1441948], [12.9169677, 63.1438514], [12.9169677, 63.1437369]]]}}, {"type": "Feature", "id": "way/698109749", "properties": {"import": "yes", "landuse": "forest", "natural": "wetland", "source": "NV NMD2018", "@id": "way/698109749", "@type": "way", "osm_id": 698109749}, "geometry": {"type": "Polygon", "coordinates": [[[12.9724951, 63.1572466], [12.9720658, 63.1572466], [12.9719227, 63.1575042], [12.9720515, 63.1575901], [12.9722089, 63.1578191], [12.9723234, 63.1577046], [12.9724951, 63.1572466]]]}}, {"type": "Feature", "id": "way/698109750", "properties": {"import": "yes", "landuse": "forest", "natural": "wetland", "source": "NV NMD2018", "@id": "way/698109750", "@type": "way", "osm_id": 698109750}, "geometry": {"type": "Polygon", "coordinates": [[[12.913075, 63.1599371], [12.9134185, 63.1597654], [12.9129605, 63.1597654], [12.9123881, 63.1598799], [12.9121018, 63.1597654], [12.9115866, 63.1597082], [12.9115294, 63.1596509], [12.9112432, 63.1598227], [12.9119301, 63.1600516], [12.912617, 63.1601089], [12.913075, 63.1599371]]]}}, {"type": "Feature", "id": "way/698109760", "properties": {"import": "yes", "landuse": "forest", "natural": "wetland", "source": "NV NMD2018", "@id": "way/698109760", "@type": "way", "osm_id": 698109760}, "geometry": {"type": "Polygon", "coordinates": [[[12.9039158, 63.1390428], [12.9038586, 63.1389283], [12.9033434, 63.1389283], [12.9034579, 63.1391573], [12.9035724, 63.1392718], [12.9039158, 63.1390428]]]}}, {"type": "Feature", "id": "way/698109762", "properties": {"import": "yes", "landuse": "forest", "natural": "wetland", "source": "NV NMD2018", "@id": "way/698109762", "@type": "way", "osm_id": 698109762}, "geometry": {"type": "Polygon", "coordinates": [[[12.9218907, 63.146456], [12.9222342, 63.1464274], [12.9223487, 63.1462556], [12.9221197, 63.1463129], [12.9218907, 63.146456]]]}}, {"type": "Feature", "id": "way/698109763", "properties": {"import": "yes", "landuse": "forest", "natural": "wetland", "source": "NV NMD2018", "@id": "way/698109763", "@type": "way", "osm_id": 698109763}, "geometry": {"type": "Polygon", "coordinates": [[[12.9214327, 63.1469426], [12.9214327, 63.1469998], [12.9210893, 63.1471716], [12.9216617, 63.1471143], [12.9220052, 63.1469998], [12.9221197, 63.1468281], [12.9214327, 63.1469426]]]}}, {"type": "Feature", "id": "way/698109776", "properties": {"import": "yes", "landuse": "forest", "natural": "wetland", "source": "NV NMD2018", "@id": "way/698109776", "@type": "way", "osm_id": 698109776}, "geometry": {"type": "Polygon", "coordinates": [[[12.9985988, 63.1107639], [12.9977973, 63.1108354], [12.9977973, 63.1109213], [12.9981408, 63.1109928], [12.9985415, 63.1109928], [12.998656, 63.1111073], [12.9987419, 63.1108783], [12.9985988, 63.1107639]]]}}, {"type": "Feature", "id": "way/698109778", "properties": {"import": "yes", "landuse": "forest", "natural": "wetland", "source": "NV NMD2018", "@id": "way/698109778", "@type": "way", "osm_id": 698109778}, "geometry": {"type": "Polygon", "coordinates": [[[12.9931319, 63.1056118], [12.993046, 63.1057263], [12.9931033, 63.1058408], [12.993275, 63.1059553], [12.9933895, 63.1058408], [12.993504, 63.1059553], [12.9935612, 63.1058408], [12.993504, 63.1057263], [12.9933895, 63.1056118], [12.9931319, 63.1056118]]]}}, {"type": "Feature", "id": "way/698109779", "properties": {"import": "yes", "landuse": "forest", "natural": "wetland", "source": "NV NMD2018", "@id": "way/698109779", "@type": "way", "osm_id": 698109779}, "geometry": {"type": "Polygon", "coordinates": [[[12.9709781, 63.1248461], [12.9712357, 63.1245026], [12.9710068, 63.1246171], [12.9709781, 63.1248461]]]}}, {"type": "Feature", "id": "way/698109781", "properties": {"import": "yes", "landuse": "forest", "natural": "wetland", "source": "NV NMD2018", "@id": "way/698109781", "@type": "way", "osm_id": 698109781}, "geometry": {"type": "Polygon", "coordinates": [[[12.9890961, 63.1050107], [12.9886382, 63.1051252], [12.9893251, 63.1050966], [12.9892679, 63.1050394], [12.9890961, 63.1050107]]]}}, {"type": "Feature", "id": "way/698109782", "properties": {"import": "yes", "landuse": "forest", "natural": "wetland", "source": "NV NMD2018", "@id": "way/698109782", "@type": "way", "osm_id": 698109782}, "geometry": {"type": "Polygon", "coordinates": [[[12.935057, 63.1198658], [12.9353432, 63.120152], [12.935515, 63.120152], [12.9354577, 63.119923], [12.935057, 63.1198658]]]}}, {"type": "Feature", "id": "way/698109783", "properties": {"import": "yes", "landuse": "forest", "natural": "wetland", "source": "NV NMD2018", "@id": "way/698109783", "@type": "way", "osm_id": 698109783}, "geometry": {"type": "Polygon", "coordinates": [[[12.9651678, 63.1176332], [12.9651105, 63.1175187], [12.9648243, 63.1175187], [12.9645953, 63.1176619], [12.9647671, 63.1177477], [12.9651678, 63.1176332]]]}}, {"type": "Feature", "id": "way/698109786", "properties": {"import": "yes", "landuse": "forest", "natural": "wetland", "source": "NV NMD2018", "@id": "way/698109786", "@type": "way", "osm_id": 698109786}, "geometry": {"type": "Polygon", "coordinates": [[[12.9487958, 63.103322], [12.9485668, 63.103093], [12.9483378, 63.1032075], [12.9482806, 63.103322], [12.9484523, 63.1034365], [12.948667, 63.103322], [12.9487958, 63.103322]]]}}, {"type": "Feature", "id": "way/698109802", "properties": {"import": "yes", "landuse": "forest", "natural": "wetland", "source": "NV NMD2018", "@id": "way/698109802", "@type": "way", "osm_id": 698109802}, "geometry": {"type": "Polygon", "coordinates": [[[12.9450176, 63.1036655], [12.9450176, 63.1037084], [12.9451321, 63.1038372], [12.9457045, 63.1037227], [12.9455901, 63.1036083], [12.945819, 63.1034938], [12.9455901, 63.1033793], [12.9459622, 63.1032075], [12.9459335, 63.103093], [12.9456759, 63.1029786], [12.9453325, 63.103093], [12.9453611, 63.103322], [12.9452752, 63.1034365], [12.9451321, 63.1034938], [12.9453611, 63.1036083], [12.9450176, 63.1036655]]]}}, {"type": "Feature", "id": "way/698109809", "properties": {"import": "yes", "landuse": "forest", "natural": "wetland", "source": "NV NMD2018", "@id": "way/698109809", "@type": "way", "osm_id": 698109809}, "geometry": {"type": "Polygon", "coordinates": [[[12.9776472, 63.1067567], [12.9776472, 63.106814], [12.9777616, 63.1068712], [12.9779906, 63.1068712], [12.9782196, 63.1066708], [12.9776472, 63.1067567]]]}}, {"type": "Feature", "id": "way/698109814", "properties": {"import": "yes", "landuse": "forest", "natural": "wetland", "source": "NV NMD2018", "@id": "way/698109814", "@type": "way", "osm_id": 698109814}, "geometry": {"type": "Polygon", "coordinates": [[[12.9057477, 63.1201234], [12.9060053, 63.120381], [12.9060339, 63.120152], [12.9057477, 63.1201234]]]}}, {"type": "Feature", "id": "way/698109822", "properties": {"import": "yes", "landuse": "forest", "natural": "wetland", "source": "NV NMD2018", "@id": "way/698109822", "@type": "way", "osm_id": 698109822}, "geometry": {"type": "Polygon", "coordinates": [[[12.9891247, 63.1120232], [12.9891534, 63.1117943], [12.9886382, 63.1117943], [12.9881802, 63.1118658], [12.9885523, 63.1119087], [12.9889244, 63.1119087], [12.9891247, 63.1120232]]]}}, {"type": "Feature", "id": "way/698109832", "properties": {"import": "yes", "landuse": "forest", "natural": "wetland", "source": "NV NMD2018", "@id": "way/698109832", "@type": "way", "osm_id": 698109832}, "geometry": {"type": "Polygon", "coordinates": [[[12.9906417, 63.1123667], [12.9905845, 63.1123095], [12.9911569, 63.1122522], [12.9910997, 63.1121377], [12.9907562, 63.1120232], [12.9903555, 63.1121377], [12.9901265, 63.1121377], [12.990012, 63.1123667], [12.990241, 63.1124812], [12.9906417, 63.1123667]]]}}, {"type": "Feature", "id": "way/698109844", "properties": {"import": "yes", "landuse": "forest", "natural": "wetland", "source": "NV NMD2018", "@id": "way/698109844", "@type": "way", "osm_id": 698109844}, "geometry": {"type": "Polygon", "coordinates": [[[12.9762733, 63.1149141], [12.9765166, 63.115], [12.9767312, 63.115], [12.9770747, 63.1148282], [12.9775327, 63.1147137], [12.9774754, 63.1146565], [12.9772178, 63.1146565], [12.9769602, 63.1146994], [12.9767312, 63.1148282], [12.9762733, 63.1149141]]]}}, {"type": "Feature", "id": "way/698109859", "properties": {"import": "yes", "landuse": "forest", "natural": "wetland", "source": "NV NMD2018", "@id": "way/698109859", "@type": "way", "osm_id": 698109859}, "geometry": {"type": "Polygon", "coordinates": [[[12.9341411, 63.1194651], [12.933998, 63.1192361], [12.9337976, 63.1193076], [12.9337404, 63.1193506], [12.9341411, 63.1194651]]]}}, {"type": "Feature", "id": "way/698109860", "properties": {"import": "yes", "landuse": "forest", "natural": "wetland", "source": "NV NMD2018", "@id": "way/698109860", "@type": "way", "osm_id": 698109860}, "geometry": {"type": "Polygon", "coordinates": [[[12.9685739, 63.1190071], [12.9688315, 63.1188926], [12.9687742, 63.1187781], [12.9686025, 63.1188926], [12.9683735, 63.1187781], [12.968259, 63.1188926], [12.9683163, 63.1190071], [12.9685739, 63.1190071]]]}}, {"type": "Feature", "id": "way/698109863", "properties": {"import": "yes", "landuse": "forest", "natural": "wetland", "source": "NV NMD2018", "@id": "way/698109863", "@type": "way", "osm_id": 698109863}, "geometry": {"type": "Polygon", "coordinates": [[[12.9938474, 63.1200375], [12.9940192, 63.119694], [12.9937902, 63.1198658], [12.9938474, 63.1200375]]]}}, {"type": "Feature", "id": "way/698109864", "properties": {"import": "yes", "landuse": "forest", "natural": "wetland", "source": "NV NMD2018", "@id": "way/698109864", "@type": "way", "osm_id": 698109864}, "geometry": {"type": "Polygon", "coordinates": [[[12.9532609, 63.1202665], [12.9529174, 63.1202665], [12.9526884, 63.120338], [12.9528172, 63.120381], [12.9530319, 63.1204955], [12.9532609, 63.1203094], [12.9532609, 63.1202665]]]}}, {"type": "Feature", "id": "way/698109869", "properties": {"import": "yes", "landuse": "forest", "natural": "wetland", "source": "NV NMD2018", "@id": "way/698109869", "@type": "way", "osm_id": 698109869}, "geometry": {"type": "Polygon", "coordinates": [[[12.9344846, 63.1225563], [12.9344846, 63.1225134], [12.9347135, 63.1224418], [12.9349425, 63.1221842], [12.9344846, 63.1222701], [12.9343701, 63.1224418], [12.9344846, 63.1225563]]]}}, {"type": "Feature", "id": "way/698109870", "properties": {"import": "yes", "landuse": "forest", "natural": "wetland", "source": "NV NMD2018", "@id": "way/698109870", "@type": "way", "osm_id": 698109870}, "geometry": {"type": "Polygon", "coordinates": [[[12.9321948, 63.1239302], [12.9320517, 63.1238157], [12.9318513, 63.1237298], [12.9305919, 63.1239874], [12.9304774, 63.1241019], [12.929905, 63.1243881], [12.930134, 63.1245026], [12.9304202, 63.1242736], [12.9308209, 63.1241019], [12.9317368, 63.1239302], [12.9321948, 63.1239302]]]}}, {"type": "Feature", "id": "way/698109882", "properties": {"import": "yes", "landuse": "forest", "natural": "wetland", "source": "NV NMD2018", "@id": "way/698109882", "@type": "way", "osm_id": 698109882}, "geometry": {"type": "Polygon", "coordinates": [[[12.9065491, 63.1274793], [12.9065491, 63.1274221], [12.9067781, 63.1273648], [12.9066636, 63.1269069], [12.9064346, 63.1266779], [12.9052897, 63.1268496], [12.9046028, 63.1270786], [12.905118, 63.1271359], [12.9052897, 63.1274793], [12.9055473, 63.1277083], [12.9056332, 63.1276225], [12.9059766, 63.1274793], [12.9063774, 63.1275938], [12.9065491, 63.1274793]]]}}, {"type": "Feature", "id": "way/698109884", "properties": {"import": "yes", "landuse": "forest", "natural": "wetland", "source": "NV NMD2018", "@id": "way/698109884", "@type": "way", "osm_id": 698109884}, "geometry": {"type": "Polygon", "coordinates": [[[12.9870353, 63.1374399], [12.9865773, 63.1376975], [12.9870353, 63.1374972], [12.9870353, 63.1374399]]]}}, {"type": "Feature", "id": "way/698109886", "properties": {"import": "yes", "landuse": "forest", "natural": "wetland", "source": "NV NMD2018", "@id": "way/698109886", "@type": "way", "osm_id": 698109886}, "geometry": {"type": "Polygon", "coordinates": [[[12.929905, 63.1281663], [12.9297332, 63.1283953], [12.9297905, 63.1288532], [12.9299622, 63.1290822], [12.930134, 63.1291394], [12.9300195, 63.1294257], [12.9300767, 63.1296546], [12.9304202, 63.1297691], [12.9305347, 63.1298836], [12.9307064, 63.1303416], [12.9308209, 63.1305706], [12.9310499, 63.1304561], [12.9313361, 63.1302271], [12.9312502, 63.1299981], [12.9309354, 63.1296546], [12.9308209, 63.1295402], [12.9312789, 63.1294829], [12.9309161, 63.1291071], [12.9306721, 63.1289174], [12.9301142, 63.1284616], [12.9301319, 63.1284619], [12.929905, 63.1281663]]]}}, {"type": "Feature", "id": "way/698109888", "properties": {"import": "yes", "landuse": "forest", "natural": "wetland", "source": "NV NMD2018", "@id": "way/698109888", "@type": "way", "osm_id": 698109888}, "geometry": {"type": "Polygon", "coordinates": [[[12.9806239, 63.1290822], [12.9804808, 63.1289677], [12.9802804, 63.1288818], [12.9797938, 63.1290822], [12.9801087, 63.1291967], [12.9806239, 63.1290822]]]}}, {"type": "Feature", "id": "way/698109890", "properties": {"import": "yes", "landuse": "forest", "natural": "wetland", "source": "NV NMD2018", "@id": "way/698109890", "@type": "way", "osm_id": 698109890}, "geometry": {"type": "Polygon", "coordinates": [[[12.9951641, 63.1296546], [12.9950496, 63.1297262], [12.9951784, 63.1297691], [12.995393, 63.1298836], [12.9955075, 63.1297405], [12.9953358, 63.1296546], [12.9951641, 63.1296546]]]}}, {"type": "Feature", "id": "way/698109892", "properties": {"import": "yes", "landuse": "forest", "natural": "wetland", "source": "NV NMD2018", "@id": "way/698109892", "@type": "way", "osm_id": 698109892}, "geometry": {"type": "Polygon", "coordinates": [[[12.949912, 63.130914], [12.9499407, 63.1309713], [12.9501124, 63.1310285], [12.9503414, 63.1310285], [12.9504559, 63.131143], [12.9506276, 63.1310285], [12.9506276, 63.1309427], [12.9507421, 63.1307709], [12.9507993, 63.130685], [12.9508566, 63.1306278], [12.9507421, 63.1305706], [12.9506276, 63.1306278], [12.9503986, 63.130685], [12.9501696, 63.1307995], [12.9500552, 63.130914], [12.949912, 63.130914]]]}}, {"type": "Feature", "id": "way/698109894", "properties": {"import": "yes", "landuse": "forest", "natural": "wetland", "source": "NV NMD2018", "@id": "way/698109894", "@type": "way", "osm_id": 698109894}, "geometry": {"type": "Polygon", "coordinates": [[[12.9026564, 63.1318299], [12.9028854, 63.1318299], [12.9031144, 63.1317155], [12.9028854, 63.1317155], [12.9026564, 63.131601], [12.902542, 63.1311716], [12.902313, 63.1315437], [12.902313, 63.1317155], [12.9024275, 63.1318299], [12.9026564, 63.1318299]]]}}, {"type": "Feature", "id": "way/698109897", "properties": {"import": "yes", "landuse": "forest", "natural": "wetland", "source": "NV NMD2018", "@id": "way/698109897", "@type": "way", "osm_id": 698109897}, "geometry": {"type": "Polygon", "coordinates": [[[12.9967669, 63.1335473], [12.996724, 63.1335473], [12.9966524, 63.133719], [12.9969959, 63.1338908], [12.9968814, 63.1337763], [12.9967669, 63.1335473]]]}}, {"type": "Feature", "id": "way/698109900", "properties": {"import": "yes", "landuse": "forest", "natural": "wetland", "source": "NV NMD2018", "@id": "way/698109900", "@type": "way", "osm_id": 698109900}, "geometry": {"type": "Polygon", "coordinates": [[[12.9428709, 63.137211], [12.9428423, 63.1372682], [12.9426133, 63.1373254], [12.9423843, 63.1374972], [12.9422985, 63.1375544], [12.9431858, 63.1374972], [12.943014, 63.1374399], [12.9428709, 63.137211]]]}}, {"type": "Feature", "id": "way/698109901", "properties": {"import": "yes", "landuse": "forest", "natural": "wetland", "source": "NV NMD2018", "@id": "way/698109901", "@type": "way", "osm_id": 698109901}, "geometry": {"type": "Polygon", "coordinates": [[[12.9621911, 63.1383559], [12.963107, 63.13827], [12.9621911, 63.1382986], [12.9621911, 63.1383559]]]}}, {"type": "Feature", "id": "way/698109903", "properties": {"import": "yes", "landuse": "forest", "natural": "wetland", "source": "NV NMD2018", "@id": "way/698109903", "@type": "way", "osm_id": 698109903}, "geometry": {"type": "Polygon", "coordinates": [[[12.9648243, 63.1453397], [12.9649102, 63.1455687], [12.9656257, 63.1454542], [12.9655685, 63.1453397], [12.9648243, 63.1453397]]]}}, {"type": "Feature", "id": "way/698109907", "properties": {"import": "yes", "landuse": "forest", "natural": "wetland", "source": "NV NMD2018", "@id": "way/698109907", "@type": "way", "osm_id": 698109907}, "geometry": {"type": "Polygon", "coordinates": [[[12.9366599, 63.142592], [12.9366599, 63.1425347], [12.9368888, 63.1424775], [12.9373468, 63.1418478], [12.9372323, 63.1416761], [12.9370606, 63.1414471], [12.9365454, 63.1414471], [12.9360874, 63.1415329], [12.9362592, 63.1416761], [12.9363164, 63.1418478], [12.9362019, 63.1420195], [12.9360874, 63.1419623], [12.9359729, 63.1417905], [12.9358728, 63.1414471], [12.935744, 63.1415329], [12.9356295, 63.1416761], [12.9354005, 63.1415616], [12.9350856, 63.141905], [12.9354005, 63.1420195], [12.9356867, 63.1420195], [12.935744, 63.1422485], [12.9359729, 63.1424775], [12.9362592, 63.1424775], [12.9364309, 63.142592], [12.9366599, 63.142592]]]}}, {"type": "Feature", "id": "way/698109911", "properties": {"import": "yes", "landuse": "forest", "natural": "wetland", "source": "NV NMD2018", "@id": "way/698109911", "@type": "way", "osm_id": 698109911}, "geometry": {"type": "Polygon", "coordinates": [[[12.9898975, 63.1453397], [12.9898975, 63.1452968], [12.990241, 63.1452252], [12.990699, 63.1452252], [12.9901838, 63.1451107], [12.9896686, 63.145168], [12.9893251, 63.1453397], [12.9892106, 63.1455115], [12.9896686, 63.1455115], [12.9898975, 63.145397], [12.9898975, 63.1453397]]]}}, {"type": "Feature", "id": "way/698109914", "properties": {"import": "yes", "landuse": "forest", "natural": "wetland", "source": "NV NMD2018", "@id": "way/698109914", "@type": "way", "osm_id": 698109914}, "geometry": {"type": "Polygon", "coordinates": [[[12.9560086, 63.1463701], [12.9562376, 63.1462986], [12.9562376, 63.1462556], [12.9554362, 63.1463129], [12.9560086, 63.1463701]]]}}, {"type": "Feature", "id": "way/698109915", "properties": {"import": "yes", "landuse": "forest", "natural": "wetland", "source": "NV NMD2018", "@id": "way/698109915", "@type": "way", "osm_id": 698109915}, "geometry": {"type": "Polygon", "coordinates": [[[12.9466205, 63.1471429], [12.9463915, 63.1471716], [12.946277, 63.1470857], [12.945819, 63.1471143], [12.9459335, 63.147515], [12.946506, 63.147286], [12.9466205, 63.1471429]]]}}, {"type": "Feature", "id": "way/698109920", "properties": {"import": "yes", "landuse": "forest", "natural": "wetland", "source": "NV NMD2018", "@id": "way/698109920", "@type": "way", "osm_id": 698109920}, "geometry": {"type": "Polygon", "coordinates": [[[12.9246385, 63.1517511], [12.9247529, 63.1515794], [12.9246957, 63.1514077], [12.924524, 63.1513504], [12.9256689, 63.1512359], [12.9256116, 63.1511787], [12.9248961, 63.1511787], [12.9240946, 63.1511787], [12.9237798, 63.1516367], [12.9239515, 63.1516939], [12.9237225, 63.1518084], [12.9239229, 63.1519801], [12.9241662, 63.1520946], [12.924295, 63.1520517], [12.9246385, 63.1517511]]]}}, {"type": "Feature", "id": "way/698109921", "properties": {"import": "yes", "landuse": "forest", "natural": "wetland", "source": "NV NMD2018", "@id": "way/698109921", "@type": "way", "osm_id": 698109921}, "geometry": {"type": "Polygon", "coordinates": [[[12.9394076, 63.1512932], [12.9394076, 63.1512359], [12.9400659, 63.1511787], [12.9399228, 63.1510642], [12.9395221, 63.1509497], [12.9392931, 63.151007], [12.9391786, 63.1511787], [12.9392788, 63.1512932], [12.9394076, 63.1512932]]]}}, {"type": "Feature", "id": "way/698109927", "properties": {"import": "yes", "landuse": "forest", "natural": "wetland", "source": "NV NMD2018", "@id": "way/698109927", "@type": "way", "osm_id": 698109927}, "geometry": {"type": "Polygon", "coordinates": [[[12.9383772, 63.1547279], [12.9382627, 63.1547279], [12.9381482, 63.1548996], [12.9386062, 63.1550713], [12.9384917, 63.1549569], [12.9383772, 63.1547279]]]}}, {"type": "Feature", "id": "way/698109930", "properties": {"import": "yes", "landuse": "forest", "natural": "wetland", "source": "NV NMD2018", "@id": "way/698109930", "@type": "way", "osm_id": 698109930}, "geometry": {"type": "Polygon", "coordinates": [[[12.9094113, 63.1572466], [12.9095258, 63.1575901], [12.9096403, 63.1574184], [12.9094972, 63.1572466], [12.9094113, 63.1572466]]]}}, {"type": "Feature", "id": "way/698109932", "properties": {"import": "yes", "landuse": "forest", "natural": "wetland", "source": "NV NMD2018", "@id": "way/698109932", "@type": "way", "osm_id": 698109932}, "geometry": {"type": "Polygon", "coordinates": [[[12.9809674, 63.1567887], [12.9809674, 63.1568746], [12.9811677, 63.1570177], [12.9813108, 63.1572466], [12.9813967, 63.1572466], [12.981597, 63.1571322], [12.9817688, 63.1572466], [12.9820264, 63.1571322], [12.982055, 63.1570177], [12.9817688, 63.1570177], [12.9815398, 63.1569032], [12.9812536, 63.1569032], [12.9809674, 63.1567887]]]}}, {"type": "Feature", "id": "way/698109934", "properties": {"import": "yes", "landuse": "forest", "natural": "wetland", "source": "NV NMD2018", "@id": "way/698109934", "@type": "way", "osm_id": 698109934}, "geometry": {"type": "Polygon", "coordinates": [[[12.9367744, 63.157905], [12.9367744, 63.1579908], [12.9365454, 63.1580481], [12.9363164, 63.158277], [12.9367744, 63.1583343], [12.9370033, 63.1581053], [12.9378048, 63.1579908], [12.937633, 63.1579336], [12.9374327, 63.1575901], [12.9373468, 63.1577189], [12.9367744, 63.157905]]]}}, {"type": "Feature", "id": "way/698109936", "properties": {"import": "yes", "landuse": "forest", "natural": "wetland", "source": "NV NMD2018", "@id": "way/698109936", "@type": "way", "osm_id": 698109936}, "geometry": {"type": "Polygon", "coordinates": [[[12.9008246, 63.1634577], [12.9010536, 63.1633432], [12.9005384, 63.1632001], [12.9002522, 63.1632573], [12.9005384, 63.1633146], [12.9006529, 63.1634291], [12.9008246, 63.1634577]]]}}, {"type": "Feature", "id": "way/698109938", "properties": {"import": "yes", "landuse": "forest", "natural": "wetland", "source": "NV NMD2018", "@id": "way/698109938", "@type": "way", "osm_id": 698109938}, "geometry": {"type": "Polygon", "coordinates": [[[12.9054042, 63.1596509], [12.9057477, 63.1596509], [12.9060911, 63.1595364], [12.9050607, 63.1595937], [12.9054042, 63.1596509]]]}}, {"type": "Feature", "id": "way/698109946", "properties": {"import": "yes", "landuse": "forest", "natural": "wetland", "source": "NV NMD2018", "@id": "way/698109946", "@type": "way", "osm_id": 698109946}, "geometry": {"type": "Polygon", "coordinates": [[[12.9929888, 63.1635436], [12.9932177, 63.1634577], [12.9921873, 63.1634863], [12.9929888, 63.1635436]]]}}, {"type": "Feature", "id": "way/698109959", "properties": {"import": "yes", "landuse": "forest", "natural": "wetland", "source": "NV NMD2018", "@id": "way/698109959", "@type": "way", "osm_id": 698109959}, "geometry": {"type": "Polygon", "coordinates": [[[12.9537188, 63.1095617], [12.9542913, 63.1097334], [12.9548637, 63.1096476], [12.9543485, 63.1095045], [12.9539478, 63.109619], [12.9537188, 63.1095617]]]}}, {"type": "Feature", "id": "way/698109976", "properties": {"import": "yes", "landuse": "forest", "natural": "wetland", "source": "NV NMD2018", "@id": "way/698109976", "@type": "way", "osm_id": 698109976}, "geometry": {"type": "Polygon", "coordinates": [[[12.957497, 63.1376689], [12.9580122, 63.1377834], [12.9585846, 63.1377834], [12.9586419, 63.1378407], [12.9591571, 63.1378979], [12.9596723, 63.1378263], [12.9594576, 63.1377834], [12.9590712, 63.1376689], [12.9588709, 63.137583], [12.9587707, 63.1374399], [12.9586419, 63.1374829], [12.9582984, 63.1376117], [12.957497, 63.1376689]]]}}, {"type": "Feature", "id": "way/698109981", "properties": {"import": "yes", "landuse": "forest", "natural": "wetland", "source": "NV NMD2018", "@id": "way/698109981", "@type": "way", "osm_id": 698109981}, "geometry": {"type": "Polygon", "coordinates": [[[12.9430713, 63.1223273], [12.943014, 63.1220983], [12.9427278, 63.1220983], [12.9424988, 63.1221699], [12.9427135, 63.1222128], [12.9430713, 63.1223273]]]}}, {"type": "Feature", "id": "way/698109992", "properties": {"import": "yes", "landuse": "forest", "natural": "wetland", "source": "NV NMD2018", "@id": "way/698109992", "@type": "way", "osm_id": 698109992}, "geometry": {"type": "Polygon", "coordinates": [[[12.9399801, 63.1301126], [12.9391786, 63.1301985], [12.9399801, 63.1301555], [12.9399801, 63.1301126]]]}}, {"type": "Feature", "id": "way/698109997", "properties": {"import": "yes", "landuse": "forest", "natural": "wetland", "source": "NV NMD2018", "@id": "way/698109997", "@type": "way", "osm_id": 698109997}, "geometry": {"type": "Polygon", "coordinates": [[[12.9702053, 63.1392718], [12.9704343, 63.1392145], [12.9702912, 63.1391573], [12.9700908, 63.1390142], [12.969962, 63.1389283], [12.9697187, 63.1386993], [12.9695756, 63.1388138], [12.9692322, 63.1385848], [12.9689459, 63.1385848], [12.9686597, 63.1384703], [12.968259, 63.1384703], [12.9683163, 63.1385848], [12.968488, 63.1386421], [12.9690032, 63.1386993], [12.9691749, 63.1388138], [12.9694898, 63.1390428], [12.9697474, 63.1391573], [12.9699764, 63.1392718], [12.9702053, 63.1392718]]]}}, {"type": "Feature", "id": "way/698109998", "properties": {"import": "yes", "landuse": "forest", "natural": "wetland", "source": "NV NMD2018", "@id": "way/698109998", "@type": "way", "osm_id": 698109998}, "geometry": {"type": "Polygon", "coordinates": [[[12.9445597, 63.1435365], [12.9454756, 63.143422], [12.9445597, 63.1434506], [12.9445597, 63.1435365]]]}}, {"type": "Feature", "id": "way/698109999", "properties": {"import": "yes", "landuse": "forest", "natural": "wetland", "source": "NV NMD2018", "@id": "way/698109999", "@type": "way", "osm_id": 698109999}, "geometry": {"type": "Polygon", "coordinates": [[[12.985089, 63.1430499], [12.98486, 63.1429354], [12.9848028, 63.1428209], [12.984402, 63.1428209], [12.9837748, 63.1426253], [12.9838374, 63.1428517], [12.9838218, 63.1430497], [12.9839367, 63.1430789], [12.9840723, 63.1431134], [12.9844011, 63.1430639], [12.9848239, 63.1431205], [12.9849648, 63.1432549], [12.9851527, 63.14346], [12.9853563, 63.1436581], [12.9854325, 63.1438514], [12.9857759, 63.1437369], [12.9860049, 63.1435079], [12.9857759, 63.1435079], [12.9856614, 63.1434506], [12.9857759, 63.1433362], [12.9857187, 63.1432789], [12.9854325, 63.1432789], [12.985089, 63.1430499]]]}}, {"type": "Feature", "id": "way/698110002", "properties": {"import": "yes", "landuse": "forest", "natural": "wetland", "source": "NV NMD2018", "@id": "way/698110002", "@type": "way", "osm_id": 698110002}, "geometry": {"type": "Polygon", "coordinates": [[[12.9171966, 63.149032], [12.9163952, 63.1490606], [12.9162807, 63.1491179], [12.9161662, 63.1492896], [12.9160804, 63.1494613], [12.9165097, 63.1491751], [12.9171966, 63.149032]]]}}, {"type": "Feature", "id": "way/698110004", "properties": {"import": "yes", "landuse": "forest", "natural": "wetland", "source": "NV NMD2018", "@id": "way/698110004", "@type": "way", "osm_id": 698110004}, "geometry": {"type": "Polygon", "coordinates": [[[12.9040303, 63.1438514], [12.9045455, 63.1438514], [12.9049749, 63.1437369], [12.9047745, 63.1435079], [12.9046028, 63.1434506], [12.9048318, 63.1433362], [12.90466, 63.1430499], [12.9042593, 63.1429927], [12.9040303, 63.1428209], [12.9039158, 63.1427065], [12.9035724, 63.1429354], [12.9034579, 63.1427637], [12.9035724, 63.142592], [12.9037727, 63.142592], [12.9035581, 63.142363], [12.9033434, 63.1426206], [12.9032289, 63.1431072], [12.9038586, 63.1431644], [12.9042593, 63.1433362], [12.9040303, 63.1433934], [12.9038013, 63.1435651], [12.9039158, 63.1437369], [12.9040303, 63.1438514]]]}}, {"type": "Feature", "id": "way/698110006", "properties": {"import": "yes", "landuse": "forest", "natural": "wetland", "source": "NV NMD2018", "@id": "way/698110006", "@type": "way", "osm_id": 698110006}, "geometry": {"type": "Polygon", "coordinates": [[[12.9489103, 63.1440803], [12.9489103, 63.1440231], [12.9490247, 63.1439372], [12.9495972, 63.1437369], [12.9497117, 63.1435079], [12.9486813, 63.1433934], [12.9481088, 63.1434506], [12.9479943, 63.1435079], [12.9477654, 63.1439658], [12.9476509, 63.1440231], [12.9478799, 63.1441376], [12.9476509, 63.1441948], [12.9477654, 63.1443093], [12.9479371, 63.1444238], [12.9482233, 63.1442521], [12.9489103, 63.1440803]]]}}, {"type": "Feature", "id": "way/698110007", "properties": {"import": "yes", "landuse": "forest", "natural": "wetland", "source": "NV NMD2018", "@id": "way/698110007", "@type": "way", "osm_id": 698110007}, "geometry": {"type": "Polygon", "coordinates": [[[12.9317368, 63.1484309], [12.9316796, 63.1483165], [12.9311644, 63.1483165], [12.9307064, 63.1481733], [12.9305776, 63.1480875], [12.9304202, 63.148202], [12.9303629, 63.1481447], [12.9298477, 63.1480875], [12.9293325, 63.1481447], [12.9288746, 63.1483165], [12.9291608, 63.1484309], [12.9295615, 63.1483165], [12.9298477, 63.1484309], [12.9300767, 63.1484309], [12.930134, 63.1485454], [12.9303057, 63.1486599], [12.9307064, 63.1484882], [12.9317368, 63.1484309]]]}}, {"type": "Feature", "id": "way/698110008", "properties": {"import": "yes", "landuse": "forest", "natural": "wetland", "source": "NV NMD2018", "@id": "way/698110008", "@type": "way", "osm_id": 698110008}, "geometry": {"type": "Polygon", "coordinates": [[[12.9247529, 63.1478585], [12.9241805, 63.1480875], [12.9240088, 63.1483165], [12.9241805, 63.1484309], [12.9244667, 63.1484309], [12.9247529, 63.1485454], [12.9249819, 63.1484309], [12.9250964, 63.1482592], [12.9249819, 63.1480588], [12.9248531, 63.147973], [12.9247529, 63.1478585]]]}}, {"type": "Feature", "id": "way/698110009", "properties": {"import": "yes", "landuse": "forest", "natural": "wetland", "source": "NV NMD2018", "@id": "way/698110009", "@type": "way", "osm_id": 698110009}, "geometry": {"type": "Polygon", "coordinates": [[[12.9744414, 63.147515], [12.974327, 63.1474005], [12.9742125, 63.147286], [12.9739262, 63.1471716], [12.97364, 63.1473147], [12.9735112, 63.1474005], [12.9739835, 63.147515], [12.9744414, 63.147515]]]}}, {"type": "Feature", "id": "way/698110012", "properties": {"import": "yes", "landuse": "forest", "natural": "wetland", "source": "NV NMD2018", "@id": "way/698110012", "@type": "way", "osm_id": 698110012}, "geometry": {"type": "Polygon", "coordinates": [[[12.9481088, 63.1502628], [12.9484523, 63.1503773], [12.9487958, 63.1502628], [12.9487242, 63.1501483], [12.9486813, 63.1501912], [12.9485668, 63.1502628], [12.9483378, 63.1501483], [12.9481088, 63.1502628]]]}}, {"type": "Feature", "id": "way/698110013", "properties": {"import": "yes", "landuse": "forest", "natural": "wetland", "source": "NV NMD2018", "@id": "way/698110013", "@type": "way", "osm_id": 698110013}, "geometry": {"type": "Polygon", "coordinates": [[[12.9255544, 63.1538692], [12.9257261, 63.153812], [12.9258978, 63.1536975], [12.9263558, 63.1535544], [12.9265848, 63.153354], [12.9263558, 63.1532395], [12.9259551, 63.153354], [12.9257834, 63.1534685], [12.9255544, 63.1538692]]]}}, {"type": "Feature", "id": "way/698110015", "properties": {"import": "yes", "landuse": "forest", "natural": "wetland", "source": "NV NMD2018", "@id": "way/698110015", "@type": "way", "osm_id": 698110015}, "geometry": {"type": "Polygon", "coordinates": [[[12.9331107, 63.1565597], [12.9339121, 63.1564738], [12.9331107, 63.1565168], [12.9331107, 63.1565597]]]}}, {"type": "Feature", "id": "way/698110017", "properties": {"import": "yes", "landuse": "forest", "natural": "wetland", "source": "NV NMD2018", "@id": "way/698110017", "@type": "way", "osm_id": 698110017}, "geometry": {"type": "Polygon", "coordinates": [[[12.902542, 63.1609103], [12.9027709, 63.1607386], [12.9028854, 63.1605668], [12.9029999, 63.1603379], [12.9029999, 63.1601089], [12.9026564, 63.1602234], [12.9024275, 63.1606813], [12.902542, 63.1609103]]]}}, {"type": "Feature", "id": "way/698110024", "properties": {"import": "yes", "landuse": "forest", "natural": "wetland", "source": "NV NMD2018", "@id": "way/698110024", "@type": "way", "osm_id": 698110024}, "geometry": {"type": "Polygon", "coordinates": [[[12.9428423, 63.103551], [12.9428423, 63.1036369], [12.943057, 63.1038945], [12.9431858, 63.1038515], [12.9434148, 63.1036369], [12.9431285, 63.1036655], [12.9428423, 63.103551]]]}}, {"type": "Feature", "id": "way/698110032", "properties": {"import": "yes", "landuse": "forest", "natural": "wetland", "source": "NV NMD2018", "@id": "way/698110032", "@type": "way", "osm_id": 698110032}, "geometry": {"type": "Polygon", "coordinates": [[[12.9815398, 63.1138551], [12.9817115, 63.1138551], [12.9818833, 63.1138121], [12.9819978, 63.1137406], [12.9822554, 63.1138551], [12.9825702, 63.1135688], [12.9817688, 63.1134544], [12.9819978, 63.1133399], [12.9816543, 63.1132826], [12.9813108, 63.1133399], [12.9811963, 63.1135116], [12.9812536, 63.1136261], [12.9814253, 63.1135116], [12.9815398, 63.1138551]]]}}, {"type": "Feature", "id": "way/698110033", "properties": {"import": "yes", "landuse": "forest", "natural": "wetland", "source": "NV NMD2018", "@id": "way/698110033", "@type": "way", "osm_id": 698110033}, "geometry": {"type": "Polygon", "coordinates": [[[12.99608, 63.1042666], [12.9955075, 63.1042379], [12.9957938, 63.1043524], [12.99608, 63.1042666]]]}}, {"type": "Feature", "id": "way/698110035", "properties": {"import": "yes", "landuse": "forest", "natural": "wetland", "source": "NV NMD2018", "@id": "way/698110035", "@type": "way", "osm_id": 698110035}, "geometry": {"type": "Polygon", "coordinates": [[[12.9882374, 63.1100769], [12.9882374, 63.1101914], [12.9884092, 63.1103059], [12.9886382, 63.1105349], [12.9888385, 63.1101914], [12.9890961, 63.1100769], [12.9889673, 63.1099624], [12.9887527, 63.1100054], [12.9882374, 63.1100769]]]}}, {"type": "Feature", "id": "way/698110036", "properties": {"import": "yes", "landuse": "forest", "natural": "wetland", "source": "NV NMD2018", "@id": "way/698110036", "@type": "way", "osm_id": 698110036}, "geometry": {"type": "Polygon", "coordinates": [[[12.9932177, 63.1188926], [12.9932177, 63.1192361], [12.9936757, 63.1191216], [12.9936185, 63.1188926], [12.9932177, 63.1188926]]]}}, {"type": "Feature", "id": "way/698110037", "properties": {"import": "yes", "landuse": "forest", "natural": "wetland", "source": "NV NMD2018", "@id": "way/698110037", "@type": "way", "osm_id": 698110037}, "geometry": {"type": "Polygon", "coordinates": [[[12.9870353, 63.1065277], [12.9870353, 63.1066136], [12.98725, 63.1067567], [12.9873788, 63.1067567], [12.9873215, 63.1065277], [12.9870353, 63.1065277]]]}}, {"type": "Feature", "id": "way/698110038", "properties": {"import": "yes", "landuse": "forest", "natural": "wetland", "source": "NV NMD2018", "@id": "way/698110038", "@type": "way", "osm_id": 698110038}, "geometry": {"type": "Polygon", "coordinates": [[[12.9871498, 63.1046959], [12.9871498, 63.1049249], [12.9873788, 63.1050394], [12.9875791, 63.1046959], [12.9871498, 63.1046959]]]}}, {"type": "Feature", "id": "way/698110042", "properties": {"import": "yes", "landuse": "forest", "natural": "wetland", "source": "NV NMD2018", "@id": "way/698110042", "@type": "way", "osm_id": 698110042}, "geometry": {"type": "Polygon", "coordinates": [[[12.9778761, 63.1002308], [12.9778761, 63.1002881], [12.9780479, 63.1003453], [12.9784486, 63.1002881], [12.9783055, 63.1002308], [12.9781051, 63.1001593], [12.9779906, 63.1], [12.9778761, 63.1001736], [12.9778761, 63.1002308]]]}}, {"type": "Feature", "id": "way/698110063", "properties": {"import": "yes", "landuse": "forest", "natural": "wetland", "source": "NV NMD2018", "@id": "way/698110063", "@type": "way", "osm_id": 698110063}, "geometry": {"type": "Polygon", "coordinates": [[[12.9059194, 63.1009177], [12.9059766, 63.100975], [12.9058622, 63.1010895], [12.9060911, 63.1012612], [12.9063201, 63.101204], [12.9064346, 63.1011467], [12.9065491, 63.100975], [12.906406, 63.1008033], [12.9059194, 63.1009177]]]}}, {"type": "Feature", "id": "way/698110069", "properties": {"import": "yes", "landuse": "forest", "natural": "wetland", "source": "NV NMD2018", "@id": "way/698110069", "@type": "way", "osm_id": 698110069}, "geometry": {"type": "Polygon", "coordinates": [[[12.951658, 63.1013757], [12.951658, 63.1014902], [12.952116, 63.1014329], [12.9521732, 63.1013757], [12.9524737, 63.1014902], [12.9526884, 63.1014902], [12.9529174, 63.1012612], [12.9528602, 63.1011467], [12.9524594, 63.1012612], [12.9520587, 63.1011467], [12.9517725, 63.1011467], [12.951658, 63.1012612], [12.951658, 63.1013757]]]}}, {"type": "Feature", "id": "way/698110072", "properties": {"import": "yes", "landuse": "forest", "natural": "wetland", "source": "NV NMD2018", "@id": "way/698110072", "@type": "way", "osm_id": 698110072}, "geometry": {"type": "Polygon", "coordinates": [[[12.9398656, 63.1053828], [12.9392931, 63.1053828], [12.9393504, 63.1057263], [12.9396938, 63.1058408], [12.9398656, 63.1057263], [12.9398083, 63.1056118], [12.9396366, 63.1055546], [12.9398656, 63.1054401], [12.9398656, 63.1053828]]]}}, {"type": "Feature", "id": "way/698110076", "properties": {"import": "yes", "landuse": "forest", "natural": "wetland", "source": "NV NMD2018", "@id": "way/698110076", "@type": "way", "osm_id": 698110076}, "geometry": {"type": "Polygon", "coordinates": [[[12.9408674, 63.1014902], [12.9404953, 63.1014902], [12.940209, 63.1015331], [12.9403235, 63.1016047], [12.9405525, 63.1016047], [12.9408674, 63.1014902]]]}}, {"type": "Feature", "id": "way/698110077", "properties": {"import": "yes", "landuse": "forest", "natural": "wetland", "source": "NV NMD2018", "@id": "way/698110077", "@type": "way", "osm_id": 698110077}, "geometry": {"type": "Polygon", "coordinates": [[[12.9937902, 63.1020626], [12.9937902, 63.1021199], [12.993919, 63.1021771], [12.9941194, 63.1022916], [12.9942482, 63.1022487], [12.994563, 63.1021771], [12.9944199, 63.1020626], [12.9942482, 63.1020054], [12.9944771, 63.1018909], [12.9943626, 63.1017192], [12.9941337, 63.1018337], [12.9939047, 63.1020626], [12.9937902, 63.1020626]]]}}, {"type": "Feature", "id": "way/698110080", "properties": {"import": "yes", "landuse": "forest", "natural": "wetland", "source": "NV NMD2018", "@id": "way/698110080", "@type": "way", "osm_id": 698110080}, "geometry": {"type": "Polygon", "coordinates": [[[12.9730676, 63.1021771], [12.9731248, 63.1021771], [12.9732393, 63.1022916], [12.973411, 63.1022058], [12.9732679, 63.1020626], [12.9730676, 63.1021342], [12.9730676, 63.1021771]]]}}, {"type": "Feature", "id": "way/698110084", "properties": {"import": "yes", "landuse": "forest", "natural": "wetland", "source": "NV NMD2018", "@id": "way/698110084", "@type": "way", "osm_id": 698110084}, "geometry": {"type": "Polygon", "coordinates": [[[12.9474219, 63.1027496], [12.9474219, 63.1028641], [12.9479943, 63.1028068], [12.9479371, 63.1027496], [12.9474219, 63.1027496]]]}}, {"type": "Feature", "id": "way/698110096", "properties": {"import": "yes", "landuse": "forest", "natural": "wetland", "source": "NV NMD2018", "@id": "way/698110096", "@type": "way", "osm_id": 698110096}, "geometry": {"type": "Polygon", "coordinates": [[[12.9304774, 63.1042379], [12.9304774, 63.1041235], [12.9302198, 63.104009], [12.9297905, 63.10378], [12.9293898, 63.104009], [12.9289891, 63.1038945], [12.9286456, 63.1040376], [12.9287744, 63.1041235], [12.9291036, 63.1042379], [12.929676, 63.1041235], [12.9304774, 63.1042379]]]}}, {"type": "Feature", "id": "way/698110099", "properties": {"import": "yes", "landuse": "forest", "natural": "wetland", "source": "NV NMD2018", "@id": "way/698110099", "@type": "way", "osm_id": 698110099}, "geometry": {"type": "Polygon", "coordinates": [[[12.9430713, 63.1051539], [12.9433003, 63.1051539], [12.9435722, 63.1051539], [12.9436437, 63.1050394], [12.943472, 63.1050394], [12.9432001, 63.1049249], [12.9429854, 63.1049249], [12.9428423, 63.1050394], [12.9428996, 63.1051539], [12.9430713, 63.1051539]]]}}, {"type": "Feature", "id": "way/698110101", "properties": {"import": "yes", "landuse": "forest", "natural": "wetland", "source": "NV NMD2018", "@id": "way/698110101", "@type": "way", "osm_id": 698110101}, "geometry": {"type": "Polygon", "coordinates": [[[12.9423843, 63.1045814], [12.9425561, 63.1045814], [12.9427278, 63.1044526], [12.9428423, 63.1042379], [12.9431858, 63.1039803], [12.9426133, 63.1041521], [12.9424988, 63.1042379], [12.9423843, 63.1045814]]]}}, {"type": "Feature", "id": "way/698110103", "properties": {"import": "yes", "landuse": "forest", "natural": "wetland", "source": "NV NMD2018", "@id": "way/698110103", "@type": "way", "osm_id": 698110103}, "geometry": {"type": "Polygon", "coordinates": [[[12.9313933, 63.1045242], [12.9310499, 63.1044669], [12.9312216, 63.1046959], [12.9313933, 63.1045242]]]}}, {"type": "Feature", "id": "way/698110106", "properties": {"import": "yes", "landuse": "forest", "natural": "wetland", "source": "NV NMD2018", "@id": "way/698110106", "@type": "way", "osm_id": 698110106}, "geometry": {"type": "Polygon", "coordinates": [[[12.9489103, 63.1045814], [12.9490247, 63.1045814], [12.9492537, 63.1044669], [12.9491249, 63.1043524], [12.9489103, 63.1044669], [12.9489103, 63.1045814]]]}}, {"type": "Feature", "id": "way/698110107", "properties": {"import": "yes", "landuse": "forest", "natural": "wetland", "source": "NV NMD2018", "@id": "way/698110107", "@type": "way", "osm_id": 698110107}, "geometry": {"type": "Polygon", "coordinates": [[[12.9421554, 63.1046959], [12.9421554, 63.1050394], [12.9427278, 63.1048963], [12.9425132, 63.1048104], [12.9422699, 63.1046387], [12.9421554, 63.104653], [12.9421554, 63.1046959]]]}}, {"type": "Feature", "id": "way/698110123", "properties": {"import": "yes", "landuse": "forest", "natural": "wetland", "source": "NV NMD2018", "@id": "way/698110123", "@type": "way", "osm_id": 698110123}, "geometry": {"type": "Polygon", "coordinates": [[[12.9929888, 63.1054401], [12.9935612, 63.1053828], [12.9936757, 63.1052111], [12.9935612, 63.1051539], [12.9933322, 63.1052684], [12.9931605, 63.1051539], [12.9928743, 63.1051252], [12.9929888, 63.1054401]]]}}, {"type": "Feature", "id": "way/698110128", "properties": {"import": "yes", "landuse": "forest", "natural": "wetland", "source": "NV NMD2018", "@id": "way/698110128", "@type": "way", "osm_id": 698110128}, "geometry": {"type": "Polygon", "coordinates": [[[12.9451321, 63.1059553], [12.9451893, 63.1059553], [12.9452466, 63.1058408], [12.9451178, 63.1057263], [12.9449031, 63.1056118], [12.9447886, 63.1057263], [12.9449031, 63.1058408], [12.9450462, 63.1059553], [12.9451321, 63.1059553]]]}}, {"type": "Feature", "id": "way/698110129", "properties": {"import": "yes", "landuse": "forest", "natural": "wetland", "source": "NV NMD2018", "@id": "way/698110129", "@type": "way", "osm_id": 698110129}, "geometry": {"type": "Polygon", "coordinates": [[[12.951887, 63.1073292], [12.951658, 63.1073292], [12.9518297, 63.1075581], [12.9520015, 63.1075009], [12.951887, 63.1073292]]]}}, {"type": "Feature", "id": "way/698110133", "properties": {"import": "yes", "landuse": "forest", "natural": "wetland", "source": "NV NMD2018", "@id": "way/698110133", "@type": "way", "osm_id": 698110133}, "geometry": {"type": "Polygon", "coordinates": [[[12.9505131, 63.1064132], [12.9506276, 63.1064132], [12.9509138, 63.1064132], [12.9510856, 63.1061843], [12.950828, 63.1059553], [12.9507564, 63.1059553], [12.9506276, 63.1059553], [12.9505131, 63.1064132]]]}}, {"type": "Feature", "id": "way/698110146", "properties": {"import": "yes", "landuse": "forest", "natural": "wetland", "source": "NV NMD2018", "@id": "way/698110146", "@type": "way", "osm_id": 698110146}, "geometry": {"type": "Polygon", "coordinates": [[[12.9302484, 63.1067567], [12.9303343, 63.1066422], [12.9300195, 63.1070143], [12.9301053, 63.1071002], [12.9302484, 63.1067567]]]}}, {"type": "Feature", "id": "way/698110155", "properties": {"import": "yes", "landuse": "forest", "natural": "wetland", "source": "NV NMD2018", "@id": "way/698110155", "@type": "way", "osm_id": 698110155}, "geometry": {"type": "Polygon", "coordinates": [[[12.9315078, 63.1082451], [12.9317368, 63.1082451], [12.9316223, 63.1077871], [12.9315078, 63.1076726], [12.9313361, 63.1075581], [12.9310499, 63.1075581], [12.9311644, 63.1077871], [12.9309354, 63.1079302], [12.9312216, 63.1080161], [12.9315651, 63.1080161], [12.9316223, 63.1080733], [12.9313933, 63.1081878], [12.9315078, 63.1082451]]]}}, {"type": "Feature", "id": "way/698110191", "properties": {"import": "yes", "landuse": "forest", "natural": "wetland", "source": "NV NMD2018", "@id": "way/698110191", "@type": "way", "osm_id": 698110191}, "geometry": {"type": "Polygon", "coordinates": [[[12.9857759, 63.1095045], [12.9856614, 63.1095045], [12.9852893, 63.1095045], [12.9854038, 63.109619], [12.9855469, 63.1097334], [12.9859477, 63.1097334], [12.9861194, 63.1098479], [12.9862625, 63.109619], [12.9859477, 63.109619], [12.9857759, 63.1095617], [12.9857759, 63.1095045]]]}}, {"type": "Feature", "id": "way/698110213", "properties": {"import": "yes", "landuse": "forest", "natural": "wetland", "source": "NV NMD2018", "@id": "way/698110213", "@type": "way", "osm_id": 698110213}, "geometry": {"type": "Polygon", "coordinates": [[[12.9903841, 63.1100769], [12.99047, 63.1100769], [12.990928, 63.1099052], [12.9908707, 63.1098479], [12.9898975, 63.1099052], [12.9902983, 63.1099624], [12.9903841, 63.1100769]]]}}, {"type": "Feature", "id": "way/698110214", "properties": {"import": "yes", "landuse": "forest", "natural": "wetland", "source": "NV NMD2018", "@id": "way/698110214", "@type": "way", "osm_id": 698110214}, "geometry": {"type": "Polygon", "coordinates": [[[12.9841731, 63.1099624], [12.9839441, 63.1101342], [12.9844593, 63.1103059], [12.9849745, 63.1102486], [12.9849172, 63.1101914], [12.984631, 63.1101914], [12.9842303, 63.1100769], [12.9841731, 63.1099624]]]}}, {"type": "Feature", "id": "way/698110220", "properties": {"import": "yes", "landuse": "forest", "natural": "wetland", "source": "NV NMD2018", "@id": "way/698110220", "@type": "way", "osm_id": 698110220}, "geometry": {"type": "Polygon", "coordinates": [[[12.990241, 63.1113363], [12.990241, 63.1112218], [12.9900693, 63.1111073], [12.9896686, 63.1112218], [12.9893251, 63.1111073], [12.9892106, 63.1112218], [12.9893108, 63.1113363], [12.9898403, 63.1113363], [12.990241, 63.1113363]]]}}, {"type": "Feature", "id": "way/698110230", "properties": {"import": "yes", "landuse": "forest", "natural": "wetland", "source": "NV NMD2018", "@id": "way/698110230", "@type": "way", "osm_id": 698110230}, "geometry": {"type": "Polygon", "coordinates": [[[12.9434148, 63.114771], [12.9434148, 63.115], [12.9435292, 63.1149427], [12.9442162, 63.1148569], [12.9438155, 63.114771], [12.9434148, 63.114771]]]}}, {"type": "Feature", "id": "way/698110236", "properties": {"import": "yes", "landuse": "forest", "natural": "wetland", "source": "NV NMD2018", "@id": "way/698110236", "@type": "way", "osm_id": 698110236}, "geometry": {"type": "Polygon", "coordinates": [[[12.9117011, 63.1112218], [12.9117011, 63.1112791], [12.9114721, 63.1113077], [12.9116439, 63.1115653], [12.9118729, 63.1115653], [12.9121018, 63.1116798], [12.912846, 63.1114508], [12.9127888, 63.1113363], [12.9125026, 63.1112791], [12.9127315, 63.1111073], [12.912617, 63.1109928], [12.9122736, 63.1111789], [12.9122736, 63.1112647], [12.9121591, 63.1113363], [12.9120446, 63.1112218], [12.9117011, 63.1112218]]]}}, {"type": "Feature", "id": "way/698110240", "properties": {"import": "yes", "landuse": "forest", "natural": "wetland", "source": "NV NMD2018", "@id": "way/698110240", "@type": "way", "osm_id": 698110240}, "geometry": {"type": "Polygon", "coordinates": [[[12.9120446, 63.1124812], [12.9120446, 63.112381], [12.9120446, 63.1123095], [12.9125026, 63.112195], [12.9124453, 63.1121377], [12.9121018, 63.1121377], [12.9118156, 63.1119087], [12.9115866, 63.1119087], [12.9113577, 63.1120232], [12.9112432, 63.1119087], [12.9108997, 63.1120805], [12.9110142, 63.112195], [12.9108997, 63.1123095], [12.9111287, 63.1124812], [12.9114435, 63.1123667], [12.9116439, 63.1124812], [12.9119301, 63.1124812], [12.9120446, 63.1124812]]]}}, {"type": "Feature", "id": "way/698110241", "properties": {"import": "yes", "landuse": "forest", "natural": "wetland", "source": "NV NMD2018", "@id": "way/698110241", "@type": "way", "osm_id": 698110241}, "geometry": {"type": "Polygon", "coordinates": [[[12.9564666, 63.112424], [12.9565238, 63.1124812], [12.9565811, 63.1125957], [12.95681, 63.1125957], [12.957039, 63.112424], [12.9568673, 63.1123667], [12.95681, 63.1122522], [12.9564666, 63.112424]]]}}, {"type": "Feature", "id": "way/698110246", "properties": {"import": "yes", "landuse": "forest", "natural": "wetland", "source": "NV NMD2018", "@id": "way/698110246", "@type": "way", "osm_id": 698110246}, "geometry": {"type": "Polygon", "coordinates": [[[12.9917866, 63.1125957], [12.9917294, 63.1127674], [12.991987, 63.1129392], [12.9919584, 63.1125957], [12.9917866, 63.1125957]]]}}, {"type": "Feature", "id": "way/698110250", "properties": {"import": "yes", "landuse": "forest", "natural": "wetland", "source": "NV NMD2018", "@id": "way/698110250", "@type": "way", "osm_id": 698110250}, "geometry": {"type": "Polygon", "coordinates": [[[12.9854325, 63.1125098], [12.9858618, 63.1124812], [12.9857187, 63.1122522], [12.9852035, 63.1121377], [12.9849745, 63.1122522], [12.9851462, 63.1123667], [12.9853752, 63.1123667], [12.9854325, 63.1125098]]]}}, {"type": "Feature", "id": "way/698110251", "properties": {"import": "yes", "landuse": "forest", "natural": "wetland", "source": "NV NMD2018", "@id": "way/698110251", "@type": "way", "osm_id": 698110251}, "geometry": {"type": "Polygon", "coordinates": [[[12.969776, 63.1137406], [12.9698619, 63.1135116], [12.9700908, 63.1131109], [12.9698046, 63.1131681], [12.9694611, 63.1130536], [12.9692894, 63.1131252], [12.9694182, 63.1131681], [12.969776, 63.1137406]]]}}, {"type": "Feature", "id": "way/698110259", "properties": {"import": "yes", "landuse": "forest", "natural": "wetland", "source": "NV NMD2018", "@id": "way/698110259", "@type": "way", "osm_id": 698110259}, "geometry": {"type": "Polygon", "coordinates": [[[12.9704343, 63.1135116], [12.9702053, 63.1135116], [12.9700908, 63.1136833], [12.9703198, 63.1138551], [12.9705774, 63.1136261], [12.9704343, 63.1135116]]]}}, {"type": "Feature", "id": "way/698110266", "properties": {"import": "yes", "landuse": "forest", "natural": "wetland", "source": "NV NMD2018", "@id": "way/698110266", "@type": "way", "osm_id": 698110266}, "geometry": {"type": "Polygon", "coordinates": [[[12.9888671, 63.114313], [12.9892106, 63.114313], [12.9889816, 63.1140841], [12.9887527, 63.1139696], [12.9885237, 63.1138551], [12.9884092, 63.1139696], [12.9884664, 63.1140841], [12.9888099, 63.1141985], [12.9888671, 63.114313]]]}}, {"type": "Feature", "id": "way/698110277", "properties": {"import": "yes", "landuse": "forest", "natural": "wetland", "source": "NV NMD2018", "@id": "way/698110277", "@type": "way", "osm_id": 698110277}, "geometry": {"type": "Polygon", "coordinates": [[[12.9834861, 63.114542], [12.9834861, 63.1144848], [12.9833144, 63.1144275], [12.9829137, 63.1143703], [12.9830282, 63.1142558], [12.9829709, 63.1141985], [12.9826847, 63.1141985], [12.9825702, 63.114542], [12.9824557, 63.1145993], [12.9826847, 63.1146565], [12.9831999, 63.114542], [12.9834861, 63.114542]]]}}, {"type": "Feature", "id": "way/698110284", "properties": {"import": "yes", "landuse": "forest", "natural": "wetland", "source": "NV NMD2018", "@id": "way/698110284", "@type": "way", "osm_id": 698110284}, "geometry": {"type": "Polygon", "coordinates": [[[12.9757008, 63.1148855], [12.9757008, 63.115], [12.9758726, 63.1151145], [12.9760443, 63.1149427], [12.9762733, 63.1149141], [12.976216, 63.114771], [12.9759298, 63.1147137], [12.9757867, 63.1148855], [12.9757008, 63.1148855]]]}}, {"type": "Feature", "id": "way/698110286", "properties": {"import": "yes", "landuse": "forest", "natural": "wetland", "source": "NV NMD2018", "@id": "way/698110286", "@type": "way", "osm_id": 698110286}, "geometry": {"type": "Polygon", "coordinates": [[[12.9719227, 63.1151145], [12.9716937, 63.1151145], [12.9717939, 63.1153434], [12.9720944, 63.1153434], [12.9720944, 63.1151145], [12.9719227, 63.1151145]]]}}, {"type": "Feature", "id": "way/698110294", "properties": {"import": "yes", "landuse": "forest", "natural": "wetland", "source": "NV NMD2018", "@id": "way/698110294", "@type": "way", "osm_id": 698110294}, "geometry": {"type": "Polygon", "coordinates": [[[12.9421554, 63.1151145], [12.9421554, 63.1152289], [12.9420409, 63.1153434], [12.9419264, 63.1152289], [12.9417547, 63.1152289], [12.9414398, 63.115], [12.9411822, 63.1152289], [12.9412108, 63.1154579], [12.9413539, 63.1158014], [12.9415829, 63.1157442], [12.9420409, 63.1154579], [12.9425132, 63.1155724], [12.9427278, 63.1155724], [12.9429568, 63.1152862], [12.9421554, 63.1151145]]]}}, {"type": "Feature", "id": "way/698110303", "properties": {"import": "yes", "landuse": "forest", "natural": "wetland", "source": "NV NMD2018", "@id": "way/698110303", "@type": "way", "osm_id": 698110303}, "geometry": {"type": "Polygon", "coordinates": [[[12.9944771, 63.1159159], [12.9941337, 63.1159159], [12.9936757, 63.1159731], [12.9941909, 63.1160304], [12.9942482, 63.1162594], [12.9947061, 63.1159731], [12.9946489, 63.1159159], [12.9944771, 63.1159159]]]}}, {"type": "Feature", "id": "way/698110305", "properties": {"import": "yes", "landuse": "forest", "natural": "wetland", "source": "NV NMD2018", "@id": "way/698110305", "@type": "way", "osm_id": 698110305}, "geometry": {"type": "Polygon", "coordinates": [[[12.9395221, 63.1160304], [12.9401518, 63.1160304], [12.9399514, 63.1159159], [12.9396223, 63.1158014], [12.9393504, 63.1158014], [12.9392073, 63.1159159], [12.9392931, 63.1160304], [12.9395221, 63.1160304]]]}}, {"type": "Feature", "id": "way/698110307", "properties": {"import": "yes", "landuse": "forest", "natural": "wetland", "source": "NV NMD2018", "@id": "way/698110307", "@type": "way", "osm_id": 698110307}, "geometry": {"type": "Polygon", "coordinates": [[[12.9471929, 63.1343487], [12.9469639, 63.1343487], [12.9468494, 63.1344632], [12.946735, 63.134406], [12.9466205, 63.1342056], [12.9465346, 63.1341197], [12.9461625, 63.1342915], [12.9463342, 63.1343487], [12.946506, 63.1345205], [12.9462198, 63.1345777], [12.9459335, 63.1345205], [12.9457189, 63.1343487], [12.9455901, 63.1344775], [12.9457045, 63.1347494], [12.9471357, 63.1348067], [12.9472502, 63.1349212], [12.9472788, 63.1344632], [12.9471929, 63.1343487]]]}}, {"type": "Feature", "id": "way/698110308", "properties": {"import": "yes", "landuse": "forest", "natural": "wetland", "source": "NV NMD2018", "@id": "way/698110308", "@type": "way", "osm_id": 698110308}, "geometry": {"type": "Polygon", "coordinates": [[[12.9399801, 63.1301126], [12.9400946, 63.1301126], [12.9403235, 63.1299409], [12.9399514, 63.1297691], [12.9397511, 63.1295115], [12.9394076, 63.1295402], [12.9391786, 63.1297262], [12.9393933, 63.1297691], [12.9395221, 63.1298836], [12.9396938, 63.1299981], [12.9399228, 63.1299981], [12.9399801, 63.1301126]]]}}, {"type": "Feature", "id": "way/698110309", "properties": {"import": "yes", "landuse": "forest", "natural": "wetland", "source": "NV NMD2018", "@id": "way/698110309", "@type": "way", "osm_id": 698110309}, "geometry": {"type": "Polygon", "coordinates": [[[12.9334542, 63.1261055], [12.9335686, 63.1261055], [12.9336831, 63.1260625], [12.9338549, 63.125991], [12.9341411, 63.125762], [12.9340839, 63.1256475], [12.933769, 63.1256475], [12.9334542, 63.1256904], [12.9338549, 63.125762], [12.9339121, 63.1258192], [12.9336831, 63.1258765], [12.9334542, 63.1261055]]]}}, {"type": "Feature", "id": "way/698110310", "properties": {"import": "yes", "landuse": "forest", "natural": "wetland", "source": "NV NMD2018", "@id": "way/698110310", "@type": "way", "osm_id": 698110310}, "geometry": {"type": "Polygon", "coordinates": [[[12.9359729, 63.1247316], [12.9365454, 63.1247316], [12.9364881, 63.1246171], [12.9359729, 63.1245026], [12.935744, 63.1245026], [12.935515, 63.1245312], [12.9356867, 63.1246171], [12.9359157, 63.1246171], [12.9359729, 63.1247316]]]}}, {"type": "Feature", "id": "way/698110311", "properties": {"import": "yes", "landuse": "forest", "natural": "wetland", "source": "NV NMD2018", "@id": "way/698110311", "@type": "way", "osm_id": 698110311}, "geometry": {"type": "Polygon", "coordinates": [[[12.9386062, 63.1264203], [12.9385203, 63.1263344], [12.9383772, 63.1265062], [12.9386062, 63.1266779], [12.9387493, 63.1265634], [12.9386062, 63.1264203]]]}}, {"type": "Feature", "id": "way/698110313", "properties": {"import": "yes", "landuse": "forest", "natural": "wetland", "source": "NV NMD2018", "@id": "way/698110313", "@type": "way", "osm_id": 698110313}, "geometry": {"type": "Polygon", "coordinates": [[[12.946048, 63.1200375], [12.946048, 63.1201234], [12.9463056, 63.1202665], [12.9463342, 63.1200375], [12.946048, 63.1200375]]]}}, {"type": "Feature", "id": "way/698110314", "properties": {"import": "yes", "landuse": "forest", "natural": "wetland", "source": "NV NMD2018", "@id": "way/698110314", "@type": "way", "osm_id": 698110314}, "geometry": {"type": "Polygon", "coordinates": [[[12.9688315, 63.1285097], [12.9690032, 63.1285097], [12.9691749, 63.1284668], [12.9694039, 63.1283953], [12.9696329, 63.1285097], [12.9697474, 63.1284525], [12.9699764, 63.1281663], [12.9697474, 63.1281663], [12.9693467, 63.1280518], [12.9690604, 63.1282235], [12.9688315, 63.1285097]]]}}, {"type": "Feature", "id": "way/698110325", "properties": {"import": "yes", "landuse": "forest", "natural": "wetland", "source": "NV NMD2018", "@id": "way/698110325", "@type": "way", "osm_id": 698110325}, "geometry": {"type": "Polygon", "coordinates": [[[12.946048, 63.1169463], [12.945819, 63.1169463], [12.9459335, 63.1172898], [12.946048, 63.1170751], [12.946048, 63.1169463]]]}}, {"type": "Feature", "id": "way/698110328", "properties": {"import": "yes", "landuse": "forest", "natural": "wetland", "source": "NV NMD2018", "@id": "way/698110328", "@type": "way", "osm_id": 698110328}, "geometry": {"type": "Polygon", "coordinates": [[[12.9786776, 63.1176332], [12.9787921, 63.1176332], [12.9789065, 63.1175903], [12.97925, 63.1174615], [12.9784486, 63.1175187], [12.9785488, 63.1176332], [12.9786776, 63.1176332]]]}}, {"type": "Feature", "id": "way/698110333", "properties": {"import": "yes", "landuse": "forest", "natural": "wetland", "source": "NV NMD2018", "@id": "way/698110333", "@type": "way", "osm_id": 698110333}, "geometry": {"type": "Polygon", "coordinates": [[[12.9643664, 63.1235867], [12.9643664, 63.1234436], [12.9640229, 63.1235867], [12.9641946, 63.1237012], [12.9643664, 63.1236296], [12.9643664, 63.1235867]]]}}, {"type": "Feature", "id": "way/698110337", "properties": {"import": "yes", "landuse": "forest", "natural": "wetland", "source": "NV NMD2018", "@id": "way/698110337", "@type": "way", "osm_id": 698110337}, "geometry": {"type": "Polygon", "coordinates": [[[12.9532609, 63.1174043], [12.9532609, 63.1174615], [12.9534612, 63.1175187], [12.9536616, 63.1175187], [12.9537188, 63.1177763], [12.9539478, 63.117576], [12.9538906, 63.1174043], [12.9535471, 63.1172898], [12.9534612, 63.1170608], [12.9532609, 63.1174043]]]}}, {"type": "Feature", "id": "way/698110343", "properties": {"import": "yes", "landuse": "forest", "natural": "wetland", "source": "NV NMD2018", "@id": "way/698110343", "@type": "way", "osm_id": 698110343}, "geometry": {"type": "Polygon", "coordinates": [[[12.9553503, 63.1179767], [12.9556651, 63.1179767], [12.9555507, 63.1178622], [12.9553217, 63.1176905], [12.957497, 63.1176332], [12.9574397, 63.1175187], [12.9561231, 63.1175187], [12.9548637, 63.117576], [12.9548065, 63.1176332], [12.9546061, 63.1175187], [12.9546347, 63.1178622], [12.9550355, 63.1178622], [12.9551499, 63.1180912], [12.9553503, 63.1179767]]]}}, {"type": "Feature", "id": "way/698110346", "properties": {"import": "yes", "landuse": "forest", "natural": "wetland", "source": "NV NMD2018", "@id": "way/698110346", "@type": "way", "osm_id": 698110346}, "geometry": {"type": "Polygon", "coordinates": [[[12.9931033, 63.1176332], [12.9931033, 63.117805], [12.9931605, 63.1179767], [12.9933322, 63.1179767], [12.9935612, 63.1179195], [12.9933895, 63.1178622], [12.9932607, 63.1176332], [12.9931605, 63.1176332], [12.9931033, 63.1176332]]]}}, {"type": "Feature", "id": "way/698110348", "properties": {"import": "yes", "landuse": "forest", "natural": "wetland", "source": "NV NMD2018", "@id": "way/698110348", "@type": "way", "osm_id": 698110348}, "geometry": {"type": "Polygon", "coordinates": [[[12.9335686, 63.1191216], [12.9337976, 63.1191216], [12.9336831, 63.1187781], [12.9335686, 63.1185491], [12.9336831, 63.1179481], [12.9334542, 63.1183774], [12.9334302, 63.1188091], [12.9335075, 63.1189232], [12.9335179, 63.1190822], [12.9335686, 63.1191216]]]}}, {"type": "Feature", "id": "way/698110361", "properties": {"import": "yes", "landuse": "forest", "natural": "wetland", "source": "NV NMD2018", "@id": "way/698110361", "@type": "way", "osm_id": 698110361}, "geometry": {"type": "Polygon", "coordinates": [[[12.9474219, 63.1190071], [12.9474219, 63.1190644], [12.9479371, 63.1191216], [12.9484523, 63.1190357], [12.9487385, 63.1188926], [12.9489103, 63.1187781], [12.948624, 63.1187781], [12.9481661, 63.1186636], [12.9478799, 63.1187209], [12.9480516, 63.1187781], [12.9481088, 63.1188926], [12.9478799, 63.1190071], [12.9475364, 63.1187781], [12.9474219, 63.1188926], [12.9474219, 63.1190071]]]}}, {"type": "Feature", "id": "way/698110362", "properties": {"import": "yes", "landuse": "forest", "natural": "wetland", "source": "NV NMD2018", "@id": "way/698110362", "@type": "way", "osm_id": 698110362}, "geometry": {"type": "Polygon", "coordinates": [[[12.946506, 63.1190071], [12.946506, 63.1186636], [12.946048, 63.1187209], [12.946277, 63.1188354], [12.945819, 63.1189642], [12.945819, 63.11905], [12.9459335, 63.1191216], [12.9461625, 63.1190071], [12.946277, 63.1191216], [12.945819, 63.1193506], [12.9463915, 63.1192933], [12.946506, 63.1190071]]]}}, {"type": "Feature", "id": "way/698110365", "properties": {"import": "yes", "landuse": "forest", "natural": "wetland", "source": "NV NMD2018", "@id": "way/698110365", "@type": "way", "osm_id": 698110365}, "geometry": {"type": "Polygon", "coordinates": [[[12.9996292, 63.1192361], [12.9996721, 63.1192361], [12.9997723, 63.1195796], [13.0, 63.1192933], [12.9997437, 63.1190071], [12.9996292, 63.1191216], [12.9996292, 63.1192361]]]}}, {"type": "Feature", "id": "way/698110369", "properties": {"import": "yes", "landuse": "forest", "natural": "wetland", "source": "NV NMD2018", "@id": "way/698110369", "@type": "way", "osm_id": 698110369}, "geometry": {"type": "Polygon", "coordinates": [[[12.9990853, 63.1191216], [12.9990567, 63.1191788], [12.9988277, 63.1192361], [12.9985988, 63.1194937], [12.9986846, 63.1195796], [12.9989422, 63.1194078], [12.9994574, 63.1192361], [12.9991712, 63.1191216], [12.9990853, 63.1191216]]]}}, {"type": "Feature", "id": "way/698110373", "properties": {"import": "yes", "landuse": "forest", "natural": "wetland", "source": "NV NMD2018", "@id": "way/698110373", "@type": "way", "osm_id": 698110373}, "geometry": {"type": "Polygon", "coordinates": [[[12.9925308, 63.1202665], [12.9924736, 63.1202665], [12.9924163, 63.1203524], [12.9929888, 63.1203237], [12.9929315, 63.1202665], [12.9925308, 63.1202665]]]}}, {"type": "Feature", "id": "way/698110390", "properties": {"import": "yes", "landuse": "forest", "natural": "wetland", "source": "NV NMD2018", "@id": "way/698110390", "@type": "way", "osm_id": 698110390}, "geometry": {"type": "Polygon", "coordinates": [[[12.9495686, 63.1208389], [12.9486813, 63.1208389], [12.9487958, 63.1209534], [12.9490247, 63.1210679], [12.9493396, 63.1211824], [12.9495829, 63.1212969], [12.9497117, 63.121254], [12.949912, 63.1211824], [12.9500552, 63.1214114], [12.9505131, 63.1213541], [12.9503414, 63.1212969], [12.9501983, 63.1210679], [12.949912, 63.1209534], [12.9495686, 63.1208389]]]}}, {"type": "Feature", "id": "way/698110393", "properties": {"import": "yes", "landuse": "forest", "natural": "wetland", "source": "NV NMD2018", "@id": "way/698110393", "@type": "way", "osm_id": 698110393}, "geometry": {"type": "Polygon", "coordinates": [[[12.9091824, 63.1210679], [12.9091824, 63.1210107], [12.9088389, 63.1209534], [12.9084954, 63.1210107], [12.9088389, 63.1210679], [12.9091824, 63.1210679]]]}}, {"type": "Feature", "id": "way/698110396", "properties": {"import": "yes", "landuse": "forest", "natural": "wetland", "source": "NV NMD2018", "@id": "way/698110396", "@type": "way", "osm_id": 698110396}, "geometry": {"type": "Polygon", "coordinates": [[[12.9542913, 63.1210679], [12.9542913, 63.1209534], [12.9540337, 63.1208389], [12.9534898, 63.1207245], [12.9532609, 63.1207817], [12.9540766, 63.1210679], [12.9542913, 63.1210679]]]}}, {"type": "Feature", "id": "way/698110398", "properties": {"import": "yes", "landuse": "forest", "natural": "wetland", "source": "NV NMD2018", "@id": "way/698110398", "@type": "way", "osm_id": 698110398}, "geometry": {"type": "Polygon", "coordinates": [[[12.9413539, 63.1211824], [12.9417833, 63.1211824], [12.9418119, 63.1208962], [12.9416974, 63.1207245], [12.9414684, 63.1210679], [12.9412395, 63.1208389], [12.941125, 63.1210536], [12.9412395, 63.1211824], [12.9413539, 63.1211824]]]}}, {"type": "Feature", "id": "way/698110399", "properties": {"import": "yes", "landuse": "forest", "natural": "wetland", "source": "NV NMD2018", "@id": "way/698110399", "@type": "way", "osm_id": 698110399}, "geometry": {"type": "Polygon", "coordinates": [[[12.9655113, 63.1212969], [12.9655113, 63.1213541], [12.9656401, 63.1214114], [12.9658261, 63.1215259], [12.9660837, 63.1215545], [12.9657975, 63.1212969], [12.9655113, 63.1212969]]]}}, {"type": "Feature", "id": "way/698110400", "properties": {"import": "yes", "landuse": "forest", "natural": "wetland", "source": "NV NMD2018", "@id": "way/698110400", "@type": "way", "osm_id": 698110400}, "geometry": {"type": "Polygon", "coordinates": [[[12.9387207, 63.1215259], [12.9387207, 63.1215831], [12.9389783, 63.1216404], [12.9392359, 63.1216404], [12.9394076, 63.1217549], [12.9398083, 63.1216404], [12.9399801, 63.1216404], [12.9399228, 63.1215259], [12.9397511, 63.1214686], [12.9399801, 63.1212397], [12.9388924, 63.1214114], [12.9387207, 63.1214686], [12.9387207, 63.1215259]]]}}, {"type": "Feature", "id": "way/698110403", "properties": {"import": "yes", "landuse": "forest", "natural": "wetland", "source": "NV NMD2018", "@id": "way/698110403", "@type": "way", "osm_id": 698110403}, "geometry": {"type": "Polygon", "coordinates": [[[12.9882947, 63.1250751], [12.988123, 63.1250751], [12.9877222, 63.1251895], [12.9877795, 63.125304], [12.9882947, 63.1251323], [12.9882947, 63.1250751]]]}}, {"type": "Feature", "id": "way/698110404", "properties": {"import": "yes", "landuse": "forest", "natural": "wetland", "source": "NV NMD2018", "@id": "way/698110404", "@type": "way", "osm_id": 698110404}, "geometry": {"type": "Polygon", "coordinates": [[[12.979021, 63.1293684], [12.97925, 63.1291681], [12.979021, 63.1290822], [12.9787921, 63.1290822], [12.9782768, 63.1289677], [12.9781051, 63.1290393], [12.9782339, 63.1290822], [12.9783341, 63.1291394], [12.9782196, 63.1291967], [12.9780192, 63.1294257], [12.9785058, 63.1294257], [12.979021, 63.1293684]]]}}, {"type": "Feature", "id": "way/698110406", "properties": {"import": "yes", "landuse": "forest", "natural": "wetland", "source": "NV NMD2018", "@id": "way/698110406", "@type": "way", "osm_id": 698110406}, "geometry": {"type": "Polygon", "coordinates": [[[12.9718082, 63.1391573], [12.9718082, 63.1393863], [12.9722661, 63.1392718], [12.9722089, 63.1391573], [12.9718082, 63.1391573]]]}}, {"type": "Feature", "id": "way/698110407", "properties": {"import": "yes", "landuse": "forest", "natural": "wetland", "source": "NV NMD2018", "@id": "way/698110407", "@type": "way", "osm_id": 698110407}, "geometry": {"type": "Polygon", "coordinates": [[[12.9789065, 63.1399587], [12.9789065, 63.1397011], [12.9786489, 63.1395007], [12.9786776, 63.139787], [12.9783341, 63.1400446], [12.9789065, 63.1399587]]]}}, {"type": "Feature", "id": "way/698110409", "properties": {"import": "yes", "landuse": "forest", "natural": "wetland", "source": "NV NMD2018", "@id": "way/698110409", "@type": "way", "osm_id": 698110409}, "geometry": {"type": "Polygon", "coordinates": [[[12.9600158, 63.1232432], [12.9600158, 63.123415], [12.9602161, 63.1235867], [12.9604165, 63.1235867], [12.9607027, 63.1237012], [12.9611606, 63.1236296], [12.9609889, 63.1235867], [12.9607027, 63.1234722], [12.9604165, 63.1232432], [12.9600158, 63.1232432]]]}}, {"type": "Feature", "id": "way/698110416", "properties": {"import": "yes", "landuse": "forest", "natural": "wetland", "source": "NV NMD2018", "@id": "way/698110416", "@type": "way", "osm_id": 698110416}, "geometry": {"type": "Polygon", "coordinates": [[[12.9341411, 63.1220983], [12.9340839, 63.1219838], [12.9337976, 63.1220411], [12.9339121, 63.1222128], [12.9341411, 63.1220983]]]}}, {"type": "Feature", "id": "way/698110417", "properties": {"import": "yes", "landuse": "forest", "natural": "wetland", "source": "NV NMD2018", "@id": "way/698110417", "@type": "way", "osm_id": 698110417}, "geometry": {"type": "Polygon", "coordinates": [[[12.9441017, 63.1224418], [12.9444452, 63.1224704], [12.9446741, 63.1220983], [12.9443879, 63.1220983], [12.9441589, 63.1222128], [12.9439872, 63.1220983], [12.9438155, 63.1219838], [12.943472, 63.1218693], [12.9433003, 63.122084], [12.9435579, 63.1222128], [12.9438155, 63.1222128], [12.9439872, 63.1223273], [12.9441017, 63.1224418]]]}}, {"type": "Feature", "id": "way/698110420", "properties": {"import": "yes", "landuse": "forest", "natural": "wetland", "source": "NV NMD2018", "@id": "way/698110420", "@type": "way", "osm_id": 698110420}, "geometry": {"type": "Polygon", "coordinates": [[[12.9286456, 63.1269069], [12.9288746, 63.1269069], [12.9287601, 63.1265634], [12.9285311, 63.1264489], [12.9284166, 63.1266207], [12.9285883, 63.1266779], [12.9286456, 63.1269069]]]}}, {"type": "Feature", "id": "way/698110421", "properties": {"import": "yes", "landuse": "forest", "natural": "wetland", "source": "NV NMD2018", "@id": "way/698110421", "@type": "way", "osm_id": 698110421}, "geometry": {"type": "Polygon", "coordinates": [[[12.9147923, 63.1353791], [12.9147923, 63.1352074], [12.9143427, 63.1352226], [12.9141246, 63.1353418], [12.9137086, 63.1356618], [12.9135477, 63.1357206], [12.9136475, 63.1359516], [12.9137619, 63.1360661], [12.9141627, 63.1359516], [12.9144203, 63.1359516], [12.9146492, 63.1358371], [12.9145061, 63.1356081], [12.9143344, 63.1355509], [12.9146206, 63.1353791], [12.9147923, 63.1353791]]]}}, {"type": "Feature", "id": "way/698110423", "properties": {"import": "yes", "landuse": "forest", "natural": "wetland", "source": "NV NMD2018", "@id": "way/698110423", "@type": "way", "osm_id": 698110423}, "geometry": {"type": "Polygon", "coordinates": [[[12.9273862, 63.1221842], [12.9281876, 63.1222128], [12.9277869, 63.1220983], [12.9273862, 63.1221842]]]}}, {"type": "Feature", "id": "way/698110425", "properties": {"import": "yes", "landuse": "forest", "natural": "wetland", "source": "NV NMD2018", "@id": "way/698110425", "@type": "way", "osm_id": 698110425}, "geometry": {"type": "Polygon", "coordinates": [[[12.9636794, 63.1224418], [12.9636794, 63.1228998], [12.9638512, 63.1227853], [12.9639084, 63.1226135], [12.9638512, 63.1224418], [12.9636794, 63.1224418]]]}}, {"type": "Feature", "id": "way/698110433", "properties": {"import": "yes", "landuse": "forest", "natural": "wetland", "source": "NV NMD2018", "@id": "way/698110433", "@type": "way", "osm_id": 698110433}, "geometry": {"type": "Polygon", "coordinates": [[[12.918914, 63.1237012], [12.918914, 63.1237584], [12.9192574, 63.1238157], [12.9196009, 63.1237584], [12.9194721, 63.1237012], [12.9192574, 63.1234722], [12.918914, 63.1236582], [12.918914, 63.1237012]]]}}, {"type": "Feature", "id": "way/698110436", "properties": {"import": "yes", "landuse": "forest", "natural": "wetland", "source": "NV NMD2018", "@id": "way/698110436", "@type": "way", "osm_id": 698110436}, "geometry": {"type": "Polygon", "coordinates": [[[12.940896, 63.1243881], [12.9412108, 63.1243881], [12.9413539, 63.1242164], [12.9412967, 63.1241591], [12.940896, 63.1241591], [12.9405525, 63.1240733], [12.940209, 63.1241019], [12.9404094, 63.1242736], [12.9405525, 63.1243881], [12.940896, 63.1243881]]]}}, {"type": "Feature", "id": "way/698110441", "properties": {"import": "yes", "landuse": "forest", "natural": "wetland", "source": "NV NMD2018", "@id": "way/698110441", "@type": "way", "osm_id": 698110441}, "geometry": {"type": "Polygon", "coordinates": [[[12.968488, 63.1242736], [12.968488, 63.1245312], [12.9690604, 63.1243881], [12.9690032, 63.1242736], [12.968488, 63.1242736]]]}}, {"type": "Feature", "id": "way/698110443", "properties": {"import": "yes", "landuse": "forest", "natural": "wetland", "source": "NV NMD2018", "@id": "way/698110443", "@type": "way", "osm_id": 698110443}, "geometry": {"type": "Polygon", "coordinates": [[[12.9349425, 63.1254185], [12.9343701, 63.1253899], [12.9342556, 63.1254758], [12.9344846, 63.1255903], [12.9349998, 63.1256475], [12.935515, 63.1255759], [12.9352574, 63.125533], [12.9349425, 63.1254758], [12.9349425, 63.1254185]]]}}, {"type": "Feature", "id": "way/698110446", "properties": {"import": "yes", "landuse": "forest", "natural": "wetland", "source": "NV NMD2018", "@id": "way/698110446", "@type": "way", "osm_id": 698110446}, "geometry": {"type": "Polygon", "coordinates": [[[12.9160517, 63.1248461], [12.9157655, 63.1248461], [12.9154793, 63.124889], [12.9157083, 63.1249606], [12.9159945, 63.1249606], [12.9160517, 63.1250178], [12.9165097, 63.1250751], [12.9163952, 63.1249606], [12.9162807, 63.1248461], [12.9160517, 63.1248461]]]}}, {"type": "Feature", "id": "way/698110455", "properties": {"import": "yes", "landuse": "forest", "natural": "wetland", "source": "NV NMD2018", "@id": "way/698110455", "@type": "way", "osm_id": 698110455}, "geometry": {"type": "Polygon", "coordinates": [[[12.9283021, 63.1258765], [12.9280875, 63.1254185], [12.9279587, 63.1255473], [12.9278442, 63.125762], [12.9275007, 63.1259337], [12.9279587, 63.1259624], [12.9283021, 63.1258765]]]}}, {"type": "Feature", "id": "way/698110459", "properties": {"import": "yes", "landuse": "forest", "natural": "wetland", "source": "NV NMD2018", "@id": "way/698110459", "@type": "way", "osm_id": 698110459}, "geometry": {"type": "Polygon", "coordinates": [[[12.9318513, 63.1264489], [12.9319658, 63.1264489], [12.932295, 63.1264489], [12.9324238, 63.1266779], [12.9327672, 63.1265634], [12.932939, 63.1266779], [12.9329962, 63.1267924], [12.9332252, 63.1267924], [12.9334542, 63.1263631], [12.9329962, 63.1263917], [12.9331107, 63.1262772], [12.9330534, 63.12622], [12.9326527, 63.1261627], [12.9332252, 63.1259337], [12.9331679, 63.1258765], [12.9328817, 63.1258765], [12.9326527, 63.125762], [12.9329962, 63.1256475], [12.9328817, 63.125533], [12.9326527, 63.1254185], [12.9325382, 63.1257047], [12.9323093, 63.125991], [12.9320803, 63.1261055], [12.9323665, 63.1261055], [12.9324238, 63.12622], [12.932252, 63.1263344], [12.932023, 63.12622], [12.9318513, 63.1264489]]]}}, {"type": "Feature", "id": "way/698110463", "properties": {"import": "yes", "landuse": "forest", "natural": "wetland", "source": "NV NMD2018", "@id": "way/698110463", "@type": "way", "osm_id": 698110463}, "geometry": {"type": "Polygon", "coordinates": [[[12.995393, 63.1280518], [12.995393, 63.1278801], [12.9951784, 63.1277083], [12.9950496, 63.1277083], [12.9951641, 63.1280518], [12.995393, 63.1280518]]]}}, {"type": "Feature", "id": "way/698110474", "properties": {"import": "yes", "landuse": "forest", "natural": "wetland", "source": "NV NMD2018", "@id": "way/698110474", "@type": "way", "osm_id": 698110474}, "geometry": {"type": "Polygon", "coordinates": [[[12.9668851, 63.1273648], [12.9668851, 63.1274221], [12.9671714, 63.1274793], [12.9674576, 63.1274793], [12.9674003, 63.1273648], [12.9672286, 63.1272504], [12.9668851, 63.1273648]]]}}, {"type": "Feature", "id": "way/698110475", "properties": {"import": "yes", "landuse": "forest", "natural": "wetland", "source": "NV NMD2018", "@id": "way/698110475", "@type": "way", "osm_id": 698110475}, "geometry": {"type": "Polygon", "coordinates": [[[12.9921301, 63.1282808], [12.9920728, 63.1283666], [12.9918152, 63.1285097], [12.9919584, 63.1286815], [12.9925881, 63.1287387], [12.9932177, 63.1286815], [12.9928457, 63.1285097], [12.9925881, 63.1286242], [12.9922446, 63.1285097], [12.9921301, 63.1282808]]]}}, {"type": "Feature", "id": "way/698110478", "properties": {"import": "yes", "landuse": "forest", "natural": "wetland", "source": "NV NMD2018", "@id": "way/698110478", "@type": "way", "osm_id": 698110478}, "geometry": {"type": "Polygon", "coordinates": [[[12.9491392, 63.1282808], [12.9487099, 63.1282808], [12.9491106, 63.1285097], [12.9493682, 63.1285097], [12.9492537, 63.1283953], [12.9491392, 63.1282808]]]}}, {"type": "Feature", "id": "way/698110480", "properties": {"import": "yes", "landuse": "forest", "natural": "wetland", "source": "NV NMD2018", "@id": "way/698110480", "@type": "way", "osm_id": 698110480}, "geometry": {"type": "Polygon", "coordinates": [[[12.9603592, 63.1278228], [12.9604737, 63.1278228], [12.9604165, 63.1277083], [12.9601016, 63.1277083], [12.9597868, 63.1277513], [12.9600158, 63.1278228], [12.9603592, 63.1278228]]]}}, {"type": "Feature", "id": "way/698110483", "properties": {"import": "yes", "landuse": "forest", "natural": "wetland", "source": "NV NMD2018", "@id": "way/698110483", "@type": "way", "osm_id": 698110483}, "geometry": {"type": "Polygon", "coordinates": [[[12.913304, 63.1279373], [12.9131322, 63.1279373], [12.9127315, 63.1279373], [12.9125026, 63.1279373], [12.912617, 63.1280518], [12.9127315, 63.1283953], [12.9129605, 63.1280518], [12.9133612, 63.1281663], [12.9136475, 63.1280947], [12.9134757, 63.1280518], [12.913304, 63.1279945], [12.913304, 63.1279373]]]}}, {"type": "Feature", "id": "way/698110490", "properties": {"import": "yes", "landuse": "forest", "natural": "wetland", "source": "NV NMD2018", "@id": "way/698110490", "@type": "way", "osm_id": 698110490}, "geometry": {"type": "Polygon", "coordinates": [[[12.9497117, 63.1286242], [12.9493682, 63.1286242], [12.94954, 63.1288532], [12.9497117, 63.1287817], [12.9497117, 63.1286815], [12.9497117, 63.1286242]]]}}, {"type": "Feature", "id": "way/698110491", "properties": {"import": "yes", "landuse": "forest", "natural": "wetland", "source": "NV NMD2018", "@id": "way/698110491", "@type": "way", "osm_id": 698110491}, "geometry": {"type": "Polygon", "coordinates": [[[12.9331107, 63.1285097], [12.9332252, 63.1285097], [12.9333397, 63.1284239], [12.9339121, 63.1281663], [12.9331107, 63.1282235], [12.9328817, 63.128338], [12.9330534, 63.1283953], [12.9331107, 63.1285097]]]}}, {"type": "Feature", "id": "way/698110493", "properties": {"import": "yes", "landuse": "forest", "natural": "wetland", "source": "NV NMD2018", "@id": "way/698110493", "@type": "way", "osm_id": 698110493}, "geometry": {"type": "Polygon", "coordinates": [[[12.9962231, 63.1287387], [12.996309, 63.1289677], [12.9971104, 63.1289677], [12.9970531, 63.1286242], [12.9967669, 63.1286242], [12.9968242, 63.1287387], [12.9969959, 63.128796], [12.9967669, 63.1288532], [12.9965379, 63.1287387], [12.9966524, 63.1285097], [12.9964807, 63.1283953], [12.9962231, 63.1287387]]]}}, {"type": "Feature", "id": "way/698110495", "properties": {"import": "yes", "landuse": "forest", "natural": "wetland", "source": "NV NMD2018", "@id": "way/698110495", "@type": "way", "osm_id": 698110495}, "geometry": {"type": "Polygon", "coordinates": [[[12.9957365, 63.1289677], [12.9957365, 63.1288532], [12.9955648, 63.1287387], [12.9952786, 63.1286242], [12.9951641, 63.1285097], [12.9949351, 63.1285097], [12.9948206, 63.1283666], [12.9946489, 63.1282808], [12.9946489, 63.1287387], [12.9957365, 63.1289677]]]}}, {"type": "Feature", "id": "way/698110496", "properties": {"import": "yes", "landuse": "forest", "natural": "wetland", "source": "NV NMD2018", "@id": "way/698110496", "@type": "way", "osm_id": 698110496}, "geometry": {"type": "Polygon", "coordinates": [[[12.9378048, 63.1291967], [12.9380337, 63.1291967], [12.9382627, 63.1291394], [12.9381339, 63.1290822], [12.9379336, 63.1289677], [12.9375472, 63.1289677], [12.9372323, 63.1290822], [12.9370033, 63.1290249], [12.9368316, 63.1288532], [12.9366599, 63.128796], [12.9370033, 63.1287387], [12.9371035, 63.1285097], [12.9368888, 63.1285097], [12.9366599, 63.128567], [12.9364881, 63.1286242], [12.9363164, 63.1286815], [12.9363736, 63.1287387], [12.9364309, 63.1288532], [12.9365454, 63.1289677], [12.9366599, 63.1290822], [12.9367171, 63.1294257], [12.9367744, 63.1293112], [12.9378048, 63.1291967]]]}}, {"type": "Feature", "id": "way/698110499", "properties": {"import": "yes", "landuse": "forest", "natural": "wetland", "source": "NV NMD2018", "@id": "way/698110499", "@type": "way", "osm_id": 698110499}, "geometry": {"type": "Polygon", "coordinates": [[[12.9340266, 63.1288532], [12.9340266, 63.1289677], [12.9341554, 63.1290822], [12.9343701, 63.1293112], [12.9344846, 63.1290822], [12.9344273, 63.1288532], [12.9340266, 63.1288532]]]}}, {"type": "Feature", "id": "way/698110500", "properties": {"import": "yes", "landuse": "forest", "natural": "wetland", "source": "NV NMD2018", "@id": "way/698110500", "@type": "way", "osm_id": 698110500}, "geometry": {"type": "Polygon", "coordinates": [[[12.9984843, 63.1290822], [12.9984843, 63.1289105], [12.9983984, 63.1287387], [12.998198, 63.1290822], [12.998427, 63.1290822], [12.9984843, 63.1290822]]]}}, {"type": "Feature", "id": "way/698110502", "properties": {"import": "yes", "landuse": "forest", "natural": "wetland", "source": "NV NMD2018", "@id": "way/698110502", "@type": "way", "osm_id": 698110502}, "geometry": {"type": "Polygon", "coordinates": [[[12.9066636, 63.1290822], [12.9066636, 63.1289677], [12.9064346, 63.1291394], [12.9065491, 63.1293112], [12.9066636, 63.1291967], [12.9066636, 63.1290822]]]}}, {"type": "Feature", "id": "way/698110512", "properties": {"import": "yes", "landuse": "forest", "natural": "wetland", "source": "NV NMD2018", "@id": "way/698110512", "@type": "way", "osm_id": 698110512}, "geometry": {"type": "Polygon", "coordinates": [[[12.9833716, 63.1294257], [12.9832571, 63.1294257], [12.9826275, 63.1293112], [12.9822267, 63.1294829], [12.982513, 63.1295402], [12.9826847, 63.1297691], [12.9833716, 63.1295402], [12.9833716, 63.1294257]]]}}, {"type": "Feature", "id": "way/698110515", "properties": {"import": "yes", "landuse": "forest", "natural": "wetland", "source": "NV NMD2018", "@id": "way/698110515", "@type": "way", "osm_id": 698110515}, "geometry": {"type": "Polygon", "coordinates": [[[12.9916149, 63.1291967], [12.9912714, 63.1293684], [12.9911569, 63.1295402], [12.9919011, 63.1295402], [12.9920728, 63.1296546], [12.9921873, 63.1295402], [12.9920728, 63.1294257], [12.9918725, 63.1291967], [12.9916721, 63.1293112], [12.9916149, 63.1291967]]]}}, {"type": "Feature", "id": "way/698110516", "properties": {"import": "yes", "landuse": "forest", "natural": "wetland", "source": "NV NMD2018", "@id": "way/698110516", "@type": "way", "osm_id": 698110516}, "geometry": {"type": "Polygon", "coordinates": [[[12.976445, 63.1295402], [12.976674, 63.1295402], [12.9770175, 63.1295402], [12.9773609, 63.1294257], [12.9775899, 63.1295402], [12.9778189, 63.1295402], [12.9779906, 63.1297691], [12.9782196, 63.1295974], [12.9780192, 63.1294257], [12.9777616, 63.1293112], [12.9776472, 63.1290822], [12.9773609, 63.1290822], [12.9770747, 63.1291251], [12.976445, 63.1295402]]]}}, {"type": "Feature", "id": "way/698110518", "properties": {"import": "yes", "landuse": "forest", "natural": "wetland", "source": "NV NMD2018", "@id": "way/698110518", "@type": "way", "osm_id": 698110518}, "geometry": {"type": "Polygon", "coordinates": [[[13.0, 63.1294257], [13.0, 63.1293112], [12.9993429, 63.1291967], [12.9989422, 63.1292826], [12.9988707, 63.1295402], [12.9988277, 63.1295831], [12.9989422, 63.1296546], [12.9991712, 63.1295402], [12.9994002, 63.1293112], [12.9996292, 63.1294257], [13.0, 63.1294257]]]}}, {"type": "Feature", "id": "way/698110522", "properties": {"import": "yes", "landuse": "forest", "natural": "wetland", "source": "NV NMD2018", "@id": "way/698110522", "@type": "way", "osm_id": 698110522}, "geometry": {"type": "Polygon", "coordinates": [[[12.9981408, 63.1296546], [12.9980836, 63.1296546], [12.9980263, 63.1298836], [12.9982553, 63.1298836], [12.9985415, 63.1298836], [12.9987132, 63.1298836], [12.9985701, 63.1297691], [12.9981408, 63.1296546]]]}}, {"type": "Feature", "id": "way/698110523", "properties": {"import": "yes", "landuse": "forest", "natural": "wetland", "source": "NV NMD2018", "@id": "way/698110523", "@type": "way", "osm_id": 698110523}, "geometry": {"type": "Polygon", "coordinates": [[[12.9817688, 63.130084], [12.9817688, 63.1303416], [12.9823412, 63.1301698], [12.9819691, 63.1296546], [12.9817115, 63.1295402], [12.9810818, 63.1297691], [12.9809674, 63.1296976], [12.9809101, 63.1296546], [12.9808529, 63.1296976], [12.9803949, 63.1297691], [12.9803377, 63.1299981], [12.9809674, 63.1299409], [12.9816543, 63.1297691], [12.9819405, 63.1297691], [12.9819978, 63.1298836], [12.9817688, 63.130084]]]}}, {"type": "Feature", "id": "way/698110525", "properties": {"import": "yes", "landuse": "forest", "natural": "wetland", "source": "NV NMD2018", "@id": "way/698110525", "@type": "way", "osm_id": 698110525}, "geometry": {"type": "Polygon", "coordinates": [[[12.9798225, 63.1299409], [12.9801659, 63.1299981], [12.9801373, 63.1297691], [12.9798225, 63.1299409]]]}}, {"type": "Feature", "id": "way/698110528", "properties": {"import": "yes", "landuse": "forest", "natural": "wetland", "source": "NV NMD2018", "@id": "way/698110528", "@type": "way", "osm_id": 698110528}, "geometry": {"type": "Polygon", "coordinates": [[[12.9990567, 63.1299981], [12.9990567, 63.1304274], [12.9994002, 63.1301126], [12.9993429, 63.1299981], [12.9990567, 63.1299981]]]}}, {"type": "Feature", "id": "way/698110534", "properties": {"import": "yes", "landuse": "forest", "natural": "wetland", "source": "NV NMD2018", "@id": "way/698110534", "@type": "way", "osm_id": 698110534}, "geometry": {"type": "Polygon", "coordinates": [[[12.9144489, 63.1401877], [12.9145634, 63.1401877], [12.9145061, 63.1399587], [12.9131895, 63.1398442], [12.9122736, 63.1396152], [12.9120446, 63.1397584], [12.9122593, 63.1398442], [12.9124882, 63.1400732], [12.9131609, 63.1400732], [12.9137047, 63.1400732], [12.9140482, 63.1401877], [12.9144489, 63.1401877]]]}}, {"type": "Feature", "id": "way/698110537", "properties": {"import": "yes", "landuse": "forest", "natural": "wetland", "source": "NV NMD2018", "@id": "way/698110537", "@type": "way", "osm_id": 698110537}, "geometry": {"type": "Polygon", "coordinates": [[[12.9923018, 63.1307995], [12.9926453, 63.1307995], [12.9931605, 63.1307995], [12.993046, 63.1305706], [12.9926739, 63.1305706], [12.9923018, 63.1306278], [12.9923018, 63.1307995]]]}}, {"type": "Feature", "id": "way/698110544", "properties": {"import": "yes", "landuse": "forest", "natural": "wetland", "source": "NV NMD2018", "@id": "way/698110544", "@type": "way", "osm_id": 698110544}, "geometry": {"type": "Polygon", "coordinates": [[[12.9500552, 63.130685], [12.9498262, 63.130685], [12.9495972, 63.1308568], [12.9496974, 63.130914], [12.949912, 63.130914], [12.9500552, 63.130685]]]}}, {"type": "Feature", "id": "way/698110545", "properties": {"import": "yes", "landuse": "forest", "natural": "wetland", "source": "NV NMD2018", "@id": "way/698110545", "@type": "way", "osm_id": 698110545}, "geometry": {"type": "Polygon", "coordinates": [[[12.9493682, 63.130914], [12.9492537, 63.130914], [12.9491392, 63.1310428], [12.949311, 63.1312575], [12.9495972, 63.1312575], [12.9498262, 63.1311859], [12.9496115, 63.131143], [12.9493682, 63.1310285], [12.9493682, 63.130914]]]}}, {"type": "Feature", "id": "way/698110548", "properties": {"import": "yes", "landuse": "forest", "natural": "wetland", "source": "NV NMD2018", "@id": "way/698110548", "@type": "way", "osm_id": 698110548}, "geometry": {"type": "Polygon", "coordinates": [[[12.9652823, 63.1310285], [12.9654254, 63.1310285], [12.9656257, 63.1310285], [12.9655685, 63.130914], [12.9649961, 63.130914], [12.9644808, 63.1306994], [12.9643664, 63.1305706], [12.9642519, 63.1306564], [12.9640229, 63.1310285], [12.9652823, 63.1310285]]]}}, {"type": "Feature", "id": "way/698110550", "properties": {"import": "yes", "landuse": "forest", "natural": "wetland", "source": "NV NMD2018", "@id": "way/698110550", "@type": "way", "osm_id": 698110550}, "geometry": {"type": "Polygon", "coordinates": [[[12.9517725, 63.1309427], [12.9520015, 63.130914], [12.9519442, 63.130685], [12.951658, 63.130685], [12.9512859, 63.1305706], [12.9508852, 63.130914], [12.9510713, 63.1312575], [12.9512001, 63.1311573], [12.9512001, 63.1311144], [12.951658, 63.1307995], [12.9517725, 63.1309427]]]}}, {"type": "Feature", "id": "way/698110552", "properties": {"import": "yes", "landuse": "forest", "natural": "wetland", "source": "NV NMD2018", "@id": "way/698110552", "@type": "way", "osm_id": 698110552}, "geometry": {"type": "Polygon", "coordinates": [[[12.9673431, 63.1320589], [12.9665417, 63.1320589], [12.9659692, 63.1321162], [12.9651678, 63.1323738], [12.9659692, 63.1323451], [12.9664844, 63.1321734], [12.9667706, 63.1322879], [12.9668851, 63.1324024], [12.9673431, 63.1322879], [12.9673431, 63.1320589]]]}}, {"type": "Feature", "id": "way/698110554", "properties": {"import": "yes", "landuse": "forest", "natural": "wetland", "source": "NV NMD2018", "@id": "way/698110554", "@type": "way", "osm_id": 698110554}, "geometry": {"type": "Polygon", "coordinates": [[[12.9673431, 63.1322879], [12.9673431, 63.1324024], [12.9673717, 63.1325169], [12.9676293, 63.1325169], [12.967801, 63.1321734], [12.9676866, 63.1320589], [12.9674576, 63.1322879], [12.9673431, 63.1322879]]]}}, {"type": "Feature", "id": "way/698110560", "properties": {"import": "yes", "landuse": "forest", "natural": "wetland", "source": "NV NMD2018", "@id": "way/698110560", "@type": "way", "osm_id": 698110560}, "geometry": {"type": "Polygon", "coordinates": [[[12.9679155, 63.1332038], [12.9679728, 63.1332038], [12.96803, 63.1331609], [12.968259, 63.1330321], [12.968488, 63.1329748], [12.9683735, 63.1327459], [12.968259, 63.1326314], [12.9679155, 63.1326886], [12.9681445, 63.1328031], [12.96803, 63.1328604], [12.9679155, 63.1332038]]]}}, {"type": "Feature", "id": "way/698110563", "properties": {"import": "yes", "landuse": "forest", "natural": "wetland", "source": "NV NMD2018", "@id": "way/698110563", "@type": "way", "osm_id": 698110563}, "geometry": {"type": "Polygon", "coordinates": [[[12.9442162, 63.134406], [12.9442162, 63.1342915], [12.9444452, 63.1342342], [12.9443879, 63.1340052], [12.9439872, 63.1340052], [12.9436437, 63.1338908], [12.94393, 63.1337763], [12.9445024, 63.1338908], [12.9445597, 63.1340052], [12.9452466, 63.1337763], [12.9447886, 63.1337763], [12.9444452, 63.1336045], [12.9443879, 63.1334328], [12.9433003, 63.1334328], [12.9422699, 63.13349], [12.9421554, 63.1335473], [12.9419836, 63.1334328], [12.9416974, 63.1335473], [12.9414684, 63.1337763], [12.9417547, 63.1337763], [12.9418119, 63.1338335], [12.9415829, 63.1340052], [12.9420981, 63.1341197], [12.9423843, 63.1340625], [12.9427278, 63.1338908], [12.9436151, 63.1342342], [12.9440015, 63.1343487], [12.9442162, 63.134406]]]}}, {"type": "Feature", "id": "way/698110575", "properties": {"import": "yes", "landuse": "forest", "natural": "wetland", "source": "NV NMD2018", "@id": "way/698110575", "@type": "way", "osm_id": 698110575}, "geometry": {"type": "Polygon", "coordinates": [[[12.96242, 63.1345777], [12.9620766, 63.1345777], [12.9618476, 63.1346922], [12.9619621, 63.1348067], [12.9621911, 63.1348067], [12.96242, 63.1346349], [12.96242, 63.1345777]]]}}, {"type": "Feature", "id": "way/698110577", "properties": {"import": "yes", "landuse": "forest", "natural": "wetland", "source": "NV NMD2018", "@id": "way/698110577", "@type": "way", "osm_id": 698110577}, "geometry": {"type": "Polygon", "coordinates": [[[12.9444452, 63.1342342], [12.9444452, 63.1342915], [12.9442162, 63.134406], [12.9443879, 63.1345777], [12.9445597, 63.134406], [12.9444452, 63.1342342]]]}}, {"type": "Feature", "id": "way/698110579", "properties": {"import": "yes", "landuse": "forest", "natural": "wetland", "source": "NV NMD2018", "@id": "way/698110579", "@type": "way", "osm_id": 698110579}, "geometry": {"type": "Polygon", "coordinates": [[[12.9603592, 63.1349212], [12.9604737, 63.1349212], [12.9605882, 63.1348353], [12.9604737, 63.1346349], [12.9601302, 63.1348067], [12.9599013, 63.1346922], [12.9597868, 63.1348067], [12.9600158, 63.1349212], [12.9603592, 63.1349212]]]}}, {"type": "Feature", "id": "way/698110586", "properties": {"import": "yes", "landuse": "forest", "natural": "wetland", "source": "NV NMD2018", "@id": "way/698110586", "@type": "way", "osm_id": 698110586}, "geometry": {"type": "Polygon", "coordinates": [[[12.9578691, 63.1359516], [12.9579549, 63.136295], [12.9585274, 63.1361806], [12.9583843, 63.1360661], [12.9581839, 63.1359945], [12.9580694, 63.1359516], [12.9578691, 63.1359516]]]}}, {"type": "Feature", "id": "way/698110589", "properties": {"import": "yes", "landuse": "forest", "natural": "wetland", "source": "NV NMD2018", "@id": "way/698110589", "@type": "way", "osm_id": 698110589}, "geometry": {"type": "Polygon", "coordinates": [[[12.9599013, 63.1366385], [12.9599013, 63.136295], [12.9596723, 63.1364668], [12.9597868, 63.1366385], [12.9599013, 63.1366385]]]}}, {"type": "Feature", "id": "way/698110590", "properties": {"import": "yes", "landuse": "forest", "natural": "wetland", "source": "NV NMD2018", "@id": "way/698110590", "@type": "way", "osm_id": 698110590}, "geometry": {"type": "Polygon", "coordinates": [[[12.9605882, 63.1374399], [12.9613896, 63.1372968], [12.9612179, 63.137211], [12.9610462, 63.1371394], [12.9608172, 63.1372682], [12.9605882, 63.1374399]]]}}, {"type": "Feature", "id": "way/698110593", "properties": {"import": "yes", "landuse": "forest", "natural": "wetland", "source": "NV NMD2018", "@id": "way/698110593", "@type": "way", "osm_id": 698110593}, "geometry": {"type": "Polygon", "coordinates": [[[12.9714647, 63.1389283], [12.9714647, 63.1386707], [12.9708923, 63.1388711], [12.9714647, 63.1389283]]]}}, {"type": "Feature", "id": "way/698110595", "properties": {"import": "yes", "landuse": "forest", "natural": "wetland", "source": "NV NMD2018", "@id": "way/698110595", "@type": "way", "osm_id": 698110595}, "geometry": {"type": "Polygon", "coordinates": [[[12.9459335, 63.1377834], [12.9459335, 63.1377262], [12.9463056, 63.1376689], [12.9463915, 63.137626], [12.9465632, 63.1375544], [12.946735, 63.1376689], [12.9470784, 63.1376117], [12.9468494, 63.1374399], [12.946735, 63.1371537], [12.946277, 63.1368675], [12.945819, 63.136982], [12.9454756, 63.1373254], [12.9454469, 63.1377834], [12.9457618, 63.1377834], [12.9459335, 63.1377834]]]}}, {"type": "Feature", "id": "way/698110597", "properties": {"import": "yes", "landuse": "forest", "natural": "wetland", "source": "NV NMD2018", "@id": "way/698110597", "@type": "way", "osm_id": 698110597}, "geometry": {"type": "Polygon", "coordinates": [[[12.9602447, 63.137211], [12.9602447, 63.1373254], [12.9602447, 63.1374399], [12.9604165, 63.1374399], [12.9604737, 63.1373827], [12.9605882, 63.1372682], [12.9604165, 63.137211], [12.9602447, 63.137211]]]}}, {"type": "Feature", "id": "way/698110600", "properties": {"import": "yes", "landuse": "forest", "natural": "wetland", "source": "NV NMD2018", "@id": "way/698110600", "@type": "way", "osm_id": 698110600}, "geometry": {"type": "Polygon", "coordinates": [[[12.9600158, 63.137211], [12.9601302, 63.137211], [12.9602447, 63.1370965], [12.9602447, 63.1368102], [12.9601589, 63.1366385], [12.9600158, 63.137211]]]}}, {"type": "Feature", "id": "way/698110601", "properties": {"import": "yes", "landuse": "forest", "natural": "wetland", "source": "NV NMD2018", "@id": "way/698110601", "@type": "way", "osm_id": 698110601}, "geometry": {"type": "Polygon", "coordinates": [[[12.9418119, 63.1377834], [12.9418691, 63.1377834], [12.9419264, 63.1377405], [12.9422985, 63.1375544], [12.9420409, 63.1374399], [12.9418119, 63.1374399], [12.9413539, 63.1376117], [12.9399801, 63.1376975], [12.9400946, 63.1377834], [12.9418119, 63.1377834]]]}}, {"type": "Feature", "id": "way/698110602", "properties": {"import": "yes", "landuse": "forest", "natural": "wetland", "source": "NV NMD2018", "@id": "way/698110602", "@type": "way", "osm_id": 698110602}, "geometry": {"type": "Polygon", "coordinates": [[[12.9601302, 63.1378979], [12.9602447, 63.1380696], [12.9601302, 63.1382986], [12.9604737, 63.1384703], [12.9611606, 63.1383559], [12.9617331, 63.1383559], [12.9616186, 63.1381269], [12.9613896, 63.1381269], [12.9611606, 63.1381698], [12.9607599, 63.1382414], [12.9603592, 63.1378979], [12.9602877, 63.1377834], [12.9601302, 63.1378979]]]}}, {"type": "Feature", "id": "way/698110603", "properties": {"import": "yes", "landuse": "forest", "natural": "wetland", "source": "NV NMD2018", "@id": "way/698110603", "@type": "way", "osm_id": 698110603}, "geometry": {"type": "Polygon", "coordinates": [[[12.9637939, 63.1381269], [12.9645953, 63.1381269], [12.9653968, 63.1379551], [12.9637939, 63.1380124], [12.9637939, 63.1381269]]]}}, {"type": "Feature", "id": "way/698110605", "properties": {"import": "yes", "landuse": "forest", "natural": "wetland", "source": "NV NMD2018", "@id": "way/698110605", "@type": "way", "osm_id": 698110605}, "geometry": {"type": "Polygon", "coordinates": [[[12.9371561, 63.1387242], [12.9359729, 63.1387566], [12.9361376, 63.1390485], [12.9364999, 63.139072], [12.936815, 63.1389455], [12.9371561, 63.1387242]]]}}, {"type": "Feature", "id": "way/698110607", "properties": {"import": "yes", "landuse": "forest", "natural": "wetland", "source": "NV NMD2018", "@id": "way/698110607", "@type": "way", "osm_id": 698110607}, "geometry": {"type": "Polygon", "coordinates": [[[12.9429568, 63.1437369], [12.9430713, 63.1437369], [12.9431858, 63.1436939], [12.9433861, 63.1436224], [12.9434434, 63.1438514], [12.9437296, 63.1439658], [12.9439586, 63.1440803], [12.9442734, 63.1441948], [12.9444452, 63.1442234], [12.9442448, 63.1438514], [12.9440444, 63.1433934], [12.9427278, 63.1434506], [12.9428996, 63.1435079], [12.9429568, 63.1437369]]]}}, {"type": "Feature", "id": "way/698110608", "properties": {"import": "yes", "landuse": "forest", "natural": "wetland", "source": "NV NMD2018", "@id": "way/698110608", "@type": "way", "osm_id": 698110608}, "geometry": {"type": "Polygon", "coordinates": [[[12.9270427, 63.1388138], [12.9272145, 63.1386993], [12.9269282, 63.1385848], [12.9265848, 63.1386993], [12.9263558, 63.1388711], [12.9264989, 63.1389283], [12.9270427, 63.1388711], [12.9270427, 63.1388138]]]}}, {"type": "Feature", "id": "way/698110610", "properties": {"import": "yes", "landuse": "forest", "natural": "wetland", "source": "NV NMD2018", "@id": "way/698110610", "@type": "way", "osm_id": 698110610}, "geometry": {"type": "Polygon", "coordinates": [[[12.924066, 63.1388138], [12.9238943, 63.1389283], [12.924066, 63.1390428], [12.9243522, 63.1390428], [12.9244953, 63.1392718], [12.9246385, 63.139329], [12.924524, 63.1394435], [12.9247529, 63.1395007], [12.9257834, 63.1389283], [12.9256689, 63.1386993], [12.9250392, 63.1385848], [12.9244095, 63.1386421], [12.924066, 63.1388138]]]}}, {"type": "Feature", "id": "way/698110612", "properties": {"import": "yes", "landuse": "forest", "natural": "wetland", "source": "NV NMD2018", "@id": "way/698110612", "@type": "way", "osm_id": 698110612}, "geometry": {"type": "Polygon", "coordinates": [[[12.9224632, 63.1388138], [12.9224632, 63.1389283], [12.922549, 63.1390428], [12.9228066, 63.1389999], [12.9230356, 63.1387852], [12.9229211, 63.1386993], [12.9226778, 63.1386993], [12.9224632, 63.1388138]]]}}, {"type": "Feature", "id": "way/698110618", "properties": {"import": "yes", "landuse": "forest", "natural": "wetland", "source": "NV NMD2018", "@id": "way/698110618", "@type": "way", "osm_id": 698110618}, "geometry": {"type": "Polygon", "coordinates": [[[12.9806239, 63.1403022], [12.9802804, 63.1403022], [12.9799369, 63.1403451], [12.9802804, 63.1404167], [12.9806239, 63.1403022]]]}}, {"type": "Feature", "id": "way/698110621", "properties": {"import": "yes", "landuse": "forest", "natural": "wetland", "source": "NV NMD2018", "@id": "way/698110621", "@type": "way", "osm_id": 698110621}, "geometry": {"type": "Polygon", "coordinates": [[[12.9102128, 63.1407601], [12.9107852, 63.1407601], [12.9113577, 63.1406313], [12.9118156, 63.1404167], [12.9117584, 63.1403022], [12.9110714, 63.1400732], [12.9107852, 63.1398442], [12.9105276, 63.1397297], [12.9102128, 63.1399587], [12.9101841, 63.1401877], [12.9104417, 63.1400732], [12.9105562, 63.1399587], [12.9106707, 63.1403022], [12.9107137, 63.1403022], [12.9107852, 63.1404167], [12.9106135, 63.1405312], [12.9103273, 63.1404167], [12.9100983, 63.1405312], [12.9102128, 63.1407601]]]}}, {"type": "Feature", "id": "way/698110623", "properties": {"import": "yes", "landuse": "forest", "natural": "wetland", "source": "NV NMD2018", "@id": "way/698110623", "@type": "way", "osm_id": 698110623}, "geometry": {"type": "Polygon", "coordinates": [[[12.9990323, 63.1409991], [12.9983698, 63.1412181], [12.9981408, 63.141075], [12.9980263, 63.1414471], [12.998656, 63.1414471], [12.9987705, 63.1415616], [12.9990567, 63.1414471], [12.9994002, 63.1415329], [12.9996292, 63.1413326], [12.9995719, 63.1412181], [12.9992857, 63.1411608], [12.9996864, 63.1409891], [12.9999428, 63.1409857], [13.0000048, 63.140771], [12.9996233, 63.1409263], [12.9990323, 63.1409991]]]}}, {"type": "Feature", "id": "way/698110625", "properties": {"import": "yes", "landuse": "forest", "natural": "wetland", "source": "NV NMD2018", "@id": "way/698110625", "@type": "way", "osm_id": 698110625}, "geometry": {"type": "Polygon", "coordinates": [[[12.9976828, 63.1412181], [12.9976828, 63.1411608], [12.9974252, 63.1411036], [12.9969387, 63.1409891], [12.9967097, 63.1406456], [12.9964235, 63.1406456], [12.99608, 63.1404167], [12.995393, 63.1405884], [12.9947061, 63.1408746], [12.9948778, 63.1409891], [12.9951068, 63.1409891], [12.9951641, 63.1410464], [12.9949351, 63.1411608], [12.9952213, 63.1412181], [12.9952786, 63.1414471], [12.995393, 63.1413898], [12.99608, 63.1413326], [12.9969387, 63.1414471], [12.9971104, 63.1414041], [12.9976828, 63.1412181]]]}}, {"type": "Feature", "id": "way/698110627", "properties": {"import": "yes", "landuse": "forest", "natural": "wetland", "source": "NV NMD2018", "@id": "way/698110627", "@type": "way", "osm_id": 698110627}, "geometry": {"type": "Polygon", "coordinates": [[[12.9350856, 63.141905], [12.9351715, 63.1411036], [12.9350284, 63.1407601], [12.934828, 63.1408746], [12.9349425, 63.1410464], [12.9347708, 63.1412181], [12.9345991, 63.1415616], [12.934828, 63.1417905], [12.9350856, 63.141905]]]}}, {"type": "Feature", "id": "way/698110628", "properties": {"import": "yes", "landuse": "forest", "natural": "wetland", "source": "NV NMD2018", "@id": "way/698110628", "@type": "way", "osm_id": 698110628}, "geometry": {"type": "Polygon", "coordinates": [[[12.9151466, 63.1409851], [12.9155938, 63.1409891], [12.9160562, 63.1410877], [12.9162987, 63.1411394], [12.9167387, 63.1409319], [12.9164524, 63.1407601], [12.9156545, 63.1407375], [12.9151466, 63.1409851]]]}}, {"type": "Feature", "id": "way/698110631", "properties": {"import": "yes", "landuse": "forest", "natural": "wetland", "source": "NV NMD2018", "@id": "way/698110631", "@type": "way", "osm_id": 698110631}, "geometry": {"type": "Polygon", "coordinates": [[[12.9779048, 63.1414471], [12.9782196, 63.1414471], [12.979021, 63.1413898], [12.9789572, 63.1413832], [12.9774281, 63.1412868], [12.9775327, 63.1413326], [12.9776472, 63.1414757], [12.9779048, 63.1414471]]]}}, {"type": "Feature", "id": "way/698110633", "properties": {"import": "yes", "landuse": "forest", "natural": "wetland", "source": "NV NMD2018", "@id": "way/698110633", "@type": "way", "osm_id": 698110633}, "geometry": {"type": "Polygon", "coordinates": [[[12.9695184, 63.1412753], [12.9696901, 63.1413326], [12.9700908, 63.141075], [12.9698332, 63.1409891], [12.9696329, 63.1411608], [12.9695184, 63.1412753]]]}}, {"type": "Feature", "id": "way/698110635", "properties": {"import": "yes", "landuse": "forest", "natural": "wetland", "source": "NV NMD2018", "@id": "way/698110635", "@type": "way", "osm_id": 698110635}, "geometry": {"type": "Polygon", "coordinates": [[[12.9703198, 63.1413326], [12.9703198, 63.1414185], [12.9705345, 63.1414471], [12.9706633, 63.1415616], [12.9711212, 63.1414471], [12.971064, 63.1409891], [12.970835, 63.1409891], [12.9706633, 63.1411036], [12.9705488, 63.1412753], [12.9703198, 63.1413326]]]}}, {"type": "Feature", "id": "way/698110638", "properties": {"import": "yes", "landuse": "forest", "natural": "wetland", "source": "NV NMD2018", "@id": "way/698110638", "@type": "way", "osm_id": 698110638}, "geometry": {"type": "Polygon", "coordinates": [[[12.9732965, 63.1442234], [12.9724951, 63.1443093], [12.9726096, 63.1444238], [12.9727813, 63.1445383], [12.9729531, 63.1444238], [12.9731248, 63.1448818], [12.973411, 63.1450535], [12.9732965, 63.1451107], [12.9731821, 63.1453397], [12.973411, 63.1453397], [12.97364, 63.1452539], [12.9737545, 63.145168], [12.9741742, 63.1450465], [12.9740837, 63.1449963], [12.9739262, 63.1447673], [12.97364, 63.14471], [12.9739444, 63.1445978], [12.973869, 63.1445383], [12.973411, 63.144481], [12.9732965, 63.1442234]]]}}, {"type": "Feature", "id": "way/698110642", "properties": {"import": "yes", "landuse": "forest", "natural": "wetland", "source": "NV NMD2018", "@id": "way/698110642", "@type": "way", "osm_id": 698110642}, "geometry": {"type": "Polygon", "coordinates": [[[12.9761588, 63.1420195], [12.9761588, 63.141905], [12.9759012, 63.1417905], [12.9755863, 63.141905], [12.9757581, 63.1420195], [12.9759871, 63.1420195], [12.9761015, 63.142134], [12.9761588, 63.1420195]]]}}, {"type": "Feature", "id": "way/698110646", "properties": {"import": "yes", "landuse": "forest", "natural": "wetland", "source": "NV NMD2018", "@id": "way/698110646", "@type": "way", "osm_id": 698110646}, "geometry": {"type": "Polygon", "coordinates": [[[12.9973394, 63.1427065], [12.9977401, 63.1427065], [12.9983412, 63.1427065], [12.9985415, 63.1427065], [12.9985988, 63.1427637], [12.9991712, 63.1428209], [12.9995147, 63.1428209], [13.0, 63.1427637], [12.9995719, 63.1427065], [12.9992857, 63.1427065], [12.9988277, 63.1426349], [12.9986131, 63.142592], [12.9982839, 63.1424775], [12.9981408, 63.142363], [12.9979118, 63.142363], [12.9977973, 63.142134], [12.9977401, 63.1420195], [12.9974539, 63.1420195], [12.9972992, 63.1419418], [12.9973798, 63.142142], [12.9971246, 63.1421784], [12.9966277, 63.142142], [12.9962517, 63.142142], [12.9962231, 63.1422485], [12.9965952, 63.1422485], [12.9968814, 63.142363], [12.9971676, 63.142363], [12.9972249, 63.1424202], [12.9971104, 63.1424775], [12.9969959, 63.1427065], [12.9973394, 63.1427065]]]}}, {"type": "Feature", "id": "way/698110648", "properties": {"import": "yes", "landuse": "forest", "natural": "wetland", "source": "NV NMD2018", "@id": "way/698110648", "@type": "way", "osm_id": 698110648}, "geometry": {"type": "Polygon", "coordinates": [[[12.9983698, 63.142363], [12.9983698, 63.1424202], [12.9985988, 63.1424775], [12.9989136, 63.1424775], [12.9994002, 63.1423057], [12.9999726, 63.1423057], [13.0, 63.1422485], [13.0, 63.142134], [12.9996864, 63.142134], [12.9994574, 63.1420195], [12.9994002, 63.1420768], [12.9985988, 63.1421626], [12.9983698, 63.142363]]]}}, {"type": "Feature", "id": "way/698110649", "properties": {"import": "yes", "landuse": "forest", "natural": "wetland", "source": "NV NMD2018", "@id": "way/698110649", "@type": "way", "osm_id": 698110649}, "geometry": {"type": "Polygon", "coordinates": [[[12.951985, 63.1418545], [12.951429, 63.1417905], [12.9492537, 63.1420768], [12.9491392, 63.1423057], [12.9494827, 63.1424775], [12.9498834, 63.1424775], [12.9501696, 63.142592], [12.9507993, 63.1424775], [12.9520015, 63.1427065], [12.9524594, 63.142592], [12.9526312, 63.1422485], [12.9528029, 63.142363], [12.9527137, 63.142051], [12.9523615, 63.1419517], [12.951985, 63.1418545]]]}}, {"type": "Feature", "id": "way/698110659", "properties": {"import": "yes", "landuse": "forest", "natural": "wetland", "source": "NV NMD2018", "@id": "way/698110659", "@type": "way", "osm_id": 698110659}, "geometry": {"type": "Polygon", "coordinates": [[[12.9995147, 63.1443093], [12.9995147, 63.1442521], [12.9993859, 63.1441948], [12.9992285, 63.1440803], [12.9989422, 63.1440803], [12.9987132, 63.1439658], [12.998656, 63.1438514], [12.9978546, 63.1437369], [12.9974539, 63.1438514], [12.9972821, 63.1439658], [12.9968242, 63.1437369], [12.99608, 63.1439086], [12.9962517, 63.1439658], [12.996309, 63.1440803], [12.9968814, 63.1441948], [12.9975684, 63.1440803], [12.9979118, 63.1441948], [12.998198, 63.1441948], [12.9983698, 63.1443093], [12.9987705, 63.1441948], [12.9995147, 63.1443093]]]}}, {"type": "Feature", "id": "way/698110660", "properties": {"import": "yes", "landuse": "forest", "natural": "wetland", "source": "NV NMD2018", "@id": "way/698110660", "@type": "way", "osm_id": 698110660}, "geometry": {"type": "Polygon", "coordinates": [[[12.9850747, 63.1443734], [12.9848532, 63.1441285], [12.9836968, 63.1444043], [12.9844197, 63.1445537], [12.9850747, 63.1443734]]]}}, {"type": "Feature", "id": "way/698110661", "properties": {"import": "yes", "landuse": "forest", "natural": "wetland", "source": "NV NMD2018", "@id": "way/698110661", "@type": "way", "osm_id": 698110661}, "geometry": {"type": "Polygon", "coordinates": [[[12.941125, 63.1439372], [12.941125, 63.1441948], [12.9415257, 63.1440803], [12.9416974, 63.1438514], [12.9414684, 63.1439658], [12.9413539, 63.1437941], [12.941125, 63.1439372]]]}}, {"type": "Feature", "id": "way/698110664", "properties": {"import": "yes", "landuse": "forest", "natural": "wetland", "source": "NV NMD2018", "@id": "way/698110664", "@type": "way", "osm_id": 698110664}, "geometry": {"type": "Polygon", "coordinates": [[[12.968717, 63.1446528], [12.968717, 63.144481], [12.9685882, 63.1443093], [12.9683735, 63.1441948], [12.968259, 63.1444238], [12.9683592, 63.1446528], [12.9686025, 63.1446528], [12.968717, 63.1446528]]]}}, {"type": "Feature", "id": "way/698110667", "properties": {"import": "yes", "landuse": "forest", "natural": "wetland", "source": "NV NMD2018", "@id": "way/698110667", "@type": "way", "osm_id": 698110667}, "geometry": {"type": "Polygon", "coordinates": [[[12.9236081, 63.1474005], [12.9234363, 63.1474005], [12.9230356, 63.1475723], [12.923236, 63.147744], [12.9233791, 63.1478585], [12.9237798, 63.147744], [12.9241805, 63.1474435], [12.9240088, 63.1474005], [12.9237225, 63.1476295], [12.9236081, 63.1474005]]]}}, {"type": "Feature", "id": "way/698110668", "properties": {"import": "yes", "landuse": "forest", "natural": "wetland", "source": "NV NMD2018", "@id": "way/698110668", "@type": "way", "osm_id": 698110668}, "geometry": {"type": "Polygon", "coordinates": [[[12.9908135, 63.1457977], [12.9905845, 63.1457977], [12.9908135, 63.1460267], [12.9910997, 63.1460267], [12.9912714, 63.1462556], [12.9915863, 63.1461411], [12.9917294, 63.1470284], [12.9921873, 63.1463701], [12.9925308, 63.1461984], [12.9923018, 63.1460267], [12.9920728, 63.1461411], [12.9919011, 63.1457977], [12.9917294, 63.1459122], [12.9915576, 63.1456832], [12.9910424, 63.1457977], [12.9908135, 63.1457977]]]}}, {"type": "Feature", "id": "way/698110670", "properties": {"import": "yes", "landuse": "forest", "natural": "wetland", "source": "NV NMD2018", "@id": "way/698110670", "@type": "way", "osm_id": 698110670}, "geometry": {"type": "Polygon", "coordinates": [[[12.9718082, 63.1454542], [12.9718082, 63.1456832], [12.9721517, 63.1457977], [12.9726096, 63.1456259], [12.9723234, 63.1454542], [12.9718082, 63.1454542]]]}}, {"type": "Feature", "id": "way/698110672", "properties": {"import": "yes", "landuse": "forest", "natural": "wetland", "source": "NV NMD2018", "@id": "way/698110672", "@type": "way", "osm_id": 698110672}, "geometry": {"type": "Polygon", "coordinates": [[[12.9239515, 63.150778], [12.9236653, 63.1507207], [12.9233791, 63.1507207], [12.9229211, 63.1507923], [12.923236, 63.1508352], [12.9235508, 63.1508352], [12.9237798, 63.1509497], [12.9239515, 63.1508925], [12.9239515, 63.150778]]]}}, {"type": "Feature", "id": "way/698110673", "properties": {"import": "yes", "landuse": "forest", "natural": "wetland", "source": "NV NMD2018", "@id": "way/698110673", "@type": "way", "osm_id": 698110673}, "geometry": {"type": "Polygon", "coordinates": [[[12.9252109, 63.147973], [12.9254685, 63.147973], [12.9257834, 63.1476295], [12.9260123, 63.147515], [12.9257261, 63.1474005], [12.9254399, 63.1474578], [12.9253826, 63.147515], [12.9252109, 63.147973]]]}}, {"type": "Feature", "id": "way/698110675", "properties": {"import": "yes", "landuse": "forest", "natural": "wetland", "source": "NV NMD2018", "@id": "way/698110675", "@type": "way", "osm_id": 698110675}, "geometry": {"type": "Polygon", "coordinates": [[[12.9640801, 63.1459122], [12.9640229, 63.1459694], [12.9641946, 63.1460267], [12.9644808, 63.1457404], [12.9643377, 63.1456832], [12.9640801, 63.1459122]]]}}, {"type": "Feature", "id": "way/698110676", "properties": {"import": "yes", "landuse": "forest", "natural": "wetland", "source": "NV NMD2018", "@id": "way/698110676", "@type": "way", "osm_id": 698110676}, "geometry": {"type": "Polygon", "coordinates": [[[12.9391786, 63.1462556], [12.9394076, 63.1462556], [12.9392931, 63.1461411], [12.9390928, 63.1460267], [12.9388924, 63.1459122], [12.9386062, 63.1460839], [12.9388924, 63.1461411], [12.9390069, 63.1462556], [12.9391786, 63.1462556]]]}}, {"type": "Feature", "id": "way/698110684", "properties": {"import": "yes", "landuse": "forest", "natural": "wetland", "source": "NV NMD2018", "@id": "way/698110684", "@type": "way", "osm_id": 698110684}, "geometry": {"type": "Polygon", "coordinates": [[[12.9566956, 63.1463701], [12.9571535, 63.1463701], [12.9576115, 63.1462843], [12.957497, 63.1460267], [12.957268, 63.1460267], [12.9569102, 63.1462556], [12.9566956, 63.1463129], [12.9566956, 63.1463701]]]}}, {"type": "Feature", "id": "way/698110687", "properties": {"import": "yes", "landuse": "forest", "natural": "wetland", "source": "NV NMD2018", "@id": "way/698110687", "@type": "way", "osm_id": 698110687}, "geometry": {"type": "Polygon", "coordinates": [[[12.9544634, 63.1473872], [12.9545203, 63.1475723], [12.9545203, 63.1477869], [12.9546347, 63.1478585], [12.9547492, 63.147744], [12.9553217, 63.147515], [12.9552644, 63.147286], [12.9552072, 63.1472002], [12.9556365, 63.1470571], [12.9560086, 63.1467565], [12.955751, 63.1467136], [12.9554362, 63.1468281], [12.9552072, 63.1467995], [12.9547492, 63.1471143], [12.954921, 63.1471716], [12.9549782, 63.147286], [12.954692, 63.1474005], [12.9544634, 63.1473872]]]}}, {"type": "Feature", "id": "way/698110688", "properties": {"import": "yes", "landuse": "forest", "natural": "wetland", "source": "NV NMD2018", "@id": "way/698110688", "@type": "way", "osm_id": 698110688}, "geometry": {"type": "Polygon", "coordinates": [[[12.9765023, 63.1474005], [12.9768457, 63.1474005], [12.9767026, 63.147286], [12.9763878, 63.1471716], [12.9762733, 63.147286], [12.9763735, 63.1474005], [12.9765023, 63.1474005]]]}}, {"type": "Feature", "id": "way/698110699", "properties": {"import": "yes", "landuse": "forest", "natural": "wetland", "source": "NV NMD2018", "@id": "way/698110699", "@type": "way", "osm_id": 698110699}, "geometry": {"type": "Polygon", "coordinates": [[[12.912617, 63.1480875], [12.9125026, 63.1480875], [12.9123881, 63.1482592], [12.9120446, 63.1483737], [12.9118156, 63.1486885], [12.9121591, 63.1486027], [12.9123308, 63.1484309], [12.9125026, 63.1485454], [12.912846, 63.1483165], [12.913075, 63.1482592], [12.9131895, 63.1480875], [12.912617, 63.1480875]]]}}, {"type": "Feature", "id": "way/698110701", "properties": {"import": "yes", "landuse": "forest", "natural": "wetland", "source": "NV NMD2018", "@id": "way/698110701", "@type": "way", "osm_id": 698110701}, "geometry": {"type": "Polygon", "coordinates": [[[12.9275007, 63.1486027], [12.9278442, 63.1486599], [12.9285311, 63.1486027], [12.9283594, 63.1485454], [12.9283021, 63.1484309], [12.9281304, 63.1483165], [12.9275007, 63.1486027]]]}}, {"type": "Feature", "id": "way/698110703", "properties": {"import": "yes", "landuse": "forest", "natural": "wetland", "source": "NV NMD2018", "@id": "way/698110703", "@type": "way", "osm_id": 698110703}, "geometry": {"type": "Polygon", "coordinates": [[[12.9204023, 63.1487744], [12.9205168, 63.1489461], [12.9206027, 63.1491179], [12.9209748, 63.1490034], [12.9209175, 63.1487744], [12.9204023, 63.1487744]]]}}, {"type": "Feature", "id": "way/698110704", "properties": {"import": "yes", "landuse": "forest", "natural": "wetland", "source": "NV NMD2018", "@id": "way/698110704", "@type": "way", "osm_id": 698110704}, "geometry": {"type": "Polygon", "coordinates": [[[12.9202879, 63.1488889], [12.9196009, 63.1487744], [12.9193147, 63.1488889], [12.919143, 63.1488317], [12.9192574, 63.1487744], [12.9193719, 63.1485168], [12.9190285, 63.1486599], [12.918914, 63.1489175], [12.9190285, 63.1490606], [12.9189998, 63.1492324], [12.9192002, 63.1493469], [12.9196009, 63.1490034], [12.9197726, 63.1493469], [12.9201877, 63.1491179], [12.9202879, 63.1488889]]]}}, {"type": "Feature", "id": "way/698110705", "properties": {"import": "yes", "landuse": "forest", "natural": "wetland", "source": "NV NMD2018", "@id": "way/698110705", "@type": "way", "osm_id": 698110705}, "geometry": {"type": "Polygon", "coordinates": [[[12.9999756, 63.148889], [13.0, 63.1487744], [12.9997437, 63.1486599], [12.9989422, 63.1488317], [12.9987132, 63.1489461], [12.9977401, 63.1491179], [12.9975111, 63.1490034], [12.9972535, 63.1490034], [12.9968242, 63.1490034], [12.9969387, 63.1492324], [12.9973394, 63.1493469], [12.9991712, 63.1490606], [12.9996292, 63.1488889], [12.9999756, 63.148889]]]}}, {"type": "Feature", "id": "way/698110706", "properties": {"import": "yes", "landuse": "forest", "natural": "wetland", "source": "NV NMD2018", "@id": "way/698110706", "@type": "way", "osm_id": 698110706}, "geometry": {"type": "Polygon", "coordinates": [[[12.9230356, 63.1530105], [12.9228066, 63.1530105], [12.9225776, 63.1530964], [12.9228066, 63.1532395], [12.9230356, 63.1530105]]]}}, {"type": "Feature", "id": "way/698110709", "properties": {"import": "yes", "landuse": "forest", "natural": "wetland", "source": "NV NMD2018", "@id": "way/698110709", "@type": "way", "osm_id": 698110709}, "geometry": {"type": "Polygon", "coordinates": [[[12.9112432, 63.1572466], [12.9112432, 63.1571322], [12.9110714, 63.1570177], [12.9107852, 63.1571894], [12.9108997, 63.1573611], [12.9110714, 63.1572466], [12.9112432, 63.1572466]]]}}, {"type": "Feature", "id": "way/698110711", "properties": {"import": "yes", "landuse": "forest", "natural": "wetland", "source": "NV NMD2018", "@id": "way/698110711", "@type": "way", "osm_id": 698110711}, "geometry": {"type": "Polygon", "coordinates": [[[12.9375758, 63.1493469], [12.9375208, 63.1493553], [12.9377046, 63.1495758], [12.9379193, 63.1493469], [12.9375758, 63.1493469]]]}}, {"type": "Feature", "id": "way/698110719", "properties": {"import": "yes", "landuse": "forest", "natural": "wetland", "source": "NV NMD2018", "@id": "way/698110719", "@type": "way", "osm_id": 698110719}, "geometry": {"type": "Polygon", "coordinates": [[[12.918456, 63.1496903], [12.918456, 63.1498048], [12.919143, 63.1495186], [12.9187995, 63.1493469], [12.9185705, 63.1495186], [12.918456, 63.1496903]]]}}, {"type": "Feature", "id": "way/698110721", "properties": {"import": "yes", "landuse": "forest", "natural": "wetland", "source": "NV NMD2018", "@id": "way/698110721", "@type": "way", "osm_id": 698110721}, "geometry": {"type": "Polygon", "coordinates": [[[12.9241805, 63.1500338], [12.9241805, 63.1499766], [12.9240946, 63.1499193], [12.9237225, 63.1501483], [12.9236081, 63.1500052], [12.9235222, 63.1499193], [12.9231215, 63.1501483], [12.9232646, 63.1502628], [12.924066, 63.1502055], [12.9241805, 63.1500338]]]}}, {"type": "Feature", "id": "way/698110723", "properties": {"import": "yes", "landuse": "forest", "natural": "wetland", "source": "NV NMD2018", "@id": "way/698110723", "@type": "way", "osm_id": 698110723}, "geometry": {"type": "Polygon", "coordinates": [[[12.9230356, 63.1502628], [12.9230356, 63.1502055], [12.9229068, 63.1501483], [12.9228066, 63.1500338], [12.9225776, 63.1500338], [12.9224632, 63.1497762], [12.9218335, 63.1499193], [12.9216617, 63.150091], [12.9216045, 63.1502628], [12.92149, 63.1501483], [12.9214327, 63.15032], [12.921032, 63.1504918], [12.9206313, 63.150549], [12.9212038, 63.1506062], [12.92149, 63.1506062], [12.9215472, 63.1506635], [12.9220052, 63.1507207], [12.9225776, 63.1507207], [12.9225204, 63.1506062], [12.9222342, 63.150549], [12.9223487, 63.1504345], [12.9230356, 63.1502628]]]}}, {"type": "Feature", "id": "way/698110727", "properties": {"import": "yes", "landuse": "forest", "natural": "wetland", "source": "NV NMD2018", "@id": "way/698110727", "@type": "way", "osm_id": 698110727}, "geometry": {"type": "Polygon", "coordinates": [[[12.9331107, 63.1512932], [12.9340839, 63.1512932], [12.9341411, 63.1508925], [12.9340839, 63.1508352], [12.9328817, 63.150778], [12.9327968, 63.1505555], [12.9324982, 63.1508327], [12.9327386, 63.1509497], [12.9329819, 63.1512932], [12.9331107, 63.1512932]]]}}, {"type": "Feature", "id": "way/698110729", "properties": {"import": "yes", "landuse": "forest", "natural": "wetland", "source": "NV NMD2018", "@id": "way/698110729", "@type": "way", "osm_id": 698110729}, "geometry": {"type": "Polygon", "coordinates": [[[12.9194864, 63.1502628], [12.9198299, 63.1502628], [12.9201734, 63.1501483], [12.9200875, 63.1500338], [12.9194864, 63.1502055], [12.9194864, 63.1502628]]]}}, {"type": "Feature", "id": "way/698110730", "properties": {"import": "yes", "landuse": "forest", "natural": "wetland", "source": "NV NMD2018", "@id": "way/698110730", "@type": "way", "osm_id": 698110730}, "geometry": {"type": "Polygon", "coordinates": [[[12.9841731, 63.1556438], [12.9841731, 63.15593], [12.9843877, 63.1562162], [12.9845165, 63.156388], [12.9848028, 63.1565597], [12.985089, 63.1562735], [12.9852035, 63.1559873], [12.9856614, 63.1562162], [12.9858904, 63.1562162], [12.9858332, 63.1558728], [12.985318, 63.1557869], [12.9850317, 63.1558728], [12.9847455, 63.1558155], [12.9848886, 63.1556438], [12.9846167, 63.1553003], [12.984402, 63.1553003], [12.9845165, 63.1554148], [12.984631, 63.1555293], [12.9845738, 63.1556438], [12.9844593, 63.1557583], [12.9843448, 63.1556438], [12.9841731, 63.1556438]]]}}, {"type": "Feature", "id": "way/698110731", "properties": {"import": "yes", "landuse": "forest", "natural": "wetland", "source": "NV NMD2018", "@id": "way/698110731", "@type": "way", "osm_id": 698110731}, "geometry": {"type": "Polygon", "coordinates": [[[12.9973394, 63.1515222], [12.9972249, 63.1515222], [12.9973966, 63.1517511], [12.9975684, 63.1518084], [12.9979691, 63.1518656], [12.9983698, 63.1518084], [12.9973394, 63.1515222]]]}}, {"type": "Feature", "id": "way/698110734", "properties": {"import": "yes", "landuse": "forest", "natural": "wetland", "source": "NV NMD2018", "@id": "way/698110734", "@type": "way", "osm_id": 698110734}, "geometry": {"type": "Polygon", "coordinates": [[[12.9901265, 63.1522091], [12.9908135, 63.1523236], [12.9915576, 63.1523236], [12.9919011, 63.1524381], [12.9921873, 63.1523808], [12.9920156, 63.1523236], [12.9919584, 63.1522091], [12.9917294, 63.1522091], [12.9901265, 63.1522091]]]}}, {"type": "Feature", "id": "way/698110740", "properties": {"import": "yes", "landuse": "forest", "natural": "wetland", "source": "NV NMD2018", "@id": "way/698110740", "@type": "way", "osm_id": 698110740}, "geometry": {"type": "Polygon", "coordinates": [[[12.9134185, 63.153812], [12.9131895, 63.153812], [12.9124739, 63.1541554], [12.9123022, 63.1541554], [12.9113577, 63.1544989], [12.9123881, 63.1544416], [12.912846, 63.1543272], [12.9129605, 63.1542127], [12.9136475, 63.1540982], [12.9134757, 63.1540409], [12.9134185, 63.153812]]]}}, {"type": "Feature", "id": "way/698110742", "properties": {"import": "yes", "landuse": "forest", "natural": "wetland", "source": "NV NMD2018", "@id": "way/698110742", "@type": "way", "osm_id": 698110742}, "geometry": {"type": "Polygon", "coordinates": [[[12.982513, 63.1539264], [12.9823985, 63.1539264], [12.9823412, 63.153812], [12.9821123, 63.1540409], [12.9822554, 63.1542699], [12.982513, 63.1539264]]]}}, {"type": "Feature", "id": "way/698110745", "properties": {"import": "yes", "landuse": "forest", "natural": "wetland", "source": "NV NMD2018", "@id": "way/698110745", "@type": "way", "osm_id": 698110745}, "geometry": {"type": "Polygon", "coordinates": [[[12.9275007, 63.1543844], [12.9275007, 63.1542699], [12.9273719, 63.1541554], [12.9270427, 63.1539264], [12.9269282, 63.1540982], [12.9270427, 63.1542699], [12.927329, 63.1543844], [12.9275007, 63.1543844]]]}}, {"type": "Feature", "id": "way/698110746", "properties": {"import": "yes", "landuse": "forest", "natural": "wetland", "source": "NV NMD2018", "@id": "way/698110746", "@type": "way", "osm_id": 698110746}, "geometry": {"type": "Polygon", "coordinates": [[[12.9044883, 63.1544989], [12.9042593, 63.1543844], [12.9039158, 63.1542699], [12.9041448, 63.1544989], [12.9043309, 63.1547279], [12.9044024, 63.1547279], [12.9044883, 63.1544989]]]}}, {"type": "Feature", "id": "way/698110748", "properties": {"import": "yes", "landuse": "forest", "natural": "wetland", "source": "NV NMD2018", "@id": "way/698110748", "@type": "way", "osm_id": 698110748}, "geometry": {"type": "Polygon", "coordinates": [[[12.9089534, 63.1544989], [12.9098693, 63.1548424], [12.9108425, 63.1548424], [12.9109569, 63.1549569], [12.9110142, 63.1548424], [12.9109569, 63.1547279], [12.9105562, 63.1547279], [12.9102128, 63.1546563], [12.9102128, 63.1545561], [12.9100803, 63.1545534], [12.9098433, 63.1544541], [12.9092102, 63.1544226], [12.9089534, 63.1544989]]]}}, {"type": "Feature", "id": "way/698110753", "properties": {"import": "yes", "landuse": "forest", "natural": "wetland", "source": "NV NMD2018", "@id": "way/698110753", "@type": "way", "osm_id": 698110753}, "geometry": {"type": "Polygon", "coordinates": [[[12.9196009, 63.15593], [12.9195437, 63.1558728], [12.9194864, 63.1557583], [12.9196009, 63.1556152], [12.9200589, 63.1554148], [12.9196009, 63.1554148], [12.9192574, 63.1555293], [12.9190285, 63.155701], [12.9192002, 63.1557583], [12.9194721, 63.1561017], [12.9196009, 63.15593]]]}}, {"type": "Feature", "id": "way/698110754", "properties": {"import": "yes", "landuse": "forest", "natural": "wetland", "source": "NV NMD2018", "@id": "way/698110754", "@type": "way", "osm_id": 698110754}, "geometry": {"type": "Polygon", "coordinates": [[[12.9244095, 63.1560731], [12.9239515, 63.1559873], [12.924066, 63.1564452], [12.9242807, 63.1563307], [12.9244095, 63.1560731]]]}}, {"type": "Feature", "id": "way/698110757", "properties": {"import": "yes", "landuse": "forest", "natural": "wetland", "source": "NV NMD2018", "@id": "way/698110757", "@type": "way", "osm_id": 698110757}, "geometry": {"type": "Polygon", "coordinates": [[[12.9099838, 63.1602234], [12.9093255, 63.1602234], [12.9096403, 63.1603379], [12.9099838, 63.1603379], [12.9102128, 63.1602663], [12.9100983, 63.1602234], [12.9099838, 63.1602234]]]}}, {"type": "Feature", "id": "way/698110758", "properties": {"import": "yes", "landuse": "forest", "natural": "wetland", "source": "NV NMD2018", "@id": "way/698110758", "@type": "way", "osm_id": 698110758}, "geometry": {"type": "Polygon", "coordinates": [[[12.9102128, 63.1569032], [12.910499, 63.1569032], [12.9103273, 63.1565597], [12.9099838, 63.1567887], [12.910084, 63.1569032], [12.9102128, 63.1569032]]]}}, {"type": "Feature", "id": "way/698110760", "properties": {"import": "yes", "landuse": "forest", "natural": "wetland", "source": "NV NMD2018", "@id": "way/698110760", "@type": "way", "osm_id": 698110760}, "geometry": {"type": "Polygon", "coordinates": [[[12.9854325, 63.1569032], [12.9854325, 63.1569604], [12.9856614, 63.1570177], [12.9858904, 63.1569747], [12.9862339, 63.1568459], [12.9864056, 63.1565597], [12.9864342, 63.1563307], [12.9863484, 63.1563737], [12.9858045, 63.1564452], [12.9857759, 63.1567887], [12.9854325, 63.1569032]]]}}, {"type": "Feature", "id": "way/698110762", "properties": {"import": "yes", "landuse": "forest", "natural": "wetland", "source": "NV NMD2018", "@id": "way/698110762", "@type": "way", "osm_id": 698110762}, "geometry": {"type": "Polygon", "coordinates": [[[12.9728386, 63.1565597], [12.9726096, 63.1565597], [12.9723806, 63.1567314], [12.9728386, 63.1566742], [12.9728386, 63.1565597]]]}}, {"type": "Feature", "id": "way/698110764", "properties": {"import": "yes", "landuse": "forest", "natural": "wetland", "source": "NV NMD2018", "@id": "way/698110764", "@type": "way", "osm_id": 698110764}, "geometry": {"type": "Polygon", "coordinates": [[[12.9334542, 63.1569032], [12.9335686, 63.1569032], [12.934227, 63.1569032], [12.9347708, 63.1569032], [12.934828, 63.1571322], [12.935057, 63.1571322], [12.935286, 63.156989], [12.9351572, 63.1569032], [12.9349998, 63.1567887], [12.9344846, 63.1566742], [12.9334542, 63.1568459], [12.9334542, 63.1569032]]]}}, {"type": "Feature", "id": "way/698110765", "properties": {"import": "yes", "landuse": "forest", "natural": "wetland", "source": "NV NMD2018", "@id": "way/698110765", "@type": "way", "osm_id": 698110765}, "geometry": {"type": "Polygon", "coordinates": [[[12.9204023, 63.1642305], [12.9200016, 63.1642305], [12.9196009, 63.1642734], [12.9198299, 63.164345], [12.9201161, 63.164345], [12.9205741, 63.164574], [12.9209748, 63.1646885], [12.9209175, 63.164574], [12.9207458, 63.1645167], [12.9217762, 63.1645167], [12.9216617, 63.1642878], [12.9214327, 63.1642305], [12.9208603, 63.164345], [12.9206313, 63.164345], [12.9204023, 63.1642305]]]}}, {"type": "Feature", "id": "way/698110766", "properties": {"import": "yes", "landuse": "forest", "natural": "wetland", "source": "NV NMD2018", "@id": "way/698110766", "@type": "way", "osm_id": 698110766}, "geometry": {"type": "Polygon", "coordinates": [[[12.990012, 63.1574756], [12.9897831, 63.1574756], [12.990012, 63.1577046], [12.9903555, 63.1577332], [12.9902983, 63.1574756], [12.990012, 63.1574756]]]}}, {"type": "Feature", "id": "way/698110768", "properties": {"import": "yes", "landuse": "forest", "natural": "wetland", "source": "NV NMD2018", "@id": "way/698110768", "@type": "way", "osm_id": 698110768}, "geometry": {"type": "Polygon", "coordinates": [[[12.9816543, 63.1574756], [12.9813108, 63.1574756], [12.9811963, 63.1580481], [12.9812965, 63.1583915], [12.9814253, 63.1583486], [12.9817115, 63.1581626], [12.9817688, 63.158277], [12.9815398, 63.1585633], [12.98164, 63.1586205], [12.9817688, 63.1585776], [12.9818833, 63.158506], [12.9819978, 63.1582198], [12.9819405, 63.1579336], [12.9814253, 63.1578763], [12.9815398, 63.1578191], [12.9816543, 63.1574756]]]}}, {"type": "Feature", "id": "way/698110771", "properties": {"import": "yes", "landuse": "forest", "natural": "wetland", "source": "NV NMD2018", "@id": "way/698110771", "@type": "way", "osm_id": 698110771}, "geometry": {"type": "Polygon", "coordinates": [[[12.9170821, 63.1578763], [12.9173111, 63.1579336], [12.9175401, 63.1577046], [12.9180267, 63.1574756], [12.9180553, 63.1572466], [12.9177691, 63.1571322], [12.9173111, 63.1573039], [12.9167387, 63.1574184], [12.9165097, 63.1575472], [12.9167101, 63.1575901], [12.9169104, 63.1575901], [12.9170821, 63.1578763]]]}}, {"type": "Feature", "id": "way/698110782", "properties": {"import": "yes", "landuse": "forest", "natural": "wetland", "source": "NV NMD2018", "@id": "way/698110782", "@type": "way", "osm_id": 698110782}, "geometry": {"type": "Polygon", "coordinates": [[[12.9179981, 63.158277], [12.9179981, 63.1583343], [12.9181269, 63.1583915], [12.918227, 63.1584488], [12.9181125, 63.1586205], [12.9183272, 63.1586205], [12.918456, 63.1586778], [12.918227, 63.1588781], [12.9184417, 63.158964], [12.9187995, 63.1588495], [12.9190285, 63.1586205], [12.9188854, 63.158506], [12.9185705, 63.1583915], [12.9183988, 63.158277], [12.9179981, 63.158277]]]}}, {"type": "Feature", "id": "way/698110783", "properties": {"import": "yes", "landuse": "forest", "natural": "wetland", "source": "NV NMD2018", "@id": "way/698110783", "@type": "way", "osm_id": 698110783}, "geometry": {"type": "Polygon", "coordinates": [[[12.9181698, 63.1593075], [12.918227, 63.158964], [12.9179981, 63.1591357], [12.9181698, 63.1593075]]]}}, {"type": "Feature", "id": "way/698110784", "properties": {"import": "yes", "landuse": "forest", "natural": "wetland", "source": "NV NMD2018", "@id": "way/698110784", "@type": "way", "osm_id": 698110784}, "geometry": {"type": "Polygon", "coordinates": [[[12.9171966, 63.1590785], [12.9168532, 63.1590785], [12.9166242, 63.1592931], [12.9166242, 63.1595078], [12.9167387, 63.1597082], [12.9166242, 63.1598799], [12.9173111, 63.1598227], [12.9170821, 63.1596509], [12.9168532, 63.1593075], [12.9171966, 63.1591214], [12.9171966, 63.1590785]]]}}, {"type": "Feature", "id": "way/698110786", "properties": {"import": "yes", "landuse": "forest", "natural": "wetland", "source": "NV NMD2018", "@id": "way/698110786", "@type": "way", "osm_id": 698110786}, "geometry": {"type": "Polygon", "coordinates": [[[12.9289891, 63.1588781], [12.9289891, 63.158964], [12.9291608, 63.1590785], [12.9293325, 63.158964], [12.9292753, 63.1588495], [12.9289891, 63.1588781]]]}}, {"type": "Feature", "id": "way/698110787", "properties": {"import": "yes", "landuse": "forest", "natural": "wetland", "source": "NV NMD2018", "@id": "way/698110787", "@type": "way", "osm_id": 698110787}, "geometry": {"type": "Polygon", "coordinates": [[[12.9281876, 63.158964], [12.9281876, 63.1587064], [12.927973, 63.1586205], [12.9275579, 63.158735], [12.9273862, 63.1586205], [12.9272431, 63.158506], [12.926871, 63.158735], [12.9267565, 63.1586205], [12.9265562, 63.1586205], [12.9263558, 63.158735], [12.9266134, 63.1588495], [12.926871, 63.1588495], [12.9270427, 63.1590785], [12.9272717, 63.159193], [12.9275007, 63.1592502], [12.9276152, 63.1590785], [12.9281876, 63.158964]]]}}, {"type": "Feature", "id": "way/698110790", "properties": {"import": "yes", "landuse": "forest", "natural": "wetland", "source": "NV NMD2018", "@id": "way/698110790", "@type": "way", "osm_id": 698110790}, "geometry": {"type": "Polygon", "coordinates": [[[12.9247529, 63.159193], [12.9247529, 63.1590785], [12.9241805, 63.1591357], [12.9239515, 63.1593075], [12.9231501, 63.1594219], [12.9227494, 63.1595364], [12.9224632, 63.1597654], [12.9222914, 63.1595364], [12.9220052, 63.1595364], [12.9219766, 63.1597654], [12.9221197, 63.1598799], [12.9218907, 63.1599944], [12.9216617, 63.1602234], [12.9220052, 63.1603379], [12.9223487, 63.1602234], [12.9224632, 63.1600516], [12.9226921, 63.1598799], [12.9232073, 63.1597654], [12.9237225, 63.1597654], [12.9236653, 63.1596509], [12.9233791, 63.1595937], [12.9241805, 63.1594219], [12.9244095, 63.1592502], [12.9247529, 63.159193]]]}}, {"type": "Feature", "id": "way/698110794", "properties": {"import": "yes", "landuse": "forest", "natural": "wetland", "source": "NV NMD2018", "@id": "way/698110794", "@type": "way", "osm_id": 698110794}, "geometry": {"type": "Polygon", "coordinates": [[[12.9287601, 63.1590785], [12.9285311, 63.1590785], [12.9278585, 63.1593075], [12.9277297, 63.1593504], [12.9280159, 63.1594219], [12.9283021, 63.1593647], [12.9287601, 63.1590785]]]}}, {"type": "Feature", "id": "way/698110801", "properties": {"import": "yes", "landuse": "forest", "natural": "wetland", "source": "NV NMD2018", "@id": "way/698110801", "@type": "way", "osm_id": 698110801}, "geometry": {"type": "Polygon", "coordinates": [[[12.903143, 63.1596509], [12.9032289, 63.1597654], [12.9039731, 63.1595364], [12.9041448, 63.1596509], [12.9047173, 63.1594792], [12.90466, 63.1594219], [12.9042593, 63.1593504], [12.9040876, 63.1593075], [12.9038586, 63.159193], [12.9034865, 63.159193], [12.9031144, 63.1593647], [12.9031144, 63.1595364], [12.903143, 63.1596509]]]}}, {"type": "Feature", "id": "way/698110805", "properties": {"import": "yes", "landuse": "forest", "natural": "wetland", "source": "NV NMD2018", "@id": "way/698110805", "@type": "way", "osm_id": 698110805}, "geometry": {"type": "Polygon", "coordinates": [[[12.9760443, 63.1604524], [12.9760443, 63.1605096], [12.9761588, 63.1605668], [12.9762733, 63.1605239], [12.9764164, 63.1603379], [12.976216, 63.1602234], [12.9761015, 63.1604524], [12.9760443, 63.1604524]]]}}, {"type": "Feature", "id": "way/698110814", "properties": {"import": "yes", "landuse": "forest", "natural": "wetland", "source": "NV NMD2018", "@id": "way/698110814", "@type": "way", "osm_id": 698110814}, "geometry": {"type": "Polygon", "coordinates": [[[12.9313933, 63.1603665], [12.9316223, 63.1603379], [12.9315651, 63.1597654], [12.9310499, 63.1599085], [12.9308209, 63.1600516], [12.9310499, 63.1601089], [12.9313361, 63.1599944], [12.9313933, 63.1603665]]]}}, {"type": "Feature", "id": "way/698110815", "properties": {"import": "yes", "landuse": "forest", "natural": "wetland", "source": "NV NMD2018", "@id": "way/698110815", "@type": "way", "osm_id": 698110815}, "geometry": {"type": "Polygon", "coordinates": [[[12.9057477, 63.1606813], [12.905948, 63.1607958], [12.9061484, 63.1607958], [12.9063774, 63.1609103], [12.9065491, 63.1606241], [12.9064346, 63.1602234], [12.9063058, 63.1601089], [12.9060911, 63.1601948], [12.9062056, 63.1605096], [12.9057477, 63.1606813]]]}}, {"type": "Feature", "id": "way/698110816", "properties": {"import": "yes", "landuse": "forest", "natural": "wetland", "source": "NV NMD2018", "@id": "way/698110816", "@type": "way", "osm_id": 698110816}, "geometry": {"type": "Polygon", "coordinates": [[[12.9755291, 63.1605668], [12.9754719, 63.1607958], [12.9756722, 63.1610248], [12.9758153, 63.161082], [12.9754719, 63.1612252], [12.9756436, 63.1613683], [12.9760443, 63.1612538], [12.9759871, 63.1609103], [12.9758153, 63.1607958], [12.9757008, 63.1605668], [12.9755291, 63.1605668]]]}}, {"type": "Feature", "id": "way/698110819", "properties": {"import": "yes", "landuse": "forest", "natural": "wetland", "source": "NV NMD2018", "@id": "way/698110819", "@type": "way", "osm_id": 698110819}, "geometry": {"type": "Polygon", "coordinates": [[[12.9562376, 63.1604524], [12.9562376, 63.1605096], [12.9564093, 63.1605668], [12.9565954, 63.1605668], [12.9567814, 63.1604524], [12.9564666, 63.1604524], [12.9562376, 63.1604524]]]}}, {"type": "Feature", "id": "way/698110821", "properties": {"import": "yes", "landuse": "forest", "natural": "wetland", "source": "NV NMD2018", "@id": "way/698110821", "@type": "way", "osm_id": 698110821}, "geometry": {"type": "Polygon", "coordinates": [[[12.9541482, 63.1636581], [12.9540623, 63.1636581], [12.9541768, 63.163887], [12.9544058, 63.1637726], [12.9543485, 63.1636581], [12.9541482, 63.1636581]]]}}, {"type": "Feature", "id": "way/698110823", "properties": {"import": "yes", "landuse": "forest", "natural": "wetland", "source": "NV NMD2018", "@id": "way/698110823", "@type": "way", "osm_id": 698110823}, "geometry": {"type": "Polygon", "coordinates": [[[12.9264703, 63.1604524], [12.9266993, 63.1609103], [12.9269282, 63.1606813], [12.9271572, 63.1607958], [12.9272717, 63.1606241], [12.9271572, 63.1604524], [12.9270427, 63.1602234], [12.9264703, 63.1604524]]]}}, {"type": "Feature", "id": "way/698110835", "properties": {"import": "yes", "landuse": "forest", "natural": "wetland", "source": "NV NMD2018", "@id": "way/698110835", "@type": "way", "osm_id": 698110835}, "geometry": {"type": "Polygon", "coordinates": [[[12.9078085, 63.1625132], [12.9078085, 63.1623987], [12.907465, 63.1622269], [12.9078085, 63.1621697], [12.9080375, 63.1620552], [12.9082664, 63.1621125], [12.9084382, 63.1621697], [12.9085527, 63.1623987], [12.908753, 63.1622842], [12.9092968, 63.1621697], [12.9091824, 63.1619407], [12.9089534, 63.1618262], [12.9087816, 63.1619407], [12.9086672, 63.1618262], [12.9079802, 63.1615972], [12.907923, 63.1614828], [12.9076367, 63.1613683], [12.9073505, 63.1615972], [12.907236, 63.1618262], [12.9070071, 63.1620552], [12.9066636, 63.1619407], [12.9064346, 63.1621125], [12.906177, 63.1625132], [12.9065491, 63.1623987], [12.9071788, 63.1625132], [12.9078085, 63.1625132]]]}}, {"type": "Feature", "id": "way/698110838", "properties": {"import": "yes", "landuse": "forest", "natural": "wetland", "source": "NV NMD2018", "@id": "way/698110838", "@type": "way", "osm_id": 698110838}, "geometry": {"type": "Polygon", "coordinates": [[[12.901855, 63.1621697], [12.9017119, 63.1621697], [12.9015116, 63.1622126], [12.9012826, 63.1623414], [12.9015116, 63.1623987], [12.9017405, 63.1623414], [12.901855, 63.1621697]]]}}, {"type": "Feature", "id": "way/698110842", "properties": {"import": "yes", "landuse": "forest", "natural": "wetland", "source": "NV NMD2018", "@id": "way/698110842", "@type": "way", "osm_id": 698110842}, "geometry": {"type": "Polygon", "coordinates": [[[12.901855, 63.1621697], [12.9019695, 63.1621697], [12.902084, 63.161998], [12.9019123, 63.1619407], [12.9017405, 63.1618549], [12.9015116, 63.1618835], [12.9014829, 63.1620552], [12.9017835, 63.1620552], [12.901855, 63.1621697]]]}}, {"type": "Feature", "id": "way/698110887", "properties": {"import": "yes", "landuse": "forest", "natural": "wetland", "source": "NV NMD2018", "@id": "way/698110887", "@type": "way", "osm_id": 698110887}, "geometry": {"type": "Polygon", "coordinates": [[[12.9980263, 63.10461], [12.9985988, 63.1044955], [12.9980263, 63.1045242], [12.9980263, 63.10461]]]}}, {"type": "Feature", "id": "way/698110901", "properties": {"import": "yes", "landuse": "forest", "natural": "wetland", "source": "NV NMD2018", "@id": "way/698110901", "@type": "way", "osm_id": 698110901}, "geometry": {"type": "Polygon", "coordinates": [[[12.951887, 63.114313], [12.9519442, 63.114313], [12.9519729, 63.1144275], [12.9528029, 63.1141699], [12.9524594, 63.1140841], [12.952116, 63.1140841], [12.9512001, 63.1142272], [12.9513718, 63.114313], [12.9517153, 63.114313], [12.951887, 63.114313]]]}}, {"type": "Feature", "id": "way/698110906", "properties": {"import": "yes", "landuse": "forest", "natural": "wetland", "source": "NV NMD2018", "@id": "way/698110906", "@type": "way", "osm_id": 698110906}, "geometry": {"type": "Polygon", "coordinates": [[[12.9349425, 63.1219838], [12.9349425, 63.1216404], [12.9348996, 63.1212969], [12.9347708, 63.1217549], [12.9344846, 63.1219838], [12.9346563, 63.1220983], [12.9349425, 63.1219838]]]}}, {"type": "Feature", "id": "way/698110914", "properties": {"import": "yes", "landuse": "forest", "natural": "wetland", "source": "NV NMD2018", "@id": "way/698110914", "@type": "way", "osm_id": 698110914}, "geometry": {"type": "Polygon", "coordinates": [[[12.9340266, 63.1272504], [12.9343701, 63.127279], [12.9345991, 63.1270214], [12.9345418, 63.1269069], [12.9337976, 63.1269641], [12.9339694, 63.1270214], [12.9340266, 63.1272504]]]}}, {"type": "Feature", "id": "way/698110915", "properties": {"import": "yes", "landuse": "forest", "natural": "wetland", "source": "NV NMD2018", "@id": "way/698110915", "@type": "way", "osm_id": 698110915}, "geometry": {"type": "Polygon", "coordinates": [[[12.9414684, 63.1286242], [12.941125, 63.1286242], [12.9407815, 63.1286672], [12.9414684, 63.1287387], [12.9414684, 63.1286242]]]}}, {"type": "Feature", "id": "way/698110917", "properties": {"import": "yes", "landuse": "forest", "natural": "wetland", "source": "NV NMD2018", "@id": "way/698110917", "@type": "way", "osm_id": 698110917}, "geometry": {"type": "Polygon", "coordinates": [[[12.9916149, 63.1282808], [12.9916149, 63.1282235], [12.9915576, 63.1281663], [12.9912428, 63.1281663], [12.9909852, 63.1281663], [12.99047, 63.1282808], [12.9916149, 63.1282808]]]}}, {"type": "Feature", "id": "way/698110918", "properties": {"import": "yes", "landuse": "forest", "natural": "wetland", "source": "NV NMD2018", "@id": "way/698110918", "@type": "way", "osm_id": 698110918}, "geometry": {"type": "Polygon", "coordinates": [[[12.9333397, 63.1285097], [12.9333397, 63.1286242], [12.9333969, 63.1287387], [12.9337404, 63.1287387], [12.9340266, 63.1286529], [12.9338549, 63.1285097], [12.9333397, 63.1285097]]]}}, {"type": "Feature", "id": "way/698110919", "properties": {"import": "yes", "landuse": "forest", "natural": "wetland", "source": "NV NMD2018", "@id": "way/698110919", "@type": "way", "osm_id": 698110919}, "geometry": {"type": "Polygon", "coordinates": [[[12.9360874, 63.1287387], [12.9360874, 63.1288532], [12.9359729, 63.1289677], [12.9359157, 63.1287387], [12.9356295, 63.1289534], [12.9358871, 63.1290822], [12.9362019, 63.1289105], [12.9361447, 63.1287387], [12.9360874, 63.1287387]]]}}, {"type": "Feature", "id": "way/698110923", "properties": {"import": "yes", "landuse": "forest", "natural": "wetland", "source": "NV NMD2018", "@id": "way/698110923", "@type": "way", "osm_id": 698110923}, "geometry": {"type": "Polygon", "coordinates": [[[12.9652823, 63.1305706], [12.9649961, 63.1305706], [12.9647098, 63.1306564], [12.9649961, 63.1307995], [12.9652823, 63.1305706]]]}}, {"type": "Feature", "id": "way/698110924", "properties": {"import": "yes", "landuse": "forest", "natural": "wetland", "source": "NV NMD2018", "@id": "way/698110924", "@type": "way", "osm_id": 698110924}, "geometry": {"type": "Polygon", "coordinates": [[[12.9980263, 63.130685], [12.9983698, 63.1307137], [12.9985129, 63.1303416], [12.9985415, 63.1302271], [12.9985988, 63.1303416], [12.9987705, 63.1303416], [12.9987705, 63.1301126], [12.9985129, 63.1301126], [12.9982553, 63.1301985], [12.9978975, 63.1304561], [12.9976828, 63.1305419], [12.9978975, 63.1305706], [12.9980263, 63.130685]]]}}, {"type": "Feature", "id": "way/698110925", "properties": {"import": "yes", "landuse": "forest", "natural": "wetland", "source": "NV NMD2018", "@id": "way/698110925", "@type": "way", "osm_id": 698110925}, "geometry": {"type": "Polygon", "coordinates": [[[12.9365454, 63.1308854], [12.9361447, 63.130914], [12.935744, 63.1309999], [12.9360302, 63.131143], [12.9363164, 63.1310858], [12.9365454, 63.1308854]]]}}, {"type": "Feature", "id": "way/698110926", "properties": {"import": "yes", "landuse": "forest", "natural": "wetland", "source": "NV NMD2018", "@id": "way/698110926", "@type": "way", "osm_id": 698110926}, "geometry": {"type": "Polygon", "coordinates": [[[12.9566956, 63.1343487], [12.9566956, 63.1342915], [12.9564093, 63.1342342], [12.9559514, 63.1342342], [12.9557224, 63.1342342], [12.9561804, 63.1343487], [12.9566956, 63.1343487]]]}}, {"type": "Feature", "id": "way/698110932", "properties": {"import": "yes", "landuse": "forest", "natural": "wetland", "source": "NV NMD2018", "@id": "way/698110932", "@type": "way", "osm_id": 698110932}, "geometry": {"type": "Polygon", "coordinates": [[[12.9483378, 63.1382127], [12.9490247, 63.1382414], [12.9486813, 63.1381269], [12.9483378, 63.1382127]]]}}, {"type": "Feature", "id": "way/698110934", "properties": {"import": "yes", "landuse": "forest", "natural": "wetland", "source": "NV NMD2018", "@id": "way/698110934", "@type": "way", "osm_id": 698110934}, "geometry": {"type": "Polygon", "coordinates": [[[12.9118156, 63.1409319], [12.9126174, 63.140998], [12.9128105, 63.1407134], [12.9124509, 63.1405985], [12.9121018, 63.1407601], [12.9119301, 63.1406456], [12.9118156, 63.1407172], [12.9118156, 63.1409319]]]}}, {"type": "Feature", "id": "way/698110939", "properties": {"import": "yes", "landuse": "forest", "natural": "wetland", "source": "NV NMD2018", "@id": "way/698110939", "@type": "way", "osm_id": 698110939}, "geometry": {"type": "Polygon", "coordinates": [[[12.9858797, 63.1475835], [12.9858904, 63.1476868], [12.985904, 63.1477433], [12.985518, 63.1478355], [12.986607, 63.1478573], [12.9877184, 63.1479403], [12.9877882, 63.1477495], [12.9858797, 63.1475835]]]}}, {"type": "Feature", "id": "way/698110948", "properties": {"import": "yes", "landuse": "forest", "natural": "wetland", "source": "NV NMD2018", "@id": "way/698110948", "@type": "way", "osm_id": 698110948}, "geometry": {"type": "Polygon", "coordinates": [[[12.9363164, 63.1510642], [12.9364881, 63.1510642], [12.9366599, 63.150778], [12.9366599, 63.1504918], [12.9364881, 63.1506062], [12.9363164, 63.1510642]]]}}, {"type": "Feature", "id": "way/698110956", "properties": {"import": "yes", "landuse": "forest", "natural": "wetland", "source": "NV NMD2018", "@id": "way/698110956", "@type": "way", "osm_id": 698110956}, "geometry": {"type": "Polygon", "coordinates": [[[12.9777616, 63.1565597], [12.9775327, 63.1567744], [12.9777903, 63.1569032], [12.9780479, 63.1569032], [12.9781051, 63.1570177], [12.9783341, 63.1571322], [12.9785631, 63.1569604], [12.9783913, 63.1569032], [12.9782482, 63.1566742], [12.9779334, 63.1567887], [12.9777616, 63.1565597]]]}}, {"type": "Feature", "id": "way/698110964", "properties": {"import": "yes", "landuse": "forest", "natural": "wetland", "source": "NV NMD2018", "@id": "way/698110964", "@type": "way", "osm_id": 698110964}, "geometry": {"type": "Polygon", "coordinates": [[[12.9247529, 63.158964], [12.9255544, 63.158964], [12.9254971, 63.158735], [12.9252109, 63.158735], [12.9248674, 63.1588495], [12.9247529, 63.1589211], [12.9247529, 63.158964]]]}}, {"type": "Feature", "id": "way/699737033", "properties": {"import": "yes", "landuse": "forest", "natural": "wetland", "source": "NV NMD2018", "@id": "way/699737033", "@type": "way", "osm_id": 699737033}, "geometry": {"type": "Polygon", "coordinates": [[[12.8817048, 63.0392078], [12.8817621, 63.0394368], [12.8819338, 63.0393223], [12.88222, 63.0394368], [12.8825063, 63.0394368], [12.8823918, 63.0393223], [12.88222, 63.0392078], [12.8817048, 63.0392078]]]}}, {"type": "Feature", "id": "way/699737034", "properties": {"import": "yes", "landuse": "forest", "natural": "wetland", "source": "NV NMD2018", "@id": "way/699737034", "@type": "way", "osm_id": 699737034}, "geometry": {"type": "Polygon", "coordinates": [[[12.8511361, 63.0392078], [12.8507926, 63.0395513], [12.8513651, 63.0394941], [12.8512506, 63.0393223], [12.8511361, 63.0392078]]]}}, {"type": "Feature", "id": "way/699737048", "properties": {"import": "yes", "landuse": "forest", "natural": "wetland", "source": "NV NMD2018", "@id": "way/699737048", "@type": "way", "osm_id": 699737048}, "geometry": {"type": "Polygon", "coordinates": [[[12.8870859, 63.0431005], [12.8870286, 63.0431005], [12.8869714, 63.0432722], [12.8871431, 63.0435584], [12.8874866, 63.0436729], [12.8876583, 63.0433867], [12.8874293, 63.0434439], [12.8872003, 63.043215], [12.8870859, 63.0431005]]]}}, {"type": "Feature", "id": "way/699737049", "properties": {"import": "yes", "landuse": "forest", "natural": "wetland", "source": "NV NMD2018", "@id": "way/699737049", "@type": "way", "osm_id": 699737049}, "geometry": {"type": "Polygon", "coordinates": [[[12.8929248, 63.0452758], [12.8928103, 63.0451613], [12.8926386, 63.0450468], [12.8923524, 63.0450468], [12.8924669, 63.0452185], [12.8929248, 63.0452758]]]}}, {"type": "Feature", "id": "way/699737063", "properties": {"import": "yes", "landuse": "forest", "natural": "wetland", "source": "NV NMD2018", "@id": "way/699737063", "@type": "way", "osm_id": 699737063}, "geometry": {"type": "Polygon", "coordinates": [[[12.8937263, 63.0507713], [12.8935975, 63.0507713], [12.8934973, 63.0506568], [12.8932683, 63.050714], [12.8931538, 63.0508285], [12.89344, 63.0508858], [12.8937263, 63.0508142], [12.8937263, 63.0507713]]]}}, {"type": "Feature", "id": "way/699737099", "properties": {"import": "yes", "landuse": "forest", "natural": "wetland", "source": "NV NMD2018", "@id": "way/699737099", "@type": "way", "osm_id": 699737099}, "geometry": {"type": "Polygon", "coordinates": [[[12.8343061, 63.0666853], [12.8344206, 63.0664564], [12.8343634, 63.0663419], [12.8337337, 63.0664564], [12.8340485, 63.0666853], [12.8343061, 63.0666853]]]}}, {"type": "Feature", "id": "way/699737101", "properties": {"import": "yes", "landuse": "forest", "natural": "wetland", "source": "NV NMD2018", "@id": "way/699737101", "@type": "way", "osm_id": 699737101}, "geometry": {"type": "Polygon", "coordinates": [[[12.8968747, 63.0671433], [12.8971609, 63.0670288], [12.8972754, 63.0667998], [12.8970465, 63.0668571], [12.896932, 63.0670288], [12.8968747, 63.0671433]]]}}, {"type": "Feature", "id": "way/699737109", "properties": {"import": "yes", "landuse": "forest", "natural": "wetland", "source": "NV NMD2018", "@id": "way/699737109", "@type": "way", "osm_id": 699737109}, "geometry": {"type": "Polygon", "coordinates": [[[12.8973899, 63.0729823], [12.8977334, 63.0728678], [12.8979624, 63.0726388], [12.8983058, 63.0724671], [12.8979338, 63.0722953], [12.8977334, 63.0725243], [12.8974472, 63.0727533], [12.8973899, 63.0729823]]]}}, {"type": "Feature", "id": "way/699737120", "properties": {"import": "yes", "landuse": "forest", "natural": "wetland", "source": "NV NMD2018", "@id": "way/699737120", "@type": "way", "osm_id": 699737120}, "geometry": {"type": "Polygon", "coordinates": [[[12.8916654, 63.0987424], [12.8918944, 63.0989714], [12.8921234, 63.0990859], [12.8923524, 63.0990859], [12.8928103, 63.0990287], [12.8926386, 63.0989714], [12.8925241, 63.0987424], [12.8919517, 63.098628], [12.8916654, 63.0986995], [12.8916654, 63.0987424]]]}}, {"type": "Feature", "id": "way/699737130", "properties": {"import": "yes", "landuse": "forest", "natural": "wetland", "source": "NV NMD2018", "@id": "way/699737130", "@type": "way", "osm_id": 699737130}, "geometry": {"type": "Polygon", "coordinates": [[[12.8956726, 63.0783633], [12.8959016, 63.0781916], [12.8958443, 63.0780198], [12.8954436, 63.0780198], [12.8955581, 63.0781343], [12.8956726, 63.0783633]]]}}, {"type": "Feature", "id": "way/699737149", "properties": {"import": "yes", "landuse": "forest", "natural": "wetland", "source": "NV NMD2018", "@id": "way/699737149", "@type": "way", "osm_id": 699737149}, "geometry": {"type": "Polygon", "coordinates": [[[12.895644, 63.0982845], [12.8959302, 63.098399], [12.8959016, 63.097941], [12.8957298, 63.0980555], [12.895644, 63.0982845]]]}}, {"type": "Feature", "id": "way/699737150", "properties": {"import": "yes", "landuse": "forest", "natural": "wetland", "source": "NV NMD2018", "@id": "way/699737150", "@type": "way", "osm_id": 699737150}, "geometry": {"type": "Polygon", "coordinates": [[[12.8407176, 63.0982845], [12.8411755, 63.0982272], [12.8413759, 63.0980555], [12.841061, 63.097712], [12.840832, 63.0978265], [12.8407176, 63.0981127], [12.8407176, 63.0982845]]]}}, {"type": "Feature", "id": "way/699737276", "properties": {"import": "yes", "landuse": "forest", "natural": "wetland", "source": "NV NMD2018", "@id": "way/699737276", "@type": "way", "osm_id": 699737276}, "geometry": {"type": "Polygon", "coordinates": [[[12.8906637, 63.0390933], [12.8904061, 63.0392651], [12.8905205, 63.0396085], [12.8904061, 63.0397803], [12.8902916, 63.0398375], [12.890635, 63.0398948], [12.8909785, 63.0397803], [12.891093, 63.0395513], [12.8907495, 63.0394941], [12.8909785, 63.0393796], [12.8908068, 63.0393223], [12.8906637, 63.0390933]]]}}, {"type": "Feature", "id": "way/699737339", "properties": {"import": "yes", "landuse": "forest", "natural": "wetland", "source": "NV NMD2018", "@id": "way/699737339", "@type": "way", "osm_id": 699737339}, "geometry": {"type": "Polygon", "coordinates": [[[12.8163313, 63.0745851], [12.8157588, 63.0746424], [12.8158733, 63.0747569], [12.8161023, 63.0748141], [12.8163313, 63.0745851]]]}}, {"type": "Feature", "id": "way/699737472", "properties": {"import": "yes", "landuse": "forest", "natural": "wetland", "source": "NV NMD2018", "@id": "way/699737472", "@type": "way", "osm_id": 699737472}, "geometry": {"type": "Polygon", "coordinates": [[[12.8858265, 63.0397803], [12.8858265, 63.0398948], [12.8860268, 63.0400093], [12.8863989, 63.0401238], [12.8867424, 63.0401524], [12.8865993, 63.0400093], [12.8863417, 63.0398948], [12.8858265, 63.0397803]]]}}, {"type": "Feature", "id": "way/699737476", "properties": {"import": "yes", "landuse": "forest", "natural": "wetland", "source": "NV NMD2018", "@id": "way/699737476", "@type": "way", "osm_id": 699737476}, "geometry": {"type": "Polygon", "coordinates": [[[12.8899481, 63.042986], [12.8898336, 63.0433295], [12.8900053, 63.0434439], [12.8902343, 63.0434439], [12.8904633, 63.0435584], [12.8907495, 63.0434439], [12.890864, 63.0433295], [12.8907209, 63.043215], [12.8905205, 63.0431434], [12.8903059, 63.0431005], [12.8899481, 63.042986]]]}}, {"type": "Feature", "id": "way/699737549", "properties": {"import": "yes", "landuse": "forest", "natural": "wetland", "source": "NV NMD2018", "@id": "way/699737549", "@type": "way", "osm_id": 699737549}, "geometry": {"type": "Polygon", "coordinates": [[[12.8992218, 63.0969106], [12.8995652, 63.0966816], [12.8996797, 63.0964526], [12.8995366, 63.0962237], [12.8992218, 63.0958802], [12.8986493, 63.0966816], [12.8986207, 63.0970251], [12.8989928, 63.0966816], [12.8992218, 63.0969106]]]}}, {"type": "Feature", "id": "way/699737550", "properties": {"import": "yes", "landuse": "forest", "natural": "wetland", "source": "NV NMD2018", "@id": "way/699737550", "@type": "way", "osm_id": 699737550}, "geometry": {"type": "Polygon", "coordinates": [[[12.8896046, 63.0878659], [12.8895474, 63.0876369], [12.8884597, 63.0876942], [12.8886887, 63.0878087], [12.8882308, 63.0880949], [12.888288, 63.0882094], [12.8886887, 63.0883239], [12.8889749, 63.0883239], [12.8892039, 63.0884384], [12.8896046, 63.0883239], [12.8896046, 63.088238], [12.8898336, 63.0880377], [12.8896619, 63.0879804], [12.8896046, 63.0878659]]]}}, {"type": "Feature", "id": "way/699737557", "properties": {"import": "yes", "landuse": "forest", "natural": "wetland", "source": "NV NMD2018", "@id": "way/699737557", "@type": "way", "osm_id": 699737557}, "geometry": {"type": "Polygon", "coordinates": [[[12.8869714, 63.0895833], [12.8875438, 63.089526], [12.8881163, 63.089297], [12.888059, 63.0892398], [12.8874293, 63.0891826], [12.8871431, 63.0890108], [12.8861699, 63.0891969], [12.8862987, 63.0892398], [12.8865134, 63.0894688], [12.8866851, 63.0895833], [12.8869714, 63.0895833]]]}}, {"type": "Feature", "id": "way/699737594", "properties": {"import": "yes", "landuse": "forest", "natural": "wetland", "source": "NV NMD2018", "@id": "way/699737594", "@type": "way", "osm_id": 699737594}, "geometry": {"type": "Polygon", "coordinates": [[[12.8959016, 63.092331], [12.8958443, 63.0922165], [12.8956153, 63.0922165], [12.8952719, 63.0919876], [12.8947567, 63.092331], [12.8944991, 63.0922165], [12.8944704, 63.0924455], [12.8951574, 63.0926745], [12.8957871, 63.092331], [12.8959016, 63.092331]]]}}, {"type": "Feature", "id": "way/699737618", "properties": {"import": "yes", "landuse": "forest", "natural": "wetland", "source": "NV NMD2018", "@id": "way/699737618", "@type": "way", "osm_id": 699737618}, "geometry": {"type": "Polygon", "coordinates": [[[12.8681951, 63.0392078], [12.8679661, 63.0394082], [12.8688534, 63.0393223], [12.8687103, 63.0392078], [12.8681951, 63.0392078]]]}}, {"type": "Feature", "id": "way/699737645", "properties": {"import": "yes", "landuse": "forest", "natural": "wetland", "source": "NV NMD2018", "@id": "way/699737645", "@type": "way", "osm_id": 699737645}, "geometry": {"type": "Polygon", "coordinates": [[[12.8458696, 63.026614], [12.8460413, 63.0267285], [12.8462131, 63.0265567], [12.8458696, 63.026614]]]}}, {"type": "Feature", "id": "way/699737672", "properties": {"import": "yes", "landuse": "forest", "natural": "wetland", "source": "NV NMD2018", "@id": "way/699737672", "@type": "way", "osm_id": 699737672}, "geometry": {"type": "Polygon", "coordinates": [[[12.8301559, 63.0676013], [12.830757, 63.0674295], [12.8304135, 63.0672578], [12.8301559, 63.0676013]]]}}, {"type": "Feature", "id": "way/699737680", "properties": {"import": "yes", "landuse": "forest", "natural": "wetland", "source": "NV NMD2018", "@id": "way/699737680", "@type": "way", "osm_id": 699737680}, "geometry": {"type": "Polygon", "coordinates": [[[12.8937263, 63.0396658], [12.8936404, 63.0396658], [12.8934973, 63.0401238], [12.8937263, 63.0398948], [12.8937263, 63.0396658]]]}}, {"type": "Feature", "id": "way/699737688", "properties": {"import": "yes", "landuse": "forest", "natural": "wetland", "source": "NV NMD2018", "@id": "way/699737688", "@type": "way", "osm_id": 699737688}, "geometry": {"type": "Polygon", "coordinates": [[[12.8983058, 63.0506568], [12.8982486, 63.0504278], [12.8980196, 63.0504278], [12.8978479, 63.0504851], [12.897762, 63.0505423], [12.8979624, 63.0507713], [12.898177, 63.0506568], [12.8983058, 63.0506568]]]}}, {"type": "Feature", "id": "way/699737690", "properties": {"import": "yes", "landuse": "forest", "natural": "wetland", "source": "NV NMD2018", "@id": "way/699737690", "@type": "way", "osm_id": 699737690}, "geometry": {"type": "Polygon", "coordinates": [[[12.8897764, 63.0499699], [12.8896046, 63.0500843], [12.8899481, 63.0501988], [12.8897764, 63.0499699]]]}}, {"type": "Feature", "id": "way/699737710", "properties": {"import": "yes", "landuse": "forest", "natural": "wetland", "source": "NV NMD2018", "@id": "way/699737710", "@type": "way", "osm_id": 699737710}, "geometry": {"type": "Polygon", "coordinates": [[[12.8979624, 63.0688893], [12.8976761, 63.0688606], [12.8973899, 63.0689179], [12.8973327, 63.0689751], [12.8972754, 63.0690324], [12.8973899, 63.0690896], [12.8975044, 63.0690324], [12.8977334, 63.0689751], [12.8979624, 63.0688893]]]}}, {"type": "Feature", "id": "way/699737717", "properties": {"import": "yes", "landuse": "forest", "natural": "wetland", "source": "NV NMD2018", "@id": "way/699737717", "@type": "way", "osm_id": 699737717}, "geometry": {"type": "Polygon", "coordinates": [[[12.8884597, 63.0742417], [12.8886028, 63.0743562], [12.8886887, 63.0743132], [12.8889749, 63.0742417], [12.8894329, 63.0743562], [12.8896046, 63.0742417], [12.8894901, 63.0738982], [12.8893757, 63.0737837], [12.8892612, 63.0735547], [12.8890322, 63.073612], [12.8889177, 63.0737265], [12.8884597, 63.0737837], [12.8884597, 63.0738266], [12.8889749, 63.0738982], [12.8890322, 63.0739554], [12.888746, 63.0740127], [12.8884597, 63.0742417]]]}}, {"type": "Feature", "id": "way/699737749", "properties": {"import": "yes", "landuse": "forest", "natural": "wetland", "source": "NV NMD2018", "@id": "way/699737749", "@type": "way", "osm_id": 699737749}, "geometry": {"type": "Polygon", "coordinates": [[[12.8477014, 63.0386354], [12.8477014, 63.0385781], [12.8465565, 63.0385209], [12.847129, 63.0386354], [12.8477014, 63.0386354]]]}}, {"type": "Feature", "id": "way/699737756", "properties": {"import": "yes", "landuse": "forest", "natural": "wetland", "source": "NV NMD2018", "@id": "way/699737756", "@type": "way", "osm_id": 699737756}, "geometry": {"type": "Polygon", "coordinates": [[[12.8783846, 63.043215], [12.8790716, 63.0431577], [12.8787281, 63.0431005], [12.8783846, 63.043172], [12.8783846, 63.043215]]]}}, {"type": "Feature", "id": "way/699737762", "properties": {"import": "yes", "landuse": "forest", "natural": "wetland", "source": "NV NMD2018", "@id": "way/699737762", "@type": "way", "osm_id": 699737762}, "geometry": {"type": "Polygon", "coordinates": [[[12.8909785, 63.0780198], [12.8905205, 63.078535], [12.8906064, 63.0790502], [12.8906923, 63.0787068], [12.890864, 63.0784778], [12.8909785, 63.0780198]]]}}, {"type": "Feature", "id": "way/699737795", "properties": {"import": "yes", "landuse": "forest", "natural": "wetland", "source": "NV NMD2018", "@id": "way/699737795", "@type": "way", "osm_id": 699737795}, "geometry": {"type": "Polygon", "coordinates": [[[12.8880018, 63.0337123], [12.8880018, 63.0335978], [12.8877871, 63.0334834], [12.8874866, 63.0333689], [12.8872576, 63.0334834], [12.8869714, 63.0333689], [12.8863989, 63.0336551], [12.8866851, 63.0337123], [12.8870859, 63.0335978], [12.8873721, 63.0337123], [12.8876011, 63.0337123], [12.8877728, 63.0337982], [12.8880018, 63.0337123]]]}}, {"type": "Feature", "id": "way/699737796", "properties": {"import": "yes", "landuse": "forest", "natural": "wetland", "source": "NV NMD2018", "@id": "way/699737796", "@type": "way", "osm_id": 699737796}, "geometry": {"type": "Polygon", "coordinates": [[[12.8901771, 63.0343993], [12.8901771, 63.0341417], [12.8899624, 63.0340558], [12.8897191, 63.0341703], [12.8897764, 63.0342848], [12.8901771, 63.0343993]]]}}, {"type": "Feature", "id": "way/699737797", "properties": {"import": "yes", "landuse": "forest", "natural": "wetland", "source": "NV NMD2018", "@id": "way/699737797", "@type": "way", "osm_id": 699737797}, "geometry": {"type": "Polygon", "coordinates": [[[12.8922379, 63.0299342], [12.8922379, 63.0303921], [12.8921234, 63.0307928], [12.8922665, 63.0308501], [12.8924096, 63.0302776], [12.8924669, 63.0301632], [12.8928103, 63.0299342], [12.8925527, 63.0297052], [12.8923524, 63.0299342], [12.8922379, 63.0299342]]]}}, {"type": "Feature", "id": "way/699737814", "properties": {"import": "yes", "landuse": "forest", "natural": "wetland", "source": "NV NMD2018", "@id": "way/699737814", "@type": "way", "osm_id": 699737814}, "geometry": {"type": "Polygon", "coordinates": [[[12.846671, 63.0285603], [12.846671, 63.0285031], [12.8464993, 63.0284458], [12.8463275, 63.0286175], [12.8465422, 63.0287893], [12.846671, 63.0286748], [12.846671, 63.0285603]]]}}, {"type": "Feature", "id": "way/699737817", "properties": {"import": "yes", "landuse": "forest", "natural": "wetland", "source": "NV NMD2018", "@id": "way/699737817", "@type": "way", "osm_id": 699737817}, "geometry": {"type": "Polygon", "coordinates": [[[12.8521665, 63.0314225], [12.8519089, 63.0314225], [12.852052, 63.0316515], [12.8523383, 63.0316515], [12.85251, 63.031766], [12.8526245, 63.031537], [12.8525672, 63.0314225], [12.8521665, 63.0314225]]]}}, {"type": "Feature", "id": "way/699737825", "properties": {"import": "yes", "landuse": "forest", "natural": "wetland", "source": "NV NMD2018", "@id": "way/699737825", "@type": "way", "osm_id": 699737825}, "geometry": {"type": "Polygon", "coordinates": [[[12.8511361, 63.032224], [12.8511361, 63.031995], [12.8509071, 63.0318805], [12.8507926, 63.031766], [12.8506209, 63.0316515], [12.8504492, 63.0317088], [12.8503347, 63.0320236], [12.8504635, 63.0321095], [12.8505637, 63.0323385], [12.8505064, 63.0325674], [12.8503919, 63.0324529], [12.8503347, 63.0326819], [12.8505064, 63.0329109], [12.8507926, 63.0326819], [12.8510216, 63.032224], [12.8511361, 63.032224]]]}}, {"type": "Feature", "id": "way/699737842", "properties": {"import": "yes", "landuse": "forest", "natural": "wetland", "source": "NV NMD2018", "@id": "way/699737842", "@type": "way", "osm_id": 699737842}, "geometry": {"type": "Polygon", "coordinates": [[[12.8558302, 63.0326533], [12.8560592, 63.0324959], [12.8560592, 63.03241], [12.8559447, 63.0323385], [12.8557157, 63.0324816], [12.8558302, 63.0326533]]]}}, {"type": "Feature", "id": "way/699737875", "properties": {"import": "yes", "landuse": "forest", "natural": "wetland", "source": "NV NMD2018", "@id": "way/699737875", "@type": "way", "osm_id": 699737875}, "geometry": {"type": "Polygon", "coordinates": [[[12.8954436, 63.0352007], [12.8954436, 63.0354297], [12.8955295, 63.0356587], [12.8957871, 63.0356014], [12.8955581, 63.0354869], [12.896016, 63.0354869], [12.8958729, 63.0352007], [12.8956726, 63.0351148], [12.8954436, 63.0351578], [12.8954436, 63.0352007]]]}}, {"type": "Feature", "id": "way/699737882", "properties": {"import": "yes", "landuse": "forest", "natural": "wetland", "source": "NV NMD2018", "@id": "way/699737882", "@type": "way", "osm_id": 699737882}, "geometry": {"type": "Polygon", "coordinates": [[[12.8413473, 63.0357731], [12.8412614, 63.0360021], [12.8416049, 63.0360021], [12.841519, 63.0358876], [12.8413473, 63.0357731]]]}}, {"type": "Feature", "id": "way/699737894", "properties": {"import": "yes", "landuse": "forest", "natural": "wetland", "source": "NV NMD2018", "@id": "way/699737894", "@type": "way", "osm_id": 699737894}, "geometry": {"type": "Polygon", "coordinates": [[[12.880331, 63.0366891], [12.880102, 63.0366891], [12.8797013, 63.0365746], [12.8795295, 63.0368036], [12.8801592, 63.0368036], [12.880331, 63.036918], [12.8805599, 63.037147], [12.8807889, 63.0370325], [12.8809034, 63.036961], [12.8807746, 63.036918], [12.8805599, 63.0368036], [12.880331, 63.0366891]]]}}, {"type": "Feature", "id": "way/699737902", "properties": {"import": "yes", "landuse": "forest", "natural": "wetland", "source": "NV NMD2018", "@id": "way/699737902", "@type": "way", "osm_id": 699737902}, "geometry": {"type": "Polygon", "coordinates": [[[12.8813328, 63.037605], [12.881848, 63.037605], [12.8817048, 63.0374905], [12.8814759, 63.0372615], [12.8814186, 63.037147], [12.8811038, 63.037147], [12.8807889, 63.0372043], [12.8809177, 63.0372615], [12.8811038, 63.037376], [12.8813328, 63.037605]]]}}, {"type": "Feature", "id": "way/699737912", "properties": {"import": "yes", "landuse": "forest", "natural": "wetland", "source": "NV NMD2018", "@id": "way/699737912", "@type": "way", "osm_id": 699737912}, "geometry": {"type": "Polygon", "coordinates": [[[12.8950715, 63.0385209], [12.8947567, 63.0385209], [12.8948712, 63.0386354], [12.8949856, 63.0387499], [12.8947567, 63.0390361], [12.8949284, 63.0392078], [12.8951001, 63.0390361], [12.8952146, 63.0387499], [12.8953291, 63.0386926], [12.8950715, 63.0385209]]]}}, {"type": "Feature", "id": "way/699737915", "properties": {"import": "yes", "landuse": "forest", "natural": "wetland", "source": "NV NMD2018", "@id": "way/699737915", "@type": "way", "osm_id": 699737915}, "geometry": {"type": "Polygon", "coordinates": [[[12.8942987, 63.037605], [12.8941842, 63.037605], [12.8940697, 63.037834], [12.8941556, 63.0380629], [12.8942987, 63.037605]]]}}, {"type": "Feature", "id": "way/699737942", "properties": {"import": "yes", "landuse": "forest", "natural": "wetland", "source": "NV NMD2018", "@id": "way/699737942", "@type": "way", "osm_id": 699737942}, "geometry": {"type": "Polygon", "coordinates": [[[12.852052, 63.0393223], [12.852052, 63.0393796], [12.8523383, 63.0394368], [12.8526245, 63.0394368], [12.8525672, 63.0393223], [12.852052, 63.0393223]]]}}, {"type": "Feature", "id": "way/699737950", "properties": {"import": "yes", "landuse": "forest", "natural": "wetland", "source": "NV NMD2018", "@id": "way/699737950", "@type": "way", "osm_id": 699737950}, "geometry": {"type": "Polygon", "coordinates": [[[12.8992218, 63.0403241], [12.8994507, 63.0402382], [12.8995652, 63.040181], [12.8994221, 63.0401238], [12.8992218, 63.0398948], [12.89905, 63.0398948], [12.8988783, 63.0399663], [12.8988783, 63.0400093], [12.8989928, 63.0400665], [12.8988497, 63.0402382], [12.89905, 63.0403527], [12.8992218, 63.0403241]]]}}, {"type": "Feature", "id": "way/699737955", "properties": {"import": "yes", "landuse": "forest", "natural": "wetland", "source": "NV NMD2018", "@id": "way/699737955", "@type": "way", "osm_id": 699737955}, "geometry": {"type": "Polygon", "coordinates": [[[12.8851395, 63.0406962], [12.885254, 63.0406962], [12.8857978, 63.0406962], [12.8862272, 63.0406962], [12.8862844, 63.0408107], [12.8868569, 63.0407248], [12.8869714, 63.0405531], [12.8868426, 63.0404672], [12.8865134, 63.0405817], [12.8862844, 63.0405245], [12.8855975, 63.0403527], [12.885025, 63.0405817], [12.8849106, 63.0406533], [12.8849678, 63.0406962], [12.8851395, 63.0406962]]]}}, {"type": "Feature", "id": "way/699737959", "properties": {"import": "yes", "landuse": "forest", "natural": "wetland", "source": "NV NMD2018", "@id": "way/699737959", "@type": "way", "osm_id": 699737959}, "geometry": {"type": "Polygon", "coordinates": [[[12.8884597, 63.0418411], [12.8885742, 63.041927], [12.8886887, 63.0414404], [12.888517, 63.0413831], [12.8883452, 63.0411542], [12.888059, 63.0409252], [12.8875724, 63.0409252], [12.887, 63.0409252], [12.8868569, 63.0408107], [12.8867424, 63.0409538], [12.8872862, 63.0410397], [12.88783, 63.0410397], [12.8879445, 63.0413831], [12.8881163, 63.0414976], [12.8883452, 63.0417266], [12.8884597, 63.0418411]]]}}, {"type": "Feature", "id": "way/699737968", "properties": {"import": "yes", "landuse": "forest", "natural": "wetland", "source": "NV NMD2018", "@id": "way/699737968", "@type": "way", "osm_id": 699737968}, "geometry": {"type": "Polygon", "coordinates": [[[12.8985348, 63.0420701], [12.8980769, 63.0421416], [12.8980769, 63.0422275], [12.8982486, 63.0422991], [12.8984203, 63.0422991], [12.8985348, 63.0420701]]]}}, {"type": "Feature", "id": "way/699737970", "properties": {"import": "yes", "landuse": "forest", "natural": "wetland", "source": "NV NMD2018", "@id": "way/699737970", "@type": "way", "osm_id": 699737970}, "geometry": {"type": "Polygon", "coordinates": [[[12.8782988, 63.0434439], [12.8783846, 63.0433295], [12.8780984, 63.043215], [12.8778122, 63.043215], [12.8780126, 63.0433295], [12.8782988, 63.0434439]]]}}, {"type": "Feature", "id": "way/699737985", "properties": {"import": "yes", "landuse": "forest", "natural": "wetland", "source": "NV NMD2018", "@id": "way/699737985", "@type": "way", "osm_id": 699737985}, "geometry": {"type": "Polygon", "coordinates": [[[12.8975044, 63.0480235], [12.8975044, 63.0481094], [12.8977191, 63.048138], [12.897991, 63.0482525], [12.8980196, 63.0480235], [12.8975044, 63.0480235]]]}}, {"type": "Feature", "id": "way/699737995", "properties": {"import": "yes", "landuse": "forest", "natural": "wetland", "source": "NV NMD2018", "@id": "way/699737995", "@type": "way", "osm_id": 699737995}, "geometry": {"type": "Polygon", "coordinates": [[[12.8826208, 63.0456193], [12.8828497, 63.0456193], [12.8828784, 63.0453903], [12.8826208, 63.0455048], [12.8826208, 63.0456193]]]}}, {"type": "Feature", "id": "way/699737998", "properties": {"import": "yes", "landuse": "forest", "natural": "wetland", "source": "NV NMD2018", "@id": "way/699737998", "@type": "way", "osm_id": 699737998}, "geometry": {"type": "Polygon", "coordinates": [[[12.8806744, 63.0453903], [12.8804455, 63.0453903], [12.8802165, 63.0456479], [12.8805599, 63.0456193], [12.8806744, 63.0454761], [12.8806744, 63.0453903]]]}}, {"type": "Feature", "id": "way/699738002", "properties": {"import": "yes", "landuse": "forest", "natural": "wetland", "source": "NV NMD2018", "@id": "way/699738002", "@type": "way", "osm_id": 699738002}, "geometry": {"type": "Polygon", "coordinates": [[[12.8838801, 63.0469931], [12.8838801, 63.0468214], [12.8837084, 63.0466497], [12.8833936, 63.0465352], [12.8831932, 63.0466497], [12.8828497, 63.0464207], [12.882678, 63.0457337], [12.8823918, 63.0462489], [12.8823918, 63.0465352], [12.8826208, 63.0466497], [12.8827353, 63.0467641], [12.8829642, 63.0468786], [12.8832505, 63.0468786], [12.8834079, 63.0469931], [12.8837084, 63.0469931], [12.8838801, 63.0469931]]]}}, {"type": "Feature", "id": "way/699738013", "properties": {"import": "yes", "landuse": "forest", "natural": "wetland", "source": "NV NMD2018", "@id": "way/699738013", "@type": "way", "osm_id": 699738013}, "geometry": {"type": "Polygon", "coordinates": [[[12.8965885, 63.0498554], [12.8965885, 63.0497409], [12.8964597, 63.0496264], [12.8962164, 63.0495119], [12.8961878, 63.0497409], [12.8965885, 63.0498554]]]}}, {"type": "Feature", "id": "way/699738015", "properties": {"import": "yes", "landuse": "forest", "natural": "wetland", "source": "NV NMD2018", "@id": "way/699738015", "@type": "way", "osm_id": 699738015}, "geometry": {"type": "Polygon", "coordinates": [[[12.8911502, 63.0504278], [12.8912075, 63.0503706], [12.890864, 63.0503133], [12.8905205, 63.0503133], [12.8899481, 63.0505996], [12.8902916, 63.0505423], [12.8906064, 63.0506568], [12.8908926, 63.0507713], [12.891322, 63.050714], [12.8911789, 63.0506568], [12.8909785, 63.0505423], [12.8911502, 63.0504278]]]}}, {"type": "Feature", "id": "way/699738021", "properties": {"import": "yes", "landuse": "forest", "natural": "wetland", "source": "NV NMD2018", "@id": "way/699738021", "@type": "way", "osm_id": 699738021}, "geometry": {"type": "Polygon", "coordinates": [[[12.8995652, 63.0512006], [12.8997942, 63.0510575], [12.8995652, 63.0508858], [12.8992218, 63.0510718], [12.8993506, 63.0511148], [12.8995652, 63.0512006]]]}}, {"type": "Feature", "id": "way/699738037", "properties": {"import": "yes", "landuse": "forest", "natural": "wetland", "source": "NV NMD2018", "@id": "way/699738037", "@type": "way", "osm_id": 699738037}, "geometry": {"type": "Polygon", "coordinates": [[[12.8979624, 63.0553509], [12.8976189, 63.0553509], [12.8972754, 63.0554081], [12.8974042, 63.0554654], [12.8976189, 63.0556943], [12.8979338, 63.0558088], [12.8979624, 63.0555799], [12.8983058, 63.0554081], [12.8982486, 63.0553509], [12.8979624, 63.0553509]]]}}, {"type": "Feature", "id": "way/699738062", "properties": {"import": "yes", "landuse": "forest", "natural": "wetland", "source": "NV NMD2018", "@id": "way/699738062", "@type": "way", "osm_id": 699738062}, "geometry": {"type": "Polygon", "coordinates": [[[12.8907495, 63.0622202], [12.890635, 63.0622202], [12.8905205, 63.0626782], [12.8904061, 63.0627927], [12.8905062, 63.0629072], [12.890635, 63.0628929], [12.8909213, 63.0627927], [12.8912075, 63.0626782], [12.8912647, 63.0625637], [12.891322, 63.062392], [12.8913792, 63.0622202], [12.8914365, 63.062163], [12.8914937, 63.0621058], [12.891551, 63.0620485], [12.8914365, 63.0619913], [12.891322, 63.0620342], [12.891093, 63.062163], [12.8907495, 63.0622202]]]}}, {"type": "Feature", "id": "way/699738073", "properties": {"import": "yes", "landuse": "forest", "natural": "wetland", "source": "NV NMD2018", "@id": "way/699738073", "@type": "way", "osm_id": 699738073}, "geometry": {"type": "Polygon", "coordinates": [[[12.840832, 63.064739], [12.840832, 63.0648535], [12.8409608, 63.064968], [12.8411755, 63.0652256], [12.8416335, 63.065197], [12.8415762, 63.0650825], [12.8412328, 63.064968], [12.8411755, 63.0648249], [12.8410038, 63.064739], [12.840832, 63.064739]]]}}, {"type": "Feature", "id": "way/699738076", "properties": {"import": "yes", "landuse": "forest", "natural": "wetland", "source": "NV NMD2018", "@id": "way/699738076", "@type": "way", "osm_id": 699738076}, "geometry": {"type": "Polygon", "coordinates": [[[12.8336192, 63.0635941], [12.8336192, 63.0634224], [12.8334904, 63.0632507], [12.8330468, 63.0634224], [12.833333, 63.0634796], [12.8334904, 63.0635941], [12.8336192, 63.0635941]]]}}, {"type": "Feature", "id": "way/699738088", "properties": {"import": "yes", "landuse": "forest", "natural": "wetland", "source": "NV NMD2018", "@id": "way/699738088", "@type": "way", "osm_id": 699738088}, "geometry": {"type": "Polygon", "coordinates": [[[12.8992218, 63.0974831], [12.8992218, 63.0970251], [12.89905, 63.0973686], [12.8987924, 63.0974831], [12.8989928, 63.0976548], [12.8992218, 63.097712], [12.8993649, 63.0975975], [12.8992218, 63.0974831]]]}}, {"type": "Feature", "id": "way/699738104", "properties": {"import": "yes", "landuse": "forest", "natural": "wetland", "source": "NV NMD2018", "@id": "way/699738104", "@type": "way", "osm_id": 699738104}, "geometry": {"type": "Polygon", "coordinates": [[[12.8995652, 63.0687462], [12.8995652, 63.0688606], [12.8995652, 63.0689751], [12.8996797, 63.0689322], [12.8997942, 63.0688606], [12.9, 63.0684027], [12.8995652, 63.0685172], [12.8995652, 63.0687462]]]}}, {"type": "Feature", "id": "way/699738124", "properties": {"import": "yes", "landuse": "forest", "natural": "wetland", "source": "NV NMD2018", "@id": "way/699738124", "@type": "way", "osm_id": 699738124}, "geometry": {"type": "Polygon", "coordinates": [[[12.8877728, 63.0717229], [12.8877728, 63.0719805], [12.8878873, 63.0721808], [12.8882308, 63.0718088], [12.8881163, 63.0717229], [12.8878873, 63.0717229], [12.8877728, 63.0717229]]]}}, {"type": "Feature", "id": "way/699738128", "properties": {"import": "yes", "landuse": "forest", "natural": "wetland", "source": "NV NMD2018", "@id": "way/699738128", "@type": "way", "osm_id": 699738128}, "geometry": {"type": "Polygon", "coordinates": [[[12.8904061, 63.0719519], [12.8899481, 63.0719519], [12.8896046, 63.0721522], [12.8900626, 63.0720664], [12.8902773, 63.0721808], [12.8904061, 63.0720664], [12.8904061, 63.0719519]]]}}, {"type": "Feature", "id": "way/699738130", "properties": {"import": "yes", "landuse": "forest", "natural": "wetland", "source": "NV NMD2018", "@id": "way/699738130", "@type": "way", "osm_id": 699738130}, "geometry": {"type": "Polygon", "coordinates": [[[12.813469, 63.0727533], [12.813469, 63.0729823], [12.813698, 63.0728105], [12.8135835, 63.0726388], [12.813469, 63.0727533]]]}}, {"type": "Feature", "id": "way/699738133", "properties": {"import": "yes", "landuse": "forest", "natural": "wetland", "source": "NV NMD2018", "@id": "way/699738133", "@type": "way", "osm_id": 699738133}, "geometry": {"type": "Polygon", "coordinates": [[[12.8994507, 63.0733257], [12.8994507, 63.0732685], [12.8993219, 63.0732113], [12.899093, 63.0730968], [12.8988783, 63.0730968], [12.8986493, 63.0731826], [12.8991073, 63.0733257], [12.8994507, 63.0733257]]]}}, {"type": "Feature", "id": "way/699738134", "properties": {"import": "yes", "landuse": "forest", "natural": "wetland", "source": "NV NMD2018", "@id": "way/699738134", "@type": "way", "osm_id": 699738134}, "geometry": {"type": "Polygon", "coordinates": [[[12.8886887, 63.0729823], [12.8885742, 63.0729823], [12.8884597, 63.0736978], [12.8886887, 63.0733257], [12.8886887, 63.0729823]]]}}, {"type": "Feature", "id": "way/699738138", "properties": {"import": "yes", "landuse": "forest", "natural": "wetland", "source": "NV NMD2018", "@id": "way/699738138", "@type": "way", "osm_id": 699738138}, "geometry": {"type": "Polygon", "coordinates": [[[12.8902916, 63.0926745], [12.8902916, 63.093018], [12.8905205, 63.0931324], [12.8905778, 63.0932469], [12.8906923, 63.0933614], [12.891093, 63.0934759], [12.8913792, 63.0934759], [12.8914365, 63.0935332], [12.890864, 63.0937049], [12.8907495, 63.0938766], [12.8913792, 63.0940484], [12.8920089, 63.0939911], [12.8922379, 63.0936477], [12.8924096, 63.0935904], [12.8926959, 63.0933614], [12.8929248, 63.0934759], [12.8930393, 63.0933614], [12.8929248, 63.0932469], [12.8927531, 63.0931324], [12.8920662, 63.0931324], [12.8914365, 63.0928462], [12.891322, 63.0925028], [12.8909213, 63.0924455], [12.8902916, 63.0926745]]]}}, {"type": "Feature", "id": "way/699738154", "properties": {"import": "yes", "landuse": "forest", "natural": "wetland", "source": "NV NMD2018", "@id": "way/699738154", "@type": "way", "osm_id": 699738154}, "geometry": {"type": "Polygon", "coordinates": [[[12.8963595, 63.08695], [12.8962164, 63.08695], [12.896016, 63.08695], [12.8950429, 63.087179], [12.8948712, 63.0872935], [12.8947567, 63.0874652], [12.8948568, 63.0875225], [12.8949856, 63.0874795], [12.8952146, 63.0873793], [12.8955581, 63.0872935], [12.8963309, 63.087179], [12.8967602, 63.087179], [12.8970465, 63.0870073], [12.8969892, 63.0868355], [12.8967602, 63.0868355], [12.896474, 63.08695], [12.8963595, 63.08695]]]}}, {"type": "Feature", "id": "way/699738157", "properties": {"import": "yes", "landuse": "forest", "natural": "wetland", "source": "NV NMD2018", "@id": "way/699738157", "@type": "way", "osm_id": 699738157}, "geometry": {"type": "Polygon", "coordinates": [[[12.8904061, 63.0883239], [12.8903202, 63.0884384], [12.8905778, 63.0888963], [12.890864, 63.0887818], [12.8909785, 63.0885529], [12.8909213, 63.0883239], [12.8904061, 63.0883239]]]}}, {"type": "Feature", "id": "way/699738169", "properties": {"import": "yes", "landuse": "forest", "natural": "wetland", "source": "NV NMD2018", "@id": "way/699738169", "@type": "way", "osm_id": 699738169}, "geometry": {"type": "Polygon", "coordinates": [[[12.8949856, 63.0940484], [12.8952719, 63.0940484], [12.8955581, 63.0940054], [12.8956726, 63.0939339], [12.8961305, 63.0937621], [12.8959588, 63.0937049], [12.8958443, 63.0934759], [12.8949856, 63.0934759], [12.8948712, 63.0935904], [12.8945277, 63.0937049], [12.8940697, 63.0938194], [12.8936118, 63.0937478], [12.8935259, 63.0937049], [12.8931538, 63.0939339], [12.8933542, 63.0940484], [12.8936118, 63.0941629], [12.8937263, 63.0942773], [12.8934973, 63.0945063], [12.8931538, 63.0946781], [12.8930393, 63.0949643], [12.8932111, 63.0951933], [12.89344, 63.0951933], [12.8935545, 63.0954222], [12.8938407, 63.0953078], [12.8944132, 63.0955367], [12.8946422, 63.0953078], [12.8947567, 63.0950788], [12.8950429, 63.0951933], [12.896245, 63.0947925], [12.8961019, 63.0947353], [12.8957871, 63.0943918], [12.8955581, 63.0942201], [12.8952146, 63.0941629], [12.8948712, 63.0942201], [12.8950143, 63.0945063], [12.8952146, 63.0943918], [12.8953291, 63.0945636], [12.8951001, 63.0947353], [12.8948712, 63.0946208], [12.8945277, 63.0946208], [12.894127, 63.0945063], [12.8940697, 63.0943346], [12.8941842, 63.0941056], [12.8948712, 63.0939339], [12.8949856, 63.0940484]]]}}, {"type": "Feature", "id": "way/699738173", "properties": {"import": "yes", "landuse": "forest", "natural": "wetland", "source": "NV NMD2018", "@id": "way/699738173", "@type": "way", "osm_id": 699738173}, "geometry": {"type": "Polygon", "coordinates": [[[12.8963595, 63.0963382], [12.8963595, 63.0958802], [12.896016, 63.095823], [12.8963595, 63.0957085], [12.8961878, 63.0955367], [12.8957871, 63.0956512], [12.8955008, 63.0955367], [12.8954436, 63.0956512], [12.8956153, 63.0958802], [12.8959588, 63.0959947], [12.8961305, 63.0962237], [12.8963595, 63.0963382]]]}}, {"type": "Feature", "id": "way/699738187", "properties": {"import": "yes", "landuse": "forest", "natural": "wetland", "source": "NV NMD2018", "@id": "way/699738187", "@type": "way", "osm_id": 699738187}, "geometry": {"type": "Polygon", "coordinates": [[[12.8481594, 63.031995], [12.8485029, 63.031995], [12.8488463, 63.0319091], [12.8491898, 63.0316515], [12.8490467, 63.031537], [12.8487318, 63.031308], [12.8486173, 63.0311649], [12.8485315, 63.0310791], [12.8481308, 63.031308], [12.8480449, 63.0313653], [12.8482596, 63.0314225], [12.8484456, 63.0316515], [12.8486173, 63.0317088], [12.8478159, 63.0317946], [12.8480306, 63.0318805], [12.8481594, 63.031995]]]}}, {"type": "Feature", "id": "way/699738205", "properties": {"import": "yes", "landuse": "forest", "natural": "wetland", "source": "NV NMD2018", "@id": "way/699738205", "@type": "way", "osm_id": 699738205}, "geometry": {"type": "Polygon", "coordinates": [[[12.8494188, 63.0387785], [12.8494188, 63.0388071], [12.8486746, 63.0388644], [12.8487605, 63.0389789], [12.8501057, 63.0388644], [12.8494188, 63.0387785]]]}}, {"type": "Feature", "id": "way/699738220", "properties": {"import": "yes", "landuse": "forest", "natural": "wetland", "source": "NV NMD2018", "@id": "way/699738220", "@type": "way", "osm_id": 699738220}, "geometry": {"type": "Polygon", "coordinates": [[[12.8878873, 63.0729823], [12.8882308, 63.0729823], [12.8885742, 63.0729393], [12.8886887, 63.0728678], [12.8888032, 63.0726961], [12.888746, 63.0726388], [12.8884025, 63.0726388], [12.8878873, 63.0728678], [12.8878873, 63.0729823]]]}}, {"type": "Feature", "id": "way/699993949", "properties": {"import": "yes", "landuse": "forest", "natural": "wetland", "source": "NV NMD2018", "@id": "way/699993949", "@type": "way", "osm_id": 699993949}, "geometry": {"type": "Polygon", "coordinates": [[[13.1796069, 63.1291967], [13.1794351, 63.1291967], [13.1793206, 63.1290822], [13.1790344, 63.1290249], [13.1792634, 63.1289105], [13.1788913, 63.1287387], [13.1785765, 63.1286242], [13.1783475, 63.1285097], [13.1780613, 63.1282808], [13.1777178, 63.1281663], [13.1776605, 63.1280518], [13.177775, 63.1278801], [13.1776319, 63.1278228], [13.1774888, 63.1283953], [13.1773743, 63.1285097], [13.1772026, 63.1289677], [13.1768019, 63.1290822], [13.1764012, 63.1290249], [13.1765156, 63.1288532], [13.1762867, 63.1287387], [13.1754852, 63.1292539], [13.1757142, 63.1293684], [13.1766874, 63.1294257], [13.1776605, 63.1293684], [13.1786337, 63.1291967], [13.1793206, 63.1293112], [13.1796069, 63.1292396], [13.1796069, 63.1291967]]]}}, {"type": "Feature", "id": "way/699993962", "properties": {"import": "yes", "landuse": "forest", "natural": "wetland", "source": "NV NMD2018", "@id": "way/699993962", "@type": "way", "osm_id": 699993962}, "geometry": {"type": "Polygon", "coordinates": [[[13.1522725, 63.1470571], [13.1521294, 63.1469426], [13.1523583, 63.1468281], [13.1524013, 63.1468281], [13.1524728, 63.1467136], [13.1519004, 63.1467136], [13.1517286, 63.1469426], [13.151446, 63.1470054], [13.1512134, 63.1470571], [13.15087, 63.1470571], [13.1509845, 63.1471716], [13.1511025, 63.1472574], [13.1512993, 63.1474005], [13.1515426, 63.147515], [13.1525873, 63.147515], [13.1535032, 63.1474721], [13.1537895, 63.1474005], [13.1543047, 63.1475436], [13.1543619, 63.1474005], [13.1545623, 63.147515], [13.1545909, 63.1467136], [13.1542474, 63.1468281], [13.1539612, 63.1467565], [13.1538753, 63.1467136], [13.1537322, 63.1464846], [13.1535032, 63.1464846], [13.1532742, 63.1465276], [13.153446, 63.1465991], [13.1535032, 63.1467422], [13.1527018, 63.1471143], [13.1525873, 63.147286], [13.1522725, 63.1470571]]]}}, {"type": "Feature", "id": "way/699993972", "properties": {"natural": "wetland", "wetland": "swamp", "@id": "way/699993972", "@type": "way", "osm_id": 699993972}, "geometry": {"type": "Polygon", "coordinates": [[[13.1333531, 63.1583915], [13.1328951, 63.1583629], [13.1326661, 63.1583343], [13.1325516, 63.1581626], [13.1328951, 63.1579336], [13.1331813, 63.1580481], [13.1333531, 63.1579765], [13.1332243, 63.1579336], [13.1329094, 63.1577046], [13.1327162, 63.1577261], [13.1324085, 63.1575901], [13.1320937, 63.1572466], [13.1318361, 63.1571322], [13.1316357, 63.156989], [13.1315498, 63.1569032], [13.1312922, 63.1572466], [13.1311205, 63.1571322], [13.1308343, 63.1573039], [13.1302618, 63.1573611], [13.1301473, 63.1575329], [13.1302618, 63.1577046], [13.1303191, 63.1578191], [13.1303763, 63.1578763], [13.130777, 63.1579336], [13.1311778, 63.1581053], [13.1310633, 63.158277], [13.1309488, 63.1584488], [13.131006, 63.1586205], [13.1310633, 63.1585633], [13.1311205, 63.158506], [13.1311778, 63.1584488], [13.131235, 63.1583915], [13.1312922, 63.1584488], [13.1314067, 63.158506], [13.1315212, 63.1586205], [13.1316357, 63.158735], [13.1317502, 63.1586205], [13.1318074, 63.158506], [13.1318647, 63.158735], [13.1320937, 63.158964], [13.1323226, 63.1590785], [13.1320937, 63.159193], [13.1318647, 63.1591357], [13.131693, 63.1590785], [13.1315212, 63.159193], [13.131693, 63.1593075], [13.1318647, 63.1593647], [13.1319792, 63.1594219], [13.1320937, 63.1595364], [13.1320364, 63.1596509], [13.1319792, 63.1595937], [13.1318074, 63.1595364], [13.1316357, 63.1596509], [13.1315212, 63.1597654], [13.1314067, 63.1596509], [13.1313495, 63.1595364], [13.1312922, 63.1596509], [13.1308915, 63.1597654], [13.1304908, 63.1596509], [13.130777, 63.1595364], [13.1310633, 63.1593647], [13.1309488, 63.159193], [13.1308343, 63.1590785], [13.1308915, 63.158964], [13.1309488, 63.1589067], [13.1307198, 63.1588495], [13.1304908, 63.1586778], [13.1304336, 63.158506], [13.1303763, 63.1585633], [13.1302618, 63.1586205], [13.1301473, 63.1588781], [13.1302618, 63.1591357], [13.1299184, 63.1594219], [13.1298039, 63.1595937], [13.1299756, 63.1596509], [13.1300329, 63.1599944], [13.130777, 63.1599944], [13.131006, 63.1601089], [13.131464, 63.1599944], [13.1318647, 63.1599944], [13.1323226, 63.1597654], [13.1327806, 63.1596509], [13.1327234, 63.1595364], [13.1324371, 63.1596509], [13.1322082, 63.1594792], [13.1323226, 63.1593075], [13.1324371, 63.1592502], [13.1330096, 63.1591357], [13.1331241, 63.1590212], [13.1327806, 63.1588495], [13.1326661, 63.158735], [13.1324371, 63.158735], [13.1322654, 63.158506], [13.1320937, 63.1584488], [13.1324944, 63.1583915], [13.1331813, 63.158735], [13.1334675, 63.1588495], [13.1336965, 63.1586778], [13.133582, 63.158506], [13.1333531, 63.1583915]]]}}, {"type": "Feature", "id": "way/699994261", "properties": {"import": "yes", "landuse": "forest", "natural": "wetland", "source": "NV NMD2018", "@id": "way/699994261", "@type": "way", "osm_id": 699994261}, "geometry": {"type": "Polygon", "coordinates": [[[13.1680434, 63.114771], [13.1679289, 63.114542], [13.1675855, 63.1147137], [13.1680434, 63.114771]]]}}, {"type": "Feature", "id": "way/699994275", "properties": {"import": "yes", "landuse": "forest", "natural": "wetland", "source": "NV NMD2018", "@id": "way/699994275", "@type": "way", "osm_id": 699994275}, "geometry": {"type": "Polygon", "coordinates": [[[13.122362, 63.1120232], [13.1220186, 63.1120805], [13.1221903, 63.1121377], [13.1221903, 63.1123667], [13.1224765, 63.1124812], [13.12282, 63.1122952], [13.1226912, 63.1122522], [13.1224765, 63.1121377], [13.122362, 63.1120232]]]}}, {"type": "Feature", "id": "way/699994277", "properties": {"import": "yes", "landuse": "forest", "natural": "wetland", "source": "NV NMD2018", "@id": "way/699994277", "@type": "way", "osm_id": 699994277}, "geometry": {"type": "Polygon", "coordinates": [[[13.1610595, 63.1127102], [13.1610023, 63.1125957], [13.1606016, 63.1125957], [13.1604871, 63.1126529], [13.1610595, 63.1127102]]]}}, {"type": "Feature", "id": "way/699994281", "properties": {"import": "yes", "landuse": "forest", "natural": "wetland", "source": "NV NMD2018", "@id": "way/699994281", "@type": "way", "osm_id": 699994281}, "geometry": {"type": "Polygon", "coordinates": [[[13.1328951, 63.1156297], [13.1329523, 63.1158014], [13.1332958, 63.1159159], [13.1334675, 63.1158014], [13.1333531, 63.1156869], [13.1332386, 63.1155724], [13.1328951, 63.1156297]]]}}, {"type": "Feature", "id": "way/699994294", "properties": {"import": "yes", "landuse": "forest", "natural": "wetland", "source": "NV NMD2018", "@id": "way/699994294", "@type": "way", "osm_id": 699994294}, "geometry": {"type": "Polygon", "coordinates": [[[13.1632921, 63.1190071], [13.1631776, 63.1188926], [13.1629486, 63.1188926], [13.1627769, 63.1187781], [13.1628914, 63.1186064], [13.1628341, 63.1185491], [13.1622044, 63.1186064], [13.1623762, 63.1186636], [13.1625479, 63.1188926], [13.1627196, 63.1191216], [13.1628914, 63.1192361], [13.1633493, 63.1190644], [13.1632921, 63.1190071]]]}}, {"type": "Feature", "id": "way/699994295", "properties": {"import": "yes", "landuse": "forest", "natural": "wetland", "source": "NV NMD2018", "@id": "way/699994295", "@type": "way", "osm_id": 699994295}, "geometry": {"type": "Polygon", "coordinates": [[[13.1507269, 63.1207245], [13.15087, 63.12061], [13.1510989, 63.1207245], [13.1513565, 63.12061], [13.1513852, 63.1204955], [13.1510989, 63.1204955], [13.1507555, 63.120381], [13.150641, 63.1205527], [13.1507269, 63.1207245]]]}}, {"type": "Feature", "id": "way/699994311", "properties": {"import": "yes", "landuse": "forest", "natural": "wetland", "source": "NV NMD2018", "@id": "way/699994311", "@type": "way", "osm_id": 699994311}, "geometry": {"type": "Polygon", "coordinates": [[[13.1057611, 63.1215259], [13.1056466, 63.1217549], [13.1055321, 63.1218121], [13.1057038, 63.1218693], [13.1059328, 63.1217549], [13.1060473, 63.1218693], [13.1063335, 63.1216833], [13.1062047, 63.1216404], [13.1060473, 63.1215259], [13.1057611, 63.1215259]]]}}, {"type": "Feature", "id": "way/699994319", "properties": {"import": "yes", "landuse": "forest", "natural": "wetland", "source": "NV NMD2018", "@id": "way/699994319", "@type": "way", "osm_id": 699994319}, "geometry": {"type": "Polygon", "coordinates": [[[13.1475498, 63.1282808], [13.1474925, 63.1281663], [13.1468915, 63.1280518], [13.1472063, 63.1282808], [13.1475498, 63.1282808]]]}}, {"type": "Feature", "id": "way/699994327", "properties": {"import": "yes", "landuse": "forest", "natural": "wetland", "source": "NV NMD2018", "@id": "way/699994327", "@type": "way", "osm_id": 699994327}, "geometry": {"type": "Polygon", "coordinates": [[[13.152988, 63.1330893], [13.1525873, 63.1332038], [13.1524728, 63.1333756], [13.1525873, 63.1334614], [13.1528163, 63.1333183], [13.152988, 63.1330893]]]}}, {"type": "Feature", "id": "way/699994328", "properties": {"import": "yes", "landuse": "forest", "natural": "wetland", "source": "NV NMD2018", "@id": "way/699994328", "@type": "way", "osm_id": 699994328}, "geometry": {"type": "Polygon", "coordinates": [[[13.1541615, 63.130914], [13.1539612, 63.1310858], [13.1542188, 63.1312575], [13.1541615, 63.130914]]]}}, {"type": "Feature", "id": "way/699994358", "properties": {"import": "yes", "landuse": "forest", "natural": "wetland", "source": "NV NMD2018", "@id": "way/699994358", "@type": "way", "osm_id": 699994358}, "geometry": {"type": "Polygon", "coordinates": [[[13.1518431, 63.1386993], [13.1517859, 63.1383559], [13.1514424, 63.1385419], [13.1515712, 63.1385848], [13.1518431, 63.1386993]]]}}, {"type": "Feature", "id": "way/699994365", "properties": {"import": "yes", "landuse": "forest", "natural": "wetland", "source": "NV NMD2018", "@id": "way/699994365", "@type": "way", "osm_id": 699994365}, "geometry": {"type": "Polygon", "coordinates": [[[13.1491812, 63.1368675], [13.1496106, 63.136753], [13.1498396, 63.1365813], [13.1497251, 63.1364095], [13.1496106, 63.136524], [13.1493816, 63.1366385], [13.1491526, 63.136524], [13.1493816, 63.1361806], [13.1493244, 63.1360661], [13.1483798, 63.1360661], [13.148666, 63.1361806], [13.1488092, 63.1362378], [13.1484657, 63.1364095], [13.1486947, 63.1368675], [13.1489236, 63.1366385], [13.1491812, 63.1368675]]]}}, {"type": "Feature", "id": "way/699994367", "properties": {"import": "yes", "landuse": "forest", "natural": "wetland", "source": "NV NMD2018", "@id": "way/699994367", "@type": "way", "osm_id": 699994367}, "geometry": {"type": "Polygon", "coordinates": [[[13.1617465, 63.1366671], [13.1618037, 63.136295], [13.16209, 63.1362092], [13.1623189, 63.1361233], [13.1622617, 63.1360661], [13.1617465, 63.1361233], [13.1612885, 63.1364668], [13.1615747, 63.1366385], [13.1617465, 63.1366671]]]}}, {"type": "Feature", "id": "way/699994372", "properties": {"import": "yes", "landuse": "forest", "natural": "wetland", "source": "NV NMD2018", "@id": "way/699994372", "@type": "way", "osm_id": 699994372}, "geometry": {"type": "Polygon", "coordinates": [[[13.1770022, 63.1408746], [13.1775461, 63.1407029], [13.1774888, 63.1406456], [13.1772598, 63.1406456], [13.1768591, 63.1407601], [13.1770022, 63.1408746]]]}}, {"type": "Feature", "id": "way/699994374", "properties": {"import": "yes", "landuse": "forest", "natural": "wetland", "source": "NV NMD2018", "@id": "way/699994374", "@type": "way", "osm_id": 699994374}, "geometry": {"type": "Polygon", "coordinates": [[[13.178233, 63.1412467], [13.178462, 63.1410177], [13.1781185, 63.1410464], [13.1778895, 63.1411608], [13.178233, 63.1412467]]]}}, {"type": "Feature", "id": "way/699994392", "properties": {"import": "yes", "landuse": "forest", "natural": "wetland", "source": "NV NMD2018", "@id": "way/699994392", "@type": "way", "osm_id": 699994392}, "geometry": {"type": "Polygon", "coordinates": [[[13.1571669, 63.141905], [13.1575676, 63.141905], [13.1576821, 63.1420195], [13.1578252, 63.141905], [13.1575104, 63.1416761], [13.1572528, 63.1415616], [13.1570524, 63.1416188], [13.1571669, 63.1417905], [13.1571669, 63.141905]]]}}, {"type": "Feature", "id": "way/699994395", "properties": {"import": "yes", "landuse": "forest", "natural": "wetland", "source": "NV NMD2018", "@id": "way/699994395", "@type": "way", "osm_id": 699994395}, "geometry": {"type": "Polygon", "coordinates": [[[13.1567089, 63.1424775], [13.1568234, 63.1427065], [13.1569379, 63.1428209], [13.1573386, 63.1427065], [13.1575104, 63.142592], [13.1571669, 63.142592], [13.1568807, 63.1424775], [13.1567089, 63.1424775]]]}}, {"type": "Feature", "id": "way/699994401", "properties": {"import": "yes", "landuse": "forest", "natural": "wetland", "source": "NV NMD2018", "@id": "way/699994401", "@type": "way", "osm_id": 699994401}, "geometry": {"type": "Polygon", "coordinates": [[[13.1687303, 63.1439658], [13.1695318, 63.1439658], [13.16936, 63.1437369], [13.1691311, 63.1437369], [13.1689021, 63.1436224], [13.1686159, 63.1437941], [13.1687303, 63.1439658]]]}}, {"type": "Feature", "id": "way/699994406", "properties": {"import": "yes", "landuse": "forest", "natural": "wetland", "source": "NV NMD2018", "@id": "way/699994406", "@type": "way", "osm_id": 699994406}, "geometry": {"type": "Polygon", "coordinates": [[[13.1695318, 63.1439658], [13.1693028, 63.1443379], [13.1699897, 63.1443666], [13.169818, 63.1443093], [13.1697035, 63.1439658], [13.1695318, 63.1439658]]]}}, {"type": "Feature", "id": "way/699994408", "properties": {"import": "yes", "landuse": "forest", "natural": "wetland", "source": "NV NMD2018", "@id": "way/699994408", "@type": "way", "osm_id": 699994408}, "geometry": {"type": "Polygon", "coordinates": [[[13.1733099, 63.1451107], [13.1734244, 63.1452825], [13.1736534, 63.1453397], [13.1739396, 63.1453397], [13.1742259, 63.1454542], [13.174369, 63.1453397], [13.1741686, 63.1452252], [13.1733099, 63.1451107]]]}}, {"type": "Feature", "id": "way/699994415", "properties": {"import": "yes", "landuse": "forest", "natural": "wetland", "source": "NV NMD2018", "@id": "way/699994415", "@type": "way", "osm_id": 699994415}, "geometry": {"type": "Polygon", "coordinates": [[[13.1685014, 63.1484309], [13.1683869, 63.1483165], [13.1682724, 63.1481733], [13.1680434, 63.1483737], [13.1685014, 63.1484309]]]}}, {"type": "Feature", "id": "way/699994416", "properties": {"import": "yes", "landuse": "forest", "natural": "wetland", "source": "NV NMD2018", "@id": "way/699994416", "@type": "way", "osm_id": 699994416}, "geometry": {"type": "Polygon", "coordinates": [[[13.1689307, 63.1486599], [13.1687876, 63.1484309], [13.1685014, 63.1484309], [13.1686159, 63.1486599], [13.1689307, 63.1486599]]]}}, {"type": "Feature", "id": "way/699994419", "properties": {"import": "yes", "landuse": "forest", "natural": "wetland", "source": "NV NMD2018", "@id": "way/699994419", "@type": "way", "osm_id": 699994419}, "geometry": {"type": "Polygon", "coordinates": [[[13.1656391, 63.1491179], [13.165496, 63.1490034], [13.1651812, 63.1488889], [13.1648377, 63.1490749], [13.1652384, 63.1491179], [13.1656391, 63.1491179]]]}}, {"type": "Feature", "id": "way/699994422", "properties": {"import": "yes", "landuse": "forest", "natural": "wetland", "source": "NV NMD2018", "@id": "way/699994422", "@type": "way", "osm_id": 699994422}, "geometry": {"type": "Polygon", "coordinates": [[[13.12282, 63.1493469], [13.1229345, 63.1495758], [13.1231635, 63.1496903], [13.1233925, 63.1496331], [13.1235069, 63.1495186], [13.123278, 63.1493469], [13.1230204, 63.1490034], [13.1227055, 63.1487744], [13.122362, 63.1491179], [13.1225338, 63.1492324], [13.1227628, 63.1492324], [13.12282, 63.1493469]]]}}, {"type": "Feature", "id": "way/699994423", "properties": {"import": "yes", "landuse": "forest", "natural": "wetland", "source": "NV NMD2018", "@id": "way/699994423", "@type": "way", "osm_id": 699994423}, "geometry": {"type": "Polygon", "coordinates": [[[13.1656391, 63.1501483], [13.1662116, 63.150091], [13.1659254, 63.1500338], [13.1656391, 63.1501483]]]}}, {"type": "Feature", "id": "way/699994425", "properties": {"import": "yes", "landuse": "forest", "natural": "wetland", "source": "NV NMD2018", "@id": "way/699994425", "@type": "way", "osm_id": 699994425}, "geometry": {"type": "Polygon", "coordinates": [[[13.1556785, 63.1497762], [13.1560792, 63.1498048], [13.1563082, 63.1499193], [13.1567089, 63.1498048], [13.1570524, 63.1495472], [13.1570524, 63.1494613], [13.1568234, 63.1495758], [13.1565944, 63.1494613], [13.156251, 63.1496331], [13.1556785, 63.1497762]]]}}, {"type": "Feature", "id": "way/699994426", "properties": {"import": "yes", "landuse": "forest", "natural": "wetland", "source": "NV NMD2018", "@id": "way/699994426", "@type": "way", "osm_id": 699994426}, "geometry": {"type": "Polygon", "coordinates": [[[13.1354139, 63.1502628], [13.1358146, 63.1502628], [13.1358718, 63.15032], [13.1357573, 63.1504918], [13.1358718, 63.1506062], [13.1359863, 63.1504345], [13.1362153, 63.1502914], [13.1364443, 63.150091], [13.136387, 63.1499193], [13.1361008, 63.1499193], [13.1356428, 63.1500624], [13.1354139, 63.1502628]]]}}, {"type": "Feature", "id": "way/699994428", "properties": {"import": "yes", "landuse": "forest", "natural": "wetland", "source": "NV NMD2018", "@id": "way/699994428", "@type": "way", "osm_id": 699994428}, "geometry": {"type": "Polygon", "coordinates": [[[13.1199578, 63.1500052], [13.1200723, 63.1504345], [13.1205302, 63.150549], [13.1204157, 63.1503773], [13.1201295, 63.1500338], [13.1199578, 63.1500052]]]}}, {"type": "Feature", "id": "way/699994442", "properties": {"import": "yes", "landuse": "forest", "natural": "wetland", "source": "NV NMD2018", "@id": "way/699994442", "@type": "way", "osm_id": 699994442}, "geometry": {"type": "Polygon", "coordinates": [[[13.1746838, 63.1547279], [13.1745407, 63.1543844], [13.174555, 63.1547279], [13.1746838, 63.1547279]]]}}, {"type": "Feature", "id": "way/699994451", "properties": {"import": "yes", "landuse": "forest", "natural": "wetland", "source": "NV NMD2018", "@id": "way/699994451", "@type": "way", "osm_id": 699994451}, "geometry": {"type": "Polygon", "coordinates": [[[13.1778323, 63.1540409], [13.178004, 63.1544989], [13.1785765, 63.1544416], [13.1786909, 63.1543272], [13.1786337, 63.1542699], [13.1784047, 63.1542699], [13.178233, 63.1541554], [13.1781757, 63.1540409], [13.1778323, 63.1540409]]]}}, {"type": "Feature", "id": "way/699994465", "properties": {"import": "yes", "landuse": "forest", "natural": "wetland", "source": "NV NMD2018", "@id": "way/699994465", "@type": "way", "osm_id": 699994465}, "geometry": {"type": "Polygon", "coordinates": [[[13.1719361, 63.1565597], [13.1720505, 63.1567887], [13.1722795, 63.1567314], [13.172852, 63.1567887], [13.173081, 63.1564452], [13.1731954, 63.156388], [13.1730237, 63.1563307], [13.1729665, 63.1562162], [13.1731954, 63.1560445], [13.1731382, 63.1559873], [13.1727375, 63.1559586], [13.172623, 63.156159], [13.172165, 63.1562162], [13.1718216, 63.1562735], [13.1719361, 63.1564452], [13.1719361, 63.1565597]]]}}, {"type": "Feature", "id": "way/699994469", "properties": {"import": "yes", "landuse": "forest", "natural": "wetland", "source": "NV NMD2018", "@id": "way/699994469", "@type": "way", "osm_id": 699994469}, "geometry": {"type": "Polygon", "coordinates": [[[13.1727947, 63.1578191], [13.1725658, 63.1577046], [13.1722795, 63.1577046], [13.1723368, 63.1578191], [13.1725085, 63.1578763], [13.1731382, 63.1579336], [13.1730237, 63.1578191], [13.1727947, 63.1578191]]]}}, {"type": "Feature", "id": "way/699994472", "properties": {"import": "yes", "landuse": "forest", "natural": "wetland", "source": "NV NMD2018", "@id": "way/699994472", "@type": "way", "osm_id": 699994472}, "geometry": {"type": "Polygon", "coordinates": [[[13.139879, 63.158277], [13.1397645, 63.1581626], [13.1395927, 63.1579336], [13.1393065, 63.1579336], [13.139421, 63.1581626], [13.13965, 63.158277], [13.139879, 63.158277]]]}}, {"type": "Feature", "id": "way/699994475", "properties": {"import": "yes", "landuse": "forest", "natural": "wetland", "source": "NV NMD2018", "@id": "way/699994475", "@type": "way", "osm_id": 699994475}, "geometry": {"type": "Polygon", "coordinates": [[[13.1218755, 63.1581626], [13.1215606, 63.158506], [13.1221331, 63.1584488], [13.1222476, 63.1583343], [13.1218755, 63.1581626]]]}}, {"type": "Feature", "id": "way/699994483", "properties": {"import": "yes", "landuse": "forest", "natural": "wetland", "source": "NV NMD2018", "@id": "way/699994483", "@type": "way", "osm_id": 699994483}, "geometry": {"type": "Polygon", "coordinates": [[[13.1357573, 63.1602234], [13.1361008, 63.1601089], [13.1362725, 63.1603379], [13.1363298, 63.1601661], [13.1364443, 63.1599371], [13.136387, 63.1598799], [13.136158, 63.1598799], [13.1358718, 63.1597654], [13.1357573, 63.1602234]]]}}, {"type": "Feature", "id": "way/699994495", "properties": {"import": "yes", "landuse": "forest", "natural": "wetland", "source": "NV NMD2018", "@id": "way/699994495", "@type": "way", "osm_id": 699994495}, "geometry": {"type": "Polygon", "coordinates": [[[13.1482367, 63.1632001], [13.1483512, 63.1631429], [13.1479791, 63.1629711], [13.1480077, 63.1632001], [13.1482367, 63.1632001]]]}}, {"type": "Feature", "id": "way/699994500", "properties": {"import": "yes", "landuse": "forest", "natural": "wetland", "source": "NV NMD2018", "@id": "way/699994500", "@type": "way", "osm_id": 699994500}, "geometry": {"type": "Polygon", "coordinates": [[[13.133582, 63.1631429], [13.1337538, 63.1632001], [13.133811, 63.1633146], [13.1339827, 63.1634291], [13.134269, 63.1633146], [13.1343835, 63.1632001], [13.134269, 63.1630856], [13.1340972, 63.1632001], [13.1339827, 63.1630856], [13.1334675, 63.1629711], [13.1332386, 63.1630284], [13.133582, 63.1631429]]]}}, {"type": "Feature", "id": "way/699994503", "properties": {"import": "yes", "landuse": "forest", "natural": "wetland", "source": "NV NMD2018", "@id": "way/699994503", "@type": "way", "osm_id": 699994503}, "geometry": {"type": "Polygon", "coordinates": [[[13.1222476, 63.1635722], [13.1220758, 63.1635436], [13.1219041, 63.1632001], [13.1216751, 63.1633718], [13.1217896, 63.1635436], [13.1219041, 63.1637726], [13.1222476, 63.1635722]]]}}, {"type": "Feature", "id": "way/699994629", "properties": {"import": "yes", "landuse": "forest", "natural": "wetland", "source": "NV NMD2018", "@id": "way/699994629", "@type": "way", "osm_id": 699994629}, "geometry": {"type": "Polygon", "coordinates": [[[13.1800648, 63.1159731], [13.1802938, 63.1160876], [13.1801793, 63.1162021], [13.1802938, 63.1162594], [13.1805228, 63.1161449], [13.1806373, 63.1162594], [13.1809235, 63.1163738], [13.1812097, 63.1162594], [13.1811525, 63.1161449], [13.1809807, 63.1160876], [13.1810952, 63.1159731], [13.181038, 63.1159159], [13.1800648, 63.1159731]]]}}, {"type": "Feature", "id": "way/699994633", "properties": {"import": "yes", "landuse": "forest", "natural": "wetland", "source": "NV NMD2018", "@id": "way/699994633", "@type": "way", "osm_id": 699994633}, "geometry": {"type": "Polygon", "coordinates": [[[13.1805228, 63.1121377], [13.1816677, 63.1120805], [13.1816104, 63.1120232], [13.1813242, 63.1120232], [13.1809521, 63.1119087], [13.1805228, 63.1120805], [13.1805228, 63.1121377]]]}}, {"type": "Feature", "id": "way/699994635", "properties": {"import": "yes", "landuse": "forest", "natural": "wetland", "source": "NV NMD2018", "@id": "way/699994635", "@type": "way", "osm_id": 699994635}, "geometry": {"type": "Polygon", "coordinates": [[[13.1486947, 63.1158014], [13.1481222, 63.1159731], [13.1484084, 63.1160304], [13.1485802, 63.1162594], [13.1491526, 63.1160876], [13.1492671, 63.1159731], [13.1494961, 63.1159159], [13.1500113, 63.1160304], [13.1502975, 63.1158014], [13.1502403, 63.1155724], [13.1498396, 63.1155724], [13.1494388, 63.1154579], [13.1486947, 63.1158014]]]}}, {"type": "Feature", "id": "way/699994636", "properties": {"import": "yes", "landuse": "forest", "natural": "wetland", "source": "NV NMD2018", "@id": "way/699994636", "@type": "way", "osm_id": 699994636}, "geometry": {"type": "Polygon", "coordinates": [[[13.1362153, 63.1157728], [13.1363298, 63.1160304], [13.136845, 63.1159159], [13.1372457, 63.1159159], [13.1371885, 63.1158014], [13.1362153, 63.1157728]]]}}, {"type": "Feature", "id": "way/699994638", "properties": {"import": "yes", "landuse": "forest", "natural": "wetland", "source": "NV NMD2018", "@id": "way/699994638", "@type": "way", "osm_id": 699994638}, "geometry": {"type": "Polygon", "coordinates": [[[13.1619755, 63.1128533], [13.1621472, 63.1129392], [13.1623762, 63.1129392], [13.1625479, 63.1131109], [13.1629486, 63.1131681], [13.1630631, 63.1132826], [13.1632348, 63.1131109], [13.1631776, 63.1130536], [13.1629486, 63.1130536], [13.1627769, 63.1126529], [13.1626052, 63.1128247], [13.1623762, 63.1127102], [13.1619755, 63.1128533]]]}}, {"type": "Feature", "id": "way/699994639", "properties": {"import": "yes", "landuse": "forest", "natural": "wetland", "source": "NV NMD2018", "@id": "way/699994639", "@type": "way", "osm_id": 699994639}, "geometry": {"type": "Polygon", "coordinates": [[[13.1626624, 63.1123667], [13.1626052, 63.1121377], [13.1623762, 63.1121377], [13.1620327, 63.1122522], [13.1621472, 63.1123667], [13.1623189, 63.1124812], [13.1626624, 63.1123667]]]}}, {"type": "Feature", "id": "way/699994653", "properties": {"import": "yes", "landuse": "forest", "natural": "wetland", "source": "NV NMD2018", "@id": "way/699994653", "@type": "way", "osm_id": 699994653}, "geometry": {"type": "Polygon", "coordinates": [[[13.10599, 63.108703], [13.10599, 63.1088175], [13.1065625, 63.108932], [13.1071349, 63.1088748], [13.1068487, 63.108703], [13.1063335, 63.108703], [13.1062763, 63.1088175], [13.1061618, 63.108703], [13.10599, 63.108703]]]}}, {"type": "Feature", "id": "way/699994688", "properties": {"import": "yes", "landuse": "forest", "natural": "wetland", "source": "NV NMD2018", "@id": "way/699994688", "@type": "way", "osm_id": 699994688}, "geometry": {"type": "Polygon", "coordinates": [[[13.1618323, 63.1079016], [13.161632, 63.1081306], [13.1613458, 63.1080161], [13.161174, 63.1080733], [13.1610023, 63.1083596], [13.1609451, 63.1082451], [13.1606016, 63.1082451], [13.1602581, 63.1083596], [13.1601436, 63.1085885], [13.1604299, 63.108703], [13.1611168, 63.1084741], [13.1615175, 63.1085885], [13.1615747, 63.108703], [13.1619755, 63.1079589], [13.1618323, 63.1079016]]]}}, {"type": "Feature", "id": "way/699994691", "properties": {"import": "yes", "landuse": "forest", "natural": "wetland", "source": "NV NMD2018", "@id": "way/699994691", "@type": "way", "osm_id": 699994691}, "geometry": {"type": "Polygon", "coordinates": [[[13.1548771, 63.1131681], [13.1556213, 63.1131681], [13.155793, 63.1133971], [13.156022, 63.1135116], [13.1563082, 63.1133971], [13.1565372, 63.1135116], [13.1567662, 63.1135116], [13.1568234, 63.1136261], [13.1570524, 63.1136261], [13.1571097, 63.1135116], [13.1573959, 63.1136261], [13.1576249, 63.1133971], [13.1575676, 63.1132826], [13.156251, 63.1132254], [13.1561937, 63.1131681], [13.155793, 63.1131109], [13.156022, 63.1129392], [13.1559648, 63.1128247], [13.1554496, 63.1129392], [13.1550488, 63.1128247], [13.1548771, 63.1130393], [13.1548771, 63.1131681]]]}}, {"type": "Feature", "id": "way/699994698", "properties": {"import": "yes", "landuse": "forest", "natural": "wetland", "source": "NV NMD2018", "@id": "way/699994698", "@type": "way", "osm_id": 699994698}, "geometry": {"type": "Polygon", "coordinates": [[[13.1631204, 63.114313], [13.1625336, 63.1144275], [13.1623189, 63.1144705], [13.1624334, 63.114542], [13.1629486, 63.1146565], [13.1632348, 63.1145993], [13.1634638, 63.1143703], [13.1634066, 63.114313], [13.1631204, 63.114313]]]}}, {"type": "Feature", "id": "way/699994715", "properties": {"import": "yes", "landuse": "forest", "natural": "wetland", "source": "NV NMD2018", "@id": "way/699994715", "@type": "way", "osm_id": 699994715}, "geometry": {"type": "Polygon", "coordinates": [[[13.1704477, 63.1263344], [13.1703904, 63.1261055], [13.169818, 63.12622], [13.1693028, 63.1261055], [13.1690738, 63.1261627], [13.1692456, 63.12622], [13.1695032, 63.1264489], [13.1696463, 63.1265634], [13.1698752, 63.1266493], [13.1704477, 63.1263344]]]}}, {"type": "Feature", "id": "way/699994718", "properties": {"import": "yes", "landuse": "forest", "natural": "wetland", "source": "NV NMD2018", "@id": "way/699994718", "@type": "way", "osm_id": 699994718}, "geometry": {"type": "Polygon", "coordinates": [[[13.1635783, 63.1282808], [13.1636928, 63.1280518], [13.1638073, 63.1279945], [13.1632348, 63.1278228], [13.1630059, 63.1278801], [13.1631776, 63.1279373], [13.1632348, 63.1280518], [13.1627769, 63.1282808], [13.1629486, 63.1283953], [13.1631776, 63.1283953], [13.1634066, 63.1285097], [13.1635783, 63.1282808]]]}}, {"type": "Feature", "id": "way/699994762", "properties": {"import": "yes", "landuse": "forest", "natural": "wetland", "source": "NV NMD2018", "@id": "way/699994762", "@type": "way", "osm_id": 699994762}, "geometry": {"type": "Polygon", "coordinates": [[[13.1325516, 63.1449963], [13.1332386, 63.1448245], [13.1331813, 63.1446528], [13.1327806, 63.1446528], [13.1325516, 63.1449963]]]}}, {"type": "Feature", "id": "way/699994770", "properties": {"import": "yes", "landuse": "forest", "natural": "wetland", "source": "NV NMD2018", "@id": "way/699994770", "@type": "way", "osm_id": 699994770}, "geometry": {"type": "Polygon", "coordinates": [[[13.1170955, 63.1453397], [13.117439, 63.1452252], [13.1175535, 63.1450535], [13.1174533, 63.1449963], [13.1173245, 63.1450821], [13.1170955, 63.1453397]]]}}, {"type": "Feature", "id": "way/699994796", "properties": {"import": "yes", "landuse": "forest", "natural": "wetland", "source": "NV NMD2018", "@id": "way/699994796", "@type": "way", "osm_id": 699994796}, "geometry": {"type": "Polygon", "coordinates": [[[13.172623, 63.1296546], [13.1726802, 63.1297691], [13.172852, 63.1298264], [13.1733672, 63.1298836], [13.1737106, 63.1299981], [13.1739969, 63.1298836], [13.1738824, 63.1296546], [13.1735389, 63.1297691], [13.1734244, 63.1294257], [13.1738824, 63.1288532], [13.1738251, 63.1287387], [13.1735389, 63.1287387], [13.1734244, 63.1290822], [13.1731954, 63.1291967], [13.1729665, 63.1295402], [13.172623, 63.1296546]]]}}, {"type": "Feature", "id": "way/699994812", "properties": {"import": "yes", "landuse": "forest", "natural": "wetland", "source": "NV NMD2018", "@id": "way/699994812", "@type": "way", "osm_id": 699994812}, "geometry": {"type": "Polygon", "coordinates": [[[13.1340972, 63.1461411], [13.13404, 63.1461984], [13.1342117, 63.1462556], [13.1343835, 63.1464274], [13.1352994, 63.1464846], [13.1362153, 63.1463701], [13.1360722, 63.1462556], [13.1358146, 63.1461411], [13.1355284, 63.1460839], [13.1348414, 63.1460267], [13.1341545, 63.1460839], [13.1340972, 63.1461411]]]}}, {"type": "Feature", "id": "way/699994814", "properties": {"import": "yes", "landuse": "forest", "natural": "wetland", "source": "NV NMD2018", "@id": "way/699994814", "@type": "way", "osm_id": 699994814}, "geometry": {"type": "Polygon", "coordinates": [[[13.1720505, 63.153125], [13.1725085, 63.1530678], [13.1727375, 63.152896], [13.1725944, 63.1527815], [13.1722509, 63.1525526], [13.1719361, 63.1523236], [13.1715353, 63.1524381], [13.1712491, 63.1525526], [13.1714209, 63.1526671], [13.1717643, 63.1525526], [13.1718216, 63.1527243], [13.1717643, 63.152896], [13.1714209, 63.1527815], [13.1711346, 63.152896], [13.1710201, 63.153125], [13.1720505, 63.153125]]]}}, {"type": "Feature", "id": "way/699994817", "properties": {"import": "yes", "landuse": "forest", "natural": "wetland", "source": "NV NMD2018", "@id": "way/699994817", "@type": "way", "osm_id": 699994817}, "geometry": {"type": "Polygon", "coordinates": [[[13.1609451, 63.1476295], [13.1608019, 63.147515], [13.1604871, 63.1476295], [13.1603154, 63.1474005], [13.1597429, 63.1474005], [13.159056, 63.147286], [13.1588842, 63.1473433], [13.1587411, 63.147515], [13.1589415, 63.147515], [13.1591705, 63.1476295], [13.1593994, 63.1476295], [13.1596284, 63.147744], [13.1599719, 63.1476295], [13.1600291, 63.147744], [13.1602009, 63.1478585], [13.1609451, 63.1476295]]]}}, {"type": "Feature", "id": "way/699994826", "properties": {"import": "yes", "landuse": "forest", "natural": "wetland", "source": "NV NMD2018", "@id": "way/699994826", "@type": "way", "osm_id": 699994826}, "geometry": {"type": "Polygon", "coordinates": [[[13.1294604, 63.1603951], [13.1298611, 63.1604524], [13.1302618, 63.1603951], [13.1299184, 63.1602234], [13.1297466, 63.1598799], [13.1295177, 63.1601089], [13.1293459, 63.1598799], [13.1292314, 63.1600516], [13.1294318, 63.1602234], [13.1295749, 63.1602806], [13.1294604, 63.1603951]]]}}, {"type": "Feature", "id": "way/699994828", "properties": {"import": "yes", "landuse": "forest", "natural": "wetland", "source": "NV NMD2018", "@id": "way/699994828", "@type": "way", "osm_id": 699994828}, "geometry": {"type": "Polygon", "coordinates": [[[13.1423977, 63.1440803], [13.1423119, 63.1440803], [13.1421688, 63.1441948], [13.1422832, 63.1443093], [13.1425122, 63.1445383], [13.1427412, 63.1446528], [13.1430274, 63.1446528], [13.1434281, 63.1447673], [13.1437716, 63.14471], [13.1438861, 63.1445383], [13.1435999, 63.1445383], [13.1433709, 63.1444238], [13.1427412, 63.1443666], [13.1425695, 63.1443093], [13.1423977, 63.1440803]]]}}, {"type": "Feature", "id": "way/699994838", "properties": {"import": "yes", "landuse": "forest", "natural": "wetland", "source": "NV NMD2018", "@id": "way/699994838", "@type": "way", "osm_id": 699994838}, "geometry": {"type": "Polygon", "coordinates": [[[13.1442296, 63.1435079], [13.1443441, 63.1436796], [13.1441151, 63.1439086], [13.1450882, 63.1440803], [13.1456034, 63.1439086], [13.1457752, 63.1437369], [13.1460614, 63.1436224], [13.1461759, 63.1435079], [13.1461186, 63.1433934], [13.1451455, 63.1433934], [13.1452027, 63.1435079], [13.1453745, 63.1435651], [13.1451455, 63.1436796], [13.1453745, 63.1437941], [13.1449738, 63.1439658], [13.144802, 63.1437369], [13.1447448, 63.1435079], [13.1442296, 63.1435079]]]}}, {"type": "Feature", "id": "way/699994846", "properties": {"import": "yes", "landuse": "forest", "natural": "wetland", "source": "NV NMD2018", "@id": "way/699994846", "@type": "way", "osm_id": 699994846}, "geometry": {"type": "Polygon", "coordinates": [[[13.1459469, 63.1559873], [13.1455462, 63.1561017], [13.1453745, 63.1562162], [13.1454317, 63.1563307], [13.1459469, 63.1564452], [13.1458324, 63.1562735], [13.1459469, 63.1559873]]]}}, {"type": "Feature", "id": "way/699994847", "properties": {"import": "yes", "landuse": "forest", "natural": "wetland", "source": "NV NMD2018", "@id": "way/699994847", "@type": "way", "osm_id": 699994847}, "geometry": {"type": "Polygon", "coordinates": [[[13.1425122, 63.1551858], [13.1423977, 63.1552431], [13.1431419, 63.1554148], [13.1434281, 63.1551858], [13.1433709, 63.1548424], [13.1426267, 63.1548996], [13.1430847, 63.1551286], [13.1425122, 63.1551858]]]}}, {"type": "Feature", "id": "way/699994864", "properties": {"import": "yes", "landuse": "forest", "natural": "wetland", "source": "NV NMD2018", "@id": "way/699994864", "@type": "way", "osm_id": 699994864}, "geometry": {"type": "Polygon", "coordinates": [[[13.1306053, 63.1391573], [13.1303191, 63.1391573], [13.1300901, 63.1390428], [13.1300329, 63.1391], [13.1293459, 63.1392145], [13.1290024, 63.1394435], [13.1291742, 63.1395007], [13.1297466, 63.1393863], [13.129947, 63.1393863], [13.1301473, 63.1393576], [13.1306053, 63.1391573]]]}}, {"type": "Feature", "id": "way/699994867", "properties": {"import": "yes", "landuse": "forest", "natural": "wetland", "source": "NV NMD2018", "@id": "way/699994867", "@type": "way", "osm_id": 699994867}, "geometry": {"type": "Polygon", "coordinates": [[[13.1572814, 63.1413326], [13.1572241, 63.1411036], [13.1567089, 63.1411036], [13.156251, 63.1412753], [13.1563655, 63.1414471], [13.15648, 63.1415616], [13.1567089, 63.1413326], [13.1569379, 63.1412181], [13.1571097, 63.1413326], [13.1572814, 63.1413326]]]}}, {"type": "Feature", "id": "way/699994870", "properties": {"import": "yes", "landuse": "forest", "natural": "wetland", "source": "NV NMD2018", "@id": "way/699994870", "@type": "way", "osm_id": 699994870}, "geometry": {"type": "Polygon", "coordinates": [[[13.1764012, 63.1324596], [13.1752563, 63.1326886], [13.176716, 63.1327459], [13.1770308, 63.1328604], [13.1772026, 63.1328031], [13.1770308, 63.1327459], [13.1769164, 63.1325169], [13.1764012, 63.1324596]]]}}, {"type": "Feature", "id": "way/699994882", "properties": {"import": "yes", "landuse": "forest", "natural": "wetland", "source": "NV NMD2018", "@id": "way/699994882", "@type": "way", "osm_id": 699994882}, "geometry": {"type": "Polygon", "coordinates": [[[13.1301473, 63.1588781], [13.1296894, 63.1590785], [13.1292314, 63.1593075], [13.1295177, 63.1594219], [13.1299184, 63.1594219], [13.1302618, 63.1591357], [13.1301473, 63.1588781]]]}}, {"type": "Feature", "id": "way/699994883", "properties": {"import": "yes", "landuse": "forest", "natural": "wetland", "source": "NV NMD2018", "@id": "way/699994883", "@type": "way", "osm_id": 699994883}, "geometry": {"type": "Polygon", "coordinates": [[[13.1318647, 63.1558155], [13.1315212, 63.1559873], [13.1312922, 63.1561876], [13.1318647, 63.156159], [13.1320937, 63.1560445], [13.1319219, 63.1559873], [13.1318647, 63.1558155]]]}}, {"type": "Feature", "id": "way/699994885", "properties": {"import": "yes", "landuse": "forest", "natural": "wetland", "source": "NV NMD2018", "@id": "way/699994885", "@type": "way", "osm_id": 699994885}, "geometry": {"type": "Polygon", "coordinates": [[[13.1182404, 63.164574], [13.1183549, 63.164803], [13.1185839, 63.1649174], [13.1189274, 63.164803], [13.1193281, 63.1649174], [13.1199578, 63.1647457], [13.1204157, 63.1644022], [13.1199578, 63.1642305], [13.1196143, 63.164345], [13.1193853, 63.164345], [13.1194426, 63.1644595], [13.1196143, 63.1645167], [13.1190418, 63.1646885], [13.1189274, 63.1646312], [13.1182404, 63.164574]]]}}, {"type": "Feature", "id": "way/699994892", "properties": {"import": "yes", "landuse": "forest", "natural": "wetland", "source": "NV NMD2018", "@id": "way/699994892", "@type": "way", "osm_id": 699994892}, "geometry": {"type": "Polygon", "coordinates": [[[13.1486947, 63.1605668], [13.1484657, 63.1609676], [13.1485229, 63.1613683], [13.1487233, 63.1614828], [13.1486947, 63.1612538], [13.1485802, 63.1611393], [13.1488092, 63.1609103], [13.1486947, 63.1605668]]]}}, {"type": "Feature", "id": "way/699994903", "properties": {"import": "yes", "landuse": "forest", "natural": "wetland", "source": "NV NMD2018", "@id": "way/699994903", "@type": "way", "osm_id": 699994903}, "geometry": {"type": "Polygon", "coordinates": [[[13.1017539, 63.1186636], [13.1017539, 63.1184919], [13.1018684, 63.1183202], [13.1020974, 63.1184347], [13.1022119, 63.1183202], [13.1024409, 63.1180912], [13.1023836, 63.1179767], [13.1021546, 63.1179767], [13.1018684, 63.1180912], [13.101668, 63.1178622], [13.1014104, 63.1179195], [13.1016394, 63.1180339], [13.1014104, 63.1180912], [13.1011815, 63.1179195], [13.101067, 63.1179767], [13.1009525, 63.1180912], [13.1011242, 63.1182057], [13.1013532, 63.1182057], [13.1015249, 63.1184919], [13.1017539, 63.1186636]]]}}, {"type": "Feature", "id": "way/699994907", "properties": {"import": "yes", "landuse": "forest", "natural": "wetland", "source": "NV NMD2018", "@id": "way/699994907", "@type": "way", "osm_id": 699994907}, "geometry": {"type": "Polygon", "coordinates": [[[13.144573, 63.1279373], [13.1442868, 63.1279373], [13.1440578, 63.1278228], [13.1440006, 63.1279945], [13.1440578, 63.1281663], [13.1442296, 63.1282235], [13.1440006, 63.128338], [13.1442868, 63.1283953], [13.144573, 63.1279373]]]}}, {"type": "Feature", "id": "way/699994916", "properties": {"import": "yes", "landuse": "forest", "natural": "wetland", "source": "NV NMD2018", "@id": "way/699994916", "@type": "way", "osm_id": 699994916}, "geometry": {"type": "Polygon", "coordinates": [[[13.1104551, 63.1195796], [13.1105696, 63.1197513], [13.1104551, 63.1198658], [13.1105696, 63.1199803], [13.1109703, 63.1200375], [13.111371, 63.1197799], [13.1104551, 63.1195796]]]}}, {"type": "Feature", "id": "way/699994949", "properties": {"import": "yes", "landuse": "forest", "natural": "wetland", "source": "NV NMD2018", "@id": "way/699994949", "@type": "way", "osm_id": 699994949}, "geometry": {"type": "Polygon", "coordinates": [[[13.167013, 63.1281663], [13.167013, 63.1282808], [13.1671275, 63.1284525], [13.1675282, 63.1285097], [13.1682724, 63.1283953], [13.1686159, 63.1282808], [13.1680434, 63.1282808], [13.1675855, 63.1282235], [13.1675282, 63.1281663], [13.167013, 63.1281663]]]}}, {"type": "Feature", "id": "way/699994951", "properties": {"import": "yes", "landuse": "forest", "natural": "wetland", "source": "NV NMD2018", "@id": "way/699994951", "@type": "way", "osm_id": 699994951}, "geometry": {"type": "Polygon", "coordinates": [[[13.162462, 63.1295402], [13.1626624, 63.1295402], [13.1630059, 63.1293112], [13.1633493, 63.1294257], [13.1635783, 63.1293684], [13.1636928, 63.1291967], [13.1631204, 63.1291394], [13.1630059, 63.1289105], [13.1625479, 63.1294257], [13.162462, 63.1295402]]]}}, {"type": "Feature", "id": "way/699994956", "properties": {"import": "yes", "landuse": "forest", "natural": "wetland", "source": "NV NMD2018", "@id": "way/699994956", "@type": "way", "osm_id": 699994956}, "geometry": {"type": "Polygon", "coordinates": [[[13.122591, 63.1346922], [13.1228773, 63.1346922], [13.1229917, 63.1348067], [13.1234497, 63.1349212], [13.1237359, 63.1346922], [13.1235928, 63.1344632], [13.1233352, 63.1346922], [13.1228773, 63.1345777], [13.122591, 63.1346349], [13.122591, 63.1346922]]]}}, {"type": "Feature", "id": "way/699994958", "properties": {"import": "yes", "landuse": "forest", "natural": "wetland", "source": "NV NMD2018", "@id": "way/699994958", "@type": "way", "osm_id": 699994958}, "geometry": {"type": "Polygon", "coordinates": [[[13.138963, 63.1322879], [13.1381616, 63.1324596], [13.1386768, 63.1326314], [13.1389058, 63.1326314], [13.138963, 63.1327459], [13.1391777, 63.1328604], [13.1393065, 63.1328604], [13.1392493, 63.1327459], [13.1390775, 63.1326886], [13.139192, 63.1325741], [13.1390203, 63.1325169], [13.138963, 63.1322879]]]}}, {"type": "Feature", "id": "way/699994959", "properties": {"import": "yes", "landuse": "forest", "natural": "wetland", "source": "NV NMD2018", "@id": "way/699994959", "@type": "way", "osm_id": 699994959}, "geometry": {"type": "Polygon", "coordinates": [[[13.1373888, 63.131372], [13.1375892, 63.1316582], [13.1378754, 63.1318299], [13.139192, 63.1316439], [13.139192, 63.131601], [13.1391348, 63.131372], [13.1388486, 63.131372], [13.1386196, 63.1314292], [13.1388486, 63.1315437], [13.1379326, 63.1317155], [13.1377609, 63.131372], [13.1373888, 63.131372]]]}}, {"type": "Feature", "id": "way/699994967", "properties": {"import": "yes", "landuse": "forest", "natural": "wetland", "source": "NV NMD2018", "@id": "way/699994967", "@type": "way", "osm_id": 699994967}, "geometry": {"type": "Polygon", "coordinates": [[[13.1507269, 63.1356081], [13.1504693, 63.1356081], [13.150183, 63.1353791], [13.149954, 63.1354936], [13.1497823, 63.1353791], [13.1496678, 63.1351501], [13.1494961, 63.1350929], [13.1492099, 63.1350357], [13.1489236, 63.1350929], [13.1490381, 63.1352074], [13.1494388, 63.1352646], [13.1494961, 63.1353219], [13.1492671, 63.1354364], [13.1495533, 63.1354936], [13.1496678, 63.1356081], [13.1500113, 63.1357226], [13.1502403, 63.1357226], [13.1502975, 63.1357798], [13.1500685, 63.1358943], [13.150412, 63.1359516], [13.1507269, 63.1356081]]]}}, {"type": "Feature", "id": "way/699994968", "properties": {"import": "yes", "landuse": "forest", "natural": "wetland", "source": "NV NMD2018", "@id": "way/699994968", "@type": "way", "osm_id": 699994968}, "geometry": {"type": "Polygon", "coordinates": [[[13.1554496, 63.1386135], [13.1551633, 63.1385848], [13.1548771, 63.1388138], [13.1547054, 63.1386993], [13.1546481, 63.1388138], [13.1541902, 63.1391859], [13.1545909, 63.1391573], [13.1552206, 63.1388138], [13.1554496, 63.1386135]]]}}, {"type": "Feature", "id": "way/699994969", "properties": {"import": "yes", "landuse": "forest", "natural": "wetland", "source": "NV NMD2018", "@id": "way/699994969", "@type": "way", "osm_id": 699994969}, "geometry": {"type": "Polygon", "coordinates": [[[13.1643511, 63.1364095], [13.1641508, 63.1362378], [13.1639218, 63.1361806], [13.1634638, 63.1368675], [13.1632348, 63.1366958], [13.1631633, 63.136524], [13.1631204, 63.136567], [13.1628914, 63.136753], [13.1630059, 63.1368675], [13.1633207, 63.136982], [13.1634638, 63.1373541], [13.1636356, 63.1373254], [13.1637501, 63.1374399], [13.1640363, 63.1372396], [13.163979, 63.136982], [13.1638073, 63.1369247], [13.1639218, 63.1366385], [13.1643511, 63.1364095]]]}}, {"type": "Feature", "id": "way/699994972", "properties": {"import": "yes", "landuse": "forest", "natural": "wetland", "source": "NV NMD2018", "@id": "way/699994972", "@type": "way", "osm_id": 699994972}, "geometry": {"type": "Polygon", "coordinates": [[[13.1510989, 63.1382414], [13.1513279, 63.1381269], [13.1513852, 63.1380124], [13.1515569, 63.1378979], [13.1518431, 63.1375544], [13.1518431, 63.1374399], [13.1515569, 63.1374399], [13.1512134, 63.1375544], [13.1510989, 63.137626], [13.1513279, 63.1376689], [13.1515569, 63.1377262], [13.1514424, 63.1377834], [13.1513279, 63.1378407], [13.1512134, 63.1378979], [13.1510989, 63.1379551], [13.1509845, 63.1380124], [13.15087, 63.1380696], [13.1509845, 63.1381269], [13.1510989, 63.1381841], [13.1510989, 63.1382414]]]}}, {"type": "Feature", "id": "way/699994973", "properties": {"import": "yes", "landuse": "forest", "natural": "wetland", "source": "NV NMD2018", "@id": "way/699994973", "@type": "way", "osm_id": 699994973}, "geometry": {"type": "Polygon", "coordinates": [[[13.1514424, 63.1385848], [13.1512707, 63.1385848], [13.1510417, 63.1384703], [13.15087, 63.1385419], [13.1509988, 63.1385848], [13.1512707, 63.1386993], [13.1514424, 63.1386278], [13.1514424, 63.1385848]]]}}, {"type": "Feature", "id": "way/699994977", "properties": {"import": "yes", "landuse": "forest", "natural": "wetland", "source": "NV NMD2018", "@id": "way/699994977", "@type": "way", "osm_id": 699994977}, "geometry": {"type": "Polygon", "coordinates": [[[13.1196143, 63.136524], [13.1199578, 63.1364095], [13.1203012, 63.1361519], [13.120015, 63.1361806], [13.1194998, 63.1363523], [13.1196143, 63.136524]]]}}, {"type": "Feature", "id": "way/699994979", "properties": {"import": "yes", "landuse": "forest", "natural": "wetland", "source": "NV NMD2018", "@id": "way/699994979", "@type": "way", "osm_id": 699994979}, "geometry": {"type": "Polygon", "coordinates": [[[13.11721, 63.1409891], [13.1159506, 63.1410464], [13.1153782, 63.1412181], [13.1151492, 63.1413898], [13.1156644, 63.1414471], [13.1161796, 63.1413326], [13.1165231, 63.1411608], [13.11721, 63.141032], [13.11721, 63.1409891]]]}}, {"type": "Feature", "id": "way/699994984", "properties": {"import": "yes", "landuse": "forest", "natural": "wetland", "source": "NV NMD2018", "@id": "way/699994984", "@type": "way", "osm_id": 699994984}, "geometry": {"type": "Polygon", "coordinates": [[[13.1018684, 63.1377834], [13.1016394, 63.1378979], [13.1015249, 63.1381269], [13.101067, 63.138499], [13.101296, 63.1385276], [13.1015249, 63.1383559], [13.1016967, 63.1381269], [13.1019256, 63.1382414], [13.1020974, 63.1380696], [13.1019829, 63.1378979], [13.1018684, 63.1377834]]]}}, {"type": "Feature", "id": "way/699994992", "properties": {"import": "yes", "landuse": "forest", "natural": "wetland", "source": "NV NMD2018", "@id": "way/699994992", "@type": "way", "osm_id": 699994992}, "geometry": {"type": "Polygon", "coordinates": [[[13.1607161, 63.143422], [13.1608306, 63.1432217], [13.1610595, 63.1430499], [13.1617465, 63.1427494], [13.1616606, 63.1427065], [13.161403, 63.1424775], [13.161174, 63.142592], [13.1610023, 63.1427065], [13.1608306, 63.1429354], [13.1607161, 63.143422]]]}}, {"type": "Feature", "id": "way/699994993", "properties": {"import": "yes", "landuse": "forest", "natural": "wetland", "source": "NV NMD2018", "@id": "way/699994993", "@type": "way", "osm_id": 699994993}, "geometry": {"type": "Polygon", "coordinates": [[[13.1638073, 63.1465991], [13.1636928, 63.1464274], [13.1632921, 63.1463701], [13.1628914, 63.146456], [13.1629486, 63.1467136], [13.1631204, 63.1464846], [13.1635926, 63.1465991], [13.1638073, 63.1465991]]]}}, {"type": "Feature", "id": "way/699994994", "properties": {"import": "yes", "landuse": "forest", "natural": "wetland", "source": "NV NMD2018", "@id": "way/699994994", "@type": "way", "osm_id": 699994994}, "geometry": {"type": "Polygon", "coordinates": [[[13.1742259, 63.1392718], [13.1741114, 63.1400732], [13.1738824, 63.1408746], [13.1743403, 63.1407029], [13.1742259, 63.1405312], [13.1741114, 63.1403594], [13.1745693, 63.1396152], [13.1743976, 63.1392718], [13.1742259, 63.1392718]]]}}, {"type": "Feature", "id": "way/699995001", "properties": {"import": "yes", "landuse": "forest", "natural": "wetland", "source": "NV NMD2018", "@id": "way/699995001", "@type": "way", "osm_id": 699995001}, "geometry": {"type": "Polygon", "coordinates": [[[13.1497251, 63.1404167], [13.1495533, 63.1404167], [13.1493816, 63.1405312], [13.1494388, 63.1406456], [13.1496106, 63.1405312], [13.1497251, 63.1407029], [13.1498968, 63.1408746], [13.1500685, 63.1407601], [13.149954, 63.1407029], [13.150183, 63.1405884], [13.1500685, 63.1405312], [13.1498539, 63.1404167], [13.1497251, 63.1404167]]]}}, {"type": "Feature", "id": "way/699995002", "properties": {"import": "yes", "landuse": "forest", "natural": "wetland", "source": "NV NMD2018", "@id": "way/699995002", "@type": "way", "osm_id": 699995002}, "geometry": {"type": "Polygon", "coordinates": [[[13.1505265, 63.1415616], [13.150412, 63.1413326], [13.1501973, 63.1411036], [13.1500685, 63.1411465], [13.1498396, 63.1413326], [13.1498968, 63.1414471], [13.1505265, 63.1415616]]]}}, {"type": "Feature", "id": "way/699995006", "properties": {"import": "yes", "landuse": "forest", "natural": "wetland", "source": "NV NMD2018", "@id": "way/699995006", "@type": "way", "osm_id": 699995006}, "geometry": {"type": "Polygon", "coordinates": [[[13.1553351, 63.1428209], [13.1554496, 63.1431644], [13.1556785, 63.1429927], [13.1554496, 63.1428209], [13.1553351, 63.1428209]]]}}, {"type": "Feature", "id": "way/699995009", "properties": {"import": "yes", "landuse": "forest", "natural": "wetland", "source": "NV NMD2018", "@id": "way/699995009", "@type": "way", "osm_id": 699995009}, "geometry": {"type": "Polygon", "coordinates": [[[13.1750273, 63.1460267], [13.175199, 63.1461411], [13.1754709, 63.1460267], [13.1755997, 63.1459837], [13.1753707, 63.1459122], [13.1750273, 63.1460267]]]}}, {"type": "Feature", "id": "way/699995012", "properties": {"import": "yes", "landuse": "forest", "natural": "wetland", "source": "NV NMD2018", "@id": "way/699995012", "@type": "way", "osm_id": 699995012}, "geometry": {"type": "Polygon", "coordinates": [[[13.1117145, 63.147744], [13.1114855, 63.147744], [13.1112566, 63.1476295], [13.1109703, 63.147744], [13.1107986, 63.1475723], [13.1109131, 63.1474005], [13.1109417, 63.1469426], [13.1107986, 63.1470571], [13.1103979, 63.1471716], [13.1099972, 63.1472288], [13.1102834, 63.1474005], [13.1103979, 63.1478585], [13.1105696, 63.1479157], [13.1103406, 63.1480302], [13.1105696, 63.1480875], [13.1107986, 63.147973], [13.1117145, 63.147744]]]}}, {"type": "Feature", "id": "way/699995014", "properties": {"import": "yes", "landuse": "forest", "natural": "wetland", "source": "NV NMD2018", "@id": "way/699995014", "@type": "way", "osm_id": 699995014}, "geometry": {"type": "Polygon", "coordinates": [[[13.1698752, 63.1490034], [13.169818, 63.1488889], [13.169589, 63.1488889], [13.1694173, 63.1487744], [13.16936, 63.1486599], [13.1691883, 63.1487744], [13.1689307, 63.1486599], [13.1689593, 63.1488889], [13.1694745, 63.1490034], [13.1698752, 63.1490034]]]}}, {"type": "Feature", "id": "way/699995016", "properties": {"import": "yes", "landuse": "forest", "natural": "wetland", "source": "NV NMD2018", "@id": "way/699995016", "@type": "way", "osm_id": 699995016}, "geometry": {"type": "Polygon", "coordinates": [[[13.1183549, 63.1496903], [13.1177825, 63.1498048], [13.1175535, 63.1500052], [13.1181832, 63.1499193], [13.1183549, 63.1497762], [13.1183549, 63.1496903]]]}}, {"type": "Feature", "id": "way/699995017", "properties": {"import": "yes", "landuse": "forest", "natural": "wetland", "source": "NV NMD2018", "@id": "way/699995017", "@type": "way", "osm_id": 699995017}, "geometry": {"type": "Polygon", "coordinates": [[[13.1648091, 63.1509497], [13.1643797, 63.151007], [13.1642653, 63.1510642], [13.1641508, 63.1512359], [13.164437, 63.1514077], [13.1652098, 63.1511787], [13.1650667, 63.1510642], [13.1648091, 63.1509497]]]}}, {"type": "Feature", "id": "way/699995019", "properties": {"import": "yes", "landuse": "forest", "natural": "wetland", "source": "NV NMD2018", "@id": "way/699995019", "@type": "way", "osm_id": 699995019}, "geometry": {"type": "Polygon", "coordinates": [[[13.1619468, 63.1499193], [13.161403, 63.150091], [13.161632, 63.1501483], [13.161861, 63.1500338], [13.1619468, 63.1499193]]]}}, {"type": "Feature", "id": "way/699995021", "properties": {"import": "yes", "landuse": "forest", "natural": "wetland", "source": "NV NMD2018", "@id": "way/699995021", "@type": "way", "osm_id": 699995021}, "geometry": {"type": "Polygon", "coordinates": [[[13.1469773, 63.1496617], [13.1470918, 63.1495758], [13.1473208, 63.1497476], [13.1476643, 63.1498048], [13.1480077, 63.1497476], [13.147836, 63.1496903], [13.1477787, 63.1495758], [13.147607, 63.1495758], [13.147378, 63.1492324], [13.1469773, 63.1492324], [13.1463476, 63.1491179], [13.1460614, 63.1492324], [13.1459469, 63.1494613], [13.1461186, 63.1495758], [13.1463476, 63.1495758], [13.1466339, 63.1496903], [13.1469773, 63.1496617]]]}}, {"type": "Feature", "id": "way/699995030", "properties": {"import": "yes", "landuse": "forest", "natural": "wetland", "source": "NV NMD2018", "@id": "way/699995030", "@type": "way", "osm_id": 699995030}, "geometry": {"type": "Polygon", "coordinates": [[[13.1395355, 63.1510642], [13.139879, 63.1509497], [13.1399935, 63.1507207], [13.13965, 63.1508352], [13.1395355, 63.1510642]]]}}, {"type": "Feature", "id": "way/699995035", "properties": {"import": "yes", "landuse": "forest", "natural": "wetland", "source": "NV NMD2018", "@id": "way/699995035", "@type": "way", "osm_id": 699995035}, "geometry": {"type": "Polygon", "coordinates": [[[13.1768305, 63.1527815], [13.1765156, 63.1527815], [13.1762867, 63.1526671], [13.1761722, 63.1528388], [13.1762867, 63.1530105], [13.1768305, 63.1527815]]]}}, {"type": "Feature", "id": "way/699995036", "properties": {"import": "yes", "landuse": "forest", "natural": "wetland", "source": "NV NMD2018", "@id": "way/699995036", "@type": "way", "osm_id": 699995036}, "geometry": {"type": "Polygon", "coordinates": [[[13.1776605, 63.1540409], [13.1778895, 63.1538692], [13.1778323, 63.153812], [13.1774316, 63.1537547], [13.1775461, 63.1536402], [13.1771453, 63.153583], [13.1767446, 63.1536402], [13.1765156, 63.1537547], [13.1759432, 63.1538692], [13.1762294, 63.1542699], [13.1765729, 63.1539264], [13.1769736, 63.1540409], [13.1772026, 63.1539264], [13.1775317, 63.1540409], [13.1776605, 63.1540409]]]}}, {"type": "Feature", "id": "way/699995047", "properties": {"import": "yes", "landuse": "forest", "natural": "wetland", "source": "NV NMD2018", "@id": "way/699995047", "@type": "way", "osm_id": 699995047}, "geometry": {"type": "Polygon", "coordinates": [[[13.1200723, 63.1579336], [13.1199578, 63.1584488], [13.1196143, 63.158735], [13.1197288, 63.1589067], [13.1196143, 63.1590212], [13.119786, 63.1590785], [13.1212172, 63.1589067], [13.1209309, 63.158735], [13.1205302, 63.1586778], [13.1206447, 63.158506], [13.1205302, 63.1583915], [13.1203012, 63.1581626], [13.1201295, 63.1579336], [13.1200723, 63.1579336]]]}}, {"type": "Feature", "id": "way/699995051", "properties": {"import": "yes", "landuse": "forest", "natural": "wetland", "source": "NV NMD2018", "@id": "way/699995051", "@type": "way", "osm_id": 699995051}, "geometry": {"type": "Polygon", "coordinates": [[[13.1214461, 63.1602234], [13.1219041, 63.1598227], [13.1217324, 63.1596509], [13.1207592, 63.1598799], [13.1206447, 63.1600516], [13.1201867, 63.1601089], [13.1197288, 63.1603379], [13.1196143, 63.1606241], [13.1198433, 63.1606813], [13.1200723, 63.1605096], [13.1205875, 63.1603379], [13.1214461, 63.1602234]]]}}, {"type": "Feature", "id": "way/699995216", "properties": {"import": "yes", "landuse": "forest", "natural": "wetland", "source": "NV NMD2018", "@id": "way/699995216", "@type": "way", "osm_id": 699995216}, "geometry": {"type": "Polygon", "coordinates": [[[13.1567089, 63.1159159], [13.1566803, 63.1161449], [13.1568234, 63.1162021], [13.15648, 63.1163166], [13.1568807, 63.1163738], [13.1572814, 63.1162594], [13.1573386, 63.1161449], [13.1576249, 63.1162594], [13.1580828, 63.1159731], [13.1575676, 63.1158014], [13.1567089, 63.1159159]]]}}, {"type": "Feature", "id": "way/699995224", "properties": {"import": "yes", "landuse": "forest", "natural": "wetland", "source": "NV NMD2018", "@id": "way/699995224", "@type": "way", "osm_id": 699995224}, "geometry": {"type": "Polygon", "coordinates": [[[13.167013, 63.1281663], [13.167242, 63.1279659], [13.166784, 63.1278801], [13.166555, 63.1273648], [13.1662974, 63.1272504], [13.1660971, 63.1271359], [13.1658109, 63.1270214], [13.1655246, 63.1270786], [13.1652957, 63.1273648], [13.1655246, 63.1275938], [13.1656391, 63.1277083], [13.1658681, 63.1278228], [13.1661543, 63.1278228], [13.166555, 63.1279945], [13.1662116, 63.128109], [13.1649522, 63.1282808], [13.1650524, 63.1283953], [13.1653815, 63.1283953], [13.1655819, 63.1283953], [13.1660971, 63.1286242], [13.1664406, 63.1282808], [13.167013, 63.1281663]]]}}, {"type": "Feature", "id": "way/699995236", "properties": {"import": "yes", "landuse": "forest", "natural": "wetland", "source": "NV NMD2018", "@id": "way/699995236", "@type": "way", "osm_id": 699995236}, "geometry": {"type": "Polygon", "coordinates": [[[13.1036144, 63.1287387], [13.1035857, 63.1285097], [13.1034713, 63.1283953], [13.1032423, 63.128567], [13.1036144, 63.1287387]]]}}, {"type": "Feature", "id": "way/699995237", "properties": {"import": "yes", "landuse": "forest", "natural": "wetland", "source": "NV NMD2018", "@id": "way/699995237", "@type": "way", "osm_id": 699995237}, "geometry": {"type": "Polygon", "coordinates": [[[13.1602581, 63.1344632], [13.1598002, 63.1344632], [13.1596284, 63.1346922], [13.1595139, 63.1345777], [13.1594567, 63.1346922], [13.1597429, 63.1348067], [13.1600291, 63.1347494], [13.1601436, 63.1346922], [13.1602581, 63.1344632]]]}}, {"type": "Feature", "id": "way/699995246", "properties": {"import": "yes", "landuse": "forest", "natural": "wetland", "source": "NV NMD2018", "@id": "way/699995246", "@type": "way", "osm_id": 699995246}, "geometry": {"type": "Polygon", "coordinates": [[[13.1184694, 63.1492324], [13.1182404, 63.1492324], [13.1180114, 63.1494041], [13.1183549, 63.1496045], [13.1184694, 63.1492324]]]}}, {"type": "Feature", "id": "way/699995251", "properties": {"import": "yes", "landuse": "forest", "natural": "wetland", "source": "NV NMD2018", "@id": "way/699995251", "@type": "way", "osm_id": 699995251}, "geometry": {"type": "Polygon", "coordinates": [[[13.1776605, 63.1544989], [13.1776033, 63.1543844], [13.1772026, 63.1543844], [13.1773171, 63.1544989], [13.1775461, 63.1546134], [13.1776605, 63.1545561], [13.1776605, 63.1544989]]]}}, {"type": "Feature", "id": "way/699995257", "properties": {"import": "yes", "landuse": "forest", "natural": "wetland", "source": "NV NMD2018", "@id": "way/699995257", "@type": "way", "osm_id": 699995257}, "geometry": {"type": "Polygon", "coordinates": [[[13.1196143, 63.1617117], [13.1189274, 63.1620552], [13.1183549, 63.1623128], [13.1184694, 63.1623987], [13.1187842, 63.1622842], [13.1189274, 63.1623987], [13.1191563, 63.1625132], [13.1194139, 63.1623987], [13.1196143, 63.1617117]]]}}, {"type": "Feature", "id": "way/699995291", "properties": {"import": "yes", "landuse": "forest", "natural": "wetland", "source": "NV NMD2018", "@id": "way/699995291", "@type": "way", "osm_id": 699995291}, "geometry": {"type": "Polygon", "coordinates": [[[13.1549916, 63.142363], [13.1548628, 63.142363], [13.1547054, 63.1422485], [13.1544191, 63.1422485], [13.1545336, 63.142592], [13.1542474, 63.1430499], [13.1540757, 63.1432503], [13.1539612, 63.1436224], [13.1540757, 63.1437941], [13.1541902, 63.1438514], [13.1544191, 63.1435079], [13.1547054, 63.1433934], [13.1551061, 63.1429354], [13.1553351, 63.1428209], [13.155192, 63.1424775], [13.1549916, 63.142363]]]}}, {"type": "Feature", "id": "way/699995292", "properties": {"import": "yes", "landuse": "forest", "natural": "wetland", "source": "NV NMD2018", "@id": "way/699995292", "@type": "way", "osm_id": 699995292}, "geometry": {"type": "Polygon", "coordinates": [[[13.1042727, 63.1287387], [13.1036144, 63.1287387], [13.103872, 63.1289677], [13.104702, 63.1290822], [13.104473, 63.1289677], [13.1042727, 63.1287387]]]}}, {"type": "Feature", "id": "way/699995303", "properties": {"import": "yes", "landuse": "forest", "natural": "wetland", "source": "NV NMD2018", "@id": "way/699995303", "@type": "way", "osm_id": 699995303}, "geometry": {"type": "Polygon", "coordinates": [[[13.122591, 63.1070143], [13.1225338, 63.1068712], [13.1223048, 63.1068712], [13.1221331, 63.1069428], [13.1222619, 63.1069857], [13.1224765, 63.1071002], [13.122591, 63.1070143]]]}}, {"type": "Feature", "id": "way/699995305", "properties": {"import": "yes", "landuse": "forest", "natural": "wetland", "source": "NV NMD2018", "@id": "way/699995305", "@type": "way", "osm_id": 699995305}, "geometry": {"type": "Polygon", "coordinates": [[[13.1697608, 63.1130536], [13.170047, 63.1130536], [13.1703332, 63.1128247], [13.1699897, 63.1128819], [13.1697608, 63.1130536]]]}}, {"type": "Feature", "id": "way/699995315", "properties": {"import": "yes", "landuse": "forest", "natural": "wetland", "source": "NV NMD2018", "@id": "way/699995315", "@type": "way", "osm_id": 699995315}, "geometry": {"type": "Polygon", "coordinates": [[[13.1129739, 63.1108783], [13.1125159, 63.1109642], [13.1126447, 63.1109928], [13.1127449, 63.1111073], [13.1129739, 63.1111073], [13.113117, 63.1109928], [13.1129739, 63.1108783]]]}}, {"type": "Feature", "id": "way/699995316", "properties": {"import": "yes", "landuse": "forest", "natural": "wetland", "source": "NV NMD2018", "@id": "way/699995316", "@type": "way", "osm_id": 699995316}, "geometry": {"type": "Polygon", "coordinates": [[[13.1067915, 63.1106494], [13.106219, 63.1105635], [13.10599, 63.1104204], [13.1057611, 63.1105349], [13.1055178, 63.1104204], [13.1053031, 63.1104204], [13.1050741, 63.1106494], [13.1054176, 63.1107639], [13.1058183, 63.1107639], [13.1058755, 63.1108783], [13.1060902, 63.1109928], [13.106219, 63.1109928], [13.106677, 63.1108211], [13.1074784, 63.1107066], [13.1074212, 63.1106494], [13.1067915, 63.1106494]]]}}, {"type": "Feature", "id": "way/699995319", "properties": {"import": "yes", "landuse": "forest", "natural": "wetland", "source": "NV NMD2018", "@id": "way/699995319", "@type": "way", "osm_id": 699995319}, "geometry": {"type": "Polygon", "coordinates": [[[13.1158361, 63.1120232], [13.1158361, 63.1121377], [13.1154927, 63.1122522], [13.1158934, 63.1123667], [13.1162941, 63.1123095], [13.1166376, 63.1121807], [13.1164658, 63.1121377], [13.1162369, 63.1120232], [13.1158361, 63.1120232]]]}}, {"type": "Feature", "id": "way/699995322", "properties": {"import": "yes", "landuse": "forest", "natural": "wetland", "source": "NV NMD2018", "@id": "way/699995322", "@type": "way", "osm_id": 699995322}, "geometry": {"type": "Polygon", "coordinates": [[[13.1248808, 63.1133971], [13.1248808, 63.1134544], [13.1245946, 63.1135116], [13.1243084, 63.1133685], [13.1240794, 63.1135116], [13.1245946, 63.1136261], [13.1251098, 63.1135116], [13.1250096, 63.1133971], [13.1248808, 63.1133971]]]}}, {"type": "Feature", "id": "way/699995329", "properties": {"import": "yes", "landuse": "forest", "natural": "wetland", "source": "NV NMD2018", "@id": "way/699995329", "@type": "way", "osm_id": 699995329}, "geometry": {"type": "Polygon", "coordinates": [[[13.1715926, 63.153583], [13.1713779, 63.153583], [13.1697608, 63.1536545], [13.1700184, 63.1536975], [13.170276, 63.1536975], [13.1703332, 63.153812], [13.1697608, 63.1539264], [13.1692456, 63.1541554], [13.1690738, 63.1541554], [13.1689593, 63.1542699], [13.1690738, 63.1544416], [13.169589, 63.1544989], [13.1697608, 63.1546134], [13.1698752, 63.1544416], [13.1701042, 63.1542699], [13.1705622, 63.1540982], [13.1714781, 63.1539837], [13.1717071, 63.1538406], [13.1711346, 63.1537547], [13.1715926, 63.1536402], [13.1715926, 63.153583]]]}}, {"type": "Feature", "id": "way/699995331", "properties": {"import": "yes", "landuse": "forest", "natural": "wetland", "source": "NV NMD2018", "@id": "way/699995331", "@type": "way", "osm_id": 699995331}, "geometry": {"type": "Polygon", "coordinates": [[[13.1639218, 63.1507207], [13.1638073, 63.1506349], [13.1634638, 63.1507207], [13.1633493, 63.1508352], [13.1634638, 63.1509497], [13.1639218, 63.150778], [13.1639218, 63.1507207]]]}}, {"type": "Feature", "id": "way/699995338", "properties": {"import": "yes", "landuse": "forest", "natural": "wetland", "source": "NV NMD2018", "@id": "way/699995338", "@type": "way", "osm_id": 699995338}, "geometry": {"type": "Polygon", "coordinates": [[[13.1514424, 63.1574756], [13.1514424, 63.1575186], [13.1516141, 63.1575901], [13.1517859, 63.1574756], [13.1515569, 63.1573611], [13.1514424, 63.1574756]]]}}, {"type": "Feature", "id": "way/699995340", "properties": {"import": "yes", "landuse": "forest", "natural": "wetland", "source": "NV NMD2018", "@id": "way/699995340", "@type": "way", "osm_id": 699995340}, "geometry": {"type": "Polygon", "coordinates": [[[13.1751418, 63.1522091], [13.1750273, 63.1524381], [13.1750273, 63.1526671], [13.1753707, 63.1526098], [13.175199, 63.1525526], [13.1751418, 63.1522091]]]}}, {"type": "Feature", "id": "way/699995341", "properties": {"import": "yes", "landuse": "forest", "natural": "wetland", "source": "NV NMD2018", "@id": "way/699995341", "@type": "way", "osm_id": 699995341}, "geometry": {"type": "Polygon", "coordinates": [[[13.1769736, 63.1518656], [13.1769164, 63.1517511], [13.1766301, 63.1517511], [13.1764012, 63.1518227], [13.1766015, 63.1518656], [13.1768019, 63.1518656], [13.1768591, 63.1519229], [13.1767446, 63.1521519], [13.1770595, 63.1523236], [13.1771167, 63.1519801], [13.1769736, 63.1518656]]]}}, {"type": "Feature", "id": "way/699995342", "properties": {"import": "yes", "landuse": "forest", "natural": "wetland", "source": "NV NMD2018", "@id": "way/699995342", "@type": "way", "osm_id": 699995342}, "geometry": {"type": "Polygon", "coordinates": [[[13.1773171, 63.1525526], [13.1772026, 63.1524667], [13.1768591, 63.1525526], [13.1768305, 63.1527815], [13.1769736, 63.1530105], [13.1772598, 63.1530105], [13.1774888, 63.1532395], [13.177775, 63.1530105], [13.1777178, 63.152896], [13.1774888, 63.152896], [13.1773171, 63.1527243], [13.1773171, 63.1525526]]]}}, {"type": "Feature", "id": "way/699995346", "properties": {"import": "yes", "landuse": "forest", "natural": "wetland", "source": "NV NMD2018", "@id": "way/699995346", "@type": "way", "osm_id": 699995346}, "geometry": {"type": "Polygon", "coordinates": [[[13.1640363, 63.1248747], [13.1642653, 63.1246743], [13.1641794, 63.1245026], [13.1640363, 63.1248747]]]}}, {"type": "Feature", "id": "way/699995347", "properties": {"import": "yes", "landuse": "forest", "natural": "wetland", "source": "NV NMD2018", "@id": "way/699995347", "@type": "way", "osm_id": 699995347}, "geometry": {"type": "Polygon", "coordinates": [[[13.138963, 63.1350357], [13.139192, 63.1349212], [13.139421, 63.1349212], [13.1393638, 63.1348067], [13.1389058, 63.1346922], [13.1386196, 63.1348639], [13.1387341, 63.1350357], [13.138963, 63.1350357]]]}}, {"type": "Feature", "id": "way/699995348", "properties": {"import": "yes", "landuse": "forest", "natural": "wetland", "source": "NV NMD2018", "@id": "way/699995348", "@type": "way", "osm_id": 699995348}, "geometry": {"type": "Polygon", "coordinates": [[[13.1238504, 63.1411322], [13.1239649, 63.141032], [13.1238361, 63.1409891], [13.1237359, 63.1406456], [13.1233925, 63.1406456], [13.1236214, 63.1411036], [13.1238504, 63.1411322]]]}}, {"type": "Feature", "id": "way/699995379", "properties": {"import": "yes", "landuse": "forest", "natural": "wetland", "source": "NV NMD2018", "@id": "way/699995379", "@type": "way", "osm_id": 699995379}, "geometry": {"type": "Polygon", "coordinates": [[[13.1160937, 63.1314865], [13.1180114, 63.1314006], [13.1166948, 63.1312575], [13.1161796, 63.131372], [13.1160937, 63.1314865]]]}}, {"type": "Feature", "id": "way/699995392", "properties": {"import": "yes", "landuse": "forest", "natural": "wetland", "source": "NV NMD2018", "@id": "way/699995392", "@type": "way", "osm_id": 699995392}, "geometry": {"type": "Polygon", "coordinates": [[[13.1025553, 63.1272504], [13.1024838, 63.1271359], [13.1024409, 63.1271359], [13.1022119, 63.1273076], [13.1022977, 63.1274793], [13.1025553, 63.1272933], [13.1025553, 63.1272504]]]}}, {"type": "Feature", "id": "way/699995399", "properties": {"import": "yes", "landuse": "forest", "natural": "wetland", "source": "NV NMD2018", "@id": "way/699995399", "@type": "way", "osm_id": 699995399}, "geometry": {"type": "Polygon", "coordinates": [[[13.1011815, 63.1303416], [13.101296, 63.1303416], [13.1014963, 63.1299981], [13.101296, 63.1298836], [13.1011242, 63.1301126], [13.1007235, 63.1299981], [13.10038, 63.1300554], [13.100609, 63.1301698], [13.1001511, 63.1302843], [13.1011815, 63.1303416]]]}}, {"type": "Feature", "id": "way/699995405", "properties": {"import": "yes", "landuse": "forest", "natural": "wetland", "source": "NV NMD2018", "@id": "way/699995405", "@type": "way", "osm_id": 699995405}, "geometry": {"type": "Polygon", "coordinates": [[[13.1649522, 63.1358371], [13.1651239, 63.1357226], [13.1650667, 63.1354936], [13.1648377, 63.1356081], [13.1647232, 63.1354936], [13.1652957, 63.1353219], [13.1651812, 63.1351215], [13.1648377, 63.1352646], [13.164666, 63.1351501], [13.1639218, 63.1351501], [13.1640935, 63.1353791], [13.1642653, 63.1352646], [13.1643797, 63.1353791], [13.1639218, 63.1356081], [13.1640363, 63.1357226], [13.1642653, 63.1356081], [13.1645801, 63.1357226], [13.1647805, 63.1358371], [13.1649522, 63.1358371]]]}}, {"type": "Feature", "id": "way/699995406", "properties": {"import": "yes", "landuse": "forest", "natural": "wetland", "source": "NV NMD2018", "@id": "way/699995406", "@type": "way", "osm_id": 699995406}, "geometry": {"type": "Polygon", "coordinates": [[[13.1533887, 63.1329176], [13.1534746, 63.1328604], [13.1536177, 63.1325169], [13.1533887, 63.1326886], [13.1533887, 63.1329176]]]}}, {"type": "Feature", "id": "way/699995411", "properties": {"import": "yes", "landuse": "forest", "natural": "wetland", "source": "NV NMD2018", "@id": "way/699995411", "@type": "way", "osm_id": 699995411}, "geometry": {"type": "Polygon", "coordinates": [[[13.1021833, 63.1348067], [13.1019829, 63.1346922], [13.1018684, 63.1347637], [13.1018684, 63.1348067], [13.1019829, 63.1350357], [13.1020974, 63.1349212], [13.1021833, 63.1348067]]]}}, {"type": "Feature", "id": "way/699995412", "properties": {"import": "yes", "landuse": "forest", "natural": "wetland", "source": "NV NMD2018", "@id": "way/699995412", "@type": "way", "osm_id": 699995412}, "geometry": {"type": "Polygon", "coordinates": [[[13.1521294, 63.1342342], [13.1519004, 63.1342342], [13.1517573, 63.1343487], [13.1519004, 63.1344632], [13.1521294, 63.1344632], [13.1522725, 63.1343487], [13.1521294, 63.1342342]]]}}, {"type": "Feature", "id": "way/699995415", "properties": {"import": "yes", "landuse": "forest", "natural": "wetland", "source": "NV NMD2018", "@id": "way/699995415", "@type": "way", "osm_id": 699995415}, "geometry": {"type": "Polygon", "coordinates": [[[13.1666982, 63.1349212], [13.1666409, 63.1350357], [13.166555, 63.1350357], [13.1666695, 63.1351501], [13.1668985, 63.1352646], [13.1669844, 63.1350357], [13.1669558, 63.1349212], [13.1666982, 63.1349212]]]}}, {"type": "Feature", "id": "way/699995416", "properties": {"import": "yes", "landuse": "forest", "natural": "wetland", "source": "NV NMD2018", "@id": "way/699995416", "@type": "way", "osm_id": 699995416}, "geometry": {"type": "Polygon", "coordinates": [[[13.1395355, 63.1350357], [13.1395355, 63.1350786], [13.1405659, 63.1351501], [13.1405087, 63.1350357], [13.1399362, 63.1349212], [13.1395355, 63.1349784], [13.1395355, 63.1350357]]]}}, {"type": "Feature", "id": "way/699995421", "properties": {"import": "yes", "landuse": "forest", "natural": "wetland", "source": "NV NMD2018", "@id": "way/699995421", "@type": "way", "osm_id": 699995421}, "geometry": {"type": "Polygon", "coordinates": [[[13.1482367, 63.1356081], [13.1482367, 63.1355222], [13.1484657, 63.1353791], [13.1483226, 63.1352646], [13.1478932, 63.1354364], [13.1482367, 63.1356081]]]}}, {"type": "Feature", "id": "way/699995423", "properties": {"import": "yes", "landuse": "forest", "natural": "wetland", "source": "NV NMD2018", "@id": "way/699995423", "@type": "way", "osm_id": 699995423}, "geometry": {"type": "Polygon", "coordinates": [[[13.1078219, 63.1439658], [13.1088523, 63.1437941], [13.1082798, 63.1437941], [13.1078219, 63.1439658]]]}}, {"type": "Feature", "id": "way/699995425", "properties": {"import": "yes", "landuse": "forest", "natural": "wetland", "source": "NV NMD2018", "@id": "way/699995425", "@type": "way", "osm_id": 699995425}, "geometry": {"type": "Polygon", "coordinates": [[[13.1523583, 63.1366385], [13.1524728, 63.136753], [13.1525873, 63.1366385], [13.1529451, 63.136524], [13.1531598, 63.1364382], [13.1528735, 63.136295], [13.1524728, 63.1364095], [13.1523583, 63.1366385]]]}}, {"type": "Feature", "id": "way/699995426", "properties": {"import": "yes", "landuse": "forest", "natural": "wetland", "source": "NV NMD2018", "@id": "way/699995426", "@type": "way", "osm_id": 699995426}, "geometry": {"type": "Polygon", "coordinates": [[[13.1493816, 63.136982], [13.1493816, 63.1371108], [13.1506124, 63.1373254], [13.1504693, 63.137211], [13.1497251, 63.1371537], [13.149954, 63.1370392], [13.1496678, 63.1368675], [13.1494961, 63.136982], [13.1493816, 63.136982]]]}}, {"type": "Feature", "id": "way/699995432", "properties": {"import": "yes", "landuse": "forest", "natural": "wetland", "source": "NV NMD2018", "@id": "way/699995432", "@type": "way", "osm_id": 699995432}, "geometry": {"type": "Polygon", "coordinates": [[[13.1657536, 63.1445383], [13.1662116, 63.1443666], [13.1657536, 63.1444954], [13.1657536, 63.1445383]]]}}, {"type": "Feature", "id": "way/699995437", "properties": {"import": "yes", "landuse": "forest", "natural": "wetland", "source": "NV NMD2018", "@id": "way/699995437", "@type": "way", "osm_id": 699995437}, "geometry": {"type": "Polygon", "coordinates": [[[13.1659826, 63.1404167], [13.1659826, 63.1404596], [13.1661543, 63.1405312], [13.1663833, 63.1405312], [13.1664406, 63.1406456], [13.1666982, 63.1405312], [13.1666123, 63.1404167], [13.1659826, 63.1404167]]]}}, {"type": "Feature", "id": "way/699995438", "properties": {"import": "yes", "landuse": "forest", "natural": "wetland", "source": "NV NMD2018", "@id": "way/699995438", "@type": "way", "osm_id": 699995438}, "geometry": {"type": "Polygon", "coordinates": [[[13.173081, 63.1411036], [13.1734817, 63.1411036], [13.1738824, 63.1408746], [13.173081, 63.1408174], [13.1731954, 63.1405884], [13.1730953, 63.1404167], [13.1729665, 63.1404167], [13.172852, 63.1406456], [13.1725085, 63.140846], [13.1726802, 63.1409891], [13.1729092, 63.1409891], [13.173081, 63.1411036]]]}}, {"type": "Feature", "id": "way/699995439", "properties": {"import": "yes", "landuse": "forest", "natural": "wetland", "source": "NV NMD2018", "@id": "way/699995439", "@type": "way", "osm_id": 699995439}, "geometry": {"type": "Polygon", "coordinates": [[[13.1510989, 63.1415616], [13.1516714, 63.1414757], [13.1514997, 63.1414471], [13.1512134, 63.1413326], [13.1510989, 63.1415616]]]}}, {"type": "Feature", "id": "way/699995446", "properties": {"import": "yes", "landuse": "forest", "natural": "wetland", "source": "NV NMD2018", "@id": "way/699995446", "@type": "way", "osm_id": 699995446}, "geometry": {"type": "Polygon", "coordinates": [[[13.1755997, 63.1460267], [13.1755997, 63.1461411], [13.1759432, 63.1462556], [13.1764012, 63.1462556], [13.1763439, 63.1461411], [13.1760577, 63.1461411], [13.1757285, 63.1460267], [13.1755997, 63.1460267]]]}}, {"type": "Feature", "id": "way/699995450", "properties": {"import": "yes", "landuse": "forest", "natural": "wetland", "source": "NV NMD2018", "@id": "way/699995450", "@type": "way", "osm_id": 699995450}, "geometry": {"type": "Polygon", "coordinates": [[[13.1584263, 63.1478585], [13.158598, 63.1478585], [13.1587411, 63.147515], [13.1584263, 63.1478585]]]}}, {"type": "Feature", "id": "way/699995452", "properties": {"import": "yes", "landuse": "forest", "natural": "wetland", "source": "NV NMD2018", "@id": "way/699995452", "@type": "way", "osm_id": 699995452}, "geometry": {"type": "Polygon", "coordinates": [[[13.1265982, 63.1483737], [13.1268271, 63.148202], [13.1267699, 63.1480875], [13.1263692, 63.1480875], [13.1257967, 63.147973], [13.1252243, 63.1480302], [13.1249953, 63.1481447], [13.125167, 63.148202], [13.1252243, 63.1483165], [13.1265982, 63.1483737]]]}}, {"type": "Feature", "id": "way/699995454", "properties": {"import": "yes", "landuse": "forest", "natural": "wetland", "source": "NV NMD2018", "@id": "way/699995454", "@type": "way", "osm_id": 699995454}, "geometry": {"type": "Polygon", "coordinates": [[[13.161174, 63.1492324], [13.1613458, 63.1492324], [13.1614316, 63.1491179], [13.1610595, 63.1489461], [13.161174, 63.1488889], [13.1612885, 63.1487172], [13.1616606, 63.1485454], [13.1614603, 63.1483165], [13.161174, 63.1482592], [13.1617465, 63.1481447], [13.1613458, 63.1480875], [13.1608306, 63.148202], [13.1604871, 63.1486027], [13.1606016, 63.1486599], [13.1608306, 63.1485454], [13.1609451, 63.1486599], [13.1604871, 63.1488317], [13.1606588, 63.1488889], [13.1608306, 63.1491179], [13.1610023, 63.1492324], [13.161174, 63.1492324]]]}}, {"type": "Feature", "id": "way/699995455", "properties": {"import": "yes", "landuse": "forest", "natural": "wetland", "source": "NV NMD2018", "@id": "way/699995455", "@type": "way", "osm_id": 699995455}, "geometry": {"type": "Polygon", "coordinates": [[[13.1656391, 63.1501483], [13.1654101, 63.1501483], [13.1651812, 63.1502914], [13.1653529, 63.1502628], [13.1655819, 63.1503773], [13.1657536, 63.15032], [13.1656391, 63.1501483]]]}}, {"type": "Feature", "id": "way/699995461", "properties": {"import": "yes", "landuse": "forest", "natural": "wetland", "source": "NV NMD2018", "@id": "way/699995461", "@type": "way", "osm_id": 699995461}, "geometry": {"type": "Polygon", "coordinates": [[[13.1426267, 63.1498334], [13.1429702, 63.1497333], [13.1429272, 63.1496903], [13.1427984, 63.1493469], [13.1425695, 63.1493469], [13.1423405, 63.1492324], [13.1422832, 63.1493469], [13.1424836, 63.1494613], [13.1426267, 63.1498334]]]}}, {"type": "Feature", "id": "way/699995465", "properties": {"import": "yes", "landuse": "forest", "natural": "wetland", "source": "NV NMD2018", "@id": "way/699995465", "@type": "way", "osm_id": 699995465}, "geometry": {"type": "Polygon", "coordinates": [[[13.15087, 63.1507207], [13.15087, 63.1508352], [13.1507555, 63.1509497], [13.1506982, 63.1507207], [13.1504693, 63.1504918], [13.150183, 63.1506062], [13.149954, 63.1510642], [13.1496106, 63.1514077], [13.1496678, 63.1515222], [13.1500113, 63.1516367], [13.1502403, 63.1519801], [13.1505837, 63.1520946], [13.150641, 63.1522091], [13.1509845, 63.1523808], [13.1505265, 63.1524381], [13.15087, 63.1527815], [13.1512707, 63.1527815], [13.151471, 63.152896], [13.1516141, 63.1527815], [13.1517859, 63.1528388], [13.1516428, 63.1530105], [13.1527018, 63.152896], [13.1537895, 63.1530105], [13.1540757, 63.152896], [13.1539326, 63.1527815], [13.1536034, 63.1522091], [13.153217, 63.1522091], [13.1525873, 63.1523808], [13.1527018, 63.1524953], [13.1533315, 63.1525526], [13.1533887, 63.1526098], [13.1528163, 63.1527815], [13.1524728, 63.1525526], [13.1522438, 63.1522091], [13.1521294, 63.1520946], [13.1525873, 63.1519229], [13.1523011, 63.1517511], [13.1521294, 63.1518656], [13.1519147, 63.1517511], [13.1517859, 63.1518799], [13.1516141, 63.1520946], [13.1513852, 63.1519801], [13.1507555, 63.1519229], [13.1505265, 63.1516367], [13.1502975, 63.1513504], [13.1505837, 63.1512932], [13.15087, 63.1513504], [13.1510417, 63.1515222], [13.1516714, 63.1516367], [13.1516141, 63.1515222], [13.1514424, 63.1514649], [13.1520149, 63.1513361], [13.1518431, 63.1512932], [13.1512707, 63.1511787], [13.1511562, 63.1510642], [13.1509988, 63.1507207], [13.15087, 63.1507207]]]}}, {"type": "Feature", "id": "way/699995473", "properties": {"import": "yes", "landuse": "forest", "natural": "wetland", "source": "NV NMD2018", "@id": "way/699995473", "@type": "way", "osm_id": 699995473}, "geometry": {"type": "Polygon", "coordinates": [[[13.177775, 63.1525526], [13.1779468, 63.1527815], [13.1781185, 63.1526098], [13.178004, 63.1524381], [13.1778323, 63.1523236], [13.177775, 63.1525526]]]}}, {"type": "Feature", "id": "way/699995475", "properties": {"import": "yes", "landuse": "forest", "natural": "wetland", "source": "NV NMD2018", "@id": "way/699995475", "@type": "way", "osm_id": 699995475}, "geometry": {"type": "Polygon", "coordinates": [[[13.1311778, 63.1541554], [13.1314067, 63.1541554], [13.1315498, 63.1540409], [13.1312922, 63.1539264], [13.1311778, 63.153812], [13.1314067, 63.1536402], [13.131235, 63.153354], [13.131006, 63.153354], [13.1308343, 63.1532395], [13.1307198, 63.1531823], [13.1308343, 63.1530678], [13.1306339, 63.1526671], [13.1302046, 63.1524381], [13.1301473, 63.1527815], [13.1302618, 63.1528388], [13.1301473, 63.152896], [13.1300329, 63.1530678], [13.1301473, 63.1532395], [13.1303763, 63.153125], [13.1304908, 63.1532968], [13.1301187, 63.153583], [13.130362, 63.1536975], [13.1305337, 63.1536975], [13.1307198, 63.1534685], [13.1309488, 63.153583], [13.1310633, 63.1536975], [13.1304908, 63.1537833], [13.1303763, 63.1538692], [13.130777, 63.1539264], [13.1309488, 63.1540409], [13.1311778, 63.1541554]]]}}, {"type": "Feature", "id": "way/699995485", "properties": {"import": "yes", "landuse": "forest", "natural": "wetland", "source": "NV NMD2018", "@id": "way/699995485", "@type": "way", "osm_id": 699995485}, "geometry": {"type": "Polygon", "coordinates": [[[13.1098254, 63.1597654], [13.1091957, 63.1599371], [13.1097682, 63.1598227], [13.1098254, 63.1597654]]]}}, {"type": "Feature", "id": "way/699995486", "properties": {"import": "yes", "landuse": "forest", "natural": "wetland", "source": "NV NMD2018", "@id": "way/699995486", "@type": "way", "osm_id": 699995486}, "geometry": {"type": "Polygon", "coordinates": [[[13.1077074, 63.1549569], [13.1073067, 63.1548424], [13.1069059, 63.1548424], [13.1072494, 63.1549569], [13.1077074, 63.1549569]]]}}, {"type": "Feature", "id": "way/699995506", "properties": {"import": "yes", "natural": "wetland", "source": "NV NMD2018", "wetland": "bog", "@id": "way/699995506", "@type": "way", "osm_id": 699995506}, "geometry": {"type": "Polygon", "coordinates": [[[13.1412528, 63.1588495], [13.1412528, 63.1589067], [13.1407949, 63.158964], [13.1409094, 63.1590785], [13.1411383, 63.159193], [13.1415963, 63.1590212], [13.1412528, 63.1588495]]]}}, {"type": "Feature", "id": "way/699995512", "properties": {"import": "yes", "landuse": "forest", "natural": "wetland", "source": "NV NMD2018", "@id": "way/699995512", "@type": "way", "osm_id": 699995512}, "geometry": {"type": "Polygon", "coordinates": [[[13.1518431, 63.1609103], [13.151929, 63.1607958], [13.1516714, 63.1605668], [13.1512134, 63.1606813], [13.1513279, 63.1607958], [13.1515569, 63.1609103], [13.1518431, 63.1609103]]]}}, {"type": "Feature", "id": "way/699995513", "properties": {"import": "yes", "landuse": "forest", "natural": "wetland", "source": "NV NMD2018", "@id": "way/699995513", "@type": "way", "osm_id": 699995513}, "geometry": {"type": "Polygon", "coordinates": [[[13.1312922, 63.1612538], [13.1312207, 63.1611393], [13.1309631, 63.1611393], [13.1304908, 63.1612538], [13.1302618, 63.1611393], [13.1301473, 63.161311], [13.1303477, 63.1614828], [13.1307198, 63.1615972], [13.1309488, 63.16154], [13.130777, 63.1614828], [13.1307198, 63.1613683], [13.1312922, 63.1612538]]]}}, {"type": "Feature", "id": "way/699995518", "properties": {"import": "yes", "landuse": "forest", "natural": "wetland", "source": "NV NMD2018", "@id": "way/699995518", "@type": "way", "osm_id": 699995518}, "geometry": {"type": "Polygon", "coordinates": [[[13.1280865, 63.1625132], [13.127972, 63.1622842], [13.1278576, 63.1621411], [13.1278146, 63.1620552], [13.1277431, 63.1622842], [13.1278576, 63.1625132], [13.1280865, 63.1625132]]]}}, {"type": "Feature", "id": "way/699995525", "properties": {"import": "yes", "landuse": "forest", "natural": "wetland", "source": "NV NMD2018", "@id": "way/699995525", "@type": "way", "osm_id": 699995525}, "geometry": {"type": "Polygon", "coordinates": [[[13.1106841, 63.1644595], [13.1106841, 63.1645024], [13.1110276, 63.164574], [13.1114855, 63.164574], [13.111829, 63.1645167], [13.1117718, 63.1644595], [13.111371, 63.1644595], [13.1109131, 63.164345], [13.11077, 63.1644595], [13.1106841, 63.1644595]]]}}, {"type": "Feature", "id": "way/699995603", "properties": {"import": "yes", "landuse": "forest", "natural": "wetland", "source": "NV NMD2018", "@id": "way/699995603", "@type": "way", "osm_id": 699995603}, "geometry": {"type": "Polygon", "coordinates": [[[13.1722795, 63.1095045], [13.1722795, 63.1095617], [13.1719933, 63.109619], [13.1717071, 63.1093327], [13.1718216, 63.1090465], [13.1717643, 63.1088175], [13.1715353, 63.1088175], [13.1711346, 63.109161], [13.1712491, 63.1092755], [13.1714781, 63.1096762], [13.1722223, 63.1097334], [13.172394, 63.1098479], [13.172623, 63.1099624], [13.172852, 63.1100197], [13.1733099, 63.1098479], [13.1731954, 63.1097334], [13.1730237, 63.109619], [13.1727375, 63.109619], [13.1724083, 63.1095045], [13.1722795, 63.1095045]]]}}, {"type": "Feature", "id": "way/699995607", "properties": {"import": "yes", "landuse": "forest", "natural": "wetland", "source": "NV NMD2018", "@id": "way/699995607", "@type": "way", "osm_id": 699995607}, "geometry": {"type": "Polygon", "coordinates": [[[13.1319792, 63.1136261], [13.1324944, 63.1136261], [13.1330668, 63.1135116], [13.1327806, 63.1135116], [13.1325802, 63.1132826], [13.1323083, 63.1131681], [13.1320937, 63.113254], [13.1322082, 63.1134544], [13.1319792, 63.1136261]]]}}, {"type": "Feature", "id": "way/699995612", "properties": {"import": "yes", "landuse": "forest", "natural": "wetland", "source": "NV NMD2018", "@id": "way/699995612", "@type": "way", "osm_id": 699995612}, "geometry": {"type": "Polygon", "coordinates": [[[13.1212172, 63.1460267], [13.1217896, 63.145812], [13.1216179, 63.1456832], [13.1214461, 63.1454542], [13.1215892, 63.1451107], [13.1213889, 63.1449963], [13.1211027, 63.1449963], [13.1210454, 63.1454542], [13.1209882, 63.1455115], [13.1211599, 63.1456832], [13.1212172, 63.1460267]]]}}, {"type": "Feature", "id": "way/699995613", "properties": {"import": "yes", "landuse": "forest", "natural": "wetland", "source": "NV NMD2018", "@id": "way/699995613", "@type": "way", "osm_id": 699995613}, "geometry": {"type": "Polygon", "coordinates": [[[13.1762867, 63.1601089], [13.1762867, 63.1601518], [13.1766874, 63.1602234], [13.1770881, 63.1601089], [13.176945, 63.1599944], [13.1765729, 63.1601089], [13.1762867, 63.1601089]]]}}, {"type": "Feature", "id": "way/699995617", "properties": {"import": "yes", "landuse": "forest", "natural": "wetland", "source": "NV NMD2018", "@id": "way/699995617", "@type": "way", "osm_id": 699995617}, "geometry": {"type": "Polygon", "coordinates": [[[13.1282583, 63.163887], [13.1273996, 63.1639443], [13.1272851, 63.1640015], [13.1271706, 63.164345], [13.1267699, 63.1646885], [13.1263692, 63.1646885], [13.1259112, 63.1649747], [13.126083, 63.1651464], [13.1263119, 63.1651464], [13.1263692, 63.1652037], [13.1261402, 63.1653754], [13.1262261, 63.1654899], [13.1265982, 63.1652609], [13.1268271, 63.1653754], [13.127142, 63.1652609], [13.1273853, 63.1656044], [13.1275141, 63.1654756], [13.1276286, 63.1652609], [13.127972, 63.1651464], [13.1278576, 63.164803], [13.1277431, 63.164574], [13.128201, 63.1640588], [13.1282583, 63.163887]]]}}, {"type": "Feature", "id": "way/699995618", "properties": {"import": "yes", "landuse": "forest", "natural": "wetland", "source": "NV NMD2018", "@id": "way/699995618", "@type": "way", "osm_id": 699995618}, "geometry": {"type": "Polygon", "coordinates": [[[13.1632348, 63.1495758], [13.1631776, 63.1494613], [13.1628914, 63.1494613], [13.1626624, 63.1495329], [13.1627912, 63.1495758], [13.1628914, 63.1496331], [13.1626624, 63.1497476], [13.1628341, 63.1498048], [13.1631204, 63.1495758], [13.1632348, 63.1495758]]]}}, {"type": "Feature", "id": "way/699995619", "properties": {"import": "yes", "landuse": "forest", "natural": "wetland", "source": "NV NMD2018", "@id": "way/699995619", "@type": "way", "osm_id": 699995619}, "geometry": {"type": "Polygon", "coordinates": [[[13.1364443, 63.1596509], [13.1364443, 63.1596939], [13.1367305, 63.1597654], [13.137074, 63.1595364], [13.136845, 63.1594219], [13.1367877, 63.1595364], [13.1364443, 63.1596509]]]}}, {"type": "Feature", "id": "way/699995624", "properties": {"import": "yes", "landuse": "forest", "natural": "wetland", "source": "NV NMD2018", "@id": "way/699995624", "@type": "way", "osm_id": 699995624}, "geometry": {"type": "Polygon", "coordinates": [[[13.1489236, 63.147744], [13.1482367, 63.1478299], [13.1489236, 63.1478012], [13.1489236, 63.147744]]]}}, {"type": "Feature", "id": "way/699995626", "properties": {"import": "yes", "landuse": "forest", "natural": "wetland", "source": "NV NMD2018", "@id": "way/699995626", "@type": "way", "osm_id": 699995626}, "geometry": {"type": "Polygon", "coordinates": [[[13.1606588, 63.1413326], [13.1602009, 63.1412181], [13.1598002, 63.1413612], [13.1600864, 63.1414471], [13.1604585, 63.1414471], [13.1606588, 63.1413326]]]}}, {"type": "Feature", "id": "way/699995628", "properties": {"import": "yes", "landuse": "forest", "natural": "wetland", "source": "NV NMD2018", "@id": "way/699995628", "@type": "way", "osm_id": 699995628}, "geometry": {"type": "Polygon", "coordinates": [[[13.1585408, 63.1386993], [13.1595139, 63.1386993], [13.1595712, 63.1388138], [13.1598288, 63.1389283], [13.1598002, 63.1386993], [13.1601436, 63.1384703], [13.1600864, 63.1383559], [13.1598002, 63.1383559], [13.1595712, 63.1385276], [13.1585408, 63.1386421], [13.1585408, 63.1386993]]]}}, {"type": "Feature", "id": "way/699995630", "properties": {"import": "yes", "landuse": "forest", "natural": "wetland", "source": "NV NMD2018", "@id": "way/699995630", "@type": "way", "osm_id": 699995630}, "geometry": {"type": "Polygon", "coordinates": [[[13.1235069, 63.1511787], [13.1239077, 63.1508352], [13.1243084, 63.1506206], [13.1241796, 63.1504918], [13.1240794, 63.1506062], [13.1237932, 63.1507207], [13.1234497, 63.1506062], [13.1232493, 63.1506062], [13.1229202, 63.1506062], [13.1227055, 63.1507207], [13.1229917, 63.1507207], [13.1231635, 63.1508352], [13.123278, 63.151007], [13.1235069, 63.1511787]]]}}, {"type": "Feature", "id": "way/699995637", "properties": {"import": "yes", "landuse": "forest", "natural": "wetland", "source": "NV NMD2018", "@id": "way/699995637", "@type": "way", "osm_id": 699995637}, "geometry": {"type": "Polygon", "coordinates": [[[13.1783475, 63.1265634], [13.178004, 63.1265634], [13.177775, 63.1263058], [13.1775461, 63.1261055], [13.1774316, 63.12622], [13.1775461, 63.1263344], [13.1776605, 63.1264489], [13.1775461, 63.1266207], [13.1776605, 63.1266779], [13.1778323, 63.1267924], [13.1781757, 63.1269069], [13.1783475, 63.1265634]]]}}, {"type": "Feature", "id": "way/699995639", "properties": {"import": "yes", "landuse": "forest", "natural": "wetland", "source": "NV NMD2018", "@id": "way/699995639", "@type": "way", "osm_id": 699995639}, "geometry": {"type": "Polygon", "coordinates": [[[13.1548771, 63.128567], [13.1550775, 63.1287387], [13.1552206, 63.128796], [13.1546481, 63.1288532], [13.1551633, 63.1289677], [13.1556785, 63.128796], [13.1556213, 63.1286242], [13.1551633, 63.1285097], [13.1548771, 63.128567]]]}}, {"type": "Feature", "id": "way/699995641", "properties": {"import": "yes", "landuse": "forest", "natural": "wetland", "source": "NV NMD2018", "@id": "way/699995641", "@type": "way", "osm_id": 699995641}, "geometry": {"type": "Polygon", "coordinates": [[[13.1090813, 63.134406], [13.1098827, 63.1342772], [13.1096823, 63.1342342], [13.109482, 63.1342342], [13.1090813, 63.134406]]]}}, {"type": "Feature", "id": "way/699995643", "properties": {"import": "yes", "landuse": "forest", "natural": "wetland", "source": "NV NMD2018", "@id": "way/699995643", "@type": "way", "osm_id": 699995643}, "geometry": {"type": "Polygon", "coordinates": [[[13.15648, 63.137211], [13.1563655, 63.1376689], [13.156251, 63.1377405], [13.156251, 63.1377834], [13.1567089, 63.1377262], [13.1568234, 63.1375544], [13.1566517, 63.137211], [13.15648, 63.137211]]]}}, {"type": "Feature", "id": "way/699995644", "properties": {"import": "yes", "landuse": "forest", "natural": "wetland", "source": "NV NMD2018", "@id": "way/699995644", "@type": "way", "osm_id": 699995644}, "geometry": {"type": "Polygon", "coordinates": [[[13.1540757, 63.1376689], [13.1545336, 63.1374972], [13.1547912, 63.1373254], [13.1545909, 63.137211], [13.1543047, 63.1373254], [13.1540757, 63.1375544], [13.1540757, 63.1376689]]]}}, {"type": "Feature", "id": "way/699995648", "properties": {"import": "yes", "landuse": "forest", "natural": "wetland", "source": "NV NMD2018", "@id": "way/699995648", "@type": "way", "osm_id": 699995648}, "geometry": {"type": "Polygon", "coordinates": [[[13.1575104, 63.142592], [13.1579111, 63.142592], [13.1583118, 63.1424775], [13.1575104, 63.1425347], [13.1575104, 63.142592]]]}}, {"type": "Feature", "id": "way/699995678", "properties": {"import": "yes", "landuse": "forest", "natural": "wetland", "source": "NV NMD2018", "@id": "way/699995678", "@type": "way", "osm_id": 699995678}, "geometry": {"type": "Polygon", "coordinates": [[[13.1680434, 63.114771], [13.1680434, 63.1148282], [13.1681722, 63.1148855], [13.1682724, 63.1149427], [13.1681579, 63.1151431], [13.1683869, 63.1149427], [13.1683296, 63.114771], [13.1680434, 63.114771]]]}}, {"type": "Feature", "id": "way/699995679", "properties": {"import": "yes", "landuse": "forest", "natural": "wetland", "source": "NV NMD2018", "@id": "way/699995679", "@type": "way", "osm_id": 699995679}, "geometry": {"type": "Polygon", "coordinates": [[[13.1239649, 63.1118801], [13.1243084, 63.1119087], [13.1249667, 63.1119087], [13.1252815, 63.1119087], [13.1254246, 63.1121377], [13.1256679, 63.1122522], [13.1257967, 63.1122522], [13.1267127, 63.1120805], [13.1268271, 63.111966], [13.1264837, 63.1117943], [13.1262261, 63.1114508], [13.1259685, 63.1113363], [13.1257109, 63.1113363], [13.1254533, 63.1114222], [13.1253388, 63.1115653], [13.1251098, 63.1114508], [13.1248236, 63.1116798], [13.1241939, 63.1117943], [13.1239649, 63.1118801]]]}}, {"type": "Feature", "id": "way/699995680", "properties": {"import": "yes", "landuse": "forest", "natural": "wetland", "source": "NV NMD2018", "@id": "way/699995680", "@type": "way", "osm_id": 699995680}, "geometry": {"type": "Polygon", "coordinates": [[[13.1216751, 63.1138551], [13.1216751, 63.1136833], [13.1215606, 63.1134544], [13.1214461, 63.1133971], [13.1213316, 63.1135402], [13.1214604, 63.1136261], [13.1216751, 63.1138551]]]}}, {"type": "Feature", "id": "way/699995682", "properties": {"import": "yes", "landuse": "forest", "natural": "wetland", "source": "NV NMD2018", "@id": "way/699995682", "@type": "way", "osm_id": 699995682}, "geometry": {"type": "Polygon", "coordinates": [[[13.112287, 63.1095331], [13.111829, 63.1095045], [13.1116143, 63.109619], [13.1114855, 63.1096619], [13.1118004, 63.1097334], [13.112058, 63.1098193], [13.112287, 63.1095331]]]}}, {"type": "Feature", "id": "way/699995683", "properties": {"import": "yes", "landuse": "forest", "natural": "wetland", "source": "NV NMD2018", "@id": "way/699995683", "@type": "way", "osm_id": 699995683}, "geometry": {"type": "Polygon", "coordinates": [[[13.1031278, 63.1220983], [13.1031278, 63.1226708], [13.1033568, 63.1222128], [13.1032995, 63.1220983], [13.1031278, 63.1220983]]]}}, {"type": "Feature", "id": "way/699995685", "properties": {"import": "yes", "landuse": "forest", "natural": "wetland", "source": "NV NMD2018", "@id": "way/699995685", "@type": "way", "osm_id": 699995685}, "geometry": {"type": "Polygon", "coordinates": [[[13.1364443, 63.1222128], [13.1370167, 63.1222128], [13.136845, 63.1219838], [13.1364443, 63.1222128]]]}}, {"type": "Feature", "id": "way/699995698", "properties": {"import": "yes", "landuse": "forest", "natural": "wetland", "source": "NV NMD2018", "@id": "way/699995698", "@type": "way", "osm_id": 699995698}, "geometry": {"type": "Polygon", "coordinates": [[[13.1046162, 63.1058408], [13.1046162, 63.1057263], [13.1045589, 63.1056118], [13.1041868, 63.1056118], [13.1038147, 63.1056548], [13.1043299, 63.1057263], [13.1046162, 63.1058408]]]}}, {"type": "Feature", "id": "way/699995707", "properties": {"import": "yes", "landuse": "forest", "natural": "wetland", "source": "NV NMD2018", "@id": "way/699995707", "@type": "way", "osm_id": 699995707}, "geometry": {"type": "Polygon", "coordinates": [[[13.1078505, 63.1088175], [13.1079364, 63.108932], [13.1079936, 63.1090465], [13.1084516, 63.1090465], [13.1087378, 63.1090465], [13.1086233, 63.108932], [13.1083943, 63.1088175], [13.1078505, 63.1088175]]]}}, {"type": "Feature", "id": "way/699995711", "properties": {"import": "yes", "landuse": "forest", "natural": "wetland", "source": "NV NMD2018", "@id": "way/699995711", "@type": "way", "osm_id": 699995711}, "geometry": {"type": "Polygon", "coordinates": [[[13.1104551, 63.1095045], [13.1104551, 63.1093041], [13.1104551, 63.109161], [13.1103406, 63.1092039], [13.1102261, 63.1092755], [13.1099685, 63.109161], [13.1096537, 63.1094186], [13.1100544, 63.1095045], [13.1104551, 63.1095045]]]}}, {"type": "Feature", "id": "way/699995712", "properties": {"import": "yes", "landuse": "forest", "natural": "wetland", "source": "NV NMD2018", "@id": "way/699995712", "@type": "way", "osm_id": 699995712}, "geometry": {"type": "Polygon", "coordinates": [[[13.1089668, 63.1109928], [13.1089668, 63.1109356], [13.1087378, 63.1108783], [13.1085088, 63.1108783], [13.1080508, 63.1110501], [13.1083371, 63.1112218], [13.1085374, 63.1111073], [13.1083943, 63.1110501], [13.1089668, 63.1109928]]]}}, {"type": "Feature", "id": "way/699995717", "properties": {"import": "yes", "landuse": "forest", "natural": "wetland", "source": "NV NMD2018", "@id": "way/699995717", "@type": "way", "osm_id": 699995717}, "geometry": {"type": "Polygon", "coordinates": [[[13.1245374, 63.1103918], [13.1243227, 63.1103059], [13.1240794, 63.1101914], [13.1239077, 63.1098479], [13.1237359, 63.1100197], [13.1237932, 63.1101914], [13.1239649, 63.1102486], [13.1237359, 63.1103631], [13.1240794, 63.1104204], [13.1245374, 63.1103918]]]}}, {"type": "Feature", "id": "way/699995720", "properties": {"import": "yes", "landuse": "forest", "natural": "wetland", "source": "NV NMD2018", "@id": "way/699995720", "@type": "way", "osm_id": 699995720}, "geometry": {"type": "Polygon", "coordinates": [[[13.1159506, 63.1107639], [13.1156644, 63.1107639], [13.1153782, 63.1108068], [13.1156644, 63.1108783], [13.1159506, 63.1107639]]]}}, {"type": "Feature", "id": "way/699995733", "properties": {"import": "yes", "landuse": "forest", "natural": "wetland", "source": "NV NMD2018", "@id": "way/699995733", "@type": "way", "osm_id": 699995733}, "geometry": {"type": "Polygon", "coordinates": [[[13.127972, 63.111737], [13.127972, 63.1115653], [13.1278003, 63.1114508], [13.1276286, 63.1118515], [13.1278003, 63.1119087], [13.127972, 63.1118515], [13.127972, 63.111737]]]}}, {"type": "Feature", "id": "way/699995740", "properties": {"import": "yes", "landuse": "forest", "natural": "wetland", "source": "NV NMD2018", "@id": "way/699995740", "@type": "way", "osm_id": 699995740}, "geometry": {"type": "Polygon", "coordinates": [[[13.1291169, 63.1123667], [13.1291169, 63.112195], [13.1288307, 63.1120232], [13.1285445, 63.1120662], [13.1287448, 63.1121377], [13.128888, 63.1123667], [13.1291169, 63.1123667]]]}}, {"type": "Feature", "id": "way/699995743", "properties": {"import": "yes", "landuse": "forest", "natural": "wetland", "source": "NV NMD2018", "@id": "way/699995743", "@type": "way", "osm_id": 699995743}, "geometry": {"type": "Polygon", "coordinates": [[[13.1292887, 63.1120232], [13.1293459, 63.112195], [13.1294747, 63.1123667], [13.1296321, 63.1124812], [13.1297466, 63.1122522], [13.1295749, 63.1121091], [13.1294604, 63.1120232], [13.1292887, 63.1120232]]]}}, {"type": "Feature", "id": "way/699995745", "properties": {"import": "yes", "landuse": "forest", "natural": "wetland", "source": "NV NMD2018", "@id": "way/699995745", "@type": "way", "osm_id": 699995745}, "geometry": {"type": "Polygon", "coordinates": [[[13.1185839, 63.1122522], [13.1187556, 63.1122522], [13.1188129, 63.1122093], [13.1190418, 63.1121377], [13.1195857, 63.1122522], [13.1199291, 63.1122522], [13.1201867, 63.1121664], [13.120015, 63.1120232], [13.1198147, 63.1120232], [13.1189274, 63.1120232], [13.1182404, 63.1120232], [13.1180114, 63.1120805], [13.1185266, 63.1121377], [13.1185839, 63.1122522]]]}}, {"type": "Feature", "id": "way/699995747", "properties": {"import": "yes", "landuse": "forest", "natural": "wetland", "source": "NV NMD2018", "@id": "way/699995747", "@type": "way", "osm_id": 699995747}, "geometry": {"type": "Polygon", "coordinates": [[[13.1703332, 63.1124812], [13.1703332, 63.1128247], [13.1707912, 63.1127674], [13.1709057, 63.1125957], [13.1708484, 63.1124812], [13.1703332, 63.1124812]]]}}, {"type": "Feature", "id": "way/699995748", "properties": {"import": "yes", "landuse": "forest", "natural": "wetland", "source": "NV NMD2018", "@id": "way/699995748", "@type": "way", "osm_id": 699995748}, "geometry": {"type": "Polygon", "coordinates": [[[13.1184122, 63.1125957], [13.1183549, 63.1126529], [13.1185839, 63.1127102], [13.1190418, 63.1127102], [13.1192708, 63.1127102], [13.1191993, 63.1125957], [13.1190705, 63.1125957], [13.1188129, 63.1125957], [13.1184122, 63.1125957]]]}}, {"type": "Feature", "id": "way/699995752", "properties": {"import": "yes", "landuse": "forest", "natural": "wetland", "source": "NV NMD2018", "@id": "way/699995752", "@type": "way", "osm_id": 699995752}, "geometry": {"type": "Polygon", "coordinates": [[[13.1235069, 63.1129392], [13.1235069, 63.1130536], [13.1236357, 63.1131681], [13.1240508, 63.1132826], [13.1244229, 63.1132826], [13.1245374, 63.1131395], [13.1245946, 63.1129392], [13.1244801, 63.1128247], [13.1240794, 63.1128247], [13.1235642, 63.1127102], [13.1233925, 63.1127674], [13.1235069, 63.1129392]]]}}, {"type": "Feature", "id": "way/699995753", "properties": {"import": "yes", "landuse": "forest", "natural": "wetland", "source": "NV NMD2018", "@id": "way/699995753", "@type": "way", "osm_id": 699995753}, "geometry": {"type": "Polygon", "coordinates": [[[13.1164086, 63.1125671], [13.117439, 63.1125957], [13.1169238, 63.1124812], [13.1164086, 63.1125671]]]}}, {"type": "Feature", "id": "way/699995758", "properties": {"import": "yes", "landuse": "forest", "natural": "wetland", "source": "NV NMD2018", "@id": "way/699995758", "@type": "way", "osm_id": 699995758}, "geometry": {"type": "Polygon", "coordinates": [[[13.1689593, 63.1132826], [13.1692456, 63.1132826], [13.1695318, 63.1132397], [13.1697608, 63.1130536], [13.1690738, 63.1131109], [13.1689593, 63.1132826]]]}}, {"type": "Feature", "id": "way/699995765", "properties": {"import": "yes", "landuse": "forest", "natural": "wetland", "source": "NV NMD2018", "@id": "way/699995765", "@type": "way", "osm_id": 699995765}, "geometry": {"type": "Polygon", "coordinates": [[[13.1577393, 63.1139696], [13.1577393, 63.1140697], [13.1577393, 63.1141127], [13.1585408, 63.1141985], [13.1585408, 63.1139409], [13.1583118, 63.1138551], [13.1580971, 63.1137406], [13.1579683, 63.1138265], [13.1577393, 63.1139696]]]}}, {"type": "Feature", "id": "way/699995766", "properties": {"import": "yes", "landuse": "forest", "natural": "wetland", "source": "NV NMD2018", "@id": "way/699995766", "@type": "way", "osm_id": 699995766}, "geometry": {"type": "Polygon", "coordinates": [[[13.1257967, 63.114313], [13.1262547, 63.114313], [13.1268271, 63.1142558], [13.1267699, 63.1141985], [13.1262547, 63.1141985], [13.1257967, 63.114313]]]}}, {"type": "Feature", "id": "way/699995772", "properties": {"import": "yes", "landuse": "forest", "natural": "wetland", "source": "NV NMD2018", "@id": "way/699995772", "@type": "way", "osm_id": 699995772}, "geometry": {"type": "Polygon", "coordinates": [[[13.1374747, 63.1156869], [13.1374747, 63.1158586], [13.1376035, 63.1160304], [13.1378181, 63.1159159], [13.1378754, 63.1158014], [13.1379899, 63.1159159], [13.1380471, 63.1158014], [13.1379899, 63.1156869], [13.1374747, 63.1156869]]]}}, {"type": "Feature", "id": "way/699995788", "properties": {"import": "yes", "landuse": "forest", "natural": "wetland", "source": "NV NMD2018", "@id": "way/699995788", "@type": "way", "osm_id": 699995788}, "geometry": {"type": "Polygon", "coordinates": [[[13.1734244, 63.1272504], [13.1731954, 63.1272504], [13.1729665, 63.1272933], [13.172394, 63.1273935], [13.1707912, 63.1275938], [13.1704763, 63.1278228], [13.1716498, 63.1277083], [13.1723368, 63.1277083], [13.172394, 63.1277656], [13.1718216, 63.1279087], [13.1735389, 63.1278801], [13.1740827, 63.1275938], [13.1737106, 63.1275938], [13.1731382, 63.1278228], [13.1729665, 63.1277656], [13.173081, 63.1277083], [13.1734244, 63.1272504]]]}}, {"type": "Feature", "id": "way/699995801", "properties": {"import": "yes", "landuse": "forest", "natural": "wetland", "source": "NV NMD2018", "@id": "way/699995801", "@type": "way", "osm_id": 699995801}, "geometry": {"type": "Polygon", "coordinates": [[[13.1296894, 63.1468281], [13.1304908, 63.1468281], [13.1300901, 63.1467136], [13.1296894, 63.1467708], [13.1296894, 63.1468281]]]}}, {"type": "Feature", "id": "way/699995802", "properties": {"import": "yes", "landuse": "forest", "natural": "wetland", "source": "NV NMD2018", "@id": "way/699995802", "@type": "way", "osm_id": 699995802}, "geometry": {"type": "Polygon", "coordinates": [[[13.1577107, 63.148202], [13.1576535, 63.1483165], [13.1578825, 63.1485454], [13.1579111, 63.1483165], [13.1577107, 63.148202]]]}}, {"type": "Feature", "id": "way/699995807", "properties": {"import": "yes", "landuse": "forest", "natural": "wetland", "source": "NV NMD2018", "@id": "way/699995807", "@type": "way", "osm_id": 699995807}, "geometry": {"type": "Polygon", "coordinates": [[[13.1188129, 63.1431644], [13.1188129, 63.1429927], [13.118727, 63.1428209], [13.1185839, 63.1429354], [13.1181832, 63.1430499], [13.1177825, 63.1430499], [13.1177252, 63.1433934], [13.1176107, 63.1432789], [13.1175535, 63.1434506], [13.1177825, 63.1436224], [13.1180114, 63.1434793], [13.1182404, 63.1432789], [13.1188129, 63.1431644]]]}}, {"type": "Feature", "id": "way/699995810", "properties": {"import": "yes", "landuse": "forest", "natural": "wetland", "source": "NV NMD2018", "@id": "way/699995810", "@type": "way", "osm_id": 699995810}, "geometry": {"type": "Polygon", "coordinates": [[[13.1467483, 63.1508352], [13.1467483, 63.1508495], [13.146963, 63.1509497], [13.1470059, 63.1511787], [13.1475498, 63.1514077], [13.1480077, 63.1513504], [13.1484657, 63.1512359], [13.1489236, 63.1509497], [13.1488664, 63.1508352], [13.1484657, 63.150778], [13.148294, 63.1506062], [13.1478932, 63.1506062], [13.1480077, 63.1507207], [13.1481795, 63.1508352], [13.1483226, 63.1509497], [13.1484657, 63.151007], [13.1479505, 63.1511787], [13.1474353, 63.151007], [13.1476643, 63.1509497], [13.147607, 63.1507207], [13.1467483, 63.1508352]]]}}, {"type": "Feature", "id": "way/699995811", "properties": {"import": "yes", "landuse": "forest", "natural": "wetland", "source": "NV NMD2018", "@id": "way/699995811", "@type": "way", "osm_id": 699995811}, "geometry": {"type": "Polygon", "coordinates": [[[13.1735962, 63.1471716], [13.1737679, 63.1471716], [13.1738824, 63.1469998], [13.1737679, 63.1468853], [13.1735389, 63.1468281], [13.1733099, 63.1469426], [13.1734244, 63.1470571], [13.1735962, 63.1471716]]]}}, {"type": "Feature", "id": "way/699995818", "properties": {"import": "yes", "landuse": "forest", "natural": "wetland", "source": "NV NMD2018", "@id": "way/699995818", "@type": "way", "osm_id": 699995818}, "geometry": {"type": "Polygon", "coordinates": [[[13.1762867, 63.1404167], [13.1759432, 63.1404167], [13.1760577, 63.1406456], [13.1761722, 63.1405884], [13.1762867, 63.1404167]]]}}, {"type": "Feature", "id": "way/699995819", "properties": {"import": "yes", "landuse": "forest", "natural": "wetland", "source": "NV NMD2018", "@id": "way/699995819", "@type": "way", "osm_id": 699995819}, "geometry": {"type": "Polygon", "coordinates": [[[13.156251, 63.1464846], [13.1563655, 63.1463988], [13.1556785, 63.1464846], [13.155793, 63.1465991], [13.156022, 63.1464846], [13.156251, 63.1464846]]]}}, {"type": "Feature", "id": "way/699995820", "properties": {"import": "yes", "landuse": "forest", "natural": "wetland", "source": "NV NMD2018", "@id": "way/699995820", "@type": "way", "osm_id": 699995820}, "geometry": {"type": "Polygon", "coordinates": [[[13.1573959, 63.1382414], [13.1579683, 63.1382414], [13.1581973, 63.1380696], [13.1581401, 63.1378979], [13.1580828, 63.1380124], [13.1573959, 63.1381841], [13.1573959, 63.1382414]]]}}, {"type": "Feature", "id": "way/699995821", "properties": {"import": "yes", "landuse": "forest", "natural": "wetland", "source": "NV NMD2018", "@id": "way/699995821", "@type": "way", "osm_id": 699995821}, "geometry": {"type": "Polygon", "coordinates": [[[13.1523583, 63.1395007], [13.1523583, 63.1395866], [13.1524871, 63.1396152], [13.1525873, 63.1398442], [13.1522438, 63.1400732], [13.1519862, 63.1401877], [13.1523583, 63.1403022], [13.1526446, 63.1403022], [13.152759, 63.1404167], [13.1533315, 63.1405312], [13.1537322, 63.1403594], [13.1536177, 63.1401877], [13.1533029, 63.1396152], [13.1529308, 63.1394435], [13.1533887, 63.1392718], [13.1535032, 63.1391573], [13.1537322, 63.1385848], [13.1540757, 63.1384131], [13.1542188, 63.1382414], [13.1539612, 63.1381269], [13.1538467, 63.1380124], [13.1540757, 63.1376689], [13.1533887, 63.1377834], [13.1532742, 63.1379551], [13.1533887, 63.1381269], [13.1536177, 63.1384131], [13.153217, 63.1386993], [13.1528163, 63.1388138], [13.1525873, 63.1388138], [13.1524442, 63.1391573], [13.1526446, 63.1393863], [13.1528163, 63.1394435], [13.1523583, 63.1395007]]]}}, {"type": "Feature", "id": "way/699995822", "properties": {"import": "yes", "landuse": "forest", "natural": "wetland", "source": "NV NMD2018", "@id": "way/699995822", "@type": "way", "osm_id": 699995822}, "geometry": {"type": "Polygon", "coordinates": [[[13.1466339, 63.1356081], [13.1470918, 63.1356081], [13.1469487, 63.1354936], [13.1466911, 63.1352646], [13.1463476, 63.1352646], [13.1459469, 63.1351501], [13.1460185, 63.1356081], [13.1460614, 63.1356081], [13.1464049, 63.1354936], [13.1466339, 63.1356081]]]}}, {"type": "Feature", "id": "way/699995823", "properties": {"import": "yes", "landuse": "forest", "natural": "wetland", "source": "NV NMD2018", "@id": "way/699995823", "@type": "way", "osm_id": 699995823}, "geometry": {"type": "Polygon", "coordinates": [[[13.1622044, 63.1325169], [13.1627769, 63.1325169], [13.1630059, 63.1323451], [13.1629486, 63.1322879], [13.1627196, 63.1322879], [13.1624334, 63.1324024], [13.1622617, 63.1322879], [13.1622044, 63.1325169]]]}}, {"type": "Feature", "id": "way/699995824", "properties": {"import": "yes", "landuse": "forest", "natural": "wetland", "source": "NV NMD2018", "@id": "way/699995824", "@type": "way", "osm_id": 699995824}, "geometry": {"type": "Polygon", "coordinates": [[[13.161632, 63.1342342], [13.161632, 63.1341484], [13.1610595, 63.1341913], [13.1610595, 63.1342772], [13.1612313, 63.1343487], [13.1615032, 63.1342342], [13.161632, 63.1342342]]]}}, {"type": "Feature", "id": "way/699995826", "properties": {"import": "yes", "landuse": "forest", "natural": "wetland", "source": "NV NMD2018", "@id": "way/699995826", "@type": "way", "osm_id": 699995826}, "geometry": {"type": "Polygon", "coordinates": [[[13.152988, 63.1330893], [13.1533887, 63.1329176], [13.1530453, 63.1329748], [13.152988, 63.1330893]]]}}, {"type": "Feature", "id": "way/699995827", "properties": {"natural": "wetland", "wetland": "swamp", "@id": "way/699995827", "@type": "way", "osm_id": 699995827}, "geometry": {"type": "Polygon", "coordinates": [[[13.1315498, 63.1569032], [13.1319739, 63.1570257], [13.1324944, 63.1570177], [13.1328665, 63.1571322], [13.1327234, 63.1569032], [13.1324371, 63.1569032], [13.1322082, 63.1567887], [13.1324371, 63.1566169], [13.1323799, 63.1565597], [13.1321509, 63.1565597], [13.1315498, 63.1569032]]]}}, {"type": "Feature", "id": "way/699995828", "properties": {"import": "yes", "landuse": "forest", "natural": "wetland", "source": "NV NMD2018", "@id": "way/699995828", "@type": "way", "osm_id": 699995828}, "geometry": {"type": "Polygon", "coordinates": [[[13.1159506, 63.1650319], [13.1161796, 63.1650319], [13.1164086, 63.164989], [13.1166376, 63.1648602], [13.1163513, 63.164803], [13.1160651, 63.1648602], [13.1159506, 63.1650319]]]}}, {"type": "Feature", "id": "way/699995833", "properties": {"import": "yes", "landuse": "forest", "natural": "wetland", "source": "NV NMD2018", "@id": "way/699995833", "@type": "way", "osm_id": 699995833}, "geometry": {"type": "Polygon", "coordinates": [[[13.1492385, 63.1622842], [13.1494961, 63.1622842], [13.1496106, 63.1620552], [13.1495533, 63.1619407], [13.1493244, 63.1619407], [13.1490954, 63.1618262], [13.1488092, 63.1617976], [13.1490095, 63.1621697], [13.1492385, 63.1622842]]]}}, {"type": "Feature", "id": "way/699995834", "properties": {"import": "yes", "landuse": "forest", "natural": "wetland", "source": "NV NMD2018", "@id": "way/699995834", "@type": "way", "osm_id": 699995834}, "geometry": {"type": "Polygon", "coordinates": [[[13.1475498, 63.1656044], [13.1476643, 63.1656044], [13.1479075, 63.1656044], [13.1482367, 63.1654899], [13.1484657, 63.1656044], [13.1486374, 63.1654899], [13.1488092, 63.1656044], [13.1490668, 63.1654899], [13.1493816, 63.1654327], [13.1491526, 63.1653182], [13.1496106, 63.1651894], [13.1493959, 63.1651464], [13.1489809, 63.1650319], [13.1489236, 63.1649174], [13.1486947, 63.1649174], [13.1484657, 63.164803], [13.1483512, 63.1649747], [13.1477215, 63.1651464], [13.1477787, 63.1653182], [13.1475498, 63.1656044]]]}}, {"type": "Feature", "id": "way/699995837", "properties": {"import": "yes", "landuse": "forest", "natural": "wetland", "source": "NV NMD2018", "@id": "way/699995837", "@type": "way", "osm_id": 699995837}, "geometry": {"type": "Polygon", "coordinates": [[[13.1449165, 63.1174043], [13.1449165, 63.1174615], [13.1452027, 63.1175187], [13.145489, 63.1174615], [13.1452027, 63.1174043], [13.1449165, 63.1174043]]]}}, {"type": "Feature", "id": "way/699995839", "properties": {"import": "yes", "landuse": "forest", "natural": "wetland", "source": "NV NMD2018", "@id": "way/699995839", "@type": "way", "osm_id": 699995839}, "geometry": {"type": "Polygon", "coordinates": [[[13.1307198, 63.1183488], [13.1301473, 63.1183202], [13.1303191, 63.1185491], [13.1307198, 63.1183488]]]}}, {"type": "Feature", "id": "way/699995860", "properties": {"import": "yes", "landuse": "forest", "natural": "wetland", "source": "NV NMD2018", "@id": "way/699995860", "@type": "way", "osm_id": 699995860}, "geometry": {"type": "Polygon", "coordinates": [[[13.1390775, 63.12061], [13.1390775, 63.1205527], [13.1389344, 63.1204955], [13.1387341, 63.1204955], [13.1383906, 63.12061], [13.1382761, 63.1207817], [13.1385051, 63.1209534], [13.1386196, 63.1207245], [13.1389487, 63.12061], [13.1390775, 63.12061]]]}}, {"type": "Feature", "id": "way/699995867", "properties": {"import": "yes", "landuse": "forest", "natural": "wetland", "source": "NV NMD2018", "@id": "way/699995867", "@type": "way", "osm_id": 699995867}, "geometry": {"type": "Polygon", "coordinates": [[[13.1296894, 63.1195796], [13.1296894, 63.1194078], [13.1296035, 63.1192361], [13.1294604, 63.1194078], [13.1296894, 63.1195796]]]}}, {"type": "Feature", "id": "way/699995877", "properties": {"import": "yes", "landuse": "forest", "natural": "wetland", "source": "NV NMD2018", "@id": "way/699995877", "@type": "way", "osm_id": 699995877}, "geometry": {"type": "Polygon", "coordinates": [[[13.1126304, 63.1195509], [13.1126304, 63.119694], [13.1129739, 63.1196082], [13.1128594, 63.1194937], [13.1126304, 63.1195509]]]}}, {"type": "Feature", "id": "way/699995886", "properties": {"import": "yes", "landuse": "forest", "natural": "wetland", "source": "NV NMD2018", "@id": "way/699995886", "@type": "way", "osm_id": 699995886}, "geometry": {"type": "Polygon", "coordinates": [[[13.1271706, 63.1211824], [13.1271706, 63.1211252], [13.1269559, 63.1210679], [13.1265409, 63.1209534], [13.1263692, 63.1211824], [13.1267699, 63.1211824], [13.1269416, 63.1212683], [13.1271706, 63.1211824]]]}}, {"type": "Feature", "id": "way/699995888", "properties": {"import": "yes", "landuse": "forest", "natural": "wetland", "source": "NV NMD2018", "@id": "way/699995888", "@type": "way", "osm_id": 699995888}, "geometry": {"type": "Polygon", "coordinates": [[[13.1049596, 63.1211824], [13.1049596, 63.1211395], [13.1047879, 63.1209534], [13.1043872, 63.1211252], [13.1045589, 63.1211824], [13.1046162, 63.1212969], [13.1049596, 63.1211824]]]}}, {"type": "Feature", "id": "way/699995891", "properties": {"import": "yes", "landuse": "forest", "natural": "wetland", "source": "NV NMD2018", "@id": "way/699995891", "@type": "way", "osm_id": 699995891}, "geometry": {"type": "Polygon", "coordinates": [[[13.0999221, 63.1212397], [13.0999221, 63.1212969], [13.10038, 63.1214686], [13.1001511, 63.1215259], [13.1004373, 63.1216404], [13.100609, 63.1214973], [13.1004802, 63.1212969], [13.10038, 63.1211824], [13.0999221, 63.1212397]]]}}, {"type": "Feature", "id": "way/699995896", "properties": {"import": "yes", "landuse": "forest", "natural": "wetland", "source": "NV NMD2018", "@id": "way/699995896", "@type": "way", "osm_id": 699995896}, "geometry": {"type": "Polygon", "coordinates": [[[13.104473, 63.1215259], [13.1041582, 63.1215259], [13.1043299, 63.1217549], [13.1045017, 63.121669], [13.1043872, 63.1215831], [13.104473, 63.1215259]]]}}, {"type": "Feature", "id": "way/699995906", "properties": {"import": "yes", "landuse": "forest", "natural": "wetland", "source": "NV NMD2018", "@id": "way/699995906", "@type": "way", "osm_id": 699995906}, "geometry": {"type": "Polygon", "coordinates": [[[13.1097682, 63.1228998], [13.110083, 63.1228998], [13.1099256, 63.1223273], [13.1098827, 63.1224132], [13.1098254, 63.1226708], [13.1097109, 63.1227853], [13.1095392, 63.1226708], [13.1093675, 63.1224418], [13.1088523, 63.1225563], [13.1089668, 63.1226708], [13.1092816, 63.1227853], [13.1095392, 63.1228998], [13.1097682, 63.1228998]]]}}, {"type": "Feature", "id": "way/699995914", "properties": {"import": "yes", "landuse": "forest", "natural": "wetland", "source": "NV NMD2018", "@id": "way/699995914", "@type": "way", "osm_id": 699995914}, "geometry": {"type": "Polygon", "coordinates": [[[13.1311778, 63.1233577], [13.1311778, 63.1233005], [13.1312922, 63.1232432], [13.1314067, 63.1233577], [13.1316357, 63.1233577], [13.1317502, 63.123186], [13.1316071, 63.1231287], [13.1314067, 63.1230572], [13.1314067, 63.1229713], [13.1312922, 63.1228998], [13.1310633, 63.1230715], [13.1306053, 63.123186], [13.1311778, 63.1233577]]]}}, {"type": "Feature", "id": "way/699995919", "properties": {"import": "yes", "landuse": "forest", "natural": "wetland", "source": "NV NMD2018", "@id": "way/699995919", "@type": "way", "osm_id": 699995919}, "geometry": {"type": "Polygon", "coordinates": [[[13.1628341, 63.1240446], [13.1630631, 63.1240446], [13.1633636, 63.1240446], [13.1635783, 63.1241591], [13.1637501, 63.1243881], [13.164022, 63.1241591], [13.1641794, 63.1241591], [13.1642653, 63.1239302], [13.1640077, 63.1239302], [13.1635211, 63.1238157], [13.1633493, 63.1236153], [13.1627769, 63.1238157], [13.1626624, 63.1235867], [13.1625479, 63.1238014], [13.1625908, 63.1239302], [13.1626624, 63.1240446], [13.1628341, 63.1240446]]]}}, {"type": "Feature", "id": "way/699995925", "properties": {"import": "yes", "landuse": "forest", "natural": "wetland", "source": "NV NMD2018", "@id": "way/699995925", "@type": "way", "osm_id": 699995925}, "geometry": {"type": "Polygon", "coordinates": [[[13.1807518, 63.124245], [13.18058, 63.1242736], [13.1803797, 63.1243881], [13.1805228, 63.1246171], [13.180809, 63.1247316], [13.1810952, 63.1247316], [13.181038, 63.1245026], [13.1807518, 63.1244454], [13.1808663, 63.1243309], [13.1807518, 63.124245]]]}}, {"type": "Feature", "id": "way/699995933", "properties": {"import": "yes", "landuse": "forest", "natural": "wetland", "source": "NV NMD2018", "@id": "way/699995933", "@type": "way", "osm_id": 699995933}, "geometry": {"type": "Polygon", "coordinates": [[[13.1770022, 63.1251895], [13.1769164, 63.125304], [13.1770881, 63.1254185], [13.1773171, 63.1252468], [13.1772026, 63.1250751], [13.1770022, 63.1251895]]]}}, {"type": "Feature", "id": "way/699995935", "properties": {"import": "yes", "landuse": "forest", "natural": "wetland", "source": "NV NMD2018", "@id": "way/699995935", "@type": "way", "osm_id": 699995935}, "geometry": {"type": "Polygon", "coordinates": [[[13.1639504, 63.1245026], [13.1634638, 63.1245599], [13.1633493, 63.1246171], [13.1632348, 63.1247888], [13.1634352, 63.1249606], [13.1635783, 63.1250178], [13.1632348, 63.1251323], [13.1638073, 63.1250751], [13.1639504, 63.1245026]]]}}, {"type": "Feature", "id": "way/699995937", "properties": {"import": "yes", "landuse": "forest", "natural": "wetland", "source": "NV NMD2018", "@id": "way/699995937", "@type": "way", "osm_id": 699995937}, "geometry": {"type": "Polygon", "coordinates": [[[13.1640363, 63.1249606], [13.1640363, 63.125304], [13.1640649, 63.1254185], [13.164666, 63.125533], [13.1647232, 63.1256475], [13.1651239, 63.125533], [13.1652957, 63.125762], [13.1655246, 63.1257906], [13.1654674, 63.1254185], [13.1651239, 63.1254185], [13.1644942, 63.1250751], [13.1642653, 63.1251895], [13.1641508, 63.1251323], [13.1642653, 63.1250178], [13.1641651, 63.1249606], [13.1640363, 63.1249606]]]}}, {"type": "Feature", "id": "way/699995940", "properties": {"import": "yes", "landuse": "forest", "natural": "wetland", "source": "NV NMD2018", "@id": "way/699995940", "@type": "way", "osm_id": 699995940}, "geometry": {"type": "Polygon", "coordinates": [[[13.1397645, 63.125533], [13.139421, 63.125533], [13.1394926, 63.125762], [13.1396643, 63.125762], [13.1397645, 63.1258765], [13.1401652, 63.125991], [13.1405659, 63.1258765], [13.1404514, 63.125762], [13.1402654, 63.125533], [13.1399935, 63.125533], [13.1397645, 63.125533]]]}}, {"type": "Feature", "id": "way/699995951", "properties": {"import": "yes", "landuse": "forest", "natural": "wetland", "source": "NV NMD2018", "@id": "way/699995951", "@type": "way", "osm_id": 699995951}, "geometry": {"type": "Polygon", "coordinates": [[[13.1706767, 63.1266779], [13.1701042, 63.1266779], [13.1702187, 63.1270786], [13.1704191, 63.1272504], [13.1706767, 63.1273648], [13.1708484, 63.1271359], [13.1706767, 63.1269641], [13.1710201, 63.1269069], [13.1709629, 63.1266779], [13.1706767, 63.1266779]]]}}, {"type": "Feature", "id": "way/699995954", "properties": {"import": "yes", "landuse": "forest", "natural": "wetland", "source": "NV NMD2018", "@id": "way/699995954", "@type": "way", "osm_id": 699995954}, "geometry": {"type": "Polygon", "coordinates": [[[13.1761722, 63.1274793], [13.1761722, 63.1273648], [13.1752563, 63.1272504], [13.1745693, 63.1273076], [13.175657, 63.1273648], [13.1757142, 63.1274221], [13.1761722, 63.1274793]]]}}, {"type": "Feature", "id": "way/699995960", "properties": {"import": "yes", "landuse": "forest", "natural": "wetland", "source": "NV NMD2018", "@id": "way/699995960", "@type": "way", "osm_id": 699995960}, "geometry": {"type": "Polygon", "coordinates": [[[13.1088523, 63.1317155], [13.1088523, 63.131601], [13.1082798, 63.1314865], [13.1077074, 63.1314865], [13.1081081, 63.131601], [13.108566, 63.131601], [13.1087378, 63.1317155], [13.1088523, 63.1317155]]]}}, {"type": "Feature", "id": "way/699995979", "properties": {"import": "yes", "landuse": "forest", "natural": "wetland", "source": "NV NMD2018", "@id": "way/699995979", "@type": "way", "osm_id": 699995979}, "geometry": {"type": "Polygon", "coordinates": [[[13.1219041, 63.1329748], [13.1219041, 63.1328604], [13.1216751, 63.1329176], [13.1214461, 63.1330893], [13.1215606, 63.1332038], [13.1216751, 63.1335473], [13.1220186, 63.13349], [13.1217896, 63.1333756], [13.1220186, 63.1332324], [13.1219041, 63.1329748]]]}}, {"type": "Feature", "id": "way/699995981", "properties": {"import": "yes", "landuse": "forest", "natural": "wetland", "source": "NV NMD2018", "@id": "way/699995981", "@type": "way", "osm_id": 699995981}, "geometry": {"type": "Polygon", "coordinates": [[[13.1057611, 63.1334328], [13.1056466, 63.1334328], [13.1055321, 63.1335187], [13.1061045, 63.13349], [13.1060473, 63.1334328], [13.1057611, 63.1334328]]]}}, {"type": "Feature", "id": "way/699995984", "properties": {"import": "yes", "landuse": "forest", "natural": "wetland", "source": "NV NMD2018", "@id": "way/699995984", "@type": "way", "osm_id": 699995984}, "geometry": {"type": "Polygon", "coordinates": [[[13.172852, 63.1335473], [13.172852, 63.1334328], [13.172623, 63.1333183], [13.172394, 63.1333183], [13.1722223, 63.1336618], [13.172394, 63.1337763], [13.172623, 63.1337763], [13.172852, 63.1336045], [13.172852, 63.1335473]]]}}, {"type": "Feature", "id": "way/699995991", "properties": {"import": "yes", "landuse": "forest", "natural": "wetland", "source": "NV NMD2018", "@id": "way/699995991", "@type": "way", "osm_id": 699995991}, "geometry": {"type": "Polygon", "coordinates": [[[13.1689593, 63.1343487], [13.1695318, 63.1343487], [13.1697608, 63.1341627], [13.1695032, 63.1341197], [13.1694173, 63.1341627], [13.1689593, 63.1343487]]]}}, {"type": "Feature", "id": "way/699996006", "properties": {"import": "yes", "landuse": "forest", "natural": "wetland", "source": "NV NMD2018", "@id": "way/699996006", "@type": "way", "osm_id": 699996006}, "geometry": {"type": "Polygon", "coordinates": [[[13.11721, 63.1349212], [13.117897, 63.1349498], [13.1180114, 63.1348639], [13.1176107, 63.1348067], [13.11721, 63.1348782], [13.11721, 63.1349212]]]}}, {"type": "Feature", "id": "way/699996007", "properties": {"import": "yes", "landuse": "forest", "natural": "wetland", "source": "NV NMD2018", "@id": "way/699996007", "@type": "way", "osm_id": 699996007}, "geometry": {"type": "Polygon", "coordinates": [[[13.1413673, 63.1352646], [13.1413673, 63.1352074], [13.1412385, 63.1351501], [13.1410095, 63.1348067], [13.1407949, 63.1348067], [13.1409094, 63.1351501], [13.1411383, 63.1352646], [13.1413673, 63.1352646]]]}}, {"type": "Feature", "id": "way/699996008", "properties": {"import": "yes", "landuse": "forest", "natural": "wetland", "source": "NV NMD2018", "@id": "way/699996008", "@type": "way", "osm_id": 699996008}, "geometry": {"type": "Polygon", "coordinates": [[[13.1427412, 63.1350357], [13.1427412, 63.1349784], [13.1426124, 63.1349212], [13.142455, 63.1348067], [13.142455, 63.1351501], [13.1425695, 63.1350357], [13.1427412, 63.1350357]]]}}, {"type": "Feature", "id": "way/699996010", "properties": {"import": "yes", "landuse": "forest", "natural": "wetland", "source": "NV NMD2018", "@id": "way/699996010", "@type": "way", "osm_id": 699996010}, "geometry": {"type": "Polygon", "coordinates": [[[13.101296, 63.1357226], [13.101296, 63.1356653], [13.1014104, 63.1356081], [13.1016394, 63.1352074], [13.1015249, 63.1349212], [13.101668, 63.1348067], [13.1017539, 63.1346349], [13.1014104, 63.1346922], [13.101067, 63.1354936], [13.1012101, 63.1357226], [13.101296, 63.1357226]]]}}, {"type": "Feature", "id": "way/699996016", "properties": {"import": "yes", "landuse": "forest", "natural": "wetland", "source": "NV NMD2018", "@id": "way/699996016", "@type": "way", "osm_id": 699996016}, "geometry": {"type": "Polygon", "coordinates": [[[13.1542474, 63.136295], [13.1544191, 63.1361806], [13.1537322, 63.136295], [13.1538467, 63.1364095], [13.1540184, 63.136295], [13.1542474, 63.136295]]]}}, {"type": "Feature", "id": "way/699996020", "properties": {"import": "yes", "landuse": "forest", "natural": "wetland", "source": "NV NMD2018", "@id": "way/699996020", "@type": "way", "osm_id": 699996020}, "geometry": {"type": "Polygon", "coordinates": [[[13.1009525, 63.1436224], [13.1015249, 63.1436224], [13.1013818, 63.1435079], [13.101067, 63.1433934], [13.1009525, 63.1436224]]]}}, {"type": "Feature", "id": "way/699996023", "properties": {"import": "yes", "landuse": "forest", "natural": "wetland", "source": "NV NMD2018", "@id": "way/699996023", "@type": "way", "osm_id": 699996023}, "geometry": {"type": "Polygon", "coordinates": [[[13.161403, 63.1375544], [13.1612885, 63.1376403], [13.1619755, 63.1376117], [13.16209, 63.1374972], [13.161403, 63.1375544]]]}}, {"type": "Feature", "id": "way/699996027", "properties": {"import": "yes", "landuse": "forest", "natural": "wetland", "source": "NV NMD2018", "@id": "way/699996027", "@type": "way", "osm_id": 699996027}, "geometry": {"type": "Polygon", "coordinates": [[[13.1524156, 63.1370965], [13.1521294, 63.137168], [13.1521294, 63.1374686], [13.1527018, 63.1374972], [13.1524156, 63.1373254], [13.1524156, 63.1370965]]]}}, {"type": "Feature", "id": "way/699996031", "properties": {"import": "yes", "landuse": "forest", "natural": "wetland", "source": "NV NMD2018", "@id": "way/699996031", "@type": "way", "osm_id": 699996031}, "geometry": {"type": "Polygon", "coordinates": [[[13.1470918, 63.1407601], [13.1470059, 63.1408746], [13.1477787, 63.1408174], [13.147836, 63.1407601], [13.148065, 63.1408746], [13.1483512, 63.1408746], [13.148294, 63.1406456], [13.1478932, 63.1405884], [13.1481222, 63.1405312], [13.1482653, 63.1403022], [13.1480077, 63.1402163], [13.1477787, 63.1404167], [13.1473208, 63.1405884], [13.1470918, 63.1407601]]]}}, {"type": "Feature", "id": "way/699996034", "properties": {"import": "yes", "landuse": "forest", "natural": "wetland", "source": "NV NMD2018", "@id": "way/699996034", "@type": "way", "osm_id": 699996034}, "geometry": {"type": "Polygon", "coordinates": [[[13.1554496, 63.1377834], [13.1554496, 63.1380124], [13.1559075, 63.1379551], [13.156022, 63.1377834], [13.1554496, 63.1377834]]]}}, {"type": "Feature", "id": "way/699996040", "properties": {"import": "yes", "landuse": "forest", "natural": "wetland", "source": "NV NMD2018", "@id": "way/699996040", "@type": "way", "osm_id": 699996040}, "geometry": {"type": "Polygon", "coordinates": [[[13.1735389, 63.1382414], [13.1735389, 63.1380124], [13.1734244, 63.1377834], [13.1733099, 63.1379551], [13.1735389, 63.1382414]]]}}, {"type": "Feature", "id": "way/699996041", "properties": {"import": "yes", "landuse": "forest", "natural": "wetland", "source": "NV NMD2018", "@id": "way/699996041", "@type": "way", "osm_id": 699996041}, "geometry": {"type": "Polygon", "coordinates": [[[13.1658681, 63.1467136], [13.1657822, 63.1465991], [13.1656964, 63.1467136], [13.1655533, 63.1465991], [13.1652384, 63.1463701], [13.1648949, 63.1463701], [13.1645515, 63.1462556], [13.1640363, 63.1465562], [13.1644084, 63.1465991], [13.1647805, 63.1465991], [13.1648377, 63.1467136], [13.1650667, 63.1467136], [13.1652957, 63.1468281], [13.1655533, 63.1469426], [13.1657536, 63.1468853], [13.1658681, 63.1467136]]]}}, {"type": "Feature", "id": "way/699996043", "properties": {"import": "yes", "landuse": "forest", "natural": "wetland", "source": "NV NMD2018", "@id": "way/699996043", "@type": "way", "osm_id": 699996043}, "geometry": {"type": "Polygon", "coordinates": [[[13.1568234, 63.1385848], [13.1571669, 63.1386135], [13.1573959, 63.1385276], [13.1571669, 63.1384131], [13.1573959, 63.1382414], [13.1569379, 63.1382414], [13.1565372, 63.1381269], [13.15648, 63.1383559], [13.1567089, 63.1384703], [13.1568234, 63.1385848]]]}}, {"type": "Feature", "id": "way/699996044", "properties": {"import": "yes", "landuse": "forest", "natural": "wetland", "source": "NV NMD2018", "@id": "way/699996044", "@type": "way", "osm_id": 699996044}, "geometry": {"type": "Polygon", "coordinates": [[[13.1322082, 63.1383559], [13.1321223, 63.1385848], [13.1327806, 63.1385276], [13.1324944, 63.1383559], [13.1322082, 63.1383559]]]}}, {"type": "Feature", "id": "way/699996048", "properties": {"import": "yes", "landuse": "forest", "natural": "wetland", "source": "NV NMD2018", "@id": "way/699996048", "@type": "way", "osm_id": 699996048}, "geometry": {"type": "Polygon", "coordinates": [[[13.1390775, 63.1392718], [13.139192, 63.1392718], [13.1393065, 63.1391573], [13.1391634, 63.1390428], [13.1388486, 63.1389283], [13.1387341, 63.1390428], [13.1389344, 63.1391573], [13.1390775, 63.1392718]]]}}, {"type": "Feature", "id": "way/699996051", "properties": {"import": "yes", "landuse": "forest", "natural": "wetland", "source": "NV NMD2018", "@id": "way/699996051", "@type": "way", "osm_id": 699996051}, "geometry": {"type": "Polygon", "coordinates": [[[13.1038147, 63.1392145], [13.1038147, 63.1393863], [13.1039006, 63.1395007], [13.1041582, 63.1393863], [13.1040437, 63.1392718], [13.1038147, 63.1392145]]]}}, {"type": "Feature", "id": "way/699996063", "properties": {"import": "yes", "landuse": "forest", "natural": "wetland", "source": "NV NMD2018", "@id": "way/699996063", "@type": "way", "osm_id": 699996063}, "geometry": {"type": "Polygon", "coordinates": [[[13.1247663, 63.1404167], [13.1247663, 63.1407601], [13.1264837, 63.1406743], [13.1264264, 63.1405312], [13.1256822, 63.1404739], [13.1259112, 63.1403594], [13.125625, 63.1403022], [13.125167, 63.1405312], [13.1249381, 63.1404167], [13.1247663, 63.1404167]]]}}, {"type": "Feature", "id": "way/699996065", "properties": {"import": "yes", "landuse": "forest", "natural": "wetland", "source": "NV NMD2018", "@id": "way/699996065", "@type": "way", "osm_id": 699996065}, "geometry": {"type": "Polygon", "coordinates": [[[13.166784, 63.1405312], [13.166784, 63.1407029], [13.1669558, 63.1408746], [13.1671561, 63.1406456], [13.167242, 63.1406313], [13.167013, 63.1405312], [13.166784, 63.1405312]]]}}, {"type": "Feature", "id": "way/699996068", "properties": {"import": "yes", "landuse": "forest", "natural": "wetland", "source": "NV NMD2018", "@id": "way/699996068", "@type": "way", "osm_id": 699996068}, "geometry": {"type": "Polygon", "coordinates": [[[13.1521294, 63.1412181], [13.1521723, 63.1412181], [13.1521866, 63.1413326], [13.1524156, 63.1414471], [13.1526446, 63.1414471], [13.1528163, 63.1415616], [13.1531598, 63.1415616], [13.1534174, 63.1414471], [13.1531884, 63.1413326], [13.1529308, 63.1410464], [13.1530453, 63.1408746], [13.1528306, 63.1408746], [13.1522438, 63.1409891], [13.1521294, 63.1412181]]]}}, {"type": "Feature", "id": "way/699996069", "properties": {"import": "yes", "landuse": "forest", "natural": "wetland", "source": "NV NMD2018", "@id": "way/699996069", "@type": "way", "osm_id": 699996069}, "geometry": {"type": "Polygon", "coordinates": [[[13.1316357, 63.1416761], [13.1314067, 63.1416761], [13.1310489, 63.141905], [13.1308343, 63.141948], [13.1310346, 63.1420195], [13.1314067, 63.142134], [13.131693, 63.142134], [13.1318647, 63.1422485], [13.1320937, 63.1425347], [13.1324085, 63.142592], [13.1323226, 63.142363], [13.1324371, 63.142134], [13.1327234, 63.1424775], [13.1330096, 63.142363], [13.1331241, 63.1422485], [13.1330096, 63.141905], [13.1326661, 63.141905], [13.1322082, 63.1419623], [13.1320364, 63.1420195], [13.1317502, 63.1419623], [13.1316357, 63.1418478], [13.1317502, 63.1416761], [13.1316357, 63.1416761]]]}}, {"type": "Feature", "id": "way/699996074", "properties": {"import": "yes", "landuse": "forest", "natural": "wetland", "source": "NV NMD2018", "@id": "way/699996074", "@type": "way", "osm_id": 699996074}, "geometry": {"type": "Polygon", "coordinates": [[[13.1298039, 63.1417905], [13.1300329, 63.1417905], [13.1302618, 63.1416188], [13.1298611, 63.1415616], [13.1294604, 63.1415616], [13.1296608, 63.1416761], [13.1298039, 63.1417905]]]}}, {"type": "Feature", "id": "way/699996076", "properties": {"import": "yes", "landuse": "forest", "natural": "wetland", "source": "NV NMD2018", "@id": "way/699996076", "@type": "way", "osm_id": 699996076}, "geometry": {"type": "Polygon", "coordinates": [[[13.1587698, 63.1424775], [13.1589415, 63.1424775], [13.1591132, 63.1423916], [13.1593422, 63.1422199], [13.1592134, 63.142134], [13.1589987, 63.1420195], [13.1585408, 63.1420195], [13.158598, 63.1422485], [13.1587698, 63.1423057], [13.1583118, 63.1424775], [13.1587698, 63.1424775]]]}}, {"type": "Feature", "id": "way/699996077", "properties": {"import": "yes", "landuse": "forest", "natural": "wetland", "source": "NV NMD2018", "@id": "way/699996077", "@type": "way", "osm_id": 699996077}, "geometry": {"type": "Polygon", "coordinates": [[[13.1567089, 63.142363], [13.1565944, 63.142363], [13.1561937, 63.1422485], [13.1560792, 63.1420195], [13.1554496, 63.1419337], [13.1552206, 63.1422056], [13.1554352, 63.1422485], [13.1557644, 63.142592], [13.1559075, 63.1426492], [13.155793, 63.1427637], [13.156022, 63.1430499], [13.1563655, 63.1432217], [13.156251, 63.1432789], [13.1561365, 63.1436224], [13.1562653, 63.1436224], [13.1565944, 63.1435079], [13.1569379, 63.1428209], [13.1564227, 63.1429354], [13.1561365, 63.1428209], [13.1567089, 63.1424775], [13.1567089, 63.142363]]]}}, {"type": "Feature", "id": "way/699996086", "properties": {"import": "yes", "landuse": "forest", "natural": "wetland", "source": "NV NMD2018", "@id": "way/699996086", "@type": "way", "osm_id": 699996086}, "geometry": {"type": "Polygon", "coordinates": [[[13.167242, 63.1433934], [13.167013, 63.1433934], [13.166784, 63.1436081], [13.1671847, 63.1437369], [13.1675855, 63.1437369], [13.1678144, 63.1436796], [13.1680434, 63.1435508], [13.1678717, 63.1435079], [13.167471, 63.1436224], [13.1672992, 63.1435079], [13.167242, 63.1433934]]]}}, {"type": "Feature", "id": "way/699996093", "properties": {"import": "yes", "landuse": "forest", "natural": "wetland", "source": "NV NMD2018", "@id": "way/699996093", "@type": "way", "osm_id": 699996093}, "geometry": {"type": "Polygon", "coordinates": [[[13.1030133, 63.1445383], [13.1027843, 63.1445383], [13.1029561, 63.1448818], [13.1032423, 63.144939], [13.1031278, 63.1446528], [13.1030133, 63.1445383]]]}}, {"type": "Feature", "id": "way/699996095", "properties": {"import": "yes", "landuse": "forest", "natural": "wetland", "source": "NV NMD2018", "@id": "way/699996095", "@type": "way", "osm_id": 699996095}, "geometry": {"type": "Polygon", "coordinates": [[[13.156022, 63.1454256], [13.155793, 63.1457118], [13.1559648, 63.1456832], [13.156022, 63.1454256]]]}}, {"type": "Feature", "id": "way/699996096", "properties": {"import": "yes", "landuse": "forest", "natural": "wetland", "source": "NV NMD2018", "@id": "way/699996096", "@type": "way", "osm_id": 699996096}, "geometry": {"type": "Polygon", "coordinates": [[[13.1570524, 63.1445383], [13.1570524, 63.1448818], [13.1572814, 63.1449963], [13.1573959, 63.1451107], [13.1568807, 63.1453397], [13.1568234, 63.1452252], [13.1563655, 63.1453683], [13.1561365, 63.1455687], [13.1565944, 63.1456832], [13.1571097, 63.1456832], [13.1571669, 63.1457404], [13.1567089, 63.1458549], [13.1569379, 63.1459694], [13.1567089, 63.1461411], [13.1575104, 63.1460839], [13.1572814, 63.1459694], [13.1575104, 63.1457691], [13.1576249, 63.1456832], [13.1577393, 63.1456259], [13.1576821, 63.1455687], [13.1573959, 63.1455687], [13.1571669, 63.1455115], [13.1573386, 63.1454542], [13.1575104, 63.145397], [13.1576821, 63.1453397], [13.1579111, 63.1453397], [13.1579683, 63.1455687], [13.1576249, 63.1459122], [13.1578538, 63.1460267], [13.1580256, 63.1459122], [13.1581973, 63.1460267], [13.158369, 63.1459122], [13.1581973, 63.1456259], [13.1584835, 63.1454542], [13.1588842, 63.1453397], [13.1589987, 63.1452682], [13.1587841, 63.1452252], [13.1585408, 63.1451107], [13.1592277, 63.144939], [13.1593422, 63.1448245], [13.1591705, 63.1446528], [13.1586553, 63.1446528], [13.1584263, 63.1447387], [13.1585408, 63.1448245], [13.1584263, 63.144939], [13.1581973, 63.1449963], [13.1579683, 63.1448818], [13.1578538, 63.1447387], [13.1576392, 63.1446528], [13.1572814, 63.1445383], [13.1570524, 63.1445383]]]}}, {"type": "Feature", "id": "way/699996099", "properties": {"import": "yes", "landuse": "forest", "natural": "wetland", "source": "NV NMD2018", "@id": "way/699996099", "@type": "way", "osm_id": 699996099}, "geometry": {"type": "Polygon", "coordinates": [[[13.1014391, 63.1447673], [13.1015249, 63.1448818], [13.1022119, 63.1448102], [13.1020401, 63.1447673], [13.1018684, 63.1446814], [13.1014104, 63.14471], [13.1014391, 63.1447673]]]}}, {"type": "Feature", "id": "way/699996100", "properties": {"import": "yes", "landuse": "forest", "natural": "wetland", "source": "NV NMD2018", "@id": "way/699996100", "@type": "way", "osm_id": 699996100}, "geometry": {"type": "Polygon", "coordinates": [[[13.1647232, 63.1448818], [13.1647805, 63.1448818], [13.1650953, 63.1448818], [13.1655246, 63.1445383], [13.1654101, 63.1445955], [13.1647232, 63.1446528], [13.1647232, 63.1448818]]]}}, {"type": "Feature", "id": "way/699996101", "properties": {"import": "yes", "landuse": "forest", "natural": "wetland", "source": "NV NMD2018", "@id": "way/699996101", "@type": "way", "osm_id": 699996101}, "geometry": {"type": "Polygon", "coordinates": [[[13.1319792, 63.1453397], [13.1313209, 63.1453397], [13.131693, 63.1455687], [13.1319792, 63.1454542], [13.1319792, 63.1453397]]]}}, {"type": "Feature", "id": "way/699996102", "properties": {"import": "yes", "landuse": "forest", "natural": "wetland", "source": "NV NMD2018", "@id": "way/699996102", "@type": "way", "osm_id": 699996102}, "geometry": {"type": "Polygon", "coordinates": [[[13.1168665, 63.1453397], [13.1165231, 63.1453397], [13.1162941, 63.145397], [13.1165803, 63.1454542], [13.1168665, 63.1453827], [13.1168665, 63.1453397]]]}}, {"type": "Feature", "id": "way/699996103", "properties": {"import": "yes", "landuse": "forest", "natural": "wetland", "source": "NV NMD2018", "@id": "way/699996103", "@type": "way", "osm_id": 699996103}, "geometry": {"type": "Polygon", "coordinates": [[[13.1165231, 63.1446528], [13.1170955, 63.1446528], [13.1170383, 63.1444238], [13.1165231, 63.1446528]]]}}, {"type": "Feature", "id": "way/699996107", "properties": {"import": "yes", "landuse": "forest", "natural": "wetland", "source": "NV NMD2018", "@id": "way/699996107", "@type": "way", "osm_id": 699996107}, "geometry": {"type": "Polygon", "coordinates": [[[13.1641508, 63.145397], [13.1635783, 63.145397], [13.1634638, 63.1455115], [13.1636928, 63.1455687], [13.163979, 63.1454542], [13.1641508, 63.145397]]]}}, {"type": "Feature", "id": "way/699996109", "properties": {"import": "yes", "landuse": "forest", "natural": "wetland", "source": "NV NMD2018", "@id": "way/699996109", "@type": "way", "osm_id": 699996109}, "geometry": {"type": "Polygon", "coordinates": [[[13.1604871, 63.1459122], [13.1607161, 63.1459122], [13.1609451, 63.1458263], [13.16209, 63.1457404], [13.1623762, 63.1455687], [13.1624907, 63.1456832], [13.1625479, 63.1455687], [13.1624334, 63.1454542], [13.1622044, 63.1453397], [13.16209, 63.1454542], [13.1607161, 63.1456832], [13.1604871, 63.1458549], [13.1604871, 63.1459122]]]}}, {"type": "Feature", "id": "way/699996110", "properties": {"import": "yes", "landuse": "forest", "natural": "wetland", "source": "NV NMD2018", "@id": "way/699996110", "@type": "way", "osm_id": 699996110}, "geometry": {"type": "Polygon", "coordinates": [[[13.1689593, 63.1467136], [13.1689593, 63.1467708], [13.1691597, 63.1468281], [13.16936, 63.1468281], [13.1696749, 63.1470571], [13.1696463, 63.1464846], [13.1689593, 63.1465991], [13.1689593, 63.1467136]]]}}, {"type": "Feature", "id": "way/699996114", "properties": {"import": "yes", "landuse": "forest", "natural": "wetland", "source": "NV NMD2018", "@id": "way/699996114", "@type": "way", "osm_id": 699996114}, "geometry": {"type": "Polygon", "coordinates": [[[13.1688448, 63.1456832], [13.1690166, 63.1455687], [13.1690166, 63.1453397], [13.1680434, 63.1452539], [13.1684441, 63.1453397], [13.1685014, 63.145397], [13.1680434, 63.1455687], [13.1683869, 63.1456832], [13.1688448, 63.1456832]]]}}, {"type": "Feature", "id": "way/699996115", "properties": {"import": "yes", "landuse": "forest", "natural": "wetland", "source": "NV NMD2018", "@id": "way/699996115", "@type": "way", "osm_id": 699996115}, "geometry": {"type": "Polygon", "coordinates": [[[13.1444585, 63.1457977], [13.1442296, 63.1457977], [13.1440006, 63.1459837], [13.1442009, 63.1460267], [13.1444013, 63.1460267], [13.1445158, 63.1461411], [13.144573, 63.1460267], [13.1444585, 63.1457977]]]}}, {"type": "Feature", "id": "way/699996117", "properties": {"import": "yes", "landuse": "forest", "natural": "wetland", "source": "NV NMD2018", "@id": "way/699996117", "@type": "way", "osm_id": 699996117}, "geometry": {"type": "Polygon", "coordinates": [[[13.1472063, 63.1459122], [13.1474353, 63.1459408], [13.1476643, 63.1457404], [13.1474925, 63.1456832], [13.147378, 63.1455687], [13.1471204, 63.1455687], [13.1467483, 63.1457977], [13.1465194, 63.1456832], [13.1463476, 63.1455687], [13.1461759, 63.1457404], [13.1456034, 63.1458263], [13.1456893, 63.1459122], [13.1459326, 63.1460267], [13.1460614, 63.1459837], [13.1469773, 63.1459122], [13.1472063, 63.1459122]]]}}, {"type": "Feature", "id": "way/699996120", "properties": {"import": "yes", "landuse": "forest", "natural": "wetland", "source": "NV NMD2018", "@id": "way/699996120", "@type": "way", "osm_id": 699996120}, "geometry": {"type": "Polygon", "coordinates": [[[13.1423977, 63.1469998], [13.1421688, 63.1469426], [13.1416536, 63.147286], [13.1413673, 63.1474005], [13.1417108, 63.147515], [13.1421115, 63.147515], [13.1421688, 63.1475723], [13.1426267, 63.1476295], [13.1430847, 63.1475723], [13.1431992, 63.1474578], [13.1428557, 63.147286], [13.1425981, 63.1471716], [13.1423977, 63.1469998]]]}}, {"type": "Feature", "id": "way/699996122", "properties": {"import": "yes", "landuse": "forest", "natural": "wetland", "source": "NV NMD2018", "@id": "way/699996122", "@type": "way", "osm_id": 699996122}, "geometry": {"type": "Polygon", "coordinates": [[[13.1615175, 63.1463701], [13.161403, 63.1463701], [13.1612885, 63.1465991], [13.1616892, 63.1468281], [13.16209, 63.1467422], [13.161403, 63.1466564], [13.161632, 63.1465419], [13.1615175, 63.1463701]]]}}, {"type": "Feature", "id": "way/699996124", "properties": {"import": "yes", "landuse": "forest", "natural": "wetland", "source": "NV NMD2018", "@id": "way/699996124", "@type": "way", "osm_id": 699996124}, "geometry": {"type": "Polygon", "coordinates": [[[13.1599146, 63.1462556], [13.1599146, 63.1461411], [13.1599146, 63.1460267], [13.1593422, 63.1461984], [13.1599146, 63.1462556]]]}}, {"type": "Feature", "id": "way/699996125", "properties": {"import": "yes", "landuse": "forest", "natural": "wetland", "source": "NV NMD2018", "@id": "way/699996125", "@type": "way", "osm_id": 699996125}, "geometry": {"type": "Polygon", "coordinates": [[[13.1101117, 63.1460267], [13.1101117, 63.1458692], [13.1099972, 63.1457977], [13.1098827, 63.1461698], [13.1099399, 63.1462556], [13.1099972, 63.1461984], [13.1101117, 63.1460267]]]}}, {"type": "Feature", "id": "way/699996126", "properties": {"import": "yes", "landuse": "forest", "natural": "wetland", "source": "NV NMD2018", "@id": "way/699996126", "@type": "way", "osm_id": 699996126}, "geometry": {"type": "Polygon", "coordinates": [[[13.1607447, 63.1463701], [13.1610023, 63.1463701], [13.1609451, 63.1460839], [13.1607161, 63.1462127], [13.1607161, 63.1463129], [13.1607447, 63.1463701]]]}}, {"type": "Feature", "id": "way/699996127", "properties": {"import": "yes", "landuse": "forest", "natural": "wetland", "source": "NV NMD2018", "@id": "way/699996127", "@type": "way", "osm_id": 699996127}, "geometry": {"type": "Polygon", "coordinates": [[[13.1477787, 63.1465132], [13.1477787, 63.1464274], [13.1480077, 63.1463701], [13.1478646, 63.1462556], [13.1474353, 63.1463129], [13.147607, 63.1464846], [13.1477787, 63.1465132]]]}}, {"type": "Feature", "id": "way/699996128", "properties": {"import": "yes", "landuse": "forest", "natural": "wetland", "source": "NV NMD2018", "@id": "way/699996128", "@type": "way", "osm_id": 699996128}, "geometry": {"type": "Polygon", "coordinates": [[[13.1444585, 63.1463701], [13.1444585, 63.1463129], [13.1442439, 63.1462556], [13.1438289, 63.1461411], [13.1438289, 63.1460267], [13.1432993, 63.1461411], [13.1429988, 63.1461411], [13.1428557, 63.1463129], [13.1429702, 63.1465132], [13.143099, 63.1465991], [13.1434854, 63.1468281], [13.1435426, 63.1467136], [13.1438289, 63.1465991], [13.1440006, 63.1465991], [13.1439433, 63.1464846], [13.1431992, 63.1464274], [13.1435426, 63.1462556], [13.1436571, 63.1463129], [13.1444585, 63.1463701]]]}}, {"type": "Feature", "id": "way/699996131", "properties": {"import": "yes", "landuse": "forest", "natural": "wetland", "source": "NV NMD2018", "@id": "way/699996131", "@type": "way", "osm_id": 699996131}, "geometry": {"type": "Polygon", "coordinates": [[[13.1101117, 63.1462556], [13.1098827, 63.1465991], [13.1104551, 63.1464846], [13.110312, 63.1463701], [13.1101117, 63.1462986], [13.1101117, 63.1462556]]]}}, {"type": "Feature", "id": "way/699996135", "properties": {"import": "yes", "landuse": "forest", "natural": "wetland", "source": "NV NMD2018", "@id": "way/699996135", "@type": "way", "osm_id": 699996135}, "geometry": {"type": "Polygon", "coordinates": [[[13.1596857, 63.1467136], [13.1596857, 63.1465991], [13.1595569, 63.1464846], [13.1593994, 63.1463701], [13.1591705, 63.1464846], [13.1592277, 63.1467136], [13.1596857, 63.1467136]]]}}, {"type": "Feature", "id": "way/699996137", "properties": {"import": "yes", "landuse": "forest", "natural": "wetland", "source": "NV NMD2018", "@id": "way/699996137", "@type": "way", "osm_id": 699996137}, "geometry": {"type": "Polygon", "coordinates": [[[13.1137753, 63.1467708], [13.1136036, 63.1468281], [13.1134319, 63.146871], [13.1127449, 63.1472288], [13.1132029, 63.1472574], [13.1134891, 63.1471716], [13.1137753, 63.1467708]]]}}, {"type": "Feature", "id": "way/699996139", "properties": {"import": "yes", "landuse": "forest", "natural": "wetland", "source": "NV NMD2018", "@id": "way/699996139", "@type": "way", "osm_id": 699996139}, "geometry": {"type": "Polygon", "coordinates": [[[13.162691, 63.1484309], [13.1626338, 63.1486599], [13.1625479, 63.1487601], [13.1625479, 63.1488317], [13.16209, 63.1488889], [13.161861, 63.1489461], [13.1620327, 63.1490034], [13.1622044, 63.1492324], [13.1623189, 63.1491179], [13.1638645, 63.1488889], [13.1641508, 63.1491179], [13.1642653, 63.1490034], [13.164208, 63.1487744], [13.1634638, 63.1487172], [13.1643225, 63.1485454], [13.1646087, 63.1486599], [13.1647232, 63.1484882], [13.1645801, 63.1483165], [13.1642653, 63.1484309], [13.1640363, 63.148202], [13.1636356, 63.1485454], [13.1634352, 63.1484309], [13.1630059, 63.1485454], [13.162691, 63.1484309]]]}}, {"type": "Feature", "id": "way/699996140", "properties": {"import": "yes", "landuse": "forest", "natural": "wetland", "source": "NV NMD2018", "@id": "way/699996140", "@type": "way", "osm_id": 699996140}, "geometry": {"type": "Polygon", "coordinates": [[[13.1472063, 63.1482878], [13.1478932, 63.1483165], [13.1482367, 63.148202], [13.1481079, 63.1480875], [13.1478932, 63.1481304], [13.1476643, 63.148202], [13.1472063, 63.1482878]]]}}, {"type": "Feature", "id": "way/699996146", "properties": {"import": "yes", "landuse": "forest", "natural": "wetland", "source": "NV NMD2018", "@id": "way/699996146", "@type": "way", "osm_id": 699996146}, "geometry": {"type": "Polygon", "coordinates": [[[13.1164086, 63.1492324], [13.1164086, 63.1492896], [13.1167807, 63.1493469], [13.1171528, 63.1493469], [13.117668, 63.1495758], [13.1177825, 63.1494613], [13.1175535, 63.1492324], [13.1173531, 63.1491179], [13.11721, 63.1490034], [13.1168665, 63.1490034], [13.116981, 63.1491751], [13.1168093, 63.1492324], [13.1165231, 63.1491179], [13.1164086, 63.1492324]]]}}, {"type": "Feature", "id": "way/699996147", "properties": {"import": "yes", "landuse": "forest", "natural": "wetland", "source": "NV NMD2018", "@id": "way/699996147", "@type": "way", "osm_id": 699996147}, "geometry": {"type": "Polygon", "coordinates": [[[13.1175535, 63.1500052], [13.1173245, 63.1502485], [13.1174104, 63.1503773], [13.1175535, 63.1500052]]]}}, {"type": "Feature", "id": "way/699996149", "properties": {"import": "yes", "landuse": "forest", "natural": "wetland", "source": "NV NMD2018", "@id": "way/699996149", "@type": "way", "osm_id": 699996149}, "geometry": {"type": "Polygon", "coordinates": [[[13.1164086, 63.1494613], [13.1164086, 63.1495758], [13.1165231, 63.1496903], [13.1167521, 63.1495186], [13.1166948, 63.1494613], [13.1164086, 63.1494613]]]}}, {"type": "Feature", "id": "way/699996151", "properties": {"import": "yes", "landuse": "forest", "natural": "wetland", "source": "NV NMD2018", "@id": "way/699996151", "@type": "way", "osm_id": 699996151}, "geometry": {"type": "Polygon", "coordinates": [[[13.1221331, 63.149261], [13.1220758, 63.1492324], [13.1219613, 63.1490034], [13.1217896, 63.1490893], [13.1213889, 63.1493469], [13.1213889, 63.1495758], [13.1215606, 63.1495758], [13.1218468, 63.1493469], [13.1221331, 63.149261]]]}}, {"type": "Feature", "id": "way/699996156", "properties": {"import": "yes", "landuse": "forest", "natural": "wetland", "source": "NV NMD2018", "@id": "way/699996156", "@type": "way", "osm_id": 699996156}, "geometry": {"type": "Polygon", "coordinates": [[[13.1568234, 63.1498048], [13.1568234, 63.1499193], [13.1569522, 63.1500338], [13.1572814, 63.1501483], [13.1575104, 63.150091], [13.1572814, 63.1499766], [13.1575104, 63.1498621], [13.1574102, 63.1498048], [13.1570524, 63.1498048], [13.1568234, 63.1498048]]]}}, {"type": "Feature", "id": "way/699996158", "properties": {"import": "yes", "landuse": "forest", "natural": "wetland", "source": "NV NMD2018", "@id": "way/699996158", "@type": "way", "osm_id": 699996158}, "geometry": {"type": "Polygon", "coordinates": [[[13.1170955, 63.1504918], [13.1173245, 63.1504202], [13.1173245, 63.1503773], [13.1170669, 63.1501483], [13.1170955, 63.1504918]]]}}, {"type": "Feature", "id": "way/699996162", "properties": {"import": "yes", "landuse": "forest", "natural": "wetland", "source": "NV NMD2018", "@id": "way/699996162", "@type": "way", "osm_id": 699996162}, "geometry": {"type": "Polygon", "coordinates": [[[13.1649522, 63.1503773], [13.1650667, 63.1503773], [13.1651812, 63.1502914], [13.164666, 63.1501483], [13.1638073, 63.1503343], [13.1643797, 63.1503773], [13.1649522, 63.1503773]]]}}, {"type": "Feature", "id": "way/699996163", "properties": {"import": "yes", "landuse": "forest", "natural": "wetland", "source": "NV NMD2018", "@id": "way/699996163", "@type": "way", "osm_id": 699996163}, "geometry": {"type": "Polygon", "coordinates": [[[13.156251, 63.1502628], [13.1561365, 63.1502628], [13.1557644, 63.1502628], [13.1558503, 63.1504918], [13.1561937, 63.1503773], [13.1563655, 63.1506062], [13.1566803, 63.1507207], [13.1568234, 63.1508352], [13.1569665, 63.1509497], [13.1569093, 63.1504918], [13.1565944, 63.1503773], [13.15648, 63.1502628], [13.156251, 63.1502628]]]}}, {"type": "Feature", "id": "way/699996166", "properties": {"import": "yes", "landuse": "forest", "natural": "wetland", "source": "NV NMD2018", "@id": "way/699996166", "@type": "way", "osm_id": 699996166}, "geometry": {"type": "Polygon", "coordinates": [[[13.1213316, 63.1506062], [13.1213316, 63.1504345], [13.1212458, 63.1502628], [13.1211027, 63.1506062], [13.1213316, 63.1506062]]]}}, {"type": "Feature", "id": "way/699996168", "properties": {"import": "yes", "landuse": "forest", "natural": "wetland", "source": "NV NMD2018", "@id": "way/699996168", "@type": "way", "osm_id": 699996168}, "geometry": {"type": "Polygon", "coordinates": [[[13.1654101, 63.1506062], [13.1654101, 63.1506635], [13.1656964, 63.1507207], [13.1659826, 63.1507207], [13.1658681, 63.1506062], [13.1656391, 63.1504918], [13.1654101, 63.1506062]]]}}, {"type": "Feature", "id": "way/699996172", "properties": {"import": "yes", "landuse": "forest", "natural": "wetland", "source": "NV NMD2018", "@id": "way/699996172", "@type": "way", "osm_id": 699996172}, "geometry": {"type": "Polygon", "coordinates": [[[13.124795, 63.1510642], [13.1248808, 63.1512073], [13.1254533, 63.1511214], [13.1251098, 63.1509497], [13.124795, 63.1510642]]]}}, {"type": "Feature", "id": "way/699996179", "properties": {"import": "yes", "landuse": "forest", "natural": "wetland", "source": "NV NMD2018", "@id": "way/699996179", "@type": "way", "osm_id": 699996179}, "geometry": {"type": "Polygon", "coordinates": [[[13.1298039, 63.1519801], [13.1298039, 63.1517225], [13.1295463, 63.1516367], [13.1287735, 63.151837], [13.1290024, 63.1519801], [13.1292314, 63.1520946], [13.1294032, 63.1522091], [13.1297466, 63.1523236], [13.1301473, 63.1522091], [13.1300185, 63.1519801], [13.1298039, 63.1520231], [13.1296894, 63.1520946], [13.1295749, 63.1520374], [13.1298039, 63.1519801]]]}}, {"type": "Feature", "id": "way/699996180", "properties": {"import": "yes", "landuse": "forest", "natural": "wetland", "source": "NV NMD2018", "@id": "way/699996180", "@type": "way", "osm_id": 699996180}, "geometry": {"type": "Polygon", "coordinates": [[[13.1224765, 63.153812], [13.122362, 63.153812], [13.1222476, 63.1538549], [13.1224479, 63.1539264], [13.12282, 63.1540409], [13.1229345, 63.153812], [13.1224765, 63.153812]]]}}, {"type": "Feature", "id": "way/699996182", "properties": {"import": "yes", "landuse": "forest", "natural": "wetland", "source": "NV NMD2018", "@id": "way/699996182", "@type": "way", "osm_id": 699996182}, "geometry": {"type": "Polygon", "coordinates": [[[13.1307198, 63.1522091], [13.1305481, 63.1523236], [13.1307341, 63.1524381], [13.1309488, 63.1523951], [13.1308343, 63.1522091], [13.1307198, 63.1522091]]]}}, {"type": "Feature", "id": "way/699996184", "properties": {"import": "yes", "landuse": "forest", "natural": "wetland", "source": "NV NMD2018", "@id": "way/699996184", "@type": "way", "osm_id": 699996184}, "geometry": {"type": "Polygon", "coordinates": [[[13.1664406, 63.1516367], [13.1664406, 63.1516939], [13.1660971, 63.1517511], [13.1656964, 63.1518656], [13.1652384, 63.1518656], [13.1654101, 63.1520946], [13.1655246, 63.1522091], [13.1663833, 63.1520946], [13.1666695, 63.1519229], [13.166784, 63.1517511], [13.1668985, 63.1516939], [13.1668413, 63.1516367], [13.1664406, 63.1516367]]]}}, {"type": "Feature", "id": "way/699996188", "properties": {"import": "yes", "landuse": "forest", "natural": "wetland", "source": "NV NMD2018", "@id": "way/699996188", "@type": "way", "osm_id": 699996188}, "geometry": {"type": "Polygon", "coordinates": [[[13.1053031, 63.1525526], [13.1055321, 63.1525526], [13.1056466, 63.1519801], [13.1057611, 63.151837], [13.1056466, 63.1517511], [13.1055321, 63.1517941], [13.1052458, 63.1519801], [13.1050741, 63.1518656], [13.1048451, 63.1519801], [13.1047306, 63.1516367], [13.1045589, 63.1517511], [13.1045589, 63.1520946], [13.1048594, 63.1520946], [13.1050741, 63.1525526], [13.1053031, 63.1525526]]]}}, {"type": "Feature", "id": "way/699996202", "properties": {"import": "yes", "landuse": "forest", "natural": "wetland", "source": "NV NMD2018", "@id": "way/699996202", "@type": "way", "osm_id": 699996202}, "geometry": {"type": "Polygon", "coordinates": [[[13.118956, 63.1525526], [13.1193853, 63.1525526], [13.1190991, 63.1524381], [13.1188129, 63.1524953], [13.118956, 63.1525526]]]}}, {"type": "Feature", "id": "way/699996215", "properties": {"import": "yes", "landuse": "forest", "natural": "wetland", "source": "NV NMD2018", "@id": "way/699996215", "@type": "way", "osm_id": 699996215}, "geometry": {"type": "Polygon", "coordinates": [[[13.1032423, 63.152896], [13.1032423, 63.1529533], [13.1039006, 63.1530105], [13.1045589, 63.1530105], [13.1047306, 63.153125], [13.1048451, 63.1529819], [13.1045875, 63.152896], [13.1042727, 63.1528245], [13.1041582, 63.1527815], [13.1040437, 63.1528245], [13.1033568, 63.152896], [13.1032423, 63.152896]]]}}, {"type": "Feature", "id": "way/699996218", "properties": {"import": "yes", "landuse": "forest", "natural": "wetland", "source": "NV NMD2018", "@id": "way/699996218", "@type": "way", "osm_id": 699996218}, "geometry": {"type": "Polygon", "coordinates": [[[13.1690452, 63.1534685], [13.1686159, 63.1534685], [13.1688162, 63.153583], [13.1689593, 63.1536402], [13.1688448, 63.1536975], [13.1687303, 63.1538692], [13.1689021, 63.1540409], [13.1691168, 63.1540409], [13.1693028, 63.1536975], [13.1690452, 63.1534685]]]}}, {"type": "Feature", "id": "way/699996221", "properties": {"import": "yes", "landuse": "forest", "natural": "wetland", "source": "NV NMD2018", "@id": "way/699996221", "@type": "way", "osm_id": 699996221}, "geometry": {"type": "Polygon", "coordinates": [[[13.1184694, 63.1539264], [13.1184694, 63.153812], [13.1184694, 63.1537547], [13.1181259, 63.153812], [13.117897, 63.1534685], [13.1173245, 63.1538692], [13.117439, 63.1540409], [13.1175535, 63.1542699], [13.1177825, 63.1543844], [13.117897, 63.1542699], [13.1184694, 63.1540123], [13.1184694, 63.1539264]]]}}, {"type": "Feature", "id": "way/699996222", "properties": {"import": "yes", "landuse": "forest", "natural": "wetland", "source": "NV NMD2018", "@id": "way/699996222", "@type": "way", "osm_id": 699996222}, "geometry": {"type": "Polygon", "coordinates": [[[13.1492671, 63.153583], [13.1493816, 63.153583], [13.1494961, 63.1534685], [13.1493673, 63.153354], [13.1492671, 63.1532968], [13.1493816, 63.1531823], [13.1492671, 63.153125], [13.1489236, 63.1532968], [13.149124, 63.1534685], [13.1492671, 63.153583]]]}}, {"type": "Feature", "id": "way/699996225", "properties": {"import": "yes", "landuse": "forest", "natural": "wetland", "source": "NV NMD2018", "@id": "way/699996225", "@type": "way", "osm_id": 699996225}, "geometry": {"type": "Polygon", "coordinates": [[[13.1370167, 63.1537833], [13.137074, 63.153812], [13.1376178, 63.153812], [13.1381044, 63.153812], [13.1382618, 63.1540409], [13.1383906, 63.1540409], [13.1385051, 63.1539837], [13.1386196, 63.153812], [13.1385051, 63.1536975], [13.1382904, 63.153583], [13.1380328, 63.153583], [13.1377609, 63.1534685], [13.1373602, 63.1534685], [13.1370167, 63.1537833]]]}}, {"type": "Feature", "id": "way/699996230", "properties": {"import": "yes", "landuse": "forest", "natural": "wetland", "source": "NV NMD2018", "@id": "way/699996230", "@type": "way", "osm_id": 699996230}, "geometry": {"type": "Polygon", "coordinates": [[[13.1109131, 63.1635436], [13.11077, 63.1636581], [13.1106841, 63.163701], [13.1112279, 63.1637726], [13.1110419, 63.1635436], [13.1109131, 63.1635436]]]}}, {"type": "Feature", "id": "way/699996246", "properties": {"import": "yes", "landuse": "forest", "natural": "wetland", "source": "NV NMD2018", "@id": "way/699996246", "@type": "way", "osm_id": 699996246}, "geometry": {"type": "Polygon", "coordinates": [[[13.136158, 63.1569032], [13.1364443, 63.1569032], [13.1363298, 63.1565597], [13.1362153, 63.156388], [13.136387, 63.1562162], [13.136387, 63.1561017], [13.1356428, 63.1560445], [13.1358718, 63.15593], [13.1358146, 63.1558728], [13.1355284, 63.1558728], [13.1352994, 63.1557583], [13.1351849, 63.1556438], [13.1350704, 63.1554148], [13.1347269, 63.1555293], [13.1348414, 63.1557583], [13.1343835, 63.1558728], [13.1339255, 63.1558155], [13.1338683, 63.1557583], [13.1331241, 63.155701], [13.1328951, 63.1555865], [13.1332958, 63.1555293], [13.1336965, 63.1553576], [13.133582, 63.1551858], [13.1334675, 63.1553003], [13.1312922, 63.1554721], [13.131693, 63.1555293], [13.1318647, 63.1558155], [13.1328379, 63.1557583], [13.1328951, 63.1560445], [13.1331813, 63.1561017], [13.1334103, 63.1561017], [13.1336679, 63.1562162], [13.1339255, 63.1563307], [13.1341545, 63.1564452], [13.1346697, 63.1565597], [13.1350132, 63.1565597], [13.1352708, 63.1566742], [13.1354139, 63.1567887], [13.1359291, 63.1567887], [13.1359863, 63.1569032], [13.136158, 63.1569032]]]}}, {"type": "Feature", "id": "way/699996267", "properties": {"import": "yes", "landuse": "forest", "natural": "wetland", "source": "NV NMD2018", "@id": "way/699996267", "@type": "way", "osm_id": 699996267}, "geometry": {"type": "Polygon", "coordinates": [[[13.1810952, 63.1566742], [13.1812097, 63.1566742], [13.1813242, 63.1565883], [13.1810952, 63.1565597], [13.1808663, 63.1565597], [13.1805228, 63.1564452], [13.1807518, 63.1562592], [13.1802366, 63.1562162], [13.1797214, 63.1562735], [13.1798931, 63.1563307], [13.180165, 63.1563307], [13.1802938, 63.156388], [13.1801793, 63.1564452], [13.1801221, 63.1566742], [13.1806945, 63.1566742], [13.1810952, 63.1566742]]]}}, {"type": "Feature", "id": "way/699996268", "properties": {"import": "yes", "landuse": "forest", "natural": "wetland", "source": "NV NMD2018", "@id": "way/699996268", "@type": "way", "osm_id": 699996268}, "geometry": {"type": "Polygon", "coordinates": [[[13.1514138, 63.1563307], [13.1510989, 63.1564023], [13.1510989, 63.1565311], [13.1515569, 63.1564452], [13.1514138, 63.1563307]]]}}, {"type": "Feature", "id": "way/699996269", "properties": {"import": "yes", "landuse": "forest", "natural": "wetland", "source": "NV NMD2018", "@id": "way/699996269", "@type": "way", "osm_id": 699996269}, "geometry": {"type": "Polygon", "coordinates": [[[13.156251, 63.1564738], [13.1565658, 63.1564452], [13.1564227, 63.1561017], [13.1555068, 63.1559873], [13.1551061, 63.1561017], [13.1548771, 63.1563307], [13.1551633, 63.1564452], [13.1561937, 63.1562162], [13.156251, 63.1564738]]]}}, {"type": "Feature", "id": "way/699996271", "properties": {"import": "yes", "landuse": "forest", "natural": "wetland", "source": "NV NMD2018", "@id": "way/699996271", "@type": "way", "osm_id": 699996271}, "geometry": {"type": "Polygon", "coordinates": [[[13.1109417, 63.1567887], [13.1110276, 63.1565025], [13.1108988, 63.1562162], [13.1106841, 63.1563307], [13.1105696, 63.1565025], [13.1106841, 63.1566742], [13.1109417, 63.1567887]]]}}, {"type": "Feature", "id": "way/699996279", "properties": {"import": "yes", "landuse": "forest", "natural": "wetland", "source": "NV NMD2018", "@id": "way/699996279", "@type": "way", "osm_id": 699996279}, "geometry": {"type": "Polygon", "coordinates": [[[13.1298039, 63.1578191], [13.1298039, 63.1579336], [13.1299756, 63.1580481], [13.1303191, 63.1578191], [13.1302618, 63.1577046], [13.1301473, 63.1575329], [13.1302618, 63.1573611], [13.1301473, 63.1570177], [13.1299184, 63.1572466], [13.1298039, 63.1573039], [13.1299756, 63.1573611], [13.1300329, 63.1574756], [13.1298039, 63.1578191]]]}}, {"type": "Feature", "id": "way/699996288", "properties": {"import": "yes", "landuse": "forest", "natural": "wetland", "source": "NV NMD2018", "@id": "way/699996288", "@type": "way", "osm_id": 699996288}, "geometry": {"type": "Polygon", "coordinates": [[[13.1142333, 63.1579908], [13.1139757, 63.1578191], [13.1139757, 63.1586205], [13.1140616, 63.158277], [13.114176, 63.1580481], [13.1142333, 63.1579908]]]}}, {"type": "Feature", "id": "way/699996293", "properties": {"import": "yes", "landuse": "forest", "natural": "wetland", "source": "NV NMD2018", "@id": "way/699996293", "@type": "way", "osm_id": 699996293}, "geometry": {"type": "Polygon", "coordinates": [[[13.1072494, 63.1594219], [13.1074212, 63.1594219], [13.1075929, 63.1593361], [13.1075356, 63.159193], [13.1072494, 63.159193], [13.1070204, 63.1592502], [13.1071922, 63.1593075], [13.1072494, 63.1594219]]]}}, {"type": "Feature", "id": "way/699996296", "properties": {"import": "yes", "landuse": "forest", "natural": "wetland", "source": "NV NMD2018", "@id": "way/699996296", "@type": "way", "osm_id": 699996296}, "geometry": {"type": "Polygon", "coordinates": [[[13.1012101, 63.1594219], [13.101067, 63.1593933], [13.1011815, 63.1596509], [13.1014677, 63.1599944], [13.1018684, 63.1601089], [13.1019829, 63.1598799], [13.1020974, 63.1598227], [13.1020401, 63.1597654], [13.1018398, 63.1597654], [13.1015536, 63.1597654], [13.1014104, 63.1596509], [13.101296, 63.1594219], [13.1012101, 63.1594219]]]}}, {"type": "Feature", "id": "way/699996299", "properties": {"import": "yes", "landuse": "forest", "natural": "wetland", "source": "NV NMD2018", "@id": "way/699996299", "@type": "way", "osm_id": 699996299}, "geometry": {"type": "Polygon", "coordinates": [[[13.1687303, 63.1601089], [13.1689593, 63.1601089], [13.1691883, 63.1599944], [13.1691311, 63.1598799], [13.1689307, 63.1598799], [13.1687303, 63.1599944], [13.1687303, 63.1601089]]]}}, {"type": "Feature", "id": "way/699996300", "properties": {"import": "yes", "landuse": "forest", "natural": "wetland", "source": "NV NMD2018", "@id": "way/699996300", "@type": "way", "osm_id": 699996300}, "geometry": {"type": "Polygon", "coordinates": [[[13.1311778, 63.1609103], [13.1311778, 63.1606813], [13.1318074, 63.1604524], [13.1324371, 63.1604524], [13.1323799, 63.1602234], [13.1321509, 63.1602234], [13.1318074, 63.1603379], [13.1316357, 63.1602234], [13.1318647, 63.1599944], [13.131464, 63.1599944], [13.131006, 63.1601089], [13.130777, 63.1599944], [13.1300329, 63.1599944], [13.1301473, 63.1601089], [13.1303763, 63.1602806], [13.130777, 63.1603379], [13.1310489, 63.1609103], [13.1311778, 63.1609103]]]}}, {"type": "Feature", "id": "way/699996305", "properties": {"import": "yes", "landuse": "forest", "natural": "wetland", "source": "NV NMD2018", "@id": "way/699996305", "@type": "way", "osm_id": 699996305}, "geometry": {"type": "Polygon", "coordinates": [[[13.1438861, 63.1609103], [13.1441151, 63.1609103], [13.1440149, 63.1605668], [13.1438861, 63.1606527], [13.1437716, 63.1607958], [13.1436571, 63.1607386], [13.1434854, 63.1603379], [13.1433137, 63.1606241], [13.1435426, 63.1609103], [13.1438861, 63.1609103]]]}}, {"type": "Feature", "id": "way/699996313", "properties": {"import": "yes", "landuse": "forest", "natural": "wetland", "source": "NV NMD2018", "@id": "way/699996313", "@type": "way", "osm_id": 699996313}, "geometry": {"type": "Polygon", "coordinates": [[[13.1212172, 63.1610248], [13.1209309, 63.1610248], [13.1206447, 63.1611393], [13.1201867, 63.1614828], [13.1204157, 63.1614828], [13.1206447, 63.1614398], [13.1207592, 63.1613683], [13.1208737, 63.1611965], [13.1212172, 63.1611393], [13.1212172, 63.1610248]]]}}, {"type": "Feature", "id": "way/699996320", "properties": {"import": "yes", "landuse": "forest", "natural": "wetland", "source": "NV NMD2018", "@id": "way/699996320", "@type": "way", "osm_id": 699996320}, "geometry": {"type": "Polygon", "coordinates": [[[13.1482367, 63.1617117], [13.1482367, 63.1618262], [13.1482081, 63.1620552], [13.1484084, 63.1623987], [13.1485802, 63.1621125], [13.1488092, 63.1617976], [13.1486804, 63.1617117], [13.1484657, 63.1615972], [13.1482367, 63.1617117]]]}}, {"type": "Feature", "id": "way/699996324", "properties": {"import": "yes", "landuse": "forest", "natural": "wetland", "source": "NV NMD2018", "@id": "way/699996324", "@type": "way", "osm_id": 699996324}, "geometry": {"type": "Polygon", "coordinates": [[[13.1500972, 63.1623987], [13.1503834, 63.1623987], [13.150412, 63.1619407], [13.1500685, 63.1620552], [13.149954, 63.1622842], [13.1500972, 63.1623987]]]}}, {"type": "Feature", "id": "way/699996326", "properties": {"import": "yes", "landuse": "forest", "natural": "wetland", "source": "NV NMD2018", "@id": "way/699996326", "@type": "way", "osm_id": 699996326}, "geometry": {"type": "Polygon", "coordinates": [[[13.1402224, 63.1621697], [13.1399935, 63.1621697], [13.1398217, 63.1625132], [13.1402224, 63.1622842], [13.1402224, 63.1621697]]]}}, {"type": "Feature", "id": "way/699996333", "properties": {"import": "yes", "landuse": "forest", "natural": "wetland", "source": "NV NMD2018", "@id": "way/699996333", "@type": "way", "osm_id": 699996333}, "geometry": {"type": "Polygon", "coordinates": [[[13.1304908, 63.1623987], [13.1300329, 63.1623701], [13.1294604, 63.1625704], [13.1296321, 63.1626277], [13.1296894, 63.1629711], [13.1303191, 63.1628566], [13.130777, 63.1629711], [13.1309488, 63.1630856], [13.1310633, 63.162828], [13.131464, 63.1626277], [13.1316357, 63.1627421], [13.1317502, 63.1628566], [13.1318647, 63.1629711], [13.1324371, 63.1629997], [13.1323226, 63.1628566], [13.1321509, 63.1625132], [13.1318647, 63.1625132], [13.1315785, 63.1623987], [13.1304908, 63.1623987]]]}}, {"type": "Feature", "id": "way/699996336", "properties": {"import": "yes", "landuse": "forest", "natural": "wetland", "source": "NV NMD2018", "@id": "way/699996336", "@type": "way", "osm_id": 699996336}, "geometry": {"type": "Polygon", "coordinates": [[[13.1351849, 63.1640015], [13.1352421, 63.1640015], [13.1352994, 63.1639586], [13.1361867, 63.1637726], [13.1373602, 63.1635436], [13.1379326, 63.1633718], [13.1378181, 63.1633146], [13.1375892, 63.1633146], [13.1371312, 63.1632573], [13.1369022, 63.1629711], [13.1367305, 63.1627421], [13.1362725, 63.1626277], [13.1359863, 63.1626849], [13.136158, 63.1627421], [13.1362153, 63.1629711], [13.1361008, 63.1632001], [13.1359863, 63.1632573], [13.136158, 63.1633146], [13.1362153, 63.1634291], [13.1352421, 63.1636581], [13.1347842, 63.1635436], [13.1346124, 63.1636294], [13.1344979, 63.163887], [13.1347269, 63.163887], [13.1350847, 63.163887], [13.1351849, 63.1640015]]]}}, {"type": "Feature", "id": "way/699996343", "properties": {"import": "yes", "landuse": "forest", "natural": "wetland", "source": "NV NMD2018", "@id": "way/699996343", "@type": "way", "osm_id": 699996343}, "geometry": {"type": "Polygon", "coordinates": [[[13.1222476, 63.1632001], [13.1222476, 63.1635722], [13.1224765, 63.1634863], [13.1227055, 63.1633575], [13.1227055, 63.1632573], [13.1224765, 63.1632001], [13.1222476, 63.1632001]]]}}, {"type": "Feature", "id": "way/699996355", "properties": {"import": "yes", "landuse": "forest", "natural": "wetland", "source": "NV NMD2018", "@id": "way/699996355", "@type": "way", "osm_id": 699996355}, "geometry": {"type": "Polygon", "coordinates": [[[13.1138898, 63.1644595], [13.1139471, 63.1644595], [13.1140043, 63.1644022], [13.1141188, 63.164345], [13.1142333, 63.1642878], [13.1139471, 63.1642305], [13.1136608, 63.1642878], [13.1135463, 63.164345], [13.1134319, 63.1642878], [13.1133746, 63.1642305], [13.1133174, 63.1640588], [13.1131456, 63.163887], [13.1130884, 63.1639729], [13.1129739, 63.164116], [13.1126304, 63.1642305], [13.1127306, 63.164345], [13.1130598, 63.164345], [13.1132601, 63.164345], [13.1136322, 63.1644595], [13.1138898, 63.1644595]]]}}, {"type": "Feature", "id": "way/699996367", "properties": {"import": "yes", "landuse": "forest", "natural": "wetland", "source": "NV NMD2018", "@id": "way/699996367", "@type": "way", "osm_id": 699996367}, "geometry": {"type": "Polygon", "coordinates": [[[13.1302618, 63.1652609], [13.1302618, 63.1653182], [13.1304622, 63.1653754], [13.1306625, 63.1653754], [13.1307198, 63.1654899], [13.1306053, 63.1656616], [13.130777, 63.1657189], [13.1308343, 63.1658334], [13.1306912, 63.1661768], [13.1309488, 63.1662913], [13.1310633, 63.1663486], [13.1309488, 63.1665203], [13.131006, 63.1666348], [13.1313495, 63.1667493], [13.1314926, 63.1669783], [13.1318647, 63.1668638], [13.1322082, 63.1668638], [13.1321509, 63.1666348], [13.1317502, 63.1666348], [13.1314067, 63.1665203], [13.1313495, 63.1664058], [13.1311778, 63.1663486], [13.1312922, 63.1662913], [13.1314067, 63.1660767], [13.1314067, 63.1657761], [13.1312922, 63.1655471], [13.1316357, 63.1654327], [13.131464, 63.1652609], [13.1312922, 63.1652037], [13.1314067, 63.1651464], [13.1315212, 63.1647886], [13.1314354, 63.164574], [13.1311778, 63.1646169], [13.1307198, 63.164803], [13.1302618, 63.1651464], [13.1302618, 63.1652609]]]}}, {"type": "Feature", "id": "way/699996744", "properties": {"import": "yes", "landuse": "forest", "natural": "wetland", "source": "NV NMD2018", "@id": "way/699996744", "@type": "way", "osm_id": 699996744}, "geometry": {"type": "Polygon", "coordinates": [[[13.1, 63.1051539], [13.1, 63.1053256], [13.10038, 63.1054973], [13.100838, 63.1054544], [13.1012673, 63.1053828], [13.1014677, 63.1056118], [13.1018112, 63.1057263], [13.1023264, 63.1056118], [13.1025553, 63.1056118], [13.1029561, 63.1056118], [13.1032423, 63.1054973], [13.1019829, 63.1054401], [13.1015822, 63.1052684], [13.1, 63.1051539]]]}}, {"type": "Feature", "id": "way/699996747", "properties": {"import": "yes", "landuse": "forest", "natural": "wetland", "source": "NV NMD2018", "@id": "way/699996747", "@type": "way", "osm_id": 699996747}, "geometry": {"type": "Polygon", "coordinates": [[[13.1741114, 63.1565597], [13.1741114, 63.1567314], [13.1742259, 63.1569032], [13.174555, 63.1569032], [13.1751418, 63.1567887], [13.1750845, 63.1566742], [13.1748555, 63.1566742], [13.1746266, 63.1565597], [13.1741114, 63.1565597]]]}}, {"type": "Feature", "id": "way/699996748", "properties": {"import": "yes", "landuse": "forest", "natural": "wetland", "source": "NV NMD2018", "@id": "way/699996748", "@type": "way", "osm_id": 699996748}, "geometry": {"type": "Polygon", "coordinates": [[[13.1441151, 63.1392718], [13.1446875, 63.1391859], [13.1441151, 63.1392145], [13.1441151, 63.1392718]]]}}, {"type": "Feature", "id": "way/699996752", "properties": {"import": "yes", "landuse": "forest", "natural": "wetland", "source": "NV NMD2018", "@id": "way/699996752", "@type": "way", "osm_id": 699996752}, "geometry": {"type": "Polygon", "coordinates": [[[13.1026698, 63.1235867], [13.1023836, 63.1238157], [13.1022119, 63.1239302], [13.1024265, 63.1239302], [13.1026698, 63.1240446], [13.1030133, 63.123787], [13.1028845, 63.1237012], [13.1026698, 63.1235867]]]}}, {"type": "Feature", "id": "way/699996762", "properties": {"import": "yes", "landuse": "forest", "natural": "wetland", "source": "NV NMD2018", "@id": "way/699996762", "@type": "way", "osm_id": 699996762}, "geometry": {"type": "Polygon", "coordinates": [[[13.1715926, 63.1279373], [13.1709057, 63.1279373], [13.1702187, 63.1279802], [13.1709057, 63.1280518], [13.1715926, 63.1279373]]]}}, {"type": "Feature", "id": "way/699996770", "properties": {"import": "yes", "landuse": "forest", "natural": "wetland", "source": "NV NMD2018", "@id": "way/699996770", "@type": "way", "osm_id": 699996770}, "geometry": {"type": "Polygon", "coordinates": [[[13.1, 63.1348067], [13.1, 63.1353791], [13.1001511, 63.1354936], [13.1002656, 63.1350929], [13.1002656, 63.1346922], [13.1, 63.1348067]]]}}, {"type": "Feature", "id": "way/699996772", "properties": {"import": "yes", "landuse": "forest", "natural": "wetland", "source": "NV NMD2018", "@id": "way/699996772", "@type": "way", "osm_id": 699996772}, "geometry": {"type": "Polygon", "coordinates": [[[13.1107986, 63.1376689], [13.1108558, 63.1375544], [13.1096537, 63.1376689], [13.1095678, 63.1377834], [13.1097109, 63.1378979], [13.1099972, 63.1377262], [13.1107986, 63.1376689]]]}}, {"type": "Feature", "id": "way/699996780", "properties": {"import": "yes", "landuse": "forest", "natural": "wetland", "source": "NV NMD2018", "@id": "way/699996780", "@type": "way", "osm_id": 699996780}, "geometry": {"type": "Polygon", "coordinates": [[[13.1, 63.1436224], [13.0999221, 63.1437369], [13.1009525, 63.1436653], [13.1004373, 63.1436224], [13.1, 63.1436224]]]}}, {"type": "Feature", "id": "way/699996782", "properties": {"import": "yes", "landuse": "forest", "natural": "wetland", "source": "NV NMD2018", "@id": "way/699996782", "@type": "way", "osm_id": 699996782}, "geometry": {"type": "Polygon", "coordinates": [[[13.1644942, 63.1517798], [13.1636928, 63.1517511], [13.1640935, 63.1518656], [13.1644942, 63.1517798]]]}}, {"type": "Feature", "id": "way/699996795", "properties": {"import": "yes", "landuse": "forest", "natural": "wetland", "source": "NV NMD2018", "@id": "way/699996795", "@type": "way", "osm_id": 699996795}, "geometry": {"type": "Polygon", "coordinates": [[[13.1, 63.1581626], [13.1, 63.158506], [13.1004945, 63.1584488], [13.100609, 63.158277], [13.1009525, 63.1581339], [13.1006663, 63.1580481], [13.10038, 63.1580481], [13.1001511, 63.1581626], [13.1, 63.1581626]]]}}, {"type": "Feature", "id": "way/699996796", "properties": {"import": "yes", "landuse": "forest", "natural": "wetland", "source": "NV NMD2018", "@id": "way/699996796", "@type": "way", "osm_id": 699996796}, "geometry": {"type": "Polygon", "coordinates": [[[13.1515569, 63.158964], [13.1515569, 63.1590212], [13.1513279, 63.1590785], [13.1510989, 63.158964], [13.1497251, 63.1590212], [13.1496106, 63.1590785], [13.1494961, 63.1592502], [13.1497251, 63.1594219], [13.1500113, 63.1594219], [13.150183, 63.1595364], [13.150412, 63.1597654], [13.150641, 63.1598799], [13.1507555, 63.1595937], [13.1509272, 63.1594219], [13.1515569, 63.1593647], [13.1516141, 63.159193], [13.1519147, 63.1593075], [13.1521294, 63.159193], [13.1520435, 63.1590785], [13.1519576, 63.159193], [13.1519004, 63.1590785], [13.1517716, 63.158964], [13.1515569, 63.158964]]]}}, {"type": "Feature", "id": "way/700075675", "properties": {"import": "yes", "landuse": "forest", "natural": "wetland", "source": "NV NMD2018", "@id": "way/700075675", "@type": "way", "osm_id": 700075675}, "geometry": {"type": "Polygon", "coordinates": [[[12.8497622, 63.164116], [12.8497622, 63.1640588], [12.8495476, 63.1640015], [12.849247, 63.163887], [12.8491898, 63.1637153], [12.8495333, 63.1633718], [12.8500485, 63.1632001], [12.8505637, 63.1633718], [12.8506638, 63.1635436], [12.8507926, 63.1635436], [12.8510216, 63.1633718], [12.8507926, 63.1632573], [12.8511361, 63.1632001], [12.8511647, 63.1628566], [12.8508785, 63.1626277], [12.8500485, 63.1628566], [12.8498767, 63.1626849], [12.8497622, 63.1625132], [12.8495333, 63.1627421], [12.8493615, 63.1626277], [12.8491898, 63.162599], [12.8486173, 63.1628853], [12.8482739, 63.1630856], [12.847959, 63.1629711], [12.8479304, 63.1632001], [12.8475869, 63.1633718], [12.8478732, 63.1634291], [12.8482596, 63.1636581], [12.8483884, 63.1634863], [12.8486173, 63.1632001], [12.8488463, 63.1632573], [12.8483884, 63.1637153], [12.848603, 63.163887], [12.8489036, 63.1640015], [12.8491325, 63.1640015], [12.8491898, 63.164116], [12.8497622, 63.164116]]]}}, {"type": "Feature", "id": "way/700075808", "properties": {"import": "yes", "landuse": "forest", "natural": "wetland", "source": "NV NMD2018", "@id": "way/700075808", "@type": "way", "osm_id": 700075808}, "geometry": {"type": "Polygon", "coordinates": [[[12.8173617, 63.1448818], [12.8173617, 63.1448245], [12.8171899, 63.1447673], [12.8170182, 63.1449963], [12.8170754, 63.1452252], [12.8172758, 63.1451107], [12.8172472, 63.144939], [12.8173617, 63.1448818]]]}}, {"type": "Feature", "id": "way/700075818", "properties": {"import": "yes", "landuse": "forest", "natural": "wetland", "source": "NV NMD2018", "@id": "way/700075818", "@type": "way", "osm_id": 700075818}, "geometry": {"type": "Polygon", "coordinates": [[[12.8489608, 63.1612538], [12.8493043, 63.1611393], [12.8495333, 63.1609103], [12.8493901, 63.1607958], [12.8488463, 63.1610248], [12.8486173, 63.1609103], [12.8485029, 63.1611393], [12.8486746, 63.1612538], [12.8489608, 63.1612538]]]}}, {"type": "Feature", "id": "way/700075829", "properties": {"import": "yes", "landuse": "forest", "natural": "wetland", "source": "NV NMD2018", "@id": "way/700075829", "@type": "way", "osm_id": 700075829}, "geometry": {"type": "Polygon", "coordinates": [[[12.8474724, 63.1650319], [12.8476871, 63.1650319], [12.847959, 63.1652609], [12.8479876, 63.164803], [12.8474724, 63.1649747], [12.8474724, 63.1650319]]]}}, {"type": "Feature", "id": "way/700075941", "properties": {"import": "yes", "landuse": "forest", "natural": "wetland", "source": "NV NMD2018", "@id": "way/700075941", "@type": "way", "osm_id": 700075941}, "geometry": {"type": "Polygon", "coordinates": [[[12.8146139, 63.1286242], [12.8142705, 63.1288532], [12.8144422, 63.1289677], [12.8149001, 63.1288532], [12.8155871, 63.1289677], [12.8156443, 63.1290822], [12.8159019, 63.1291967], [12.8158161, 63.1287387], [12.8157016, 63.1286242], [12.8146139, 63.1286242]]]}}, {"type": "Feature", "id": "way/700076050", "properties": {"import": "yes", "landuse": "forest", "natural": "wetland", "source": "NV NMD2018", "@id": "way/700076050", "@type": "way", "osm_id": 700076050}, "geometry": {"type": "Polygon", "coordinates": [[[12.8375118, 63.1593075], [12.8375118, 63.1593647], [12.8376836, 63.1594219], [12.8379126, 63.1594219], [12.8379698, 63.1595937], [12.8385423, 63.1597654], [12.8391147, 63.1597082], [12.8388857, 63.1595937], [12.8390002, 63.1594792], [12.838943, 63.1594219], [12.8385995, 63.1594219], [12.8383133, 63.1593075], [12.8381845, 63.159193], [12.8379698, 63.159193], [12.8375118, 63.1593075]]]}}, {"type": "Feature", "id": "way/700076229", "properties": {"import": "yes", "landuse": "forest", "natural": "wetland", "source": "NV NMD2018", "@id": "way/700076229", "@type": "way", "osm_id": 700076229}, "geometry": {"type": "Polygon", "coordinates": [[[12.8979624, 63.1216404], [12.8983058, 63.1215688], [12.898177, 63.1215259], [12.8980196, 63.1212969], [12.8978479, 63.1214114], [12.8979624, 63.1216404]]]}}, {"type": "Feature", "id": "way/700076246", "properties": {"import": "yes", "landuse": "forest", "natural": "wetland", "source": "NV NMD2018", "@id": "way/700076246", "@type": "way", "osm_id": 700076246}, "geometry": {"type": "Polygon", "coordinates": [[[12.8526245, 63.1551858], [12.8527533, 63.1551858], [12.8529107, 63.1551858], [12.8529679, 63.1552431], [12.8530824, 63.1553003], [12.8531969, 63.1553576], [12.8530824, 63.1554148], [12.8530538, 63.1555293], [12.8533114, 63.1553576], [12.8531397, 63.1550713], [12.8529107, 63.1550713], [12.8526817, 63.1549569], [12.8526245, 63.1551858]]]}}, {"type": "Feature", "id": "way/700076247", "properties": {"import": "yes", "landuse": "forest", "natural": "wetland", "source": "NV NMD2018", "@id": "way/700076247", "@type": "way", "osm_id": 700076247}, "geometry": {"type": "Polygon", "coordinates": [[[12.8499912, 63.1548424], [12.8502202, 63.1546992], [12.8500914, 63.1546134], [12.8499912, 63.1544989], [12.849934, 63.1543844], [12.8494188, 63.1543844], [12.8495333, 63.1546134], [12.8496477, 63.1547279], [12.849934, 63.1547279], [12.8499912, 63.1548424]]]}}, {"type": "Feature", "id": "way/700076250", "properties": {"import": "yes", "landuse": "forest", "natural": "wetland", "source": "NV NMD2018", "@id": "way/700076250", "@type": "way", "osm_id": 700076250}, "geometry": {"type": "Polygon", "coordinates": [[[12.8414045, 63.1581912], [12.8411755, 63.1581626], [12.841061, 63.1580767], [12.840832, 63.1582198], [12.8410038, 63.1583915], [12.8414045, 63.1581912]]]}}, {"type": "Feature", "id": "way/700076253", "properties": {"import": "yes", "landuse": "forest", "natural": "wetland", "source": "NV NMD2018", "@id": "way/700076253", "@type": "way", "osm_id": 700076253}, "geometry": {"type": "Polygon", "coordinates": [[[12.8511361, 63.1586205], [12.8511361, 63.158506], [12.8509644, 63.1583915], [12.8507926, 63.1584488], [12.8506782, 63.158506], [12.8506495, 63.1588495], [12.8511361, 63.1586205]]]}}, {"type": "Feature", "id": "way/700076331", "properties": {"import": "yes", "landuse": "forest", "natural": "wetland", "source": "NV NMD2018", "@id": "way/700076331", "@type": "way", "osm_id": 700076331}, "geometry": {"type": "Polygon", "coordinates": [[[12.8483884, 63.1601089], [12.8491898, 63.1602234], [12.8499912, 63.1601518], [12.8499483, 63.1601089], [12.8498767, 63.1599944], [12.8495905, 63.1599944], [12.8492184, 63.1597654], [12.8491898, 63.1598799], [12.8488463, 63.1599944], [12.8486173, 63.1598799], [12.8485029, 63.1596509], [12.8488463, 63.1594219], [12.8487891, 63.1593075], [12.848188, 63.1593075], [12.8479304, 63.1595937], [12.8474724, 63.1597654], [12.8475869, 63.1598799], [12.8478732, 63.1599944], [12.8481308, 63.1599944], [12.8483311, 63.1598799], [12.8483884, 63.1601089]]]}}, {"type": "Feature", "id": "way/700076334", "properties": {"import": "yes", "landuse": "forest", "natural": "wetland", "source": "NV NMD2018", "@id": "way/700076334", "@type": "way", "osm_id": 700076334}, "geometry": {"type": "Polygon", "coordinates": [[[12.8981914, 63.1646885], [12.8979624, 63.164574], [12.8977334, 63.1647457], [12.8981914, 63.1646885]]]}}, {"type": "Feature", "id": "way/700076390", "properties": {"import": "yes", "landuse": "forest", "natural": "wetland", "source": "NV NMD2018", "@id": "way/700076390", "@type": "way", "osm_id": 700076390}, "geometry": {"type": "Polygon", "coordinates": [[[12.8007607, 63.1050394], [12.8007607, 63.1046959], [12.8004172, 63.1049249], [12.8005317, 63.1050394], [12.8007607, 63.1050394]]]}}, {"type": "Feature", "id": "way/700076404", "properties": {"import": "yes", "landuse": "forest", "natural": "wetland", "source": "NV NMD2018", "@id": "way/700076404", "@type": "way", "osm_id": 700076404}, "geometry": {"type": "Polygon", "coordinates": [[[12.9, 63.1155724], [12.9, 63.1155152], [12.899737, 63.1154579], [12.8995652, 63.1153434], [12.8991073, 63.115415], [12.8991931, 63.1154579], [12.8994507, 63.1156869], [12.899737, 63.1155724], [12.9, 63.1155724]]]}}, {"type": "Feature", "id": "way/700076410", "properties": {"import": "yes", "landuse": "forest", "natural": "wetland", "source": "NV NMD2018", "@id": "way/700076410", "@type": "way", "osm_id": 700076410}, "geometry": {"type": "Polygon", "coordinates": [[[12.8049968, 63.1170608], [12.8049968, 63.117118], [12.8046533, 63.1171753], [12.8046533, 63.1172182], [12.8048823, 63.1172898], [12.8051685, 63.1172898], [12.8053116, 63.1177477], [12.8055692, 63.117576], [12.8054404, 63.1175187], [12.8053403, 63.1174043], [12.8053689, 63.1171753], [12.8052258, 63.1170608], [12.8049968, 63.1170608]]]}}, {"type": "Feature", "id": "way/700076419", "properties": {"import": "yes", "landuse": "forest", "natural": "wetland", "source": "NV NMD2018", "@id": "way/700076419", "@type": "way", "osm_id": 700076419}, "geometry": {"type": "Polygon", "coordinates": [[[12.8877136, 63.1192364], [12.8879903, 63.1190122], [12.8875438, 63.1190644], [12.8861699, 63.1191216], [12.8862844, 63.1192361], [12.8864938, 63.1193766], [12.8877136, 63.1192364]]]}}, {"type": "Feature", "id": "way/700076439", "properties": {"import": "yes", "landuse": "forest", "natural": "wetland", "source": "NV NMD2018", "@id": "way/700076439", "@type": "way", "osm_id": 700076439}, "geometry": {"type": "Polygon", "coordinates": [[[12.8157588, 63.1298836], [12.8163313, 63.1298836], [12.8165602, 63.1298264], [12.8167892, 63.1296546], [12.816732, 63.1295402], [12.8163313, 63.1294829], [12.816274, 63.1296546], [12.8159878, 63.1295402], [12.8157588, 63.1297691], [12.8157588, 63.1298836]]]}}, {"type": "Feature", "id": "way/700076455", "properties": {"import": "yes", "landuse": "forest", "natural": "wetland", "source": "NV NMD2018", "@id": "way/700076455", "@type": "way", "osm_id": 700076455}, "geometry": {"type": "Polygon", "coordinates": [[[12.8383419, 63.142134], [12.8383133, 63.1420195], [12.8378553, 63.1420768], [12.8376263, 63.1422485], [12.8377408, 63.142363], [12.8379984, 63.1422485], [12.8383419, 63.142134]]]}}, {"type": "Feature", "id": "way/700076477", "properties": {"import": "yes", "landuse": "forest", "natural": "wetland", "source": "NV NMD2018", "@id": "way/700076477", "@type": "way", "osm_id": 700076477}, "geometry": {"type": "Polygon", "coordinates": [[[12.8597801, 63.1534685], [12.8596083, 63.1534399], [12.8597801, 63.153583], [12.8600091, 63.153583], [12.8601236, 63.1536975], [12.8601808, 63.153583], [12.8601236, 63.1534685], [12.8597801, 63.1534685]]]}}, {"type": "Feature", "id": "way/700076483", "properties": {"import": "yes", "landuse": "forest", "natural": "wetland", "source": "NV NMD2018", "@id": "way/700076483", "@type": "way", "osm_id": 700076483}, "geometry": {"type": "Polygon", "coordinates": [[[12.8460986, 63.1542699], [12.8462703, 63.1542699], [12.8464993, 63.1542699], [12.8467283, 63.1541554], [12.8464993, 63.1541554], [12.846442, 63.1540409], [12.8457551, 63.1540982], [12.8458696, 63.1542699], [12.8460986, 63.1542699]]]}}, {"type": "Feature", "id": "way/700076486", "properties": {"import": "yes", "landuse": "forest", "natural": "wetland", "source": "NV NMD2018", "@id": "way/700076486", "@type": "way", "osm_id": 700076486}, "geometry": {"type": "Polygon", "coordinates": [[[12.8309859, 63.1646885], [12.8309859, 63.164803], [12.8311147, 63.1649174], [12.8312149, 63.1651464], [12.8311004, 63.1653754], [12.8309287, 63.1651464], [12.830299, 63.1658334], [12.8305852, 63.1659479], [12.8308714, 63.1658906], [12.8309859, 63.1657189], [12.8318732, 63.1656044], [12.8321308, 63.1654899], [12.8320163, 63.1653754], [12.8319019, 63.1652609], [12.8317301, 63.1652609], [12.8314439, 63.1651464], [12.8313294, 63.1650892], [12.8314439, 63.1648888], [12.8313151, 63.164803], [12.8311577, 63.1646885], [12.8309859, 63.1646885]]]}}, {"type": "Feature", "id": "way/700076487", "properties": {"import": "yes", "landuse": "forest", "natural": "wetland", "source": "NV NMD2018", "@id": "way/700076487", "@type": "way", "osm_id": 700076487}, "geometry": {"type": "Polygon", "coordinates": [[[12.8402596, 63.1605668], [12.8401451, 63.1605668], [12.8400306, 63.1605955], [12.839773, 63.1607958], [12.8399734, 63.1607958], [12.8402596, 63.1609676], [12.8400306, 63.1610248], [12.8398016, 63.1612824], [12.8402596, 63.1611965], [12.8404027, 63.1607958], [12.8402596, 63.1605668]]]}}, {"type": "Feature", "id": "way/700076490", "properties": {"import": "yes", "landuse": "forest", "natural": "wetland", "source": "NV NMD2018", "@id": "way/700076490", "@type": "way", "osm_id": 700076490}, "geometry": {"type": "Polygon", "coordinates": [[[12.84129, 63.1575901], [12.8411755, 63.1575901], [12.841061, 63.1576187], [12.840832, 63.1578191], [12.8412328, 63.1578191], [12.8413186, 63.1579336], [12.8414045, 63.1581912], [12.841748, 63.1579336], [12.8422059, 63.1577475], [12.8419483, 63.1577046], [12.841519, 63.1576187], [12.8414045, 63.1577046], [12.84129, 63.1575901]]]}}, {"type": "Feature", "id": "way/700076491", "properties": {"import": "yes", "landuse": "forest", "natural": "wetland", "source": "NV NMD2018", "@id": "way/700076491", "@type": "way", "osm_id": 700076491}, "geometry": {"type": "Polygon", "coordinates": [[[12.85812, 63.1555293], [12.85812, 63.1557583], [12.8582917, 63.1558728], [12.8584635, 63.1558155], [12.8582345, 63.155701], [12.8586924, 63.1555865], [12.8586352, 63.1555293], [12.85812, 63.1555293]]]}}, {"type": "Feature", "id": "way/700076493", "properties": {"import": "yes", "landuse": "forest", "natural": "wetland", "source": "NV NMD2018", "@id": "way/700076493", "@type": "way", "osm_id": 700076493}, "geometry": {"type": "Polygon", "coordinates": [[[12.8469, 63.1541554], [12.8469, 63.154413], [12.847129, 63.1541268], [12.8469, 63.1540982], [12.8469, 63.1541554]]]}}, {"type": "Feature", "id": "way/700076496", "properties": {"import": "yes", "landuse": "forest", "natural": "wetland", "source": "NV NMD2018", "@id": "way/700076496", "@type": "way", "osm_id": 700076496}, "geometry": {"type": "Polygon", "coordinates": [[[12.8436943, 63.1548424], [12.8436943, 63.1546134], [12.8436084, 63.1543844], [12.8432363, 63.1547279], [12.8436943, 63.1548424]]]}}, {"type": "Feature", "id": "way/700076501", "properties": {"import": "yes", "landuse": "forest", "natural": "wetland", "source": "NV NMD2018", "@id": "way/700076501", "@type": "way", "osm_id": 700076501}, "geometry": {"type": "Polygon", "coordinates": [[[12.8449537, 63.1556724], [12.8451827, 63.1556724], [12.8453544, 63.1555293], [12.8452971, 63.1553003], [12.8446961, 63.1555293], [12.8449537, 63.1556724]]]}}, {"type": "Feature", "id": "way/700076503", "properties": {"import": "yes", "landuse": "forest", "natural": "wetland", "source": "NV NMD2018", "@id": "way/700076503", "@type": "way", "osm_id": 700076503}, "geometry": {"type": "Polygon", "coordinates": [[[12.8551433, 63.1555579], [12.8551433, 63.1557583], [12.8551433, 63.1558728], [12.8554867, 63.1560445], [12.8552005, 63.1561017], [12.854857, 63.1559873], [12.8545994, 63.1559873], [12.8542846, 63.1562162], [12.8538839, 63.1563307], [12.8540842, 63.1564452], [12.8542273, 63.1565597], [12.8544563, 63.1566169], [12.8551433, 63.1564452], [12.8553722, 63.1564452], [12.8556012, 63.1564023], [12.8557157, 63.1563307], [12.8557157, 63.1562449], [12.8557157, 63.1561017], [12.8557157, 63.1559014], [12.8555869, 63.1558728], [12.8553722, 63.1557583], [12.8551433, 63.1555579]]]}}, {"type": "Feature", "id": "way/700076506", "properties": {"import": "yes", "landuse": "forest", "natural": "wetland", "source": "NV NMD2018", "@id": "way/700076506", "@type": "way", "osm_id": 700076506}, "geometry": {"type": "Polygon", "coordinates": [[[12.8585779, 63.1567887], [12.8584062, 63.1567887], [12.8582631, 63.1569032], [12.8580627, 63.1570177], [12.8575762, 63.1571322], [12.8573186, 63.1571751], [12.8580627, 63.1572466], [12.8584062, 63.1573611], [12.8588069, 63.1572466], [12.8586924, 63.1571322], [12.8585779, 63.1567887]]]}}, {"type": "Feature", "id": "way/700076509", "properties": {"import": "yes", "landuse": "forest", "natural": "wetland", "source": "NV NMD2018", "@id": "way/700076509", "@type": "way", "osm_id": 700076509}, "geometry": {"type": "Polygon", "coordinates": [[[12.8568606, 63.1567314], [12.8566316, 63.1565597], [12.8561164, 63.1565597], [12.8558302, 63.1566026], [12.8560592, 63.1566742], [12.8563454, 63.1566742], [12.8564026, 63.1567314], [12.8561737, 63.1569032], [12.8564026, 63.1570177], [12.8566316, 63.1568746], [12.8568606, 63.1567314]]]}}, {"type": "Feature", "id": "way/700076513", "properties": {"import": "yes", "landuse": "forest", "natural": "wetland", "source": "NV NMD2018", "@id": "way/700076513", "@type": "way", "osm_id": 700076513}, "geometry": {"type": "Polygon", "coordinates": [[[12.8486173, 63.1580481], [12.8486173, 63.1581626], [12.8488749, 63.158277], [12.8491325, 63.158277], [12.8493043, 63.1583629], [12.8495333, 63.1582198], [12.8497622, 63.1581626], [12.8498481, 63.1578191], [12.8496334, 63.1577046], [12.8494188, 63.1578334], [12.8486173, 63.1580481]]]}}, {"type": "Feature", "id": "way/700076515", "properties": {"import": "yes", "landuse": "forest", "natural": "wetland", "source": "NV NMD2018", "@id": "way/700076515", "@type": "way", "osm_id": 700076515}, "geometry": {"type": "Polygon", "coordinates": [[[12.8497622, 63.1581626], [12.8497622, 63.1583486], [12.8497622, 63.1584488], [12.8494474, 63.158506], [12.8496477, 63.158735], [12.8501057, 63.1585633], [12.8499912, 63.1583915], [12.8500771, 63.1581626], [12.8498767, 63.1581626], [12.8497622, 63.1581626]]]}}, {"type": "Feature", "id": "way/700076519", "properties": {"import": "yes", "landuse": "forest", "natural": "wetland", "source": "NV NMD2018", "@id": "way/700076519", "@type": "way", "osm_id": 700076519}, "geometry": {"type": "Polygon", "coordinates": [[[12.8400306, 63.1588495], [12.8400306, 63.1589497], [12.8400306, 63.1590212], [12.8392864, 63.1590785], [12.8391147, 63.1591357], [12.8398589, 63.159193], [12.8406031, 63.1590212], [12.8403168, 63.1588495], [12.8400306, 63.1588495]]]}}, {"type": "Feature", "id": "way/700076527", "properties": {"import": "yes", "landuse": "forest", "natural": "wetland", "source": "NV NMD2018", "@id": "way/700076527", "@type": "way", "osm_id": 700076527}, "geometry": {"type": "Polygon", "coordinates": [[[12.8394582, 63.1607958], [12.8395727, 63.1607958], [12.8396872, 63.1605382], [12.8394582, 63.160667], [12.8394582, 63.1607958]]]}}, {"type": "Feature", "id": "way/700076529", "properties": {"import": "yes", "landuse": "forest", "natural": "wetland", "source": "NV NMD2018", "@id": "way/700076529", "@type": "way", "osm_id": 700076529}, "geometry": {"type": "Polygon", "coordinates": [[[12.8392006, 63.1607958], [12.8390002, 63.1607958], [12.8391147, 63.1611393], [12.8394582, 63.1608817], [12.8392006, 63.1607958]]]}}, {"type": "Feature", "id": "way/700076531", "properties": {"import": "yes", "landuse": "forest", "natural": "wetland", "source": "NV NMD2018", "@id": "way/700076531", "@type": "way", "osm_id": 700076531}, "geometry": {"type": "Polygon", "coordinates": [[[12.8362525, 63.1613969], [12.8357373, 63.1613683], [12.8352221, 63.16154], [12.8362525, 63.1613969]]]}}, {"type": "Feature", "id": "way/700076533", "properties": {"import": "yes", "landuse": "forest", "natural": "wetland", "source": "NV NMD2018", "@id": "way/700076533", "@type": "way", "osm_id": 700076533}, "geometry": {"type": "Polygon", "coordinates": [[[12.8460986, 63.1615972], [12.8460986, 63.1617117], [12.8462131, 63.1618262], [12.8463275, 63.1619407], [12.846671, 63.1618835], [12.8465565, 63.1616545], [12.8468141, 63.1614828], [12.8468428, 63.1612538], [12.8460986, 63.1615972]]]}}, {"type": "Feature", "id": "way/700076535", "properties": {"import": "yes", "landuse": "forest", "natural": "wetland", "source": "NV NMD2018", "@id": "way/700076535", "@type": "way", "osm_id": 700076535}, "geometry": {"type": "Polygon", "coordinates": [[[12.8377408, 63.1618262], [12.8377408, 63.1620552], [12.8379555, 63.1622842], [12.8381845, 63.1623987], [12.8385136, 63.1623987], [12.838714, 63.1623987], [12.8391147, 63.161998], [12.8387712, 63.1620552], [12.8384278, 63.1622842], [12.8381415, 63.1618262], [12.8377408, 63.1618262]]]}}, {"type": "Feature", "id": "way/700076536", "properties": {"import": "yes", "landuse": "forest", "natural": "wetland", "source": "NV NMD2018", "@id": "way/700076536", "@type": "way", "osm_id": 700076536}, "geometry": {"type": "Polygon", "coordinates": [[[12.8477014, 63.1622842], [12.8477014, 63.1622269], [12.8474152, 63.1621697], [12.847129, 63.1621697], [12.8474152, 63.1622842], [12.8477014, 63.1622842]]]}}, {"type": "Feature", "id": "way/700076540", "properties": {"import": "yes", "landuse": "forest", "natural": "wetland", "source": "NV NMD2018", "@id": "way/700076540", "@type": "way", "osm_id": 700076540}, "geometry": {"type": "Polygon", "coordinates": [[[12.8418625, 63.1628566], [12.8418625, 63.1627421], [12.841519, 63.1629711], [12.8416335, 63.1632573], [12.8413759, 63.1634291], [12.8416335, 63.1635436], [12.8419197, 63.1635436], [12.8419769, 63.1642305], [12.8422632, 63.164116], [12.8423777, 63.1642305], [12.8427784, 63.1642591], [12.8426496, 63.1640015], [12.8425208, 63.1637726], [12.8423204, 63.1635436], [12.8419769, 63.1633718], [12.8422059, 63.1632573], [12.8419769, 63.1630856], [12.8418625, 63.1628566]]]}}, {"type": "Feature", "id": "way/700076543", "properties": {"import": "yes", "landuse": "forest", "natural": "wetland", "source": "NV NMD2018", "@id": "way/700076543", "@type": "way", "osm_id": 700076543}, "geometry": {"type": "Polygon", "coordinates": [[[12.8364814, 63.1629711], [12.8365959, 63.1629711], [12.8367104, 63.1627994], [12.8365959, 63.1626277], [12.8364814, 63.1627135], [12.836367, 63.1628566], [12.8362525, 63.1629139], [12.8363097, 63.1629711], [12.8364814, 63.1629711]]]}}, {"type": "Feature", "id": "way/700076544", "properties": {"import": "yes", "landuse": "forest", "natural": "wetland", "source": "NV NMD2018", "@id": "way/700076544", "@type": "way", "osm_id": 700076544}, "geometry": {"type": "Polygon", "coordinates": [[[12.8478159, 63.1628566], [12.8482739, 63.1628566], [12.8483025, 63.1626277], [12.8480449, 63.1626277], [12.8477014, 63.1626849], [12.8478159, 63.1628566]]]}}, {"type": "Feature", "id": "way/700076545", "properties": {"import": "yes", "landuse": "forest", "natural": "wetland", "source": "NV NMD2018", "@id": "way/700076545", "@type": "way", "osm_id": 700076545}, "geometry": {"type": "Polygon", "coordinates": [[[12.8425208, 63.1637726], [12.8427784, 63.1638298], [12.8426925, 63.1633146], [12.8425208, 63.1637726]]]}}, {"type": "Feature", "id": "way/700076548", "properties": {"import": "yes", "landuse": "forest", "natural": "wetland", "source": "NV NMD2018", "@id": "way/700076548", "@type": "way", "osm_id": 700076548}, "geometry": {"type": "Polygon", "coordinates": [[[12.8491898, 63.1657761], [12.8491898, 63.1660051], [12.849247, 63.1661768], [12.849705, 63.1658334], [12.8502202, 63.1651464], [12.8501057, 63.1646312], [12.8503919, 63.1644595], [12.8508499, 63.164345], [12.8510646, 63.164345], [12.8511361, 63.1641733], [12.8509644, 63.1640015], [12.8509071, 63.163887], [12.8511361, 63.1637153], [12.8510789, 63.1636581], [12.8507926, 63.1636294], [12.8505637, 63.1639157], [12.8506782, 63.1640588], [12.8505637, 63.1641733], [12.8497622, 63.164345], [12.8496764, 63.164345], [12.8496477, 63.1644309], [12.8490753, 63.1649174], [12.8498195, 63.1649174], [12.8498767, 63.1650892], [12.8497622, 63.1652609], [12.8494188, 63.1653754], [12.8491898, 63.1656044], [12.8491898, 63.1657761]]]}}, {"type": "Feature", "id": "way/700076563", "properties": {"import": "yes", "landuse": "forest", "natural": "wetland", "source": "NV NMD2018", "@id": "way/700076563", "@type": "way", "osm_id": 700076563}, "geometry": {"type": "Polygon", "coordinates": [[[12.8474724, 63.1644595], [12.8473293, 63.164574], [12.8472435, 63.1646169], [12.8475869, 63.1646885], [12.8478732, 63.1644595], [12.8475869, 63.1644595], [12.8474724, 63.1644595]]]}}, {"type": "Feature", "id": "way/700076565", "properties": {"import": "yes", "landuse": "forest", "natural": "wetland", "source": "NV NMD2018", "@id": "way/700076565", "@type": "way", "osm_id": 700076565}, "geometry": {"type": "Polygon", "coordinates": [[[12.8444098, 63.164574], [12.8444957, 63.164574], [12.8452971, 63.1642878], [12.8452113, 63.164116], [12.8449537, 63.1642305], [12.8446102, 63.164116], [12.8443812, 63.1644022], [12.8444098, 63.164574]]]}}, {"type": "Feature", "id": "way/700076802", "properties": {"import": "yes", "landuse": "forest", "natural": "wetland", "source": "NV NMD2018", "@id": "way/700076802", "@type": "way", "osm_id": 700076802}, "geometry": {"type": "Polygon", "coordinates": [[[12.8338482, 63.1395007], [12.8332757, 63.1395007], [12.8327033, 63.1397297], [12.8327892, 63.1399587], [12.8329323, 63.1396725], [12.8338482, 63.139558], [12.8338482, 63.1395007]]]}}, {"type": "Feature", "id": "way/700076805", "properties": {"import": "yes", "landuse": "forest", "natural": "wetland", "source": "NV NMD2018", "@id": "way/700076805", "@type": "way", "osm_id": 700076805}, "geometry": {"type": "Polygon", "coordinates": [[[12.846671, 63.1538692], [12.8470145, 63.153812], [12.847358, 63.1536402], [12.8471862, 63.1534685], [12.8469, 63.153354], [12.8467855, 63.1535257], [12.8465565, 63.1535257], [12.846671, 63.1538692]]]}}, {"type": "Feature", "id": "way/700076809", "properties": {"import": "yes", "landuse": "forest", "natural": "wetland", "source": "NV NMD2018", "@id": "way/700076809", "@type": "way", "osm_id": 700076809}, "geometry": {"type": "Polygon", "coordinates": [[[12.8566316, 63.1541554], [12.8566316, 63.1542413], [12.856832, 63.1543844], [12.8569751, 63.1544989], [12.8572613, 63.1544989], [12.8575475, 63.1544416], [12.8573758, 63.1543844], [12.8570753, 63.1541554], [12.8567461, 63.1541554], [12.8566316, 63.1541554]]]}}, {"type": "Feature", "id": "way/700076810", "properties": {"import": "yes", "landuse": "forest", "natural": "wetland", "source": "NV NMD2018", "@id": "way/700076810", "@type": "way", "osm_id": 700076810}, "geometry": {"type": "Polygon", "coordinates": [[[12.852281, 63.1542699], [12.852281, 63.1542127], [12.8518231, 63.1542127], [12.8515941, 63.1544416], [12.8518231, 63.1544989], [12.852281, 63.1542699]]]}}, {"type": "Feature", "id": "way/700076811", "properties": {"import": "yes", "landuse": "forest", "natural": "wetland", "source": "NV NMD2018", "@id": "way/700076811", "@type": "way", "osm_id": 700076811}, "geometry": {"type": "Polygon", "coordinates": [[[12.8535404, 63.1583915], [12.8532542, 63.1586205], [12.8530824, 63.1588209], [12.8533114, 63.1588495], [12.8535404, 63.1589067], [12.8534259, 63.158964], [12.8533114, 63.1590212], [12.8531969, 63.1590785], [12.8530824, 63.1590212], [12.8529107, 63.158964], [12.8525386, 63.1593075], [12.8523955, 63.1595364], [12.8526245, 63.1595364], [12.8530824, 63.1592502], [12.8536692, 63.1590785], [12.8538839, 63.1590355], [12.8542273, 63.1589067], [12.8543418, 63.158735], [12.8542846, 63.158506], [12.8539984, 63.158506], [12.8536692, 63.1583915], [12.8535404, 63.1583915]]]}}, {"type": "Feature", "id": "way/700076814", "properties": {"import": "yes", "landuse": "forest", "natural": "wetland", "source": "NV NMD2018", "@id": "way/700076814", "@type": "way", "osm_id": 700076814}, "geometry": {"type": "Polygon", "coordinates": [[[12.8463275, 63.1640015], [12.8461558, 63.1644595], [12.8459555, 63.164574], [12.8458696, 63.1646598], [12.8462131, 63.164803], [12.8466138, 63.1646885], [12.8467855, 63.164803], [12.8469, 63.1650319], [12.8472435, 63.1650319], [12.847129, 63.164574], [12.8470145, 63.1644595], [12.8469, 63.1643164], [12.8472435, 63.1642305], [12.8474724, 63.1642305], [12.8477014, 63.1641446], [12.8469, 63.1640588], [12.8467855, 63.163887], [12.8463275, 63.1640015]]]}}, {"type": "Feature", "id": "way/986013441", "properties": {"natural": "wetland", "@id": "way/986013441", "@type": "way", "osm_id": 986013441}, "geometry": {"type": "Polygon", "coordinates": [[[12.5906699, 62.964638], [12.5907012, 62.9646449], [12.5906476, 62.964684], [12.5906207, 62.96474], [12.5907629, 62.964762], [12.5908514, 62.9647388], [12.5909372, 62.9647554], [12.5909876, 62.964804], [12.591037, 62.9649914], [12.5909188, 62.9651043], [12.5910556, 62.9651531], [12.5911853, 62.9652066], [12.5911308, 62.9652506], [12.5907793, 62.9653055], [12.5906984, 62.9652747], [12.5907261, 62.9651838], [12.5905269, 62.965068], [12.5904464, 62.9650582], [12.5904383, 62.9649912], [12.5903498, 62.9649961], [12.5900226, 62.965057], [12.5899395, 62.9650229], [12.5900441, 62.9649607], [12.590146, 62.9649375], [12.5900789, 62.9648754], [12.5901406, 62.9648522], [12.5900816, 62.9648388], [12.5901943, 62.9647864], [12.5902345, 62.9647339], [12.5900494, 62.964751], [12.5900011, 62.9647376], [12.5900655, 62.9646693], [12.5900602, 62.9646206], [12.589801, 62.9645861], [12.5897563, 62.9648164], [12.5898303, 62.9649637], [12.5898879, 62.9650783], [12.5899473, 62.9651108], [12.5899959, 62.96508], [12.5904361, 62.9650869], [12.5906204, 62.9652939], [12.5907294, 62.965591], [12.5908439, 62.965591], [12.5909012, 62.9657055], [12.5908909, 62.9658883], [12.5911094, 62.9659507], [12.5913476, 62.9661556], [12.5919015, 62.9662862], [12.5926185, 62.9657627], [12.5932572, 62.9658947], [12.5931892, 62.9655716], [12.5929352, 62.9655984], [12.5925238, 62.9654852], [12.5925141, 62.9653424], [12.5922751, 62.965133], [12.5919316, 62.9649613], [12.5918743, 62.9647896], [12.5915881, 62.9647896], [12.5911874, 62.9646751], [12.5911302, 62.9643316], [12.5910157, 62.9643316], [12.5909584, 62.9644461], [12.5908439, 62.9643316], [12.5903914, 62.9645289], [12.589699, 62.9643316], [12.5890121, 62.9642171], [12.588587, 62.9642671], [12.5885249, 62.9644154], [12.5883087, 62.9644888], [12.5883219, 62.9645657], [12.5881527, 62.9646528], [12.5883824, 62.9646751], [12.5890121, 62.9647896], [12.5891389, 62.9648415], [12.5894088, 62.9648089], [12.5894128, 62.9647323], [12.5892411, 62.9646751], [12.5891838, 62.9645606], [12.5894128, 62.9644461], [12.5896418, 62.9645033], [12.5904115, 62.9645901], [12.5904705, 62.9646242], [12.5906181, 62.9646267], [12.5906699, 62.964638]]]}}, {"type": "Feature", "id": "way/986016354", "properties": {"natural": "wetland", "@id": "way/986016354", "@type": "way", "osm_id": 986016354}, "geometry": {"type": "Polygon", "coordinates": [[[12.5965681, 62.9674593], [12.5969139, 62.9672808], [12.596784, 62.9671976], [12.5970993, 62.9669484], [12.5971489, 62.9668875], [12.5972024, 62.9668819], [12.597226, 62.9668508], [12.5972601, 62.9667957], [12.5973284, 62.966794], [12.5973126, 62.9668504], [12.5976113, 62.9669527], [12.5979726, 62.9669356], [12.5981338, 62.9669904], [12.5980711, 62.9671342], [12.5981952, 62.9673512], [12.5981792, 62.9676043], [12.5981077, 62.9676579], [12.5980851, 62.9676761], [12.5978955, 62.9677262], [12.5978123, 62.9677556], [12.597763, 62.9678166], [12.5978577, 62.9679031], [12.5979899, 62.9679676], [12.5982109, 62.9679334], [12.5983496, 62.9679784], [12.5984604, 62.9680258], [12.5986223, 62.9680294], [12.5987361, 62.9680844], [12.5988784, 62.9681879], [12.5991771, 62.9682123], [12.5992801, 62.968256], [12.5993945, 62.9684181], [12.5992176, 62.968529], [12.599066, 62.9686603], [12.5990505, 62.9687786], [12.5992857, 62.9691699], [12.5992114, 62.9693464], [12.5989209, 62.96964], [12.5978851, 62.9693119], [12.5975988, 62.9691402], [12.5974244, 62.9690406], [12.596865, 62.9688654], [12.5965855, 62.968619], [12.5972132, 62.9682997], [12.597192, 62.9680696], [12.5970178, 62.9679793], [12.5969595, 62.9678325], [12.5966836, 62.9677641], [12.5964926, 62.9676644], [12.5965105, 62.9675292], [12.5965681, 62.9674593]]]}}, {"type": "Feature", "id": "way/986016356", "properties": {"natural": "wetland", "@id": "way/986016356", "@type": "way", "osm_id": 986016356}, "geometry": {"type": "Polygon", "coordinates": [[[12.590445, 62.967201], [12.5904303, 62.9672923], [12.5903981, 62.9673435], [12.5906449, 62.9674166], [12.5907897, 62.967419], [12.5909936, 62.9674166], [12.5913959, 62.9674044], [12.5915388, 62.9674689], [12.5920419, 62.9671586], [12.5930316, 62.9670246], [12.5933627, 62.9669504], [12.5935546, 62.9668587], [12.5935397, 62.9667431], [12.5933305, 62.966676], [12.593241, 62.9666162], [12.593114, 62.9666089], [12.5926364, 62.9667164], [12.592451, 62.9667132], [12.5919262, 62.9668844], [12.5917459, 62.9667601], [12.5913591, 62.9667309], [12.5912082, 62.9667704], [12.5911302, 62.9669076], [12.5913019, 62.9669649], [12.5913591, 62.9670794], [12.5912447, 62.9671939], [12.5908439, 62.9673083], [12.5907008, 62.9673083], [12.590445, 62.967201]]]}}, {"type": "Feature", "id": "way/986127631", "properties": {"natural": "wetland", "@id": "way/986127631", "@type": "way", "osm_id": 986127631}, "geometry": {"type": "Polygon", "coordinates": [[[12.5943835, 62.9702033], [12.5947643, 62.9701691], [12.5950481, 62.9702286], [12.5954599, 62.9702807], [12.5957531, 62.9703429], [12.5959228, 62.9703452], [12.5957218, 62.9701822], [12.5955978, 62.9700542], [12.595357, 62.9700881], [12.5949467, 62.9699375], [12.594657, 62.9697913], [12.5949116, 62.9696008], [12.5952176, 62.9696552], [12.5957755, 62.9694796], [12.5960686, 62.9694284], [12.5965426, 62.9693456], [12.5970518, 62.9694327], [12.5973074, 62.9694687], [12.5972987, 62.9697325], [12.5970836, 62.9697699], [12.5968061, 62.9699676], [12.5969719, 62.9701312], [12.5973696, 62.9700704], [12.5974046, 62.9701072], [12.5970326, 62.9701746], [12.5967537, 62.9702575], [12.5967595, 62.9703219], [12.5967647, 62.9703804], [12.5967722, 62.9704633], [12.5970209, 62.970651], [12.5967974, 62.970743], [12.5965148, 62.9708747], [12.5964747, 62.9708323], [12.5965343, 62.9706882], [12.5963656, 62.9705756], [12.5960317, 62.9705031], [12.5957965, 62.9704034], [12.5952739, 62.9702983], [12.5950808, 62.970352], [12.5950272, 62.9705397], [12.5946707, 62.9707197], [12.594501, 62.9706597], [12.5944757, 62.9705179], [12.5946911, 62.9702654], [12.5943835, 62.9702033]]]}}, {"type": "Feature", "id": "way/986127632", "properties": {"natural": "wetland", "@id": "way/986127632", "@type": "way", "osm_id": 986127632}, "geometry": {"type": "Polygon", "coordinates": [[[12.5936217, 62.970018], [12.5936968, 62.9700448], [12.5938899, 62.9700619], [12.5939704, 62.9700009], [12.5941957, 62.9699107], [12.5942869, 62.969823], [12.5944639, 62.9697279], [12.5946356, 62.9695962], [12.5947947, 62.9695452], [12.5947455, 62.9694504], [12.5950664, 62.9691639], [12.5951369, 62.969101], [12.5950191, 62.9688823], [12.5946686, 62.9688272], [12.5944076, 62.9686946], [12.5940147, 62.9686308], [12.59356, 62.9686483], [12.5933051, 62.9686791], [12.5931034, 62.9686872], [12.5933636, 62.9687116], [12.5938576, 62.9686615], [12.5941062, 62.9687016], [12.5944486, 62.9688017], [12.594631, 62.9689594], [12.5948591, 62.9689807], [12.5948995, 62.9691269], [12.5945542, 62.9692181], [12.5942786, 62.9692547], [12.5939718, 62.9692506], [12.5936293, 62.9693788], [12.5935614, 62.9696833], [12.5933306, 62.9698503], [12.5930584, 62.9700448], [12.5931786, 62.9700765], [12.5932944, 62.970107], [12.5936217, 62.970018]]]}}, {"type": "Feature", "id": "way/986127633", "properties": {"natural": "wetland", "@id": "way/986127633", "@type": "way", "osm_id": 986127633}, "geometry": {"type": "Polygon", "coordinates": [[[12.5914343, 62.9724824], [12.5919217, 62.9724026], [12.5920674, 62.9722534], [12.5924614, 62.9723031], [12.592535, 62.9723677], [12.592502, 62.9724329], [12.5925902, 62.9724785], [12.5928064, 62.972442], [12.5926837, 62.9723884], [12.5925963, 62.9723262], [12.5924861, 62.9722232], [12.5921201, 62.9721995], [12.5921426, 62.9721765], [12.5920925, 62.9720707], [12.5919173, 62.9721985], [12.5914343, 62.9724824]]]}}, {"type": "Feature", "id": "way/986134799", "properties": {"natural": "wetland", "@id": "way/986134799", "@type": "way", "osm_id": 986134799}, "geometry": {"type": "Polygon", "coordinates": [[[12.5917187, 62.9715354], [12.5918412, 62.9715135], [12.592152, 62.9713441], [12.5922688, 62.9712355], [12.5922751, 62.9710293], [12.5923045, 62.9709647], [12.5922285, 62.9709002], [12.5925354, 62.970882], [12.5927526, 62.9707844], [12.592801, 62.9706836], [12.5925998, 62.9707287], [12.5925059, 62.9707275], [12.5924442, 62.9707518], [12.5923638, 62.9707482], [12.5921599, 62.9707579], [12.5920714, 62.9707689], [12.5920017, 62.9708018], [12.5919587, 62.970803], [12.5919333, 62.9708125], [12.5919426, 62.970835], [12.5919279, 62.9708543], [12.5918662, 62.9709085], [12.5918164, 62.9709761], [12.5916328, 62.9711707], [12.591649, 62.9712434], [12.5917757, 62.9712772], [12.5919179, 62.971305], [12.5918171, 62.97143], [12.5917187, 62.9715354]]]}}, {"type": "Feature", "id": "way/986153475", "properties": {"natural": "wetland", "@id": "way/986153475", "@type": "way", "osm_id": 986153475}, "geometry": {"type": "Polygon", "coordinates": [[[12.5883252, 62.9700561], [12.5880337, 62.9702059], [12.5881982, 62.970415], [12.5884632, 62.9703448], [12.5885439, 62.9704617], [12.5883513, 62.9705403], [12.5887491, 62.9706483], [12.5890658, 62.9704923], [12.5893574, 62.9704679], [12.5894737, 62.9705849], [12.590123, 62.9706457], [12.590615, 62.9705141], [12.5906722, 62.9705713], [12.5905577, 62.9706285], [12.5904191, 62.9706982], [12.5904432, 62.9710293], [12.5904432, 62.9712296], [12.5905251, 62.9713444], [12.5902191, 62.9714696], [12.5904963, 62.9715512], [12.5905993, 62.9714473], [12.5907484, 62.9714268], [12.590904, 62.9712708], [12.5908268, 62.9712156], [12.5907088, 62.971084], [12.590513, 62.9710133], [12.5905093, 62.9709135], [12.5906025, 62.9708548], [12.5905238, 62.9707073], [12.5907925, 62.9705992], [12.5909271, 62.9705519], [12.5910361, 62.970644], [12.5911621, 62.9706572], [12.5912828, 62.9705767], [12.5913633, 62.9705012], [12.591492, 62.9704585], [12.5915966, 62.9704475], [12.591771, 62.9704573], [12.5920097, 62.9705036], [12.5921492, 62.9705048], [12.592221, 62.970484], [12.5920952, 62.970374], [12.5920469, 62.970234], [12.5917867, 62.9701959], [12.5911594, 62.9702795], [12.5906874, 62.9702649], [12.5902153, 62.970065], [12.5904084, 62.9698456], [12.5906761, 62.9698755], [12.5908746, 62.9698389], [12.5912072, 62.9697], [12.5912934, 62.9696921], [12.5914341, 62.969683], [12.5918456, 62.9696], [12.5918831, 62.9697999], [12.592205, 62.970034], [12.5923927, 62.9700705], [12.5926985, 62.9701461], [12.5928648, 62.9700657], [12.5930584, 62.9700448], [12.5933306, 62.9698503], [12.592733, 62.9699416], [12.5925351, 62.9698432], [12.5919906, 62.9695725], [12.5920461, 62.9693692], [12.5922751, 62.9692547], [12.5926185, 62.968854], [12.5925613, 62.9686822], [12.5924468, 62.9686822], [12.5923323, 62.9685677], [12.5918171, 62.9685105], [12.5908416, 62.9688594], [12.5907142, 62.9691971], [12.5900007, 62.9694019], [12.5891838, 62.9695409], [12.5890693, 62.9697126], [12.5884558, 62.9696798], [12.587855, 62.9696213], [12.587855, 62.9697139], [12.5882197, 62.9698797], [12.5883252, 62.9700561]]]}}, {"type": "Feature", "id": "way/986176530", "properties": {"natural": "wetland", "@id": "way/986176530", "@type": "way", "osm_id": 986176530}, "geometry": {"type": "Polygon", "coordinates": [[[12.5917374, 62.9705451], [12.5917066, 62.9704999], [12.5915645, 62.9705097], [12.5914277, 62.970556], [12.591315, 62.9706377], [12.5912131, 62.9707108], [12.5911916, 62.970775], [12.5912031, 62.9708618], [12.5911702, 62.9709078], [12.5912184, 62.9709749], [12.5914103, 62.9710569], [12.591433, 62.9711151], [12.5915001, 62.9711723], [12.591504, 62.9712046], [12.591539, 62.971197], [12.5916007, 62.9711154], [12.5916033, 62.9710898], [12.5916865, 62.9710301], [12.5917294, 62.9709679], [12.59171, 62.9709528], [12.5916536, 62.9709388], [12.591619, 62.9709122], [12.5916094, 62.9708919], [12.5916322, 62.9708748], [12.5916952, 62.9708358], [12.5917354, 62.9708242], [12.5917784, 62.9708206], [12.5918199, 62.9708132], [12.5918675, 62.970793], [12.5919131, 62.970775], [12.5920338, 62.9707275], [12.5921384, 62.9706836], [12.5924362, 62.970658], [12.5924979, 62.9705873], [12.5923959, 62.9705373], [12.5922537, 62.9705724], [12.5921465, 62.970578], [12.5919641, 62.9705962], [12.5918882, 62.9705576], [12.5917374, 62.9705451]]]}}, {"type": "Feature", "id": "way/986176531", "properties": {"natural": "wetland", "@id": "way/986176531", "@type": "way", "osm_id": 986176531}, "geometry": {"type": "Polygon", "coordinates": [[[12.5908993, 62.970906], [12.5909878, 62.9708646], [12.5910226, 62.9708376], [12.5910656, 62.9708461], [12.5910414, 62.9709363], [12.5910119, 62.9709631], [12.5910495, 62.9709851], [12.5911326, 62.9710009], [12.591197, 62.9710875], [12.5911916, 62.9711573], [12.591248, 62.9711878], [12.5913385, 62.9712367], [12.5913653, 62.9713391], [12.5912969, 62.9713935], [12.5912205, 62.9713952], [12.5911091, 62.9712952], [12.5910022, 62.9712788], [12.5909395, 62.9711925], [12.5909046, 62.9711193], [12.590859, 62.9710864], [12.5908537, 62.9709828], [12.5908993, 62.970906]]]}}, {"type": "Feature", "id": "way/986176534", "properties": {"natural": "wetland", "@id": "way/986176534", "@type": "way", "osm_id": 986176534}, "geometry": {"type": "Polygon", "coordinates": [[[12.5907276, 62.9709548], [12.5907759, 62.9709572], [12.5908322, 62.9708877], [12.5909368, 62.970839], [12.5909931, 62.9708095], [12.5910307, 62.9707718], [12.5910951, 62.9707218], [12.5911621, 62.9706572], [12.5910361, 62.970644], [12.5909556, 62.9706647], [12.5909905, 62.9707403], [12.5908912, 62.9707744], [12.590792, 62.9707963], [12.5907598, 62.9708804], [12.5907276, 62.9709548]]]}}, {"type": "Feature", "id": "way/986176535", "properties": {"natural": "wetland", "@id": "way/986176535", "@type": "way", "osm_id": 986176535}, "geometry": {"type": "Polygon", "coordinates": [[[12.5917421, 62.9709522], [12.5917625, 62.9709497], [12.5917576, 62.9709216], [12.5917991, 62.9708777], [12.5918555, 62.9708637], [12.591897, 62.9708393], [12.5918769, 62.9708259], [12.591832, 62.970826], [12.591777, 62.970837], [12.5917448, 62.9708394], [12.5916992, 62.9708669], [12.5916724, 62.970904], [12.5916778, 62.9709199], [12.5917019, 62.9709345], [12.5917421, 62.9709522]]]}}, {"type": "Feature", "id": "way/986176537", "properties": {"natural": "wetland", "@id": "way/986176537", "@type": "way", "osm_id": 986176537}, "geometry": {"type": "Polygon", "coordinates": [[[12.5945639, 62.9654217], [12.594758, 62.9655248], [12.5950434, 62.9655167], [12.5955095, 62.9653791], [12.595604, 62.9653502], [12.595561, 62.965299], [12.5954108, 62.9652844], [12.5952231, 62.9651625], [12.595325, 62.9651308], [12.5953035, 62.9650796], [12.5952449, 62.9650363], [12.5951319, 62.9650235], [12.5947965, 62.9651991], [12.5946474, 62.9652008], [12.5944784, 62.9653162], [12.5945639, 62.9654217]]]}}, {"type": "Feature", "id": "way/986176538", "properties": {"natural": "wetland", "@id": "way/986176538", "@type": "way", "osm_id": 986176538}, "geometry": {"type": "Polygon", "coordinates": [[[12.5969131, 62.9654788], [12.5969833, 62.9656128], [12.5971927, 62.9657128], [12.5973336, 62.9655984], [12.5974056, 62.9656555], [12.5974843, 62.9657055], [12.5977147, 62.9658473], [12.5975416, 62.9659345], [12.597351, 62.9661585], [12.5972223, 62.9663053], [12.5971523, 62.9664576], [12.597236, 62.9661362], [12.5973293, 62.965917], [12.5973937, 62.9657658], [12.5971756, 62.9657676], [12.5969617, 62.9657249], [12.5967343, 62.9657047], [12.5965995, 62.9656457], [12.5963737, 62.9656799], [12.596254, 62.9656513], [12.5962101, 62.965555], [12.5961994, 62.9654916], [12.5960653, 62.9654478], [12.5959052, 62.9653975], [12.5958132, 62.9653697], [12.5958239, 62.9653185], [12.5957595, 62.9652868], [12.5957112, 62.9652819], [12.5956093, 62.9652112], [12.5954859, 62.9651088], [12.5955131, 62.9650582], [12.5956204, 62.9650314], [12.5956526, 62.9649997], [12.5956526, 62.9649363], [12.5955775, 62.9649314], [12.5955614, 62.9648997], [12.5957097, 62.9648468], [12.5959064, 62.9649099], [12.595859, 62.9650818], [12.5958796, 62.9651487], [12.5959773, 62.9652922], [12.5961723, 62.9653229], [12.5964406, 62.9652396], [12.5964576, 62.9650494], [12.596726, 62.9650845], [12.5968826, 62.9651377], [12.5973882, 62.9650719], [12.5972834, 62.9652118], [12.5970264, 62.9652475], [12.5970836, 62.9653048], [12.5969131, 62.9654788]]]}}, {"type": "Feature", "id": "way/986176539", "properties": {"natural": "wetland", "@id": "way/986176539", "@type": "way", "osm_id": 986176539}, "geometry": {"type": "Polygon", "coordinates": [[[12.5932973, 62.9664157], [12.5933777, 62.966345], [12.5936889, 62.9662499], [12.5936781, 62.9660817], [12.5933992, 62.9660183], [12.593367, 62.9660768], [12.5932436, 62.9661817], [12.5931631, 62.9662109], [12.5930827, 62.9663231], [12.5931149, 62.9663718], [12.5932973, 62.9664157]]]}}, {"type": "Feature", "id": "way/986184055", "properties": {"natural": "wetland", "@id": "way/986184055", "@type": "way", "osm_id": 986184055}, "geometry": {"type": "Polygon", "coordinates": [[[12.5887751, 62.9671601], [12.5889309, 62.9672539], [12.5891139, 62.9673106], [12.5892424, 62.9673371], [12.5893865, 62.9673247], [12.5895617, 62.9673106], [12.5897019, 62.9672769], [12.589698, 62.9672238], [12.5895968, 62.9671513], [12.5894447, 62.9670553], [12.589367, 62.9669389], [12.5892853, 62.9668752], [12.589036, 62.9668646], [12.5888569, 62.9668787], [12.5887946, 62.966946], [12.5887557, 62.9670822], [12.5887751, 62.9671601]]]}}, {"type": "Feature", "id": "way/986248365", "properties": {"natural": "wetland", "@id": "way/986248365", "@type": "way", "osm_id": 986248365}, "geometry": {"type": "Polygon", "coordinates": [[[12.5896418, 62.9645033], [12.589801, 62.9645861], [12.5900602, 62.9646206], [12.5901916, 62.9646157], [12.5902345, 62.9646035], [12.5904115, 62.9645901], [12.5896418, 62.9645033]]]}}, {"type": "Feature", "id": "way/986248366", "properties": {"natural": "wetland", "@id": "way/986248366", "@type": "way", "osm_id": 986248366}, "geometry": {"type": "Polygon", "coordinates": [[[12.5955614, 62.9648997], [12.5957097, 62.9648468], [12.5955469, 62.9648066], [12.5957346, 62.9647649], [12.5957699, 62.9646488], [12.5956525, 62.9645606], [12.595538, 62.9645606], [12.5954235, 62.9643316], [12.5952804, 62.9643316], [12.5949656, 62.9643316], [12.5949547, 62.9642805], [12.5949816, 62.9641817], [12.5949194, 62.9641069], [12.5952638, 62.9639503], [12.5952269, 62.963876], [12.5950558, 62.9638932], [12.5949378, 62.9638393], [12.5948313, 62.9638262], [12.5947604, 62.9637855], [12.5945362, 62.9637013], [12.5944509, 62.9638697], [12.5945592, 62.9639257], [12.5946911, 62.964098], [12.5946287, 62.9642427], [12.5945368, 62.9643243], [12.5946092, 62.9643621], [12.5947942, 62.9643182], [12.594931, 62.9643706], [12.5951108, 62.964434], [12.5953736, 62.9644621], [12.5953065, 62.9645828], [12.595218, 62.9646559], [12.5952449, 62.9647339], [12.5954112, 62.9648924], [12.5955614, 62.9648997]]]}}, {"type": "Feature", "id": "way/986248367", "properties": {"natural": "wetland", "@id": "way/986248367", "@type": "way", "osm_id": 986248367}, "geometry": {"type": "Polygon", "coordinates": [[[12.5991794, 62.9646336], [12.5993261, 62.9646873], [12.5994169, 62.9647093], [12.5994122, 62.9642425], [12.5990585, 62.9642291], [12.5988254, 62.9642947], [12.5983511, 62.9642167], [12.5982733, 62.9641112], [12.5984956, 62.963918], [12.598309, 62.9639076], [12.598114, 62.9641026], [12.5981713, 62.9642171], [12.5972037, 62.9645266], [12.5969317, 62.9649348], [12.597209, 62.9649319], [12.5976324, 62.964739], [12.5981248, 62.964455], [12.5984361, 62.9643999], [12.5988636, 62.9644279], [12.599114, 62.9643827], [12.5992312, 62.964379], [12.5991794, 62.9646336]]]}}, {"type": "Feature", "id": "way/986284149", "properties": {"natural": "wetland", "@id": "way/986284149", "@type": "way", "osm_id": 986284149}, "geometry": {"type": "Polygon", "coordinates": [[[12.5928513, 62.9744644], [12.5935846, 62.974586], [12.5941662, 62.9744839], [12.5941126, 62.9743888], [12.5942842, 62.974189], [12.5945649, 62.9741205], [12.5942786, 62.9739487], [12.5944703, 62.9736379], [12.594544, 62.9734029], [12.5943795, 62.9733742], [12.5937511, 62.9736459], [12.5935257, 62.9738087], [12.5932608, 62.973806], [12.5931293, 62.9740175], [12.5925854, 62.9741714], [12.5922228, 62.9743684], [12.5918071, 62.9743879], [12.5916899, 62.9745637], [12.5914268, 62.9745257], [12.5913375, 62.9745799], [12.5918706, 62.9746645], [12.5923664, 62.974511], [12.592603, 62.9745344], [12.5928513, 62.9744644]]]}}, {"type": "Feature", "id": "way/986284151", "properties": {"natural": "wetland", "@id": "way/986284151", "@type": "way", "osm_id": 986284151}, "geometry": {"type": "Polygon", "coordinates": [[[12.5902603, 62.9721021], [12.5899657, 62.9721933], [12.5896653, 62.9721897], [12.5893703, 62.9721139], [12.5890366, 62.9721219], [12.5890022, 62.972089], [12.5889468, 62.9720506], [12.5884929, 62.9720056], [12.5884507, 62.9719541], [12.5894186, 62.9719447], [12.5897511, 62.9718244], [12.5899657, 62.971811], [12.5902554, 62.971833], [12.5903675, 62.9719022], [12.5902603, 62.9721021]]]}}, {"type": "Feature", "id": "way/986284154", "properties": {"natural": "wetland", "@id": "way/986284154", "@type": "way", "osm_id": 986284154}, "geometry": {"type": "Polygon", "coordinates": [[[12.5839554, 62.9731192], [12.5841576, 62.9731936], [12.5847816, 62.9731035], [12.5856919, 62.9731473], [12.5857492, 62.9732046], [12.5855202, 62.9732618], [12.5851969, 62.9732572], [12.5848768, 62.9732175], [12.5848415, 62.9732665], [12.5851413, 62.9733348], [12.5849058, 62.9734868], [12.5847947, 62.9734909], [12.5845154, 62.9734402], [12.5843654, 62.9735395], [12.5848619, 62.9736918], [12.5850061, 62.973762], [12.585491, 62.9737941], [12.5855774, 62.9737198], [12.5862644, 62.9737198], [12.5863216, 62.973777], [12.5862071, 62.9741205], [12.5867796, 62.9741205], [12.586894, 62.9739487], [12.5872375, 62.9737198], [12.5870658, 62.9732618], [12.586894, 62.9732046], [12.5869094, 62.9731241], [12.5868724, 62.9730367], [12.58657, 62.9729281], [12.5865653, 62.9729009], [12.5864017, 62.9728876], [12.5863648, 62.972826], [12.5865325, 62.9727112], [12.5867167, 62.9726434], [12.5870823, 62.9727243], [12.5873372, 62.9727352], [12.5875625, 62.9727962], [12.5879031, 62.972773], [12.5879916, 62.9728452], [12.587887, 62.9729217], [12.5877019, 62.9729156], [12.5875115, 62.9729241], [12.5873693, 62.9729814], [12.5870636, 62.9729753], [12.5870746, 62.973022], [12.5872876, 62.9730681], [12.5875389, 62.9731183], [12.5885541, 62.9729183], [12.5889549, 62.9727466], [12.5888976, 62.9725749], [12.5887831, 62.9725749], [12.5888952, 62.972388], [12.5886597, 62.9722703], [12.5882912, 62.9725846], [12.5880273, 62.9726971], [12.5876787, 62.9726982], [12.5871718, 62.9725556], [12.5864159, 62.9724259], [12.5862233, 62.9725062], [12.5857252, 62.9724341], [12.5858181, 62.9723233], [12.5856223, 62.9720498], [12.5851413, 62.9720545], [12.5848633, 62.972126], [12.5847276, 62.9723085], [12.5837875, 62.9724029], [12.5838123, 62.9725247], [12.5839724, 62.9725862], [12.5838442, 62.9726819], [12.5838431, 62.9729747], [12.5839554, 62.9731192]]]}}, {"type": "Feature", "id": "way/986284156", "properties": {"natural": "wetland", "@id": "way/986284156", "@type": "way", "osm_id": 986284156}, "geometry": {"type": "Polygon", "coordinates": [[[12.586894, 62.9732046], [12.5869094, 62.9731241], [12.5868724, 62.9730367], [12.5870636, 62.9729753], [12.5870746, 62.973022], [12.5872876, 62.9730681], [12.5875389, 62.9731183], [12.5871803, 62.9731473], [12.586894, 62.9732046]]]}}, {"type": "Feature", "id": "way/986779674", "properties": {"natural": "wetland", "@id": "way/986779674", "@type": "way", "osm_id": 986779674}, "geometry": {"type": "Polygon", "coordinates": [[[12.5893007, 62.9749718], [12.5895935, 62.9750033], [12.5897516, 62.9751667], [12.5897732, 62.9752405], [12.5896926, 62.9752702], [12.5896658, 62.9753751], [12.5895837, 62.9753835], [12.5895089, 62.9752724], [12.5894717, 62.9751742], [12.5892949, 62.9751923], [12.5891075, 62.9752407], [12.5888193, 62.9750859], [12.5891076, 62.9750804], [12.5891077, 62.9750186], [12.5893007, 62.9749718]]]}}, {"type": "Feature", "id": "way/986955034", "properties": {"natural": "wetland", "@id": "way/986955034", "@type": "way", "osm_id": 986955034}, "geometry": {"type": "Polygon", "coordinates": [[[12.6293725, 62.9764401], [12.6296541, 62.976328], [12.6299277, 62.9763109], [12.6305071, 62.9762378], [12.631006, 62.9761208], [12.6311562, 62.9760574], [12.6311669, 62.975977], [12.6310542, 62.9759063], [12.6310918, 62.9757918], [12.6312903, 62.9756967], [12.6316229, 62.9755906], [12.6317167, 62.9755455], [12.6316765, 62.9754615], [12.6319769, 62.9753981], [12.6324543, 62.9753225], [12.6326743, 62.9753225], [12.6327333, 62.9753299], [12.6327708, 62.9753957], [12.6328942, 62.9753884], [12.6329586, 62.9753079], [12.6330927, 62.9752372], [12.6336131, 62.9752226], [12.6338598, 62.9752543], [12.6340637, 62.9753274], [12.63423, 62.9753884], [12.6343909, 62.9754688], [12.6346108, 62.9754834], [12.6347128, 62.9754542], [12.6350829, 62.9754322], [12.6353389, 62.9754479], [12.6356969, 62.9753831], [12.6363299, 62.9754318], [12.6364801, 62.975544], [12.6363513, 62.9756268], [12.6360724, 62.9756902], [12.6358685, 62.9757487], [12.6358793, 62.9758608], [12.6360724, 62.9758706], [12.6365337, 62.9758413], [12.6367257, 62.9758951], [12.6362391, 62.9759237], [12.6362391, 62.9759523], [12.6356094, 62.9762385], [12.6349834, 62.9765941], [12.6317525, 62.9767707], [12.6309726, 62.9771545], [12.6307436, 62.9770972], [12.6305718, 62.9769255], [12.6304574, 62.9769255], [12.6303491, 62.9768074], [12.6299707, 62.9768001], [12.6299732, 62.9769098], [12.62957, 62.9768245], [12.6292942, 62.9767018], [12.6290296, 62.9766612], [12.6286255, 62.976582], [12.6284422, 62.9766113], [12.6279557, 62.9764759], [12.6276288, 62.9764424], [12.6273188, 62.9764655], [12.6268878, 62.9765386], [12.6267195, 62.9765055], [12.6269343, 62.9764897], [12.6271593, 62.9764164], [12.6278758, 62.9763511], [12.6280946, 62.9763951], [12.6283935, 62.976356], [12.6284873, 62.9763085], [12.6286966, 62.9763938], [12.6288682, 62.976434], [12.6291766, 62.9764438], [12.6293725, 62.9764401]]]}}, {"type": "Feature", "id": "way/986955036", "properties": {"natural": "wetland", "@id": "way/986955036", "@type": "way", "osm_id": 986955036}, "geometry": {"type": "Polygon", "coordinates": [[[12.6251718, 62.9760605], [12.6254776, 62.9762092], [12.6259175, 62.9763481], [12.6257727, 62.9764566], [12.626294, 62.9763559], [12.6266887, 62.9762796], [12.6272967, 62.9761909], [12.627354, 62.9761403], [12.6278892, 62.9760477], [12.6283559, 62.9759502], [12.6285705, 62.9758405], [12.6287261, 62.9758113], [12.6288441, 62.9758746], [12.629976, 62.9758454], [12.6302433, 62.9757695], [12.6308879, 62.975453], [12.6309684, 62.9753969], [12.6313187, 62.9753078], [12.6315102, 62.9753201], [12.6316872, 62.9753006], [12.6319662, 62.975286], [12.6322559, 62.9752251], [12.6325938, 62.9751519], [12.6328191, 62.9750569], [12.6329371, 62.9750593], [12.6330152, 62.9750678], [12.6330498, 62.9750715], [12.6332322, 62.9750666], [12.6333502, 62.9750301], [12.6334307, 62.9749691], [12.6334414, 62.9749082], [12.6332268, 62.974896], [12.6330713, 62.9749179], [12.6328889, 62.9749472], [12.6327655, 62.9749301], [12.6326367, 62.9749033], [12.6326206, 62.974857], [12.6327548, 62.974779], [12.6328942, 62.9747083], [12.6330498, 62.9746986], [12.633318, 62.9747546], [12.6328634, 62.9746334], [12.6321747, 62.9747502], [12.6316022, 62.9746357], [12.6313733, 62.9744067], [12.6312588, 62.9744067], [12.6311282, 62.974034], [12.6306489, 62.9739438], [12.6302284, 62.9737198], [12.6298277, 62.973777], [12.6297132, 62.9739487], [12.629198, 62.9740632], [12.6286397, 62.9739487], [12.6285056, 62.9737897], [12.6281613, 62.9738223], [12.6280754, 62.9735681], [12.6275343, 62.9735793], [12.6269718, 62.973755], [12.6271574, 62.9739946], [12.6276568, 62.9738702], [12.6280132, 62.973912], [12.6283393, 62.974006], [12.6286828, 62.9740632], [12.62874, 62.9741777], [12.6291407, 62.9742922], [12.6294269, 62.9742922], [12.6295987, 62.9744067], [12.6297704, 62.9744067], [12.6298291, 62.9744654], [12.6298849, 62.9745212], [12.6299994, 62.9745212], [12.6300566, 62.9746357], [12.6299421, 62.9748647], [12.6295987, 62.9750364], [12.6290878, 62.9749261], [12.6283571, 62.9750053], [12.6283393, 62.9752081], [12.6281747, 62.9753555], [12.6277973, 62.9754687], [12.6271515, 62.9752775], [12.6261496, 62.9752592], [12.6250191, 62.9753799], [12.6249046, 62.9754371], [12.6247901, 62.9752654], [12.6247598, 62.9748696], [12.6248474, 62.9746357], [12.6245898, 62.9745406], [12.6246184, 62.9742922], [12.6240459, 62.9742922], [12.6235307, 62.9741777], [12.6234735, 62.9740632], [12.6233017, 62.974006], [12.6235307, 62.9738343], [12.62313, 62.9737198], [12.6225469, 62.9740291], [12.622901, 62.9741777], [12.62313, 62.9741777], [12.6231873, 62.974235], [12.6230728, 62.9743495], [12.6227865, 62.9744067], [12.6225003, 62.9745784], [12.6225576, 62.9747502], [12.6226148, 62.9748074], [12.6230728, 62.9748647], [12.623588, 62.9748647], [12.6237025, 62.9752081], [12.6238742, 62.9752654], [12.6231873, 62.9754371], [12.6230728, 62.9756661], [12.6228438, 62.9757233], [12.6228438, 62.975752], [12.6229752, 62.9757769], [12.6226185, 62.9759231], [12.6226148, 62.976124], [12.6226175, 62.9761774], [12.622846, 62.976125], [12.6229058, 62.9761181], [12.6230257, 62.9761043], [12.623235, 62.9760921], [12.6233583, 62.9760762], [12.6237365, 62.976036], [12.624163, 62.9760519], [12.6245576, 62.976091], [12.6246998, 62.9759484], [12.6251718, 62.9760605]]]}}, {"type": "Feature", "id": "way/986975195", "properties": {"natural": "wetland", "@id": "way/986975195", "@type": "way", "osm_id": 986975195}, "geometry": {"type": "Polygon", "coordinates": [[[12.6254442, 62.9766275], [12.6256788, 62.9765699], [12.6250407, 62.9764594], [12.6244557, 62.9762604], [12.6240799, 62.9761723], [12.6240618, 62.9761681], [12.6237037, 62.9761425], [12.6232947, 62.9761847], [12.6225061, 62.9763663], [12.6222898, 62.9764523], [12.6220108, 62.9764949], [12.6219392, 62.9765829], [12.6220457, 62.9766936], [12.6223542, 62.9767399], [12.6228584, 62.9767959], [12.6229996, 62.9768172], [12.6235092, 62.9768038], [12.6236594, 62.9767331], [12.6238742, 62.9767537], [12.6241123, 62.9766369], [12.6247329, 62.9765662], [12.6249966, 62.976565], [12.6254442, 62.9766275]]]}}, {"type": "Feature", "id": "way/986976139", "properties": {"natural": "wetland", "@id": "way/986976139", "@type": "way", "osm_id": 986976139}, "geometry": {"type": "Polygon", "coordinates": [[[12.5942264, 62.9792539], [12.5933788, 62.9787372], [12.5932286, 62.978318], [12.5940118, 62.9778501], [12.5947843, 62.9774162], [12.5952134, 62.9770799], [12.5959537, 62.976763], [12.5965116, 62.9769727], [12.5962434, 62.9771286], [12.5964472, 62.9773334], [12.5966618, 62.9773626], [12.5970695, 62.9780548], [12.5972626, 62.9784594], [12.5965652, 62.9787226], [12.5967369, 62.9791125], [12.5966829, 62.9793298], [12.5963967, 62.9794442], [12.5960532, 62.9793298], [12.5947366, 62.9795587], [12.5942264, 62.9792539]]]}}, {"type": "Feature", "id": "way/986976140", "properties": {"natural": "wetland", "@id": "way/986976140", "@type": "way", "osm_id": 986976140}, "geometry": {"type": "Polygon", "coordinates": [[[12.5971875, 62.9773285], [12.5974987, 62.9778696], [12.5977025, 62.9782254], [12.5979278, 62.9784789], [12.5976381, 62.9788152], [12.5979815, 62.9790345], [12.5978312, 62.979366], [12.5981395, 62.9795507], [12.5984575, 62.9792725], [12.5986683, 62.9792647], [12.5988934, 62.9788055], [12.5991616, 62.978708], [12.5990865, 62.9782498], [12.5990329, 62.9777863], [12.5985393, 62.9772989], [12.5986788, 62.976982], [12.597327, 62.9770795], [12.5971875, 62.9773285]]]}}, {"type": "Feature", "id": "way/986976141", "properties": {"natural": "wetland", "@id": "way/986976141", "@type": "way", "osm_id": 986976141}, "geometry": {"type": "Polygon", "coordinates": [[[12.599344, 62.9770795], [12.601007, 62.9774646], [12.6017044, 62.9773671], [12.6026807, 62.9775426], [12.6017795, 62.9777278], [12.6011679, 62.9777522], [12.6011465, 62.9780447], [12.6020155, 62.9782348], [12.6033244, 62.97842], [12.6042364, 62.9786296], [12.6043651, 62.9789367], [12.6054594, 62.9790585], [12.6066396, 62.9788977], [12.6068327, 62.979039], [12.6071331, 62.9790001], [12.607337, 62.9784444], [12.6074872, 62.978303], [12.6082275, 62.9781812], [12.6074121, 62.9776596], [12.6067147, 62.9775231], [12.6066289, 62.9771868], [12.6066825, 62.9770259], [12.6063821, 62.9770308], [12.6054273, 62.9772794], [12.604805, 62.9773184], [12.6044188, 62.9772014], [12.6033673, 62.9771234], [12.6028309, 62.9768114], [12.599344, 62.9770795]]]}}, {"type": "Feature", "id": "way/986982315", "properties": {"natural": "wetland", "@id": "way/986982315", "@type": "way", "osm_id": 986982315}, "geometry": {"type": "Polygon", "coordinates": [[[12.6189858, 62.9778711], [12.6186908, 62.9777182], [12.6187927, 62.9773672], [12.6184655, 62.9773576], [12.6182134, 62.9776159], [12.617339, 62.9776257], [12.615096, 62.9776657], [12.6146239, 62.9775633], [12.6142109, 62.977344], [12.6137066, 62.9772123], [12.614007, 62.9769345], [12.6143128, 62.976759], [12.6151336, 62.9767322], [12.6158041, 62.9768443], [12.6166302, 62.9771368], [12.6178158, 62.97711], [12.6176387, 62.9769857], [12.6174295, 62.9769126], [12.6176226, 62.9766639], [12.6187492, 62.976876], [12.6191868, 62.9767249], [12.6196515, 62.9766685], [12.620002, 62.9765905], [12.6202319, 62.9765467], [12.6203357, 62.9764249], [12.6204045, 62.9763359], [12.6202105, 62.9762958], [12.620325, 62.9762385], [12.620359, 62.9761155], [12.6205683, 62.9760448], [12.620783, 62.9759523], [12.6215844, 62.9757233], [12.6216989, 62.9757806], [12.6218134, 62.9758951], [12.6219279, 62.9760096], [12.6220424, 62.976124], [12.6222141, 62.9762385], [12.622382, 62.9762385], [12.6221421, 62.9762712], [12.6219281, 62.9763401], [12.6218821, 62.9763328], [12.6217641, 62.9763304], [12.6216085, 62.9763548], [12.621469, 62.9763743], [12.6212823, 62.9763742], [12.6208317, 62.9763425], [12.6205313, 62.9763937], [12.6203735, 62.976556], [12.6202255, 62.9767081], [12.6200592, 62.9767569], [12.6199519, 62.976908], [12.6197052, 62.9770859], [12.6194128, 62.9773248], [12.6192867, 62.9774466], [12.6191286, 62.9776606], [12.6189858, 62.9778711]]]}}, {"type": "Feature", "id": "way/986982316", "properties": {"natural": "wetland", "@id": "way/986982316", "@type": "way", "osm_id": 986982316}, "geometry": {"type": "Polygon", "coordinates": [[[12.6177341, 62.9779492], [12.6182491, 62.9781905], [12.6185155, 62.9785183], [12.6189812, 62.9786202], [12.6192521, 62.9786945], [12.6194023, 62.9787103], [12.6196732, 62.9787262], [12.61981, 62.9786933], [12.6199334, 62.9786202], [12.6199468, 62.9784971], [12.6199199, 62.9784106], [12.6197858, 62.9783314], [12.6196381, 62.9782994], [12.6198671, 62.9780704], [12.6198098, 62.9779559], [12.6196953, 62.9779559], [12.6196381, 62.9778414], [12.6197526, 62.9776124], [12.6199712, 62.9773325], [12.6204095, 62.9771199], [12.6204007, 62.9770383], [12.620541, 62.9768788], [12.6204712, 62.9770775], [12.6206805, 62.9771908], [12.6206912, 62.9772541], [12.6204498, 62.9773346], [12.6204284, 62.9774028], [12.6205625, 62.9774735], [12.6205142, 62.9775003], [12.6206429, 62.9775637], [12.6207931, 62.9775442], [12.6210828, 62.9775783], [12.6212437, 62.9775076], [12.6215602, 62.9774662], [12.6218285, 62.9773346], [12.6223703, 62.9772663], [12.6224722, 62.9772931], [12.6228638, 62.9771688], [12.6228941, 62.9771404], [12.6229496, 62.9770884], [12.6234615, 62.9770529], [12.6236786, 62.9772089], [12.6243187, 62.9773476], [12.6246391, 62.9773192], [12.6247429, 62.9775567], [12.6244466, 62.9777841], [12.6248293, 62.9780058], [12.6244466, 62.9782421], [12.6238481, 62.9784083], [12.6235307, 62.9787001], [12.6220897, 62.9789438], [12.6214476, 62.979064], [12.6210271, 62.9790082], [12.6204395, 62.9789863], [12.6202915, 62.9790046], [12.6202105, 62.9791008], [12.6202105, 62.979158], [12.620096, 62.9792153], [12.6199243, 62.9791008], [12.6198098, 62.9791008], [12.6196953, 62.9789863], [12.6194377, 62.9789863], [12.6191801, 62.9790435], [12.6187373, 62.979063], [12.6176107, 62.979353], [12.6167632, 62.9794968], [12.6153255, 62.9795943], [12.6155615, 62.9793043], [12.615127, 62.9792117], [12.6143758, 62.9792677], [12.6137804, 62.9793019], [12.6109717, 62.9794303], [12.6099384, 62.9793096], [12.6094757, 62.9783486], [12.6101354, 62.9779559], [12.6102499, 62.9778986], [12.6104217, 62.9777269], [12.6104789, 62.9774979], [12.6104217, 62.9772689], [12.6117419, 62.9771206], [12.6138287, 62.977878], [12.6177341, 62.9779492]]]}}, {"type": "Feature", "id": "way/987104941", "properties": {"natural": "wetland", "@id": "way/987104941", "@type": "way", "osm_id": 987104941}, "geometry": {"type": "Polygon", "coordinates": [[[12.6351927, 62.974587], [12.6355832, 62.9743472], [12.6361549, 62.9741837], [12.6357239, 62.9746357], [12.6360295, 62.9747055], [12.6362977, 62.9746762], [12.6364801, 62.9747493], [12.636287, 62.9749005], [12.6358364, 62.9750467], [12.6354091, 62.9750933], [12.6352854, 62.9750435], [12.6348402, 62.9747582], [12.6343132, 62.9747707], [12.6338348, 62.9742922], [12.6331321, 62.9740743], [12.6326375, 62.9738477], [12.6322994, 62.9734655], [12.6325371, 62.9735009], [12.6334922, 62.9739052], [12.6337468, 62.9737877], [12.6338885, 62.9736369], [12.6336401, 62.9734063], [12.6340126, 62.972843], [12.6339469, 62.9727487], [12.6334563, 62.9727114], [12.6332811, 62.9724862], [12.6331558, 62.9724224], [12.6329157, 62.9723462], [12.6324823, 62.9723729], [12.6318354, 62.9722969], [12.6309422, 62.9721471], [12.6307098, 62.9722671], [12.6298316, 62.9722737], [12.6293003, 62.9723088], [12.6289224, 62.9722545], [12.628704, 62.9721299], [12.6287102, 62.9718874], [12.6290731, 62.9718605], [12.6290939, 62.9717982], [12.6284113, 62.9715969], [12.627849, 62.9714645], [12.6289901, 62.971454], [12.6293904, 62.9715673], [12.6299961, 62.971792], [12.6309783, 62.971989], [12.6314118, 62.9720405], [12.6318557, 62.9720677], [12.6325475, 62.9720254], [12.6332346, 62.9719727], [12.6334472, 62.9721259], [12.6334492, 62.9723457], [12.6340981, 62.9724492], [12.6342464, 62.972317], [12.6348088, 62.9719926], [12.6355126, 62.9721469], [12.6381496, 62.9724314], [12.6389228, 62.9725563], [12.6391011, 62.9724825], [12.639286, 62.9725021], [12.639356, 62.9725095], [12.6394101, 62.9726727], [12.6396601, 62.9727324], [12.6395876, 62.9728636], [12.6388919, 62.9728786], [12.6382721, 62.9727193], [12.6373798, 62.9725671], [12.6370333, 62.9726282], [12.6360806, 62.9727112], [12.6356642, 62.9725524], [12.634517, 62.9730779], [12.6342183, 62.9734455], [12.6343643, 62.9737567], [12.6349736, 62.9734393], [12.635037, 62.9735297], [12.6347792, 62.9737563], [12.6345146, 62.9738977], [12.6346763, 62.9741177], [12.6349956, 62.9742631], [12.6349706, 62.9745017], [12.6351927, 62.974587]]]}}, {"type": "Feature", "id": "way/987121932", "properties": {"natural": "wetland", "@id": "way/987121932", "@type": "way", "osm_id": 987121932}, "geometry": {"type": "Polygon", "coordinates": [[[12.6386477, 62.9737856], [12.6389747, 62.9738734], [12.63996, 62.9738343], [12.6400745, 62.9738343], [12.6401317, 62.9739487], [12.6403035, 62.9740632], [12.6405897, 62.9739487], [12.641162, 62.9735784], [12.6415056, 62.9732618], [12.6416059, 62.9731487], [12.6419135, 62.9730231], [12.6423643, 62.9730328], [12.642765, 62.9729183], [12.6429501, 62.9727127], [12.6416988, 62.972618], [12.6415397, 62.972606], [12.6404668, 62.9726502], [12.6401911, 62.9729342], [12.6405897, 62.9730328], [12.6406469, 62.9731473], [12.6408187, 62.9732046], [12.6401228, 62.9733884], [12.6396078, 62.9732859], [12.6390856, 62.973637], [12.6386477, 62.9737856]]]}}, {"type": "Feature", "id": "way/987121935", "properties": {"natural": "wetland", "@id": "way/987121935", "@type": "way", "osm_id": 987121935}, "geometry": {"type": "Polygon", "coordinates": [[[12.6430415, 62.9725293], [12.6430093, 62.9724294], [12.6430844, 62.9723587], [12.6429664, 62.972266], [12.642607, 62.9721734], [12.6422905, 62.9721515], [12.6422476, 62.9720174], [12.642194, 62.9718029], [12.642371, 62.9717492], [12.6426714, 62.9718541], [12.6430844, 62.9716737], [12.6435029, 62.9717127], [12.6436638, 62.971876], [12.6434653, 62.972093], [12.6434009, 62.9723806], [12.6432615, 62.9724952], [12.6430415, 62.9725293]]]}}, {"type": "Feature", "id": "way/1310617796", "properties": {"natural": "wetland", "wetland": "fen", "@id": "way/1310617796", "@type": "way", "osm_id": 1310617796}, "geometry": {"type": "Polygon", "coordinates": [[[13.0467989, 63.0635941], [13.0467416, 63.0634796], [13.0465127, 63.0634796], [13.0462264, 63.0633079], [13.0463409, 63.0631934], [13.0467989, 63.0630217], [13.0469134, 63.0629072], [13.0470279, 63.062621], [13.0469706, 63.0623347], [13.0467989, 63.0622775], [13.0468977, 63.0621293], [13.0476003, 63.0618768], [13.0469706, 63.0615333], [13.0463409, 63.0614761], [13.045883, 63.0613043], [13.045883, 63.0611898], [13.0463409, 63.0610181], [13.0466844, 63.0610181], [13.0476576, 63.0610754], [13.0477721, 63.0611898], [13.0481155, 63.0613043], [13.0488597, 63.0610754], [13.0489742, 63.0609036], [13.0491459, 63.0608464], [13.0495466, 63.0605029], [13.0497756, 63.0606746], [13.0495466, 63.0610181], [13.0496611, 63.0615333], [13.0500046, 63.0615333], [13.0501763, 63.0614188], [13.0502908, 63.0615333], [13.050415, 63.0615527], [13.0504626, 63.0616478], [13.051035, 63.0616478], [13.0518651, 63.0616478], [13.0521227, 63.0616478], [13.0521799, 63.0617623], [13.0523516, 63.0618768], [13.0525234, 63.0617623], [13.0526379, 63.0618195], [13.0528096, 63.0622202], [13.0525234, 63.0629644], [13.051035, 63.062621], [13.0506915, 63.0625637], [13.0503481, 63.062621], [13.0497756, 63.0626782], [13.0492032, 63.0627355], [13.0489742, 63.0627927], [13.0487452, 63.0627355], [13.048688, 63.0626782], [13.0486307, 63.062621], [13.0484017, 63.0625637], [13.0481728, 63.0625065], [13.0481155, 63.0624492], [13.0480583, 63.0625065], [13.0479438, 63.0625637], [13.0478293, 63.0625065], [13.0477148, 63.0624492], [13.0476003, 63.0629072], [13.0474858, 63.0633651], [13.0473713, 63.0634224], [13.0472569, 63.0634796], [13.0471424, 63.0635369], [13.0470279, 63.0635941], [13.0469134, 63.0636227], [13.0467989, 63.0635941]]]}}, {"type": "Feature", "id": "way/1333190560", "properties": {"natural": "wetland", "wetland": "bog", "@id": "way/1333190560", "@type": "way", "osm_id": 1333190560}, "geometry": {"type": "Polygon", "coordinates": [[[12.9623055, 63.1452252], [12.9624742, 63.1451409], [12.9625345, 63.1451107], [12.96242, 63.1449963], [12.9620193, 63.1447673], [12.9619048, 63.1444238], [12.9614183, 63.1444238], [12.9609317, 63.1444238], [12.9607027, 63.1445955], [12.9601302, 63.1446528], [12.9600014, 63.1446528], [12.9601302, 63.14471], [12.9601302, 63.1447673], [12.9604165, 63.1447673], [12.9605596, 63.1448818], [12.9607027, 63.1449963], [12.9617903, 63.1449963], [12.9619048, 63.1451107], [12.9623055, 63.1452252]]]}}, {"type": "Feature", "id": "way/1350390520", "properties": {"natural": "wetland", "@id": "way/1350390520", "@type": "way", "osm_id": 1350390520}, "geometry": {"type": "Polygon", "coordinates": [[[12.5520176, 63.143927], [12.5530815, 63.1451821], [12.5526953, 63.1458703], [12.5516905, 63.1462054], [12.551178, 63.1459966], [12.5508062, 63.1459876], [12.5501807, 63.1457955], [12.5493931, 63.1455535], [12.5480109, 63.1452999], [12.547641, 63.1452885], [12.5473738, 63.145061], [12.5473738, 63.1447072], [12.5480497, 63.1443437], [12.549026, 63.1442661], [12.5499809, 63.1440141], [12.550689, 63.1437621], [12.5510588, 63.1437369], [12.5514023, 63.1438514], [12.551803, 63.1438514], [12.5520176, 63.143927]]]}}, {"type": "Feature", "id": "way/1431200876", "properties": {"natural": "wetland", "wetland": "bog", "@id": "way/1431200876", "@type": "way", "osm_id": 1431200876}, "geometry": {"type": "Polygon", "coordinates": [[[13.061845, 63.1104948], [13.0614536, 63.1106494], [13.0609956, 63.1108783], [13.0610529, 63.1111073], [13.0611673, 63.1111073], [13.0614536, 63.1112791], [13.0609956, 63.111508], [13.0611673, 63.1115653], [13.0613391, 63.111737], [13.0611101, 63.1118515], [13.0613391, 63.1119087], [13.0621405, 63.1113649], [13.0613391, 63.111508], [13.0614536, 63.1114508], [13.061797, 63.1109928], [13.061797, 63.1109356], [13.062255, 63.1107639], [13.0623695, 63.1107639], [13.0625412, 63.1106494], [13.0627297, 63.1106233], [13.0630564, 63.1106494], [13.0635144, 63.1104204], [13.0636289, 63.1104204], [13.0638026, 63.1103174], [13.0637991, 63.1102449], [13.0636244, 63.1102034], [13.0635716, 63.1100769], [13.0633999, 63.1100769], [13.0629419, 63.1098479], [13.062255, 63.1100197], [13.0627702, 63.1100769], [13.0628847, 63.1101914], [13.0629992, 63.1101914], [13.0630564, 63.1102486], [13.0628274, 63.1103631], [13.0628274, 63.1104204], [13.061845, 63.1104948]]]}}, {"type": "Feature", "id": "way/1446682091", "properties": {"natural": "wetland", "wetland": "bog", "@id": "way/1446682091", "@type": "way", "osm_id": 1446682091}, "geometry": {"type": "Polygon", "coordinates": [[[13.1315498, 63.1569032], [13.1316357, 63.156989], [13.1318361, 63.1571322], [13.1320937, 63.1572466], [13.1324085, 63.1575901], [13.1327162, 63.1577261], [13.1329094, 63.1577046], [13.1332243, 63.1579336], [13.1333531, 63.1579765], [13.1335248, 63.1579336], [13.1336965, 63.1579908], [13.1336965, 63.158091], [13.1334675, 63.1582198], [13.1341545, 63.158277], [13.1344407, 63.158277], [13.1346124, 63.1583915], [13.1350704, 63.1582198], [13.1347269, 63.1581053], [13.1349559, 63.1579908], [13.1348987, 63.1579336], [13.1346697, 63.1579336], [13.1344407, 63.1580481], [13.134269, 63.1579336], [13.1339255, 63.1577618], [13.1336965, 63.1575901], [13.1334819, 63.1573611], [13.1333531, 63.1573325], [13.1332386, 63.1573039], [13.1331527, 63.1572466], [13.1328665, 63.1571322], [13.1324944, 63.1570177], [13.1319739, 63.1570257], [13.1315498, 63.1569032]]]}}, {"type": "Feature", "id": "way/1446682092", "properties": {"natural": "wetland", "wetland": "bog", "@id": "way/1446682092", "@type": "way", "osm_id": 1446682092}, "geometry": {"type": "Polygon", "coordinates": [[[13.1318647, 63.1599944], [13.1316357, 63.1602234], [13.1318074, 63.1603379], [13.1321509, 63.1602234], [13.1323799, 63.1602234], [13.1324371, 63.1604524], [13.1326518, 63.1604524], [13.1328951, 63.1605668], [13.1330096, 63.1607958], [13.1332958, 63.1609103], [13.133811, 63.1607386], [13.1335248, 63.1605668], [13.1331241, 63.1605668], [13.1332386, 63.1603379], [13.133811, 63.1600516], [13.1337108, 63.1599944], [13.1338996, 63.159814], [13.1337851, 63.1597281], [13.1337279, 63.1596136], [13.1332386, 63.1598799], [13.1327234, 63.1601089], [13.1326089, 63.1599944], [13.1318647, 63.1599944]]]}}, {"type": "Feature", "id": "way/1446682093", "properties": {"natural": "wetland", "wetland": "bog", "@id": "way/1446682093", "@type": "way", "osm_id": 1446682093}, "geometry": {"type": "Polygon", "coordinates": [[[13.1393065, 63.1579336], [13.1395927, 63.1577046], [13.1397645, 63.1578191], [13.1402224, 63.1575901], [13.1405659, 63.1578191], [13.1407663, 63.1580481], [13.1408301, 63.1582144], [13.1408235, 63.1583915], [13.1409809, 63.158506], [13.1411097, 63.158506], [13.1412528, 63.1588495], [13.1412528, 63.1589067], [13.1407949, 63.158964], [13.1404514, 63.158964], [13.1402224, 63.1587064], [13.1401079, 63.1584488], [13.1399362, 63.1583915], [13.139879, 63.158277], [13.1397645, 63.1581626], [13.1395927, 63.1579336], [13.1393065, 63.1579336]]]}}, {"type": "Feature", "id": "way/1446682100", "properties": {"natural": "wetland", "wetland": "bog", "@id": "way/1446682100", "@type": "way", "osm_id": 1446682100}, "geometry": {"type": "Polygon", "coordinates": [[[13.0014603, 63.1616732], [13.0024034, 63.1615063], [13.0034073, 63.16154], [13.0039798, 63.1614828], [13.0042088, 63.1614828], [13.004724, 63.1614828], [13.0050102, 63.1614828], [13.0049529, 63.1613683], [13.0047812, 63.161311], [13.0048957, 63.1611965], [13.0048384, 63.1611393], [13.0046095, 63.1611393], [13.004266, 63.1610248], [13.004037, 63.1607958], [13.0038653, 63.1607386], [13.0046667, 63.1606241], [13.004495, 63.1604524], [13.0043805, 63.1604524], [13.0040943, 63.1602806], [13.0034073, 63.1602234], [13.0027204, 63.1602806], [13.0028921, 63.1603379], [13.0030639, 63.1605096], [13.0022624, 63.1605668], [13.001461, 63.1605096], [13.0014038, 63.1604524], [12.9999726, 63.1604524], [13.0000871, 63.1599944], [13.0002016, 63.1598799], [13.0001444, 63.1597654], [13.0000299, 63.1597654], [13.0000108, 63.1595363], [12.9999917, 63.1593076], [12.9999726, 63.1590785], [12.9991712, 63.1590785], [12.9985988, 63.159193], [12.9984843, 63.1593075], [12.9983698, 63.1592502], [12.9984843, 63.1591357], [12.9980836, 63.1590785], [12.9976828, 63.1591357], [12.9974539, 63.1593075], [12.9961945, 63.1595937], [12.9964235, 63.1597082], [12.9959655, 63.1598513], [12.9940373, 63.1598835], [12.9942219, 63.1600746], [12.9947616, 63.1601434], [12.9959393, 63.1602836], [12.9965202, 63.1605641], [12.9973552, 63.1607877], [12.9968733, 63.1611671], [12.9971104, 63.1612538], [12.9975111, 63.1614828], [12.9979691, 63.1614828], [12.9980263, 63.1615972], [12.998198, 63.1617117], [12.9984843, 63.1617117], [12.9984714, 63.1617504], [12.9990998, 63.1618126], [13.0000705, 63.1619022], [13.0004786, 63.1616507], [13.0014603, 63.1616732]]]}}, {"type": "Feature", "id": "way/1508271259", "properties": {"natural": "wetland", "wetland": "bog", "@id": "way/1508271259", "@type": "way", "osm_id": 1508271259}, "geometry": {"type": "Polygon", "coordinates": [[[13.1684232, 62.9536327], [13.1704831, 62.9542474], [13.1712985, 62.954706], [13.1728434, 62.9554865], [13.1726074, 62.9557694], [13.172028, 62.9558767], [13.171792, 62.9562572], [13.1722426, 62.9566963], [13.1709981, 62.9567548], [13.1709337, 62.9574377], [13.1723714, 62.9576816], [13.1728864, 62.957984], [13.1727791, 62.9585498], [13.1745815, 62.9585693], [13.1743455, 62.9580913], [13.1744313, 62.9576718], [13.1735301, 62.9577109], [13.1733584, 62.9573792], [13.172071, 62.9571645], [13.1731653, 62.9569889], [13.1741738, 62.9568426], [13.1743026, 62.9560914], [13.1756329, 62.955945], [13.1766844, 62.9562377], [13.1772852, 62.9557011], [13.1782293, 62.9557304], [13.1787658, 62.955467], [13.1790447, 62.9557694], [13.1785083, 62.9562475], [13.1775427, 62.9565109], [13.1777572, 62.9568231], [13.1786585, 62.9567938], [13.1793022, 62.9564426], [13.1795168, 62.9560914], [13.180139, 62.9562084], [13.1804395, 62.9567353], [13.1797528, 62.9572426], [13.1796455, 62.9578865], [13.1803751, 62.9580328], [13.1809974, 62.9578084], [13.1820702, 62.9576523], [13.1830037, 62.9573157], [13.1826174, 62.9571158], [13.182714, 62.9566621], [13.1825745, 62.9564962], [13.1815982, 62.9563938], [13.1821346, 62.9560962], [13.1817913, 62.9557158], [13.1814265, 62.9556426], [13.1806969, 62.955467], [13.1803322, 62.9551255], [13.1799245, 62.9549987], [13.1786907, 62.9545694], [13.1766093, 62.9544669], [13.1756651, 62.9542181], [13.1742382, 62.954423], [13.1738627, 62.9541303], [13.1727791, 62.9538278], [13.1711483, 62.9532961], [13.1695068, 62.9531595], [13.1688416, 62.9533107], [13.1684232, 62.9536327]]]}}, {"type": "Feature", "id": "way/1508271260", "properties": {"natural": "wetland", "wetland": "bog", "@id": "way/1508271260", "@type": "way", "osm_id": 1508271260}, "geometry": {"type": "Polygon", "coordinates": [[[13.1610203, 62.9650657], [13.1606877, 62.9654705], [13.1602156, 62.9660557], [13.1592715, 62.9663239], [13.1586599, 62.9661922], [13.1592715, 62.9657533], [13.1597543, 62.9649877], [13.1602907, 62.9646561], [13.1607628, 62.9646902], [13.1609955, 62.9650296], [13.1610203, 62.9650657]]]}}, {"type": "Feature", "id": "way/1508271261", "properties": {"natural": "wetland", "wetland": "bog", "@id": "way/1508271261", "@type": "way", "osm_id": 1508271261}, "geometry": {"type": "Polygon", "coordinates": [[[13.1644857, 62.9661922], [13.1654835, 62.9660459], [13.1661272, 62.9662995], [13.1667817, 62.9657728], [13.1671464, 62.9654217], [13.1668782, 62.9653193], [13.1659019, 62.9654022], [13.1646466, 62.9656802], [13.1642926, 62.9659484], [13.1644857, 62.9661922]]]}}, {"type": "Feature", "id": "way/1508271262", "properties": {"natural": "wetland", "wetland": "bog", "@id": "way/1508271262", "@type": "way", "osm_id": 1508271262}, "geometry": {"type": "Polygon", "coordinates": [[[13.1696784, 62.9662458], [13.1697857, 62.9664019], [13.1694317, 62.9665531], [13.1692922, 62.9668749], [13.1684554, 62.9670846], [13.1678867, 62.9669675], [13.1682086, 62.9666359], [13.1675863, 62.9661483], [13.1682193, 62.9660362], [13.1691956, 62.9661288], [13.1701022, 62.9661239], [13.1696784, 62.9662458]]]}}, {"type": "Feature", "id": "way/1508271263", "properties": {"natural": "wetland", "wetland": "bog", "@id": "way/1508271263", "@type": "way", "osm_id": 1508271263}, "geometry": {"type": "Polygon", "coordinates": [[[13.1808042, 62.9641928], [13.180536, 62.9641977], [13.1802785, 62.9643488], [13.1787014, 62.9647146], [13.1788623, 62.9649097], [13.1796241, 62.9649145], [13.1807291, 62.9650755], [13.1815982, 62.9647975], [13.18192, 62.964461], [13.1819431, 62.964223], [13.1810832, 62.9642708], [13.1808042, 62.9641928]]]}}, {"type": "Feature", "id": "relation/4498655", "properties": {"natural": "wetland", "type": "multipolygon", "wetland": "fen", "@id": "relation/4498655", "@type": "relation", "osm_id": 4498655}, "geometry": {"type": "Polygon", "coordinates": [[[12.9258924, 63.1463792], [12.9251403, 63.1469858], [12.9242808, 63.1473862], [12.9232601, 63.1478594], [12.9223737, 63.148102], [12.9218365, 63.1482234], [12.9217828, 63.1480656], [12.9219171, 63.1479322], [12.9217939, 63.1478048], [12.9212836, 63.1477623], [12.9208941, 63.1479079], [12.9208672, 63.1480838], [12.9210553, 63.1482234], [12.9209344, 63.1483507], [12.9205718, 63.1483811], [12.9203435, 63.1483629], [12.9196988, 63.1484781], [12.9194302, 63.1485934], [12.9192691, 63.1488178], [12.9192288, 63.1489513], [12.9196317, 63.1489998], [12.9201017, 63.1489331], [12.9204912, 63.1486601], [12.9208672, 63.1486965], [12.9209478, 63.1488482], [12.9210284, 63.1490544], [12.9215253, 63.1491029], [12.9221162, 63.1490969], [12.922734, 63.1490241], [12.9230698, 63.1488603], [12.9231235, 63.1486055], [12.9230832, 63.1484053], [12.9231504, 63.1482476], [12.9233787, 63.1481566], [12.9235801, 63.1482961], [12.9239293, 63.1483386], [12.9241576, 63.1483204], [12.9246277, 63.1481263], [12.9249903, 63.148005], [12.9258364, 63.1479686], [12.9263333, 63.1479746], [12.9269511, 63.148102], [12.9277434, 63.1479989], [12.9283746, 63.1477866], [12.9292744, 63.1477017], [12.9302011, 63.1477441], [12.9310472, 63.1475682], [12.9320813, 63.1474165], [12.9342838, 63.1467796], [12.934926, 63.1469987], [12.9351006, 63.1471382], [12.9349529, 63.14737], [12.934597, 63.147555], [12.9340531, 63.1477916], [12.9337375, 63.1479038], [12.9332271, 63.1480008], [12.9327168, 63.1480949], [12.9321729, 63.1482405], [12.9317968, 63.1482738], [12.9316692, 63.1484892], [12.9321863, 63.1484679], [12.9330794, 63.1483648], [12.9338449, 63.1482253], [12.9343821, 63.1480676], [12.934738, 63.1479099], [12.9348387, 63.1477764], [12.9349395, 63.1477248], [12.9355371, 63.1477157], [12.9361146, 63.14774], [12.9366988, 63.1477673], [12.9371688, 63.147649], [12.9376993, 63.1475307], [12.9381224, 63.1474155], [12.93825, 63.1473669], [12.9384984, 63.147376], [12.9388409, 63.1473002], [12.9392706, 63.1472426], [12.9397071, 63.1472244], [12.9402913, 63.1470818], [12.9404189, 63.1469483], [12.9407009, 63.1468452], [12.9410031, 63.14673], [12.9415067, 63.1466996], [12.9420104, 63.1466754], [12.9427653, 63.1467969], [12.9436485, 63.1467025], [12.9441423, 63.1465138], [12.9447406, 63.1462693], [12.9455003, 63.1460162], [12.9460416, 63.1458618], [12.9465354, 63.1457373], [12.9471377, 63.1456406], [12.9477407, 63.1455526], [12.9480208, 63.1454411], [12.9481348, 63.1452373], [12.9481728, 63.1451001], [12.948206, 63.1450271], [12.9483247, 63.1448341], [12.9486619, 63.1447097], [12.948923, 63.1445767], [12.9496218, 63.144313], [12.9502486, 63.1440041], [12.9507044, 63.1437811], [12.9512932, 63.1435494], [12.951939, 63.1433177], [12.9525467, 63.143189], [12.9529266, 63.1430003], [12.9531165, 63.1428544], [12.9525486, 63.1426751], [12.9521189, 63.1428358], [12.951622, 63.1430057], [12.9510243, 63.1431149], [12.9503528, 63.1433425], [12.9498089, 63.1437065], [12.9491105, 63.1440371], [12.9482913, 63.1444285], [12.9479824, 63.1445437], [12.9474251, 63.1446469], [12.9469752, 63.1445073], [12.9466193, 63.1444891], [12.9462422, 63.1448668], [12.9457199, 63.14524], [12.9454914, 63.1453557], [12.9448557, 63.1456647], [12.9438966, 63.1460336], [12.9431748, 63.1461152], [12.9419973, 63.1459221], [12.9412566, 63.1456476], [12.9401835, 63.1451714], [12.9392908, 63.1447982], [12.938702, 63.1443392], [12.9381805, 63.1438639], [12.9379613, 63.1436528], [12.9376384, 63.1430865], [12.937363, 63.142666], [12.9369357, 63.1428248], [12.9373463, 63.143361], [12.938163, 63.1443821], [12.9391506, 63.1451199], [12.9401383, 63.1455232], [12.94086, 63.1459865], [12.940822, 63.1464154], [12.9397014, 63.1462524], [12.9378211, 63.1457462], [12.9368335, 63.1452486], [12.9363967, 63.144588], [12.9360358, 63.1438844], [12.9362827, 63.1436613], [12.9361925, 63.1434382], [12.9358031, 63.1433803], [12.9350439, 63.1434281], [12.9330159, 63.1435797], [12.9319818, 63.1442592], [12.9301822, 63.1447264], [12.92849, 63.1451935], [12.9264218, 63.1459094], [12.9258924, 63.1463792]], [[12.9217571, 63.1489667], [12.9215928, 63.1488891], [12.9215555, 63.1487643], [12.9217273, 63.1487272], [12.9217123, 63.1486597], [12.9217198, 63.1485619], [12.9220708, 63.1485551], [12.9222949, 63.1485484], [12.9225189, 63.1486597], [12.9226609, 63.1487575], [12.9225115, 63.1489093], [12.9223248, 63.1489768], [12.9218169, 63.1490004], [12.9217571, 63.1489667]]]}}, {"type": "Feature", "id": "relation/4498656", "properties": {"natural": "wetland", "type": "multipolygon", "wetland": "fen", "@id": "relation/4498656", "@type": "relation", "osm_id": 4498656}, "geometry": {"type": "Polygon", "coordinates": [[[12.9148343, 63.1477084], [12.914897, 63.1474821], [12.9151162, 63.1472699], [12.9152261, 63.1472017], [12.9153667, 63.1471143], [12.9156523, 63.1471645], [12.9159304, 63.1472133], [12.9164628, 63.1469587], [12.9164941, 63.1467748], [12.9165881, 63.1465768], [12.916682, 63.1463787], [12.9168699, 63.1459968], [12.916961, 63.1458883], [12.9172144, 63.1455865], [12.917423, 63.1454778], [12.9176215, 63.1453743], [12.9178721, 63.1452046], [12.9179034, 63.1449924], [12.9184057, 63.144685], [12.9188742, 63.1443982], [12.9195318, 63.1438182], [12.9197081, 63.1437684], [12.9200329, 63.1436767], [12.9202993, 63.1436291], [12.9207458, 63.1435079], [12.9215361, 63.1434079], [12.9214456, 63.1431921], [12.9210594, 63.1433046], [12.9208619, 63.1433317], [12.9205358, 63.1433434], [12.920244, 63.1433705], [12.9200436, 63.143293], [12.9200816, 63.1432503], [12.9200073, 63.1431403], [12.9199157, 63.1431118], [12.919963, 63.1430243], [12.9200611, 63.1428904], [12.919845, 63.1429475], [12.9195084, 63.1431314], [12.9192735, 63.1432729], [12.9187568, 63.1434179], [12.9186158, 63.1433189], [12.9184279, 63.1432092], [12.9183653, 63.143142], [12.9182557, 63.1430253], [12.9182792, 63.1428909], [12.9184123, 63.1427813], [12.9184749, 63.142707], [12.9183183, 63.1426469], [12.9181774, 63.142661], [12.917919, 63.1427989], [12.9177781, 63.1428768], [12.9176607, 63.1430854], [12.9178407, 63.1433401], [12.9178173, 63.143524], [12.9176528, 63.1436655], [12.9171361, 63.143807], [12.9168308, 63.1438954], [12.9168934, 63.144051], [12.9167995, 63.144196], [12.9165959, 63.1443304], [12.9162593, 63.1443021], [12.9159696, 63.1446169], [12.9157973, 63.1449246], [12.9153119, 63.1451545], [12.9149674, 63.1454445], [12.9151005, 63.1456991], [12.9153746, 63.1460351], [12.915539, 63.1463498], [12.915445, 63.146654], [12.915218, 63.1468591], [12.9150614, 63.1470713], [12.9143489, 63.1473012], [12.9141297, 63.1474532], [12.9140045, 63.1476442], [12.9139262, 63.1478316], [12.9136521, 63.1479801], [12.9131432, 63.148157], [12.9124621, 63.1483019], [12.9117413, 63.1486869], [12.9109198, 63.149519], [12.9109511, 63.1501414], [12.911827, 63.1504499], [12.9134564, 63.1506505], [12.9150885, 63.1502803], [12.9155906, 63.1499363], [12.9158991, 63.1497453], [12.9164941, 63.1491937], [12.9165017, 63.1491723], [12.9166194, 63.1488401], [12.9165962, 63.1488002], [12.9164628, 63.1485713], [12.9169639, 63.148345], [12.9173084, 63.1480196], [12.9179973, 63.1478499], [12.9179736, 63.1478223], [12.9177781, 63.1475953], [12.9176492, 63.14759], [12.9170891, 63.147567], [12.9163062, 63.1475811], [12.9159931, 63.1477509], [12.9154294, 63.1478923], [12.9148343, 63.1477084]], [[12.9126505, 63.1498719], [12.9129493, 63.1496695], [12.9133526, 63.1495075], [12.9138157, 63.149602], [12.9140995, 63.1497842], [12.9146073, 63.1497707], [12.914443, 63.1499258], [12.9140696, 63.1501013], [12.913726, 63.1502092], [12.9132331, 63.1502025], [12.913009, 63.1500878], [12.9125908, 63.1501282], [12.9126505, 63.1498719]], [[12.918521, 63.1441704], [12.9186106, 63.1439477], [12.9183417, 63.1438465], [12.9179085, 63.1439275], [12.91755, 63.1440624], [12.9172513, 63.1443391], [12.9173708, 63.1444471], [12.9176695, 63.1444943], [12.9181177, 63.1444268], [12.918521, 63.1441704]]]}}, {"type": "Feature", "id": "relation/4500796", "properties": {"natural": "wetland", "type": "multipolygon", "wetland": "fen", "@id": "relation/4500796", "@type": "relation", "osm_id": 4500796}, "geometry": {"type": "Polygon", "coordinates": [[[12.9257599, 63.1178114], [12.9251113, 63.1167263], [12.925014, 63.1156118], [12.9254032, 63.1146585], [12.927122, 63.1133533], [12.9289706, 63.1125173], [12.9311759, 63.1118427], [12.9335109, 63.111256], [12.9350676, 63.1105226], [12.937435, 63.1101412], [12.9395096, 63.1099055], [12.9418241, 63.1097013], [12.9432705, 63.1095736], [12.9453343, 63.1097188], [12.9482696, 63.1094907], [12.9496456, 63.1101544], [12.949508, 63.1115857], [12.9489576, 63.112042], [12.947811, 63.1124361], [12.9459306, 63.1128509], [12.9446005, 63.1125813], [12.9436832, 63.1126643], [12.9436832, 63.1132658], [12.9428577, 63.1137221], [12.9416194, 63.1137635], [12.9426284, 63.1141161], [12.943087, 63.1144687], [12.9420321, 63.1146761], [12.9408855, 63.1150702], [12.9399683, 63.1150702], [12.9411505, 63.1152937], [12.9404695, 63.1155723], [12.9395939, 63.1153817], [12.9386858, 63.1154697], [12.9384733, 63.1160183], [12.9378975, 63.1161881], [12.937234, 63.1163551], [12.9367897, 63.1162786], [12.9359885, 63.1162447], [12.9356318, 63.1162107], [12.9353814, 63.1162871], [12.9349496, 63.1165588], [12.9345553, 63.1167824], [12.9340859, 63.1170513], [12.9334537, 63.1174786], [12.9331971, 63.1179286], [12.932809, 63.1185427], [12.9326901, 63.1188879], [12.9325154, 63.1190981], [12.9325149, 63.1192473], [12.9323387, 63.1193589], [12.9323172, 63.1194364], [12.9323093, 63.1194651], [12.9323556, 63.1195392], [12.9323392, 63.1195896], [12.9324018, 63.1196132], [12.9325099, 63.1196756], [12.9324576, 63.1196934], [12.9326033, 63.1198096], [12.9327032, 63.1198784], [12.9326341, 63.1199626], [12.9323997, 63.1200665], [12.9321456, 63.1202915], [12.9311317, 63.1207131], [12.930681, 63.1210272], [12.9305308, 63.1211121], [12.930149, 63.12133], [12.9298987, 63.1214941], [12.929119, 63.1214394], [12.9280949, 63.1211399], [12.9275436, 63.1205388], [12.9265383, 63.1195564], [12.9259221, 63.1186619], [12.9257599, 63.1178114]], [[12.927149, 63.1165155], [12.927814, 63.1170443], [12.9285708, 63.1169406], [12.9291899, 63.1165881], [12.9300843, 63.1162562], [12.9312768, 63.1161111], [12.9322858, 63.1159659], [12.9335241, 63.1157585], [12.9343726, 63.1154889], [12.9349229, 63.1151467], [12.9352669, 63.1147734], [12.9356338, 63.1146489], [12.9360466, 63.1146386], [12.9365511, 63.1146697], [12.9374455, 63.1146386], [12.9379958, 63.1142341], [12.9385233, 63.1138504], [12.9383857, 63.1133215], [12.9382939, 63.1128134], [12.9382481, 63.112243], [12.9380417, 63.111797], [12.9374913, 63.1113718], [12.9371244, 63.1115274], [12.9361383, 63.1117037], [12.9354962, 63.1117659], [12.9346707, 63.1117659], [12.9338681, 63.1120874], [12.9320335, 63.1125748], [12.9305888, 63.1132282], [12.929167, 63.1138919], [12.9283873, 63.1144726], [12.927837, 63.1152089], [12.9274242, 63.1158415], [12.927149, 63.1165155]]]}}, {"type": "Feature", "id": "relation/9620034", "properties": {"natural": "wetland", "type": "multipolygon", "wetland": "fen", "@id": "relation/9620034", "@type": "relation", "osm_id": 9620034}, "geometry": {"type": "Polygon", "coordinates": [[[12.9865961, 63.1382079], [12.9868135, 63.1383443], [12.9870796, 63.1385113], [12.987207, 63.1385113], [12.9882077, 63.1385113], [12.9886644, 63.138839], [12.988597, 63.139125], [12.9891478, 63.1392394], [12.9892165, 63.1392846], [12.9894353, 63.1393742], [12.989728, 63.1394283], [12.9900074, 63.1391181], [12.9898462, 63.1388147], [12.990276, 63.1387783], [12.9911623, 63.1388511], [12.9916727, 63.1389239], [12.9919144, 63.1391424], [12.9919092, 63.1394953], [12.9923979, 63.1397006], [12.9932574, 63.1399191], [12.9940192, 63.1398728], [12.9945677, 63.1397535], [12.9947823, 63.1396953], [12.9948206, 63.1395294], [12.9954932, 63.1393863], [12.9957938, 63.1393863], [12.99608, 63.1395007], [12.9963662, 63.1395007], [12.9964235, 63.139558], [12.996309, 63.1396152], [12.9961945, 63.139787], [12.9967097, 63.1399587], [12.9972249, 63.1399015], [12.9973394, 63.139787], [12.9980263, 63.1396152], [12.9985988, 63.1395437], [12.9989708, 63.1395007], [12.9993429, 63.1395007], [12.9996292, 63.1396725], [12.9994574, 63.1398442], [12.9992857, 63.1401877], [12.9986696, 63.1407018], [12.9987466, 63.1409181], [12.9990323, 63.1409991], [12.9996233, 63.1409263], [13.0000048, 63.140771], [13.0006708, 63.1411083], [13.001208, 63.1411751], [13.0015706, 63.1412175], [13.0018392, 63.1410841], [13.0019332, 63.1408778], [13.0021347, 63.1408232], [13.0025779, 63.140902], [13.0029136, 63.140811], [13.0031419, 63.1406593], [13.0029673, 63.140447], [13.00201, 63.1403327], [13.0017011, 63.1401628], [13.0014996, 63.1399899], [13.0012713, 63.1398412], [13.0014661, 63.1396531], [13.0023071, 63.1397143], [13.0028577, 63.1395565], [13.0024279, 63.1390893], [13.0022265, 63.1387131], [13.0015013, 63.138349], [13.0004269, 63.1381427], [12.9994733, 63.1382155], [12.9983318, 63.1383915], [12.9977243, 63.1381702], [12.997432, 63.1380638], [12.9967068, 63.1379788], [12.9956458, 63.1381973], [12.9953772, 63.1379728], [12.9953707, 63.1377832], [12.9953637, 63.1375783], [12.9952026, 63.1373902], [12.9942482, 63.1372628], [12.9940192, 63.1372628], [12.9935612, 63.1372628], [12.9933492, 63.1372628], [12.9924201, 63.1373613], [12.9920331, 63.1374023], [12.9909184, 63.1374873], [12.9902345, 63.1374522], [12.9897366, 63.1374266], [12.9889351, 63.137274], [12.9885637, 63.1374005], [12.988134, 63.1374414], [12.9875878, 63.1374934], [12.98697, 63.1376511], [12.9866745, 63.137906], [12.9866425, 63.1380293], [12.9865961, 63.1382079]], [[13.0011175, 63.1400732], [13.001003, 63.1399587], [13.0004878, 63.1400732], [13.0000871, 63.1403022], [13.0002589, 63.1405312], [13.0004878, 63.1405312], [13.0006596, 63.1406456], [13.0008313, 63.1406456], [13.0011175, 63.1407601], [13.0013465, 63.1407029], [13.001461, 63.1405312], [13.0014038, 63.1403022], [13.001232, 63.1403022], [13.0011175, 63.1400732]], [[12.9984556, 63.1386993], [12.9985988, 63.1387566], [12.9980263, 63.1389283], [12.9979118, 63.1390428], [12.9973537, 63.1386993], [12.9971819, 63.1386993], [12.9970818, 63.1389283], [12.9973394, 63.1390428], [12.9974539, 63.1392145], [12.9976828, 63.1393863], [12.9979691, 63.1393863], [12.9980263, 63.1395007], [12.9983125, 63.1395007], [12.9985988, 63.1394578], [12.998885, 63.1393863], [12.9991712, 63.1392145], [12.9990567, 63.1389855], [12.9992285, 63.1389283], [12.9995147, 63.1386993], [12.9997293, 63.1388138], [13.0, 63.1385276], [12.9995719, 63.1382414], [12.9993125, 63.138285], [12.9991712, 63.1383559], [12.9984556, 63.1386993]], [[12.9931033, 63.1383559], [12.9931033, 63.1384703], [12.9931605, 63.1385848], [12.9933322, 63.1386421], [12.9931033, 63.1388138], [12.993275, 63.1389283], [12.9935612, 63.1388138], [12.9937902, 63.1389283], [12.9941337, 63.1386707], [12.9941337, 63.1385419], [12.9942768, 63.1383559], [12.9941337, 63.1381841], [12.9942482, 63.1380124], [12.9944199, 63.1381269], [12.9945916, 63.1379551], [12.9945344, 63.1378979], [12.9943054, 63.1378979], [12.9940192, 63.1377834], [12.9937329, 63.1380124], [12.9936185, 63.1378979], [12.9931301, 63.1379453], [12.9928457, 63.1382414], [12.9927598, 63.1382414], [12.9928743, 63.1383559], [12.9931033, 63.1383559]], [[12.9923591, 63.1375544], [12.9924163, 63.1376689], [12.9921873, 63.1378407], [12.9924736, 63.1378979], [12.992631, 63.1380124], [12.9927598, 63.1379265], [12.9929315, 63.1377834], [12.9932177, 63.1377262], [12.9935612, 63.1376117], [12.9933322, 63.1374972], [12.9923591, 63.1375544]]]}}, {"type": "Feature", "id": "relation/13261870", "properties": {"natural": "wetland", "type": "multipolygon", "@id": "relation/13261870", "@type": "relation", "osm_id": 13261870}, "geometry": {"type": "Polygon", "coordinates": [[[12.6328945, 62.9715925], [12.6326812, 62.9714892], [12.6324398, 62.9712429], [12.6322896, 62.9709382], [12.6324452, 62.9707481], [12.6326812, 62.970692], [12.6329817, 62.97077], [12.6327563, 62.9708651], [12.6326705, 62.9709602], [12.6329387, 62.971082], [12.633148, 62.9710528], [12.6334859, 62.971043], [12.6337005, 62.9709211], [12.6334484, 62.9708456], [12.6330836, 62.9708529], [12.6330997, 62.9707749], [12.6334054, 62.9707286], [12.6338936, 62.9707432], [12.6342369, 62.9706505], [12.6342906, 62.9705433], [12.6340384, 62.9704701], [12.6340814, 62.9704019], [12.634473, 62.9703556], [12.634945, 62.9705092], [12.634709, 62.9706701], [12.6345642, 62.9708041], [12.6347573, 62.9709504], [12.6348699, 62.9710869], [12.635342, 62.9711186], [12.6357014, 62.971065], [12.6361413, 62.9709285], [12.636549, 62.9708529], [12.6367367, 62.9707895], [12.6370357, 62.9706237], [12.6370196, 62.9704068], [12.6373039, 62.970358], [12.6378886, 62.9703409], [12.6382427, 62.9704092], [12.6379637, 62.9704848], [12.6377116, 62.9706847], [12.6375024, 62.97077], [12.6374863, 62.9708846], [12.6376955, 62.970948], [12.6379262, 62.970926], [12.6379959, 62.9708261], [12.6381032, 62.9706481], [12.6383553, 62.9705969], [12.638248, 62.9707798], [12.6382856, 62.970909], [12.6384841, 62.9709431], [12.6383607, 62.9710577], [12.6379637, 62.9711332], [12.6378618, 62.9712259], [12.6379154, 62.9713209], [12.6377491, 62.971377], [12.6375185, 62.9714038], [12.6369498, 62.9715282], [12.6366655, 62.9715647], [12.6364831, 62.9715769], [12.6361935, 62.9717207], [12.6363383, 62.9717768], [12.6365797, 62.9717744], [12.6365421, 62.9718524], [12.6366333, 62.9719133], [12.6367138, 62.9719767], [12.6365153, 62.9720206], [12.6363758, 62.9719718], [12.6362256, 62.9719182], [12.6358287, 62.9719791], [12.6355283, 62.9719767], [12.6355068, 62.971945], [12.6354478, 62.9718646], [12.6355873, 62.9718353], [12.6356999, 62.9717695], [12.6357375, 62.9715477], [12.6355926, 62.9714989], [12.6351527, 62.9714306], [12.6348899, 62.9714502], [12.6345197, 62.9715013], [12.6342086, 62.9714794], [12.6338599, 62.9714818], [12.6333235, 62.9715477], [12.6331625, 62.9715696], [12.6330338, 62.9716184], [12.6328945, 62.9715925]]]}}, {"type": "Feature", "id": "relation/13262136", "properties": {"natural": "wetland", "type": "multipolygon", "@id": "relation/13262136", "@type": "relation", "osm_id": 13262136}, "geometry": {"type": "Polygon", "coordinates": [[[12.6293725, 62.9764401], [12.6296541, 62.976328], [12.6299277, 62.9763109], [12.6305071, 62.9762378], [12.631006, 62.9761208], [12.6311562, 62.9760574], [12.6311669, 62.975977], [12.6310542, 62.9759063], [12.6310918, 62.9757918], [12.6312903, 62.9756967], [12.6316229, 62.9755906], [12.6317167, 62.9755455], [12.6316765, 62.9754615], [12.6319769, 62.9753981], [12.6324543, 62.9753225], [12.6326743, 62.9753225], [12.6327333, 62.9753299], [12.6327708, 62.9753957], [12.6328942, 62.9753884], [12.6329586, 62.9753079], [12.6330927, 62.9752372], [12.6336131, 62.9752226], [12.6338598, 62.9752543], [12.6340637, 62.9753274], [12.63423, 62.9753884], [12.6343909, 62.9754688], [12.6346108, 62.9754834], [12.6347128, 62.9754542], [12.6350829, 62.9754322], [12.6353389, 62.9754479], [12.6356969, 62.9753831], [12.6363299, 62.9754318], [12.6364801, 62.975544], [12.6363513, 62.9756268], [12.6360724, 62.9756902], [12.6358685, 62.9757487], [12.6358793, 62.9758608], [12.6360724, 62.9758706], [12.6365337, 62.9758413], [12.6367257, 62.9758951], [12.6362391, 62.9759237], [12.6362391, 62.9759523], [12.6356094, 62.9762385], [12.6349834, 62.9765941], [12.6317525, 62.9767707], [12.6309726, 62.9771545], [12.6307436, 62.9770972], [12.6305718, 62.9769255], [12.6304574, 62.9769255], [12.6303491, 62.9768074], [12.6299707, 62.9768001], [12.6299732, 62.9769098], [12.62957, 62.9768245], [12.6292942, 62.9767018], [12.6290296, 62.9766612], [12.6286255, 62.976582], [12.6284422, 62.9766113], [12.6279557, 62.9764759], [12.6276288, 62.9764424], [12.6273188, 62.9764655], [12.6268878, 62.9765386], [12.6267195, 62.9765055], [12.6269343, 62.9764897], [12.6271593, 62.9764164], [12.6278758, 62.9763511], [12.6280946, 62.9763951], [12.6283935, 62.976356], [12.6284873, 62.9763085], [12.6286966, 62.9763938], [12.6288682, 62.976434], [12.6291766, 62.9764438], [12.6293725, 62.9764401]], [[12.6309926, 62.976764], [12.6310168, 62.976708], [12.6310543, 62.9767092], [12.6311026, 62.9767518], [12.631226, 62.9767616], [12.631226, 62.9767933], [12.6308263, 62.9769761], [12.6307003, 62.9769554], [12.6307432, 62.9767457], [12.6308424, 62.9767153], [12.6308693, 62.9767835], [12.6309685, 62.9767969], [12.6309926, 62.976764]], [[12.632183, 62.9755687], [12.6322742, 62.9755907], [12.6323761, 62.975559], [12.6324512, 62.9755639], [12.6323708, 62.9756151], [12.6324727, 62.9756151], [12.6328214, 62.9756077], [12.6328375, 62.9756662], [12.6327355, 62.9756321], [12.6325639, 62.9756565], [12.6326765, 62.9757052], [12.6327999, 62.9757808], [12.6330252, 62.9757979], [12.6331593, 62.9758612], [12.6331057, 62.9758734], [12.6330199, 62.9758515], [12.6329555, 62.9758734], [12.6329126, 62.975966], [12.6327302, 62.9759953], [12.6325317, 62.975966], [12.6322527, 62.9759319], [12.6322474, 62.9758174], [12.6324244, 62.9757906], [12.6326229, 62.9758149], [12.6327087, 62.9757832], [12.6325961, 62.975715], [12.6324941, 62.9757345], [12.632419, 62.9757296], [12.6322635, 62.9757759], [12.6321562, 62.9757516], [12.6322688, 62.9757077], [12.6322206, 62.9756736], [12.6320864, 62.9756687], [12.6320972, 62.9756126], [12.632183, 62.9755687]]]}}, {"type": "Feature", "id": "relation/13262283", "properties": {"natural": "wetland", "type": "multipolygon", "@id": "relation/13262283", "@type": "relation", "osm_id": 13262283}, "geometry": {"type": "Polygon", "coordinates": [[[12.6177341, 62.9779492], [12.6182491, 62.9781905], [12.6185155, 62.9785183], [12.6189812, 62.9786202], [12.6192521, 62.9786945], [12.6194023, 62.9787103], [12.6196732, 62.9787262], [12.61981, 62.9786933], [12.6199334, 62.9786202], [12.6199468, 62.9784971], [12.6199199, 62.9784106], [12.6197858, 62.9783314], [12.6196381, 62.9782994], [12.6198671, 62.9780704], [12.6198098, 62.9779559], [12.6196953, 62.9779559], [12.6196381, 62.9778414], [12.6197526, 62.9776124], [12.6199712, 62.9773325], [12.6204095, 62.9771199], [12.6204007, 62.9770383], [12.620541, 62.9768788], [12.6204712, 62.9770775], [12.6206805, 62.9771908], [12.6206912, 62.9772541], [12.6204498, 62.9773346], [12.6204284, 62.9774028], [12.6205625, 62.9774735], [12.6205142, 62.9775003], [12.6206429, 62.9775637], [12.6207931, 62.9775442], [12.6210828, 62.9775783], [12.6212437, 62.9775076], [12.6215602, 62.9774662], [12.6218285, 62.9773346], [12.6223703, 62.9772663], [12.6224722, 62.9772931], [12.6228638, 62.9771688], [12.6228941, 62.9771404], [12.6229496, 62.9770884], [12.6234615, 62.9770529], [12.6236786, 62.9772089], [12.6243187, 62.9773476], [12.6246391, 62.9773192], [12.6247429, 62.9775567], [12.6244466, 62.9777841], [12.6248293, 62.9780058], [12.6244466, 62.9782421], [12.6238481, 62.9784083], [12.6235307, 62.9787001], [12.6220897, 62.9789438], [12.6214476, 62.979064], [12.6210271, 62.9790082], [12.6204395, 62.9789863], [12.6202915, 62.9790046], [12.6202105, 62.9791008], [12.6202105, 62.979158], [12.620096, 62.9792153], [12.6199243, 62.9791008], [12.6198098, 62.9791008], [12.6196953, 62.9789863], [12.6194377, 62.9789863], [12.6191801, 62.9790435], [12.6187373, 62.979063], [12.6176107, 62.979353], [12.6167632, 62.9794968], [12.6153255, 62.9795943], [12.6155615, 62.9793043], [12.615127, 62.9792117], [12.6143758, 62.9792677], [12.6137804, 62.9793019], [12.6109717, 62.9794303], [12.6099384, 62.9793096], [12.6094757, 62.9783486], [12.6101354, 62.9779559], [12.6102499, 62.9778986], [12.6104217, 62.9777269], [12.6104789, 62.9774979], [12.6104217, 62.9772689], [12.6117419, 62.9771206], [12.6138287, 62.977878], [12.6177341, 62.9779492]], [[12.6210921, 62.9783925], [12.6212342, 62.978412], [12.6212342, 62.9784388], [12.6212128, 62.9784717], [12.6210626, 62.9785132], [12.6210062, 62.9784815], [12.6209553, 62.978434], [12.6208936, 62.9784108], [12.6207836, 62.9784218], [12.6207917, 62.9783974], [12.6209016, 62.9783755], [12.6210921, 62.9783925]], [[12.6207997, 62.9779617], [12.6207783, 62.9778228], [12.620907, 62.9777692], [12.6213415, 62.9777107], [12.6216419, 62.9777595], [12.6218404, 62.9777838], [12.6218243, 62.9778569], [12.6216687, 62.9779203], [12.6215936, 62.9780202], [12.6214756, 62.9780592], [12.6213898, 62.9781177], [12.6211484, 62.9781616], [12.6210357, 62.9781372], [12.6208319, 62.9780812], [12.6208855, 62.9780592], [12.6209606, 62.9780007], [12.6207997, 62.9779617]], [[12.6217117, 62.9780934], [12.621709, 62.9780385], [12.6217412, 62.9779886], [12.6218109, 62.9779825], [12.6218538, 62.9780312], [12.6218485, 62.9780507], [12.6218055, 62.9780897], [12.6217117, 62.9780934]], [[12.6218324, 62.9783346], [12.6219048, 62.9782701], [12.621937, 62.9782347], [12.6219799, 62.9782359], [12.6220523, 62.9782103], [12.6221113, 62.9782237], [12.6221328, 62.9782542], [12.6221086, 62.9782822], [12.6220738, 62.9783066], [12.6218967, 62.9783444], [12.6218324, 62.9783346]], [[12.6219987, 62.9783663], [12.6220979, 62.9783651], [12.6222159, 62.9782627], [12.622291, 62.978253], [12.6223447, 62.9782847], [12.6224171, 62.9782908], [12.6224627, 62.97832], [12.6225566, 62.9783505], [12.6225324, 62.9783797], [12.6224117, 62.978348], [12.6223178, 62.9783712], [12.6221891, 62.9783761], [12.622055, 62.9784199], [12.6219987, 62.9783663]], [[12.6224278, 62.9781129], [12.6224305, 62.9781543], [12.6224654, 62.978175], [12.6223929, 62.9781921], [12.6224251, 62.9782103], [12.6226209, 62.9781872], [12.6227765, 62.9781653], [12.6227202, 62.9781104], [12.6227014, 62.9780946], [12.6226424, 62.9780958], [12.6226424, 62.9781397], [12.62257, 62.9781519], [12.6225431, 62.9781202], [12.6225968, 62.9780787], [12.6225083, 62.9780763], [12.6224278, 62.9781129]]]}}, {"type": "Feature", "id": "relation/13262284", "properties": {"natural": "wetland", "type": "multipolygon", "@id": "relation/13262284", "@type": "relation", "osm_id": 13262284}, "geometry": {"type": "Polygon", "coordinates": [[[12.6251718, 62.9760605], [12.6254776, 62.9762092], [12.6259175, 62.9763481], [12.6257727, 62.9764566], [12.626294, 62.9763559], [12.6266887, 62.9762796], [12.6272967, 62.9761909], [12.627354, 62.9761403], [12.6278892, 62.9760477], [12.6283559, 62.9759502], [12.6285705, 62.9758405], [12.6287261, 62.9758113], [12.6288441, 62.9758746], [12.629976, 62.9758454], [12.6302433, 62.9757695], [12.6308879, 62.975453], [12.6309684, 62.9753969], [12.6313187, 62.9753078], [12.6315102, 62.9753201], [12.6316872, 62.9753006], [12.6319662, 62.975286], [12.6322559, 62.9752251], [12.6325938, 62.9751519], [12.6328191, 62.9750569], [12.6329371, 62.9750593], [12.6330152, 62.9750678], [12.6330498, 62.9750715], [12.6332322, 62.9750666], [12.6333502, 62.9750301], [12.6334307, 62.9749691], [12.6334414, 62.9749082], [12.6332268, 62.974896], [12.6330713, 62.9749179], [12.6328889, 62.9749472], [12.6327655, 62.9749301], [12.6326367, 62.9749033], [12.6326206, 62.974857], [12.6327548, 62.974779], [12.6328942, 62.9747083], [12.6330498, 62.9746986], [12.633318, 62.9747546], [12.6328634, 62.9746334], [12.6321747, 62.9747502], [12.6316022, 62.9746357], [12.6313733, 62.9744067], [12.6312588, 62.9744067], [12.6311282, 62.974034], [12.6306489, 62.9739438], [12.6302284, 62.9737198], [12.6298277, 62.973777], [12.6297132, 62.9739487], [12.629198, 62.9740632], [12.6286397, 62.9739487], [12.6285056, 62.9737897], [12.6281613, 62.9738223], [12.6280754, 62.9735681], [12.6275343, 62.9735793], [12.6269718, 62.973755], [12.6271574, 62.9739946], [12.6276568, 62.9738702], [12.6280132, 62.973912], [12.6283393, 62.974006], [12.6286828, 62.9740632], [12.62874, 62.9741777], [12.6291407, 62.9742922], [12.6294269, 62.9742922], [12.6295987, 62.9744067], [12.6297704, 62.9744067], [12.6298291, 62.9744654], [12.6298849, 62.9745212], [12.6299994, 62.9745212], [12.6300566, 62.9746357], [12.6299421, 62.9748647], [12.6295987, 62.9750364], [12.6290878, 62.9749261], [12.6283571, 62.9750053], [12.6283393, 62.9752081], [12.6281747, 62.9753555], [12.6277973, 62.9754687], [12.6271515, 62.9752775], [12.6261496, 62.9752592], [12.6250191, 62.9753799], [12.6249046, 62.9754371], [12.6247901, 62.9752654], [12.6247598, 62.9748696], [12.6248474, 62.9746357], [12.6245898, 62.9745406], [12.6246184, 62.9742922], [12.6240459, 62.9742922], [12.6235307, 62.9741777], [12.6234735, 62.9740632], [12.6233017, 62.974006], [12.6235307, 62.9738343], [12.62313, 62.9737198], [12.6225469, 62.9740291], [12.622901, 62.9741777], [12.62313, 62.9741777], [12.6231873, 62.974235], [12.6230728, 62.9743495], [12.6227865, 62.9744067], [12.6225003, 62.9745784], [12.6225576, 62.9747502], [12.6226148, 62.9748074], [12.6230728, 62.9748647], [12.623588, 62.9748647], [12.6237025, 62.9752081], [12.6238742, 62.9752654], [12.6231873, 62.9754371], [12.6230728, 62.9756661], [12.6228438, 62.9757233], [12.6228438, 62.975752], [12.6229752, 62.9757769], [12.6226185, 62.9759231], [12.6226148, 62.976124], [12.6226175, 62.9761774], [12.622846, 62.976125], [12.6229058, 62.9761181], [12.6230257, 62.9761043], [12.623235, 62.9760921], [12.6233583, 62.9760762], [12.6237365, 62.976036], [12.624163, 62.9760519], [12.6245576, 62.976091], [12.6246998, 62.9759484], [12.6251718, 62.9760605]], [[12.6229348, 62.9760195], [12.6232432, 62.9759744], [12.6235087, 62.9758733], [12.6239379, 62.9757477], [12.6241981, 62.9757855], [12.6242732, 62.9757538], [12.6242303, 62.9756953], [12.6240774, 62.9756588], [12.6239969, 62.9756027], [12.6238226, 62.9755808], [12.6235168, 62.9755857], [12.6232942, 62.9756405], [12.6230823, 62.9757319], [12.6229589, 62.9758282], [12.6227363, 62.9759232], [12.6226773, 62.9759793], [12.6226719, 62.9760293], [12.6228087, 62.9760232], [12.6228757, 62.9760451], [12.6229348, 62.9760195]], [[12.6238065, 62.9746919], [12.6239728, 62.9746651], [12.6240961, 62.9745893], [12.6242624, 62.9745992], [12.6244556, 62.9746041], [12.6246433, 62.9746114], [12.6247238, 62.9746626], [12.6246219, 62.9748601], [12.6246487, 62.9750014], [12.6246272, 62.9751233], [12.624697, 62.9752232], [12.6246648, 62.9753475], [12.6245575, 62.9753719], [12.6244502, 62.9755011], [12.6243268, 62.9754889], [12.6242088, 62.9754449], [12.6241391, 62.9754036], [12.6242464, 62.975328], [12.6241873, 62.9752647], [12.624182, 62.9751745], [12.6240586, 62.9750112], [12.6240586, 62.9749429], [12.623903, 62.9748259], [12.6239298, 62.9747747], [12.6238065, 62.9746919]]]}}, {"type": "Feature", "id": "relation/13263723", "properties": {"natural": "wetland", "type": "multipolygon", "@id": "relation/13263723", "@type": "relation", "osm_id": 13263723}, "geometry": {"type": "Polygon", "coordinates": [[[12.6351927, 62.974587], [12.6355832, 62.9743472], [12.6361549, 62.9741837], [12.6357239, 62.9746357], [12.6360295, 62.9747055], [12.6362977, 62.9746762], [12.6364801, 62.9747493], [12.636287, 62.9749005], [12.6358364, 62.9750467], [12.6354091, 62.9750933], [12.6352854, 62.9750435], [12.6348402, 62.9747582], [12.6343132, 62.9747707], [12.6338348, 62.9742922], [12.6331321, 62.9740743], [12.6326375, 62.9738477], [12.6322994, 62.9734655], [12.6325371, 62.9735009], [12.6334922, 62.9739052], [12.6337468, 62.9737877], [12.6338885, 62.9736369], [12.6336401, 62.9734063], [12.6340126, 62.972843], [12.6339469, 62.9727487], [12.6334563, 62.9727114], [12.6332811, 62.9724862], [12.6331558, 62.9724224], [12.6329157, 62.9723462], [12.6324823, 62.9723729], [12.6318354, 62.9722969], [12.6309422, 62.9721471], [12.6307098, 62.9722671], [12.6298316, 62.9722737], [12.6293003, 62.9723088], [12.6289224, 62.9722545], [12.628704, 62.9721299], [12.6287102, 62.9718874], [12.6290731, 62.9718605], [12.6290939, 62.9717982], [12.6284113, 62.9715969], [12.627849, 62.9714645], [12.6289901, 62.971454], [12.6293904, 62.9715673], [12.6299961, 62.971792], [12.6309783, 62.971989], [12.6314118, 62.9720405], [12.6318557, 62.9720677], [12.6325475, 62.9720254], [12.6332346, 62.9719727], [12.6334472, 62.9721259], [12.6334492, 62.9723457], [12.6340981, 62.9724492], [12.6342464, 62.972317], [12.6348088, 62.9719926], [12.6355126, 62.9721469], [12.6381496, 62.9724314], [12.6389228, 62.9725563], [12.6391011, 62.9724825], [12.639286, 62.9725021], [12.639356, 62.9725095], [12.6394101, 62.9726727], [12.6396601, 62.9727324], [12.6395876, 62.9728636], [12.6388919, 62.9728786], [12.6382721, 62.9727193], [12.6373798, 62.9725671], [12.6370333, 62.9726282], [12.6360806, 62.9727112], [12.6356642, 62.9725524], [12.634517, 62.9730779], [12.6342183, 62.9734455], [12.6343643, 62.9737567], [12.6349736, 62.9734393], [12.635037, 62.9735297], [12.6347792, 62.9737563], [12.6345146, 62.9738977], [12.6346763, 62.9741177], [12.6349956, 62.9742631], [12.6349706, 62.9745017], [12.6351927, 62.974587]], [[12.6360615, 62.9725644], [12.6357235, 62.9724986], [12.6354285, 62.9725059], [12.6352139, 62.9725693], [12.6350798, 62.9726765], [12.634892, 62.9727204], [12.6345916, 62.9727497], [12.6343771, 62.9728374], [12.6342624, 62.9728442], [12.634259, 62.9727838], [12.6342698, 62.9727253], [12.6342302, 62.9726346], [12.6343234, 62.972579], [12.6345165, 62.9725449], [12.6347043, 62.9725912], [12.6348867, 62.9725839], [12.6351603, 62.9725083], [12.6352783, 62.9724206], [12.6351442, 62.9723304], [12.6350798, 62.9722426], [12.6353373, 62.9722475], [12.6355787, 62.9722451], [12.6358201, 62.9722256], [12.6362546, 62.972267], [12.63626, 62.9723377], [12.6362975, 62.9724279], [12.6365282, 62.9724962], [12.6365604, 62.9725352], [12.6360615, 62.9725644]], [[12.6298052, 62.9722475], [12.6294619, 62.9722548], [12.6291454, 62.972228], [12.6289255, 62.97215], [12.6290686, 62.9720726], [12.6294421, 62.9719117], [12.6296849, 62.9719555], [12.6298815, 62.9720585], [12.6299351, 62.9721949], [12.6298052, 62.9722475]]]}}, {"type": "Feature", "id": "relation/19622218", "properties": {"natural": "wetland", "type": "multipolygon", "wetland": "bog", "@id": "relation/19622218", "@type": "relation", "osm_id": 19622218}, "geometry": {"type": "Polygon", "coordinates": [[[13.0719294, 63.1083596], [13.0723301, 63.1084741], [13.0726163, 63.1084741], [13.072788, 63.1088175], [13.0729598, 63.1088175], [13.0731888, 63.108932], [13.0733319, 63.108932], [13.0736181, 63.108932], [13.0737612, 63.108932], [13.0740474, 63.1091038], [13.0738184, 63.109161], [13.0735895, 63.10939], [13.073704, 63.10939], [13.0741905, 63.10939], [13.0745626, 63.10939], [13.0746199, 63.1095045], [13.0743909, 63.109619], [13.0742764, 63.109619], [13.0741619, 63.1096476], [13.0741619, 63.1096762], [13.0745626, 63.1097334], [13.0746199, 63.1097907], [13.0738184, 63.1099052], [13.0733043, 63.1100585], [13.0729598, 63.1100769], [13.0724484, 63.1101407], [13.0729688, 63.1102665], [13.0731315, 63.1104204], [13.0733032, 63.1104204], [13.0735895, 63.1105349], [13.0738757, 63.1105349], [13.0739329, 63.1105921], [13.0734004, 63.1106266], [13.0733329, 63.1106943], [13.073475, 63.1107639], [13.0736043, 63.1108236], [13.0738194, 63.1109134], [13.0739629, 63.1109316], [13.0740488, 63.1109596], [13.0741737, 63.1110534], [13.0747511, 63.1111599], [13.0753629, 63.1111846], [13.0759937, 63.1113363], [13.0761655, 63.1113363], [13.0763945, 63.1114508], [13.0766234, 63.1114508], [13.0767952, 63.1116225], [13.0769669, 63.1116798], [13.07711, 63.1116798], [13.0773962, 63.1116798], [13.0775394, 63.1116798], [13.0775966, 63.1117943], [13.0775966, 63.1118515], [13.0777111, 63.1119087], [13.0779439, 63.1119025], [13.0781815, 63.1119927], [13.0777507, 63.1120948], [13.0775832, 63.1120936], [13.0774572, 63.1120592], [13.0772531, 63.1120232], [13.0771386, 63.1120232], [13.0767952, 63.112195], [13.0771386, 63.1123095], [13.0768712, 63.1123309], [13.0766288, 63.1122699], [13.0763945, 63.1120232], [13.07628, 63.1120232], [13.0762227, 63.1119087], [13.075822, 63.1117943], [13.0754213, 63.1119087], [13.0754213, 63.111966], [13.0748558, 63.1122362], [13.0748489, 63.1123667], [13.0750206, 63.1125957], [13.0751065, 63.1125957], [13.0753354, 63.1125957], [13.0754785, 63.1125957], [13.0754417, 63.1127107], [13.0752914, 63.1127655], [13.0751619, 63.1128139], [13.0753641, 63.1132826], [13.0757075, 63.1133971], [13.0757648, 63.1135116], [13.075822, 63.1135116], [13.0758793, 63.1136261], [13.0763372, 63.1135116], [13.0766807, 63.1136261], [13.0770814, 63.1136261], [13.0771386, 63.1136833], [13.0766807, 63.1139696], [13.0767379, 63.1140841], [13.0768524, 63.1140841], [13.0769097, 63.1142558], [13.0767952, 63.1144275], [13.0765662, 63.114313], [13.0762227, 63.1144275], [13.0761082, 63.1141985], [13.0761082, 63.1140841], [13.0759651, 63.1139696], [13.075822, 63.1139696], [13.0756503, 63.1138551], [13.0757648, 63.1136261], [13.0754785, 63.1136261], [13.0751351, 63.1135116], [13.0750778, 63.1134544], [13.0751923, 63.1133399], [13.0751351, 63.1132826], [13.0749061, 63.1132826], [13.0747344, 63.1133399], [13.0747344, 63.1133685], [13.0747344, 63.1134544], [13.0747344, 63.1135116], [13.0745054, 63.1137406], [13.0745626, 63.1138551], [13.074666, 63.1138925], [13.074636, 63.1140299], [13.0743355, 63.1139755], [13.0742764, 63.1138551], [13.0741047, 63.1136261], [13.0738757, 63.1136261], [13.073704, 63.1135116], [13.0735322, 63.1133971], [13.0734177, 63.1133971], [13.0733032, 63.1131681], [13.0731888, 63.1131681], [13.0730743, 63.1129392], [13.0729025, 63.1129392], [13.0727308, 63.1127102], [13.0726163, 63.1127102], [13.0725591, 63.1126529], [13.0726735, 63.1125384], [13.0726163, 63.1124812], [13.0725304, 63.1124812], [13.0724446, 63.1125098], [13.0724446, 63.1122522], [13.0723587, 63.1120232], [13.0724446, 63.1119087], [13.0724446, 63.1117943], [13.0722728, 63.1113363], [13.0721583, 63.1113363], [13.0720439, 63.1111073], [13.0719294, 63.1111073], [13.0718721, 63.1109928], [13.0716431, 63.1109928], [13.0714714, 63.1108783], [13.0713569, 63.1108783], [13.0712424, 63.1106494], [13.0708861, 63.1105772], [13.0704017, 63.1106036], [13.0700489, 63.1106076], [13.0698113, 63.1106494], [13.0696968, 63.1106494], [13.0695823, 63.110678], [13.0695823, 63.1107066], [13.0692087, 63.1108957], [13.0688954, 63.1113363], [13.0688954, 63.1113935], [13.0689813, 63.1114508], [13.0690391, 63.1114981], [13.0691244, 63.1116225], [13.0688954, 63.1117943], [13.0688954, 63.1118515], [13.0689813, 63.1119087], [13.0690143, 63.1119865], [13.0691328, 63.1121279], [13.0693601, 63.1121833], [13.0694671, 63.1122498], [13.0697479, 63.1123817], [13.0699433, 63.1124139], [13.0701271, 63.1124675], [13.070256, 63.1125388], [13.0702467, 63.1126868], [13.0695823, 63.1128247], [13.0694678, 63.1129964], [13.0694701, 63.113175], [13.0692998, 63.1131773], [13.0689128, 63.1130984], [13.0687237, 63.1130536], [13.0686147, 63.1129711], [13.0685219, 63.1128705], [13.0685699, 63.1126929], [13.0685125, 63.1125653], [13.0682085, 63.1125384], [13.0676933, 63.1127102], [13.0671208, 63.1125957], [13.0670063, 63.1122522], [13.0668346, 63.1122522], [13.0666628, 63.1119087], [13.0665484, 63.1119087], [13.0664339, 63.1117943], [13.0662621, 63.1117943], [13.0661476, 63.1115653], [13.0660592, 63.1113273], [13.0658614, 63.1112218], [13.0657469, 63.1111073], [13.0655752, 63.1111073], [13.065289, 63.1109928], [13.0651172, 63.1109928], [13.0650027, 63.1109356], [13.0650027, 63.110907], [13.064831, 63.1108783], [13.0646593, 63.1108783], [13.0642586, 63.1107639], [13.0642013, 63.1105921], [13.0644303, 63.1104204], [13.0646593, 63.1105349], [13.0647165, 63.1105349], [13.0649447, 63.1105686], [13.0652932, 63.1104678], [13.0660332, 63.1103631], [13.0668346, 63.1100197], [13.0665484, 63.1098479], [13.0651172, 63.1097907], [13.065484, 63.1096611], [13.0660332, 63.109619], [13.066499, 63.1096759], [13.0670489, 63.1095703], [13.0672925, 63.109619], [13.0675788, 63.109619], [13.067636, 63.1096762], [13.067407, 63.1097907], [13.067636, 63.1098479], [13.0685601, 63.1096609], [13.0686664, 63.1095045], [13.0691816, 63.109161], [13.0701548, 63.1083596], [13.0700975, 63.1082451], [13.069983, 63.1082451], [13.0699258, 63.1081306], [13.0701548, 63.1079589], [13.069983, 63.1079016], [13.0699258, 63.1076726], [13.0701548, 63.1076726], [13.0707845, 63.1075581], [13.0711852, 63.1076154], [13.0713569, 63.1077871], [13.0717004, 63.1079016], [13.0719294, 63.1083596]], [[13.0688332, 63.1111643], [13.0687762, 63.1110376], [13.0687346, 63.1109836], [13.0686101, 63.1108827], [13.0685997, 63.110831], [13.0684855, 63.1107325], [13.0684181, 63.110655], [13.0684752, 63.1106198], [13.0683246, 63.1105893], [13.068143, 63.1105494], [13.0679769, 63.110432], [13.0679977, 63.110378], [13.0679198, 63.1103217], [13.0677901, 63.1102888], [13.0678005, 63.1102395], [13.0677278, 63.110148], [13.0676448, 63.1101057], [13.0673801, 63.1101011], [13.0672088, 63.1101198], [13.0672244, 63.1101715], [13.0671102, 63.1102419], [13.0669753, 63.1102231], [13.0667988, 63.1102888], [13.066638, 63.1103827], [13.0666691, 63.1104555], [13.0666016, 63.1105142], [13.066695, 63.110601], [13.0666483, 63.1106644], [13.066529, 63.1107184], [13.0666068, 63.1107583], [13.0665445, 63.1107958], [13.066394, 63.1107935], [13.0663318, 63.110824], [13.0664511, 63.1109179], [13.0664978, 63.1109906], [13.0664771, 63.1110822], [13.0665445, 63.111162], [13.0664719, 63.1112418], [13.0665134, 63.1112934], [13.0665601, 63.1113756], [13.066529, 63.1114507], [13.0665549, 63.111507], [13.0665082, 63.1115727], [13.066695, 63.1116478], [13.0668196, 63.1117276], [13.0669182, 63.1118004], [13.0669909, 63.1118779], [13.0671258, 63.1119225], [13.0672313, 63.1119551], [13.0672112, 63.1119767], [13.0671664, 63.1119916], [13.0672555, 63.112014], [13.067312, 63.1120017], [13.0673487, 63.1119783], [13.0674631, 63.112014], [13.0676396, 63.1120422], [13.0677434, 63.1120914], [13.067842, 63.1121149], [13.0678368, 63.1121689], [13.0678939, 63.1121666], [13.0680081, 63.1121595], [13.068169, 63.1121924], [13.0682727, 63.1122088], [13.068335, 63.1121924], [13.0683765, 63.1121525], [13.0684596, 63.1121501], [13.0683869, 63.1121008], [13.0684181, 63.1120609], [13.0684596, 63.1120163], [13.0685634, 63.1120046], [13.0685322, 63.1119506], [13.0685167, 63.1118896], [13.068636, 63.1117863], [13.0686931, 63.1117464], [13.0686672, 63.1116478], [13.0687606, 63.111554], [13.0687969, 63.1114249], [13.0688955, 63.1113357], [13.0689007, 63.1112441], [13.0688332, 63.1111643]], [[13.0722156, 63.1100769], [13.0724392, 63.1099191], [13.0724084, 63.109896], [13.0719874, 63.1098995], [13.0717576, 63.1099624], [13.0718031, 63.1100341], [13.0719294, 63.1100769], [13.0721059, 63.1101086], [13.0722156, 63.1100769]]]}}, {"type": "Feature", "id": "relation/19622220", "properties": {"natural": "wetland", "type": "multipolygon", "wetland": "bog", "@id": "relation/19622220", "@type": "relation", "osm_id": 19622220}, "geometry": {"type": "Polygon", "coordinates": [[[13.0588203, 63.1078444], [13.0588203, 63.107873], [13.0588203, 63.1079302], [13.0588203, 63.1079589], [13.058992, 63.1080161], [13.0592783, 63.1080161], [13.05945, 63.1081306], [13.0595645, 63.1081306], [13.0596217, 63.1082451], [13.0591638, 63.1084168], [13.0595645, 63.1084741], [13.0596217, 63.108703], [13.0595072, 63.108932], [13.0593928, 63.1089893], [13.0595072, 63.1091038], [13.0593928, 63.1092182], [13.0589348, 63.1092755], [13.0585341, 63.1097334], [13.0581334, 63.1100197], [13.0581906, 63.1100769], [13.0582765, 63.1100769], [13.0585341, 63.1100769], [13.0587058, 63.1100769], [13.0590493, 63.1100769], [13.059221, 63.1100769], [13.0592783, 63.1101914], [13.0593928, 63.1101914], [13.0595072, 63.1101628], [13.0595072, 63.1101342], [13.0600797, 63.1099624], [13.0601369, 63.1097334], [13.0603087, 63.1098479], [13.0603087, 63.1097907], [13.0606521, 63.109619], [13.0608239, 63.109619], [13.0608811, 63.1097334], [13.0606521, 63.1098479], [13.0606521, 63.1100769], [13.0605376, 63.1103059], [13.0600797, 63.1104204], [13.0600797, 63.1104776], [13.05945, 63.1106494], [13.0592783, 63.1105921], [13.0595072, 63.1104776], [13.05945, 63.1104204], [13.0592783, 63.1104204], [13.0588203, 63.1105349], [13.0588203, 63.1106494], [13.0589062, 63.1107639], [13.058992, 63.1107639], [13.0590493, 63.1108783], [13.0585913, 63.1109928], [13.0588203, 63.1108211], [13.0588203, 63.1107639], [13.0580761, 63.1109928], [13.0578758, 63.1109928], [13.0576754, 63.1110215], [13.0576754, 63.1110501], [13.0580189, 63.1111073], [13.0584196, 63.1111073], [13.0585913, 63.1112791], [13.0588203, 63.1113363], [13.0590493, 63.1111073], [13.05945, 63.1111073], [13.0601369, 63.1109928], [13.0601942, 63.1110501], [13.0600797, 63.1111073], [13.0599815, 63.1112437], [13.0598983, 63.1114548], [13.0599064, 63.111604], [13.0599867, 63.1118007], [13.0602514, 63.1119087], [13.0604232, 63.1120232], [13.0605949, 63.1119087], [13.0607094, 63.1119087], [13.0607666, 63.1121377], [13.0609956, 63.1122522], [13.0612818, 63.1122522], [13.0614536, 63.1123667], [13.0616253, 63.1123667], [13.0617398, 63.1124812], [13.0618543, 63.1124812], [13.0619688, 63.1125957], [13.0621405, 63.1125957], [13.0625412, 63.1127102], [13.0626557, 63.1127102], [13.0627702, 63.1128247], [13.0628847, 63.1128247], [13.0630564, 63.1129392], [13.0630564, 63.1126529], [13.0632282, 63.1119087], [13.0633426, 63.1120232], [13.0636861, 63.1121377], [13.0638578, 63.112424], [13.0636289, 63.1128247], [13.0632854, 63.1129392], [13.0630591, 63.1130916], [13.0625985, 63.1132826], [13.062484, 63.1132826], [13.062026, 63.1133399], [13.062026, 63.1133971], [13.0620833, 63.1135116], [13.062255, 63.1135116], [13.062255, 63.1135688], [13.0623695, 63.1136261], [13.0625412, 63.1136261], [13.0626557, 63.1137406], [13.0627702, 63.1137406], [13.0628274, 63.1138551], [13.0630564, 63.1139696], [13.0633426, 63.1139696], [13.0633999, 63.1141413], [13.0632854, 63.114313], [13.0631709, 63.1143703], [13.0635144, 63.1144848], [13.0633999, 63.114542], [13.0633999, 63.1147137], [13.0632854, 63.1148855], [13.0631137, 63.114771], [13.062713, 63.114771], [13.0623695, 63.1145993], [13.0628274, 63.1143703], [13.0626557, 63.114313], [13.0625412, 63.1140841], [13.0621405, 63.1140841], [13.061797, 63.1139696], [13.0616825, 63.1133971], [13.0613963, 63.1133971], [13.0611673, 63.1132826], [13.0608811, 63.1132826], [13.0606521, 63.1134544], [13.0603659, 63.1135116], [13.0600797, 63.1133399], [13.0600797, 63.113254], [13.0599652, 63.1131681], [13.0599527, 63.1130874], [13.0598507, 63.1130536], [13.059679, 63.1128247], [13.0587058, 63.1127674], [13.0589348, 63.1126529], [13.0588775, 63.1125957], [13.0587344, 63.1125957], [13.058391, 63.1125957], [13.0581906, 63.1125957], [13.0577899, 63.1124812], [13.0577327, 63.1123667], [13.0576182, 63.1123667], [13.0575609, 63.1122522], [13.0583623, 63.111966], [13.0583051, 63.1119087], [13.0581334, 63.1119087], [13.0579044, 63.1120232], [13.0577899, 63.1117943], [13.0574464, 63.1117943], [13.057103, 63.1119087], [13.0565878, 63.1116798], [13.0563015, 63.1116798], [13.0560153, 63.1115653], [13.0555001, 63.1115653], [13.0550421, 63.1114508], [13.0538972, 63.1113935], [13.053611, 63.1112218], [13.0533248, 63.1112218], [13.0530958, 63.1111073], [13.0530958, 63.1109928], [13.0532915, 63.1107286], [13.0535824, 63.1106494], [13.05384, 63.1106494], [13.0540117, 63.1107639], [13.0542407, 63.1106494], [13.0544125, 63.1106494], [13.0545842, 63.1111073], [13.0548132, 63.1111073], [13.0552711, 63.1110501], [13.0550994, 63.1109928], [13.0550421, 63.1108783], [13.0550421, 63.1108211], [13.0549277, 63.1107639], [13.0548132, 63.1107639], [13.0546414, 63.1105349], [13.0543552, 63.1105349], [13.0541262, 63.1104204], [13.0546987, 63.1100769], [13.0546987, 63.1099624], [13.0548132, 63.1099624], [13.0556146, 63.109619], [13.0555573, 63.1095045], [13.0554429, 63.1095045], [13.0553856, 63.1095617], [13.0549277, 63.109619], [13.0542407, 63.1097334], [13.054069, 63.109619], [13.0538972, 63.1098479], [13.0537828, 63.1098479], [13.0537255, 63.1097334], [13.053611, 63.1097334], [13.0534393, 63.109619], [13.0532676, 63.1097334], [13.0532103, 63.109619], [13.0534393, 63.1094472], [13.0543552, 63.1093327], [13.054298, 63.1092755], [13.0540117, 63.1092755], [13.0537828, 63.109161], [13.0540117, 63.108932], [13.0539545, 63.108703], [13.0544125, 63.108932], [13.0544697, 63.1089893], [13.0543552, 63.1091038], [13.0545842, 63.109161], [13.0550421, 63.1090465], [13.0553856, 63.1090465], [13.0555001, 63.1085885], [13.0556146, 63.1085885], [13.0555573, 63.1083596], [13.0552997, 63.1083596], [13.0550421, 63.1084168], [13.0550421, 63.1084741], [13.0549277, 63.1085885], [13.0548132, 63.1085313], [13.0546987, 63.1083596], [13.0548132, 63.1082451], [13.0550421, 63.1082451], [13.0555001, 63.1081306], [13.0560726, 63.1079589], [13.0560726, 63.1079016], [13.0557863, 63.1079016], [13.0560726, 63.1077871], [13.0560726, 63.1076726], [13.0560726, 63.1075581], [13.0561584, 63.1076726], [13.0562443, 63.1076726], [13.0563015, 63.1079016], [13.0565305, 63.1079016], [13.0565878, 63.1077871], [13.056645, 63.1079016], [13.0567595, 63.1079016], [13.056874, 63.107873], [13.056874, 63.1078444], [13.0570457, 63.1077871], [13.0572174, 63.1079016], [13.0573319, 63.1079016], [13.0574464, 63.107873], [13.0574464, 63.1078444], [13.0580189, 63.1076726], [13.0581334, 63.1076154], [13.0579616, 63.1075581], [13.0579044, 63.1072147], [13.0581357, 63.1068971], [13.0583623, 63.1069285], [13.0585341, 63.1072147], [13.0586274, 63.1072305], [13.0589439, 63.1073984], [13.0590875, 63.1071956], [13.0593928, 63.1072147], [13.0595072, 63.1071861], [13.0595072, 63.1071574], [13.0596161, 63.1070516], [13.0598553, 63.1070566], [13.0599217, 63.1071658], [13.0600797, 63.1072147], [13.0600797, 63.1073292], [13.0602228, 63.1074437], [13.0600797, 63.1074437], [13.059679, 63.1075581], [13.0595072, 63.1076726], [13.0598507, 63.1076726], [13.0598507, 63.1077299], [13.0599366, 63.1077871], [13.0596217, 63.1077871], [13.0593355, 63.1079016], [13.059221, 63.1077871], [13.0590493, 63.1077871], [13.0588203, 63.1078444]], [[13.0575609, 63.108932], [13.0574464, 63.1087603], [13.0575609, 63.1085885], [13.0576754, 63.1085313], [13.0576182, 63.1084741], [13.0569885, 63.1084741], [13.0569312, 63.108703], [13.0567595, 63.1085885], [13.056187, 63.1089893], [13.0569312, 63.109161], [13.0573892, 63.1090465], [13.0575609, 63.108932]], [[13.0559581, 63.10939], [13.056187, 63.10939], [13.056416, 63.1092182], [13.056187, 63.109161], [13.0559581, 63.1092755], [13.0559581, 63.10939]], [[13.056187, 63.10939], [13.0559581, 63.10939], [13.0557291, 63.1094472], [13.0557863, 63.1095045], [13.0558722, 63.1095045], [13.0561584, 63.1095045], [13.0563588, 63.1095045], [13.0565878, 63.109619], [13.0567595, 63.109619], [13.0567022, 63.1092755], [13.056187, 63.10939]], [[13.0557291, 63.1103059], [13.0552711, 63.1103631], [13.0552711, 63.1104204], [13.0559581, 63.1103631], [13.0559008, 63.1103059], [13.0557291, 63.1103059]], [[13.056874, 63.1108783], [13.0569885, 63.1108783], [13.057103, 63.1108497], [13.057103, 63.1108211], [13.0576754, 63.1106494], [13.0579044, 63.1107066], [13.0576754, 63.1108783], [13.0582479, 63.1108211], [13.0580189, 63.1107066], [13.0581334, 63.1105349], [13.0580189, 63.1105349], [13.0577899, 63.1105349], [13.0576754, 63.1105349], [13.0574464, 63.1104204], [13.0572747, 63.1104204], [13.057103, 63.110449], [13.057103, 63.1104776], [13.056645, 63.1105921], [13.0568167, 63.1106494], [13.056874, 63.1108783]], [[13.0563015, 63.1111073], [13.056416, 63.1111073], [13.0569312, 63.1112218], [13.0570743, 63.1112218], [13.0572174, 63.1110501], [13.0571602, 63.1108783], [13.0569885, 63.1108783], [13.056874, 63.1108783], [13.0560726, 63.1109356], [13.0562443, 63.1109928], [13.0563015, 63.1111073]], [[13.056416, 63.1111073], [13.0563015, 63.1111073], [13.0557291, 63.1109928], [13.0556146, 63.1111073], [13.0560153, 63.1112218], [13.056416, 63.1111646], [13.056416, 63.1111073]], [[13.0601942, 63.1121377], [13.0601369, 63.1120232], [13.0600224, 63.1120232], [13.0599652, 63.1119087], [13.0597362, 63.1117943], [13.0596217, 63.1118515], [13.0597362, 63.111966], [13.0595072, 63.1120805], [13.0598507, 63.1122522], [13.0601942, 63.1121377]]]}}, {"type": "Feature", "id": "relation/19780878", "properties": {"natural": "wetland", "type": "multipolygon", "wetland": "fen", "@id": "relation/19780878", "@type": "relation", "osm_id": 19780878}, "geometry": {"type": "Polygon", "coordinates": [[[12.8838083, 63.1230198], [12.8824565, 63.1234272], [12.8824565, 63.1237667], [12.881684, 63.1244069], [12.8818557, 63.124824], [12.882185, 63.1258852], [12.8820917, 63.1267058], [12.8815553, 63.1271325], [12.8793418, 63.1276002], [12.8764612, 63.127736], [12.8748309, 63.1277637], [12.8740011, 63.1269385], [12.8727136, 63.1255418], [12.8730569, 63.124145], [12.8741727, 63.1227094], [12.8750182, 63.1216268], [12.8771768, 63.1204588], [12.8772626, 63.1196438], [12.8763185, 63.119217], [12.8775201, 63.1187901], [12.8789605, 63.1177182], [12.881146, 63.1172309], [12.8826932, 63.1171886], [12.8859187, 63.116543], [12.8869615, 63.1160346], [12.888436, 63.1159544], [12.8881163, 63.1163738], [12.8882308, 63.1164883], [12.8883452, 63.1167173], [12.8879291, 63.1167627], [12.8875438, 63.1170035], [12.8878873, 63.117118], [12.8876583, 63.1172325], [12.8880018, 63.1174043], [12.8882308, 63.1171753], [12.8884973, 63.1168608], [12.8895778, 63.1168038], [12.8900626, 63.1168318], [12.8907495, 63.1168318], [12.890864, 63.1166028], [12.8907495, 63.1163738], [12.8910644, 63.1161449], [12.8909785, 63.1158014], [12.8912075, 63.1152289], [12.8910644, 63.115], [12.890864, 63.114771], [12.8909499, 63.114771], [12.8911502, 63.1146565], [12.8912075, 63.1147137], [12.8916082, 63.114771], [12.8922379, 63.1146565], [12.8927531, 63.114542], [12.8928962, 63.114771], [12.8930393, 63.1148282], [12.8928103, 63.1149141], [12.8933255, 63.115], [12.8938407, 63.1149427], [12.8939839, 63.114771], [12.8934973, 63.1144848], [12.8942987, 63.1141413], [12.8949856, 63.1137406], [12.8951574, 63.1138551], [12.8953291, 63.1138837], [12.8956153, 63.1135116], [12.8962782, 63.1133292], [12.8966171, 63.1132826], [12.896703, 63.1134544], [12.8965885, 63.1135116], [12.8966457, 63.1139696], [12.896703, 63.1140268], [12.896245, 63.1141413], [12.8964168, 63.1141985], [12.8965885, 63.1143703], [12.8969892, 63.1144275], [12.8970465, 63.1145993], [12.896932, 63.114771], [12.896474, 63.114542], [12.8963595, 63.1146565], [12.8964168, 63.114771], [12.8965885, 63.1148282], [12.8964168, 63.1148855], [12.8961305, 63.114771], [12.896016, 63.1148855], [12.8961305, 63.1151145], [12.8964168, 63.1152289], [12.8967602, 63.1152289], [12.8970465, 63.1154579], [12.8979624, 63.115], [12.8984203, 63.1147424], [12.8984203, 63.1144275], [12.8986493, 63.1137406], [12.8991073, 63.1132826], [12.8991073, 63.1131968], [12.8996797, 63.1125384], [12.9, 63.1124812], [12.9, 63.1122522], [12.9, 63.1121377], [12.9004811, 63.1117943], [12.9008246, 63.111966], [12.9001377, 63.1122093], [12.900338, 63.1122522], [12.9005384, 63.1122522], [12.9005956, 63.1123095], [12.9002522, 63.1127102], [12.9001377, 63.1129392], [12.9004239, 63.1129392], [12.9004811, 63.1129964], [12.9001377, 63.1130536], [12.8994507, 63.1131109], [12.8995795, 63.1132826], [12.8997942, 63.1139123], [12.8992218, 63.1142272], [12.8994221, 63.114313], [12.8995652, 63.1144275], [12.8994507, 63.114542], [12.8993362, 63.1148855], [12.8994507, 63.1152289], [12.8995652, 63.1153434], [12.8991073, 63.115415], [12.8991931, 63.1154579], [12.8994507, 63.1156869], [12.899737, 63.1155724], [12.9, 63.1155724], [12.9, 63.1156869], [12.9000014, 63.1157441], [12.8986493, 63.1158586], [12.8983058, 63.1158014], [12.8972754, 63.1159445], [12.8968175, 63.1161449], [12.896474, 63.1166028], [12.8975044, 63.1165456], [12.8978479, 63.1164311], [12.8977906, 63.1163738], [12.8972754, 63.1163166], [12.8978479, 63.1160876], [12.8983058, 63.1160304], [12.8981914, 63.1162594], [12.8980769, 63.1163166], [12.8981341, 63.1163738], [12.8985348, 63.1164883], [12.898821, 63.1164883], [12.8988783, 63.1165456], [12.8983631, 63.1166028], [12.8978479, 63.1167746], [12.8977334, 63.1169463], [12.8973899, 63.117118], [12.8975617, 63.1171753], [12.8977334, 63.1174043], [12.8979051, 63.1170608], [12.8980626, 63.1172898], [12.8981914, 63.1172325], [12.8984203, 63.1174043], [12.8987638, 63.1174043], [12.8984203, 63.1177048], [12.8987352, 63.1177477], [12.89905, 63.1177477], [12.8991073, 63.117805], [12.8987638, 63.1180912], [12.8989355, 63.1183202], [12.899279, 63.1184347], [12.8993362, 63.1185491], [12.8992218, 63.1186636], [12.8987066, 63.1184347], [12.8981914, 63.1186636], [12.8979051, 63.1184347], [12.896932, 63.1182629], [12.8970465, 63.1181484], [12.8968747, 63.1180912], [12.8967602, 63.1176332], [12.8965313, 63.1176332], [12.8963023, 63.1177477], [12.8961878, 63.1176332], [12.8957012, 63.1176332], [12.8949885, 63.1177741], [12.8948712, 63.1180912], [12.8944132, 63.1183202], [12.8943559, 63.1184347], [12.8937814, 63.1184048], [12.8926019, 63.1181752], [12.8922093, 63.1184347], [12.8920089, 63.1184919], [12.8921234, 63.1186064], [12.8918944, 63.1187209], [12.891093, 63.1188354], [12.8912647, 63.1188926], [12.891322, 63.1190071], [12.8911468, 63.1190326], [12.890575, 63.1190559], [12.8898808, 63.119314], [12.8893658, 63.1195662], [12.8888325, 63.1195737], [12.8896675, 63.1188683], [12.8883491, 63.1187215], [12.8879903, 63.1190122], [12.8875438, 63.1190644], [12.8861699, 63.1191216], [12.8853685, 63.1192075], [12.8849106, 63.1191216], [12.8845671, 63.1192933], [12.8848533, 63.1193506], [12.8849106, 63.1195223], [12.8846816, 63.1198085], [12.8850823, 63.1198085], [12.885254, 63.120152], [12.8854258, 63.1202665], [12.8855814, 63.1203844], [12.8861332, 63.1203947], [12.8869916, 63.1203462], [12.8883648, 63.120094], [12.8892586, 63.1199155], [12.8901169, 63.1198767], [12.8896904, 63.1203903], [12.8892017, 63.1208119], [12.8870886, 63.1212348], [12.8856108, 63.1219721], [12.8852031, 63.1223505], [12.8838083, 63.1230198]], [[12.8870572, 63.1185491], [12.8867996, 63.1185491], [12.8866279, 63.118406], [12.8864562, 63.1183202], [12.8861699, 63.1183774], [12.8863989, 63.1184919], [12.8853399, 63.1185491], [12.8851968, 63.1188926], [12.885025, 63.1189499], [12.8852397, 63.1191216], [12.8853685, 63.1190787], [12.8863989, 63.1189499], [12.8874853, 63.1186854], [12.8870572, 63.1185491]], [[12.8830787, 63.1181198], [12.8830787, 63.1179767], [12.8827353, 63.1179195], [12.8830787, 63.1176619], [12.8827353, 63.1175187], [12.8823345, 63.1176332], [12.8821628, 63.1175187], [12.8814186, 63.1176332], [12.8811324, 63.1177763], [12.8805886, 63.1180912], [12.8804455, 63.1183774], [12.8805027, 63.1185491], [12.8812469, 63.1186636], [12.8812469, 63.1186207], [12.8814759, 63.1184919], [12.8818193, 63.1184347], [12.8818193, 63.1183917], [12.8821056, 63.1183202], [12.8825063, 63.1184347], [12.8826208, 63.1183774], [12.882449, 63.1182057], [12.8822773, 63.1181484], [12.8830787, 63.1181198]], [[12.8951001, 63.1159159], [12.8949856, 63.1159159], [12.8947567, 63.1159731], [12.8948712, 63.1163166], [12.8947567, 63.1166028], [12.8946422, 63.1166601], [12.8946994, 63.1167173], [12.8951001, 63.1168318], [12.8953864, 63.1168318], [12.8955581, 63.1169463], [12.896474, 63.1166887], [12.8963452, 63.1166028], [12.8961878, 63.1163738], [12.896016, 63.1164883], [12.8956726, 63.1163738], [12.8952719, 63.1166028], [12.8951001, 63.1159159]], [[12.8953291, 63.1153434], [12.8953582, 63.1153375], [12.8957871, 63.1151717], [12.8957298, 63.1151145], [12.8954436, 63.1151145], [12.8951001, 63.115], [12.8947567, 63.1152862], [12.8953291, 63.1153434]], [[12.8957871, 63.1155724], [12.8959016, 63.1155724], [12.896016, 63.1154007], [12.8959588, 63.1153434], [12.8953582, 63.1153375], [12.8953291, 63.1153434], [12.8955008, 63.1154579], [12.8957298, 63.1154579], [12.8957871, 63.1155724]]]}}], "bbox": [12.48, 62.957, 13.181, 63.165]}