{"type": "FeatureCollection", "name": "Valadalen_zonering_och_restriktionsomraden", "crs": {"type": "name", "properties": {"name": "urn:ogc:def:crs:OGC:1.3/CRS84"}}, "metadata": {"source_service": "https://ext-geodata-lokala-visning.lansstyrelsen.se/arcgis/rest/services/LSTZ/LstZ_Zonering_Valadalen_extern_Karttjanst/FeatureServer", "source_layers": {"2": "LstZ Zonering Vålådalen (4 zoner)", "1": "LstZ Restriktionsområden Vålådalen (7 polygoner)"}, "webmap_item": "https://ext-geoportal.lansstyrelsen.se/arcgis/sharing/rest/content/items/12327bb8093141e3b4f0903e8b2f38f5", "viewer": "https://ext-webbgis.lansstyrelsen.se/lstz_zonkartan_valadalen/", "metadata_catalog": "https://ext-geodatakatalog.lansstyrelsen.se/GeodataKatalogen/GetMetaDataById?id=f77cc51b-5fb8-4e94-986d-ae415a9f0835", "retrieved": "2026-08-23", "crs": "EPSG:4326 (outSR=4326)", "note": "Attribute Areal__ha_ on zone features is unreliable (Ororo zon says 8914 but true area is ~93912 ha). Use _area_ha (computed geodesic).", "derived_fields": "_layer,_layer_id,_name,_kind,_camping_banned,_camping_partial,_access_banned,_area_ha added by retrieval script; all other fields verbatim from service."}, "features": [{"type": "Feature", "properties": {"_layer": "zonering", "_layer_id": 2, "_name": "Lågaktiv zon", "_kind": "zone", "_camping_banned": false, "_camping_partial": false, "_access_banned": false, "_area_ha": 5949.6, "OBJECTID": 1, "Zon": "Lågaktiv zon", "Beträda": "Inom Lågaktiv zon finns inga beträdnadsförbud.", "Cykla": "Inte tillåtet att cykla, med undantag för väl snötäckt mark under perioden 1/10-19/4. Elcykel ej tillåtet.", "Slå_läger_Övernatta": "Tillåtet att slå läger och övernatta inom hela Lågaktiv zon. ", "Elda": "Tillåtet att göra upp eld med medhavd ved eller löst liggande, tunna grenar och kvistar.", "Rida": "Tillåtet att rida eller leda häst inom Lågaktiv zon.", "Drönare": "Inte tillåtet att starta och landa drönare eller annan luftfarkost.", "Motorfordon": "Inte tillåtet att köra motorfordon.", "På_vatten": "Inte tillåtet att använda motordriven vattenfarkost.", "Tidszonering": "Undvik gärna att besöka Lågaktiv zon under perioden 20/4 - 18/6, då naturen är en barnkammare. \n", "Organiserad_verksamhet": "Inte tillåtet att genomföra tävling eller att organisera ridturer. För organiserad  övernattning i tält, vindskydd eller motsvarande gäller särskilda regler, kontakta Länsstyrelsen.", "Anteckning": "Lågaktiv zon", "Delområde": "LAG", "Skötselområden": null, "Areal__ha_": 5021, "ObjectID_1": null, "Shape__Area": 59704792.31464488, "Shape__Length": 135071.69682205273}, "geometry": {"type": "MultiPolygon", "coordinates": [[[[12.572285232273877, 63.06459066468933], [12.57851473797056, 63.07382986919883], [12.61168718441587, 63.089163663208595], [12.659771920926659, 63.095186399420996], [12.685567002614919, 63.105076210732626], [12.702911269545064, 63.11426761234239], [12.706848369834297, 63.117255759750094], [12.705257408844478, 63.120375035829085], [12.717139038397182, 63.125689603355895], [12.729260003961711, 63.127088849729], [12.724991181836375, 63.131016358639805], [12.764369797118299, 63.136452383450454], [12.735609563581534, 63.14950290091957], [12.685090760300538, 63.15705675393461], [12.668173123273236, 63.150649052066456], [12.677355019712817, 63.12162550438544], [12.672718478373817, 63.118077200947056], [12.6713166869679, 63.1163495200239], [12.64292185353074, 63.10565219748442], [12.629185029249541, 63.1020911942054], [12.62615509896645, 63.10167841888227], [12.60803980588926, 63.0950720233213], [12.600944266608288, 63.094022228193865], [12.579434755072015, 63.08536520216359], [12.569339460833604, 63.07728852109673], [12.566214858715476, 63.07173316675915], [12.561372572494614, 63.06630313089087], [12.55417647775994, 63.06149897877436], [12.538839150950231, 63.06714311334411], [12.525274954214806, 63.06664220466281], [12.51684786130566, 63.05571982138784], [12.50335553283739, 63.05782962854868], [12.49199782652509, 63.05745538039801], [12.468759461794159, 63.06107375889736], [12.466287001152343, 63.05806951133943], [12.461683883703042, 63.05937038847318], [12.455792533003411, 63.06290569656608], [12.451008012627572, 63.06485610486494], [12.447697298829986, 63.06705920846678], [12.44509858252822, 63.06967106987991], [12.442837745676343, 63.07127075362031], [12.439729669971335, 63.07257224571866], [12.438569395520041, 63.07441803490614], [12.439890229403003, 63.07642182419584], [12.437849018608047, 63.07853031192175], [12.436717412489624, 63.0777012580531], [12.435387307344637, 63.07682169930407], [12.434822837342056, 63.07644841145482], [12.434758450325246, 63.0764307884951], [12.433631709987274, 63.076122393599356], [12.432404250691315, 63.07576846879743], [12.431810380038254, 63.07566782043057], [12.431412604974534, 63.075600404957385], [12.431290377317321, 63.07559967887788], [12.430421533242935, 63.07559451460364], [12.428683669002858, 63.075363371685874], [12.427323744831366, 63.07512332126541], [12.427239004178528, 63.075068704235996], [12.427227819113275, 63.075067238381266], [12.427078390572843, 63.074965184676195], [12.426089392779707, 63.07432773172737], [12.425695172077054, 63.074020461859696], [12.425254426601779, 63.07367692027331], [12.425174547725174, 63.0736648619531], [12.42511192745898, 63.07365540921863], [12.424046410234254, 63.073494559601315], [12.422583456316627, 63.07328800708202], [12.421398452412184, 63.07307915440887], [12.421076245120878, 63.073058532053174], [12.420550956616374, 63.073024910695786], [12.420493012962707, 63.073021201508986], [12.419707322830664, 63.07262380405815], [12.418775200544543, 63.07245709299699], [12.418731102064147, 63.072440319942274], [12.418092167013892, 63.072197298521246], [12.417464753673038, 63.07180371650547], [12.417391054775322, 63.07142355382257], [12.417863079688287, 63.070957511413845], [12.418205170470856, 63.07041076202722], [12.418240408124985, 63.07037005793213], [12.418236811500329, 63.07036019096066], [12.418279530895926, 63.07029191191215], [12.418086676801106, 63.06974669644823], [12.417368385466908, 63.06931898233894], [12.416247991607953, 63.06817748810965], [12.416233926165738, 63.06815817106275], [12.415584503445624, 63.06726618050838], [12.422792659738267, 63.06686030347478], [12.432067500254977, 63.06465271486371], [12.446346552155784, 63.06110923606217], [12.454080980306426, 63.058587327134695], [12.4622359145378, 63.05731444591025], [12.468898912684159, 63.055203404848335], [12.487409318118706, 63.05299872703567], [12.497429691788044, 63.05337899806061], [12.51271915079704, 63.05222921163136], [12.521693861070808, 63.04914258881384], [12.534722279094195, 63.046670615559755], [12.526335488208014, 63.041823325734235], [12.516546165306174, 63.030905927783756], [12.509757378998584, 63.029367308981676], [12.506939725488062, 63.02576947525765], [12.497816599401126, 63.021305466872796], [12.489456400634921, 63.015806922514976], [12.486209252086264, 63.013631370008525], [12.47279859842158, 63.0012801387327], [12.46591747942995, 62.989673987938566], [12.466929675565728, 62.98953947255748], [12.467488530521468, 62.98934621176613], [12.467799650959794, 62.98923861982369], [12.46897278105331, 62.989036348837516], [12.469155580264996, 62.98900482980788], [12.469266377776064, 62.98854656798936], [12.46928321340666, 62.988476936959366], [12.469428223187219, 62.98781441501317], [12.470184451191459, 62.98778067338246], [12.471693403151715, 62.98758698510747], [12.472504124969896, 62.98743762216184], [12.473303200560016, 62.987071797638706], [12.473612858360543, 62.98666584190305], [12.47404077820699, 62.98626305936338], [12.474866303009696, 62.98602353406762], [12.47500683372699, 62.9859827587523], [12.475818636489024, 62.98567129127658], [12.476771928718092, 62.9854897063005], [12.477869063340565, 62.98557309928939], [12.478870426527322, 62.98540433465567], [12.479021798250054, 62.985378822501], [12.480495668759145, 62.98510676042948], [12.486174772404377, 63.00052364870627], [12.49899182003669, 63.0145592657801], [12.504050749589364, 63.01900337998551], [12.519332685501041, 63.026315248041186], [12.524511695576889, 63.030128147486614], [12.532650313993813, 63.03973720758283], [12.540584738216081, 63.04416207926951], [12.55717559760784, 63.04550741979906], [12.560107451338489, 63.04790730207161], [12.57516308816526, 63.04771132903549], [12.580225718207544, 63.04880032673969], [12.631361780597967, 63.04309446692361], [12.647027751787597, 63.03745321789909], [12.657817503359981, 63.035961687947875], [12.665466478113606, 63.033860720342844], [12.676290740944502, 63.03498553076701], [12.691950401985512, 63.03390542497163], [12.729010339533444, 63.02479538450892], [12.742771021985535, 63.02487562369331], [12.782543869315095, 63.03769104032269], [12.790619505633371, 63.04128800243744], [12.7942913699075, 63.0630764891437], [12.795383138013825, 63.06684748365333], [12.735320691160515, 63.05111600396263], [12.716771806099233, 63.036329664589886], [12.693060774192464, 63.038569640652156], [12.678234129513317, 63.03945823316644], [12.626499125638006, 63.04858151481959], [12.618298730363925, 63.052842906590506], [12.606624665912603, 63.05453931648419], [12.586856149427023, 63.056152718071026], [12.578032201407321, 63.053050654723535], [12.56650971785066, 63.053146336957596], [12.56972209217631, 63.05577424112736], [12.564484082684196, 63.057703604900986], [12.568754604270293, 63.06035360192807], [12.572285232273877, 63.06459066468933]]], [[[13.099458526665865, 62.97411767370055], [13.094025386520366, 62.97842274008403], [13.097978548799789, 62.98526145985484], [13.085312000079627, 63.00391926627391], [13.084974983146958, 63.01092983064699], [13.07311450061396, 63.025898630560754], [13.061997556765434, 63.024456504416214], [13.066032318363698, 63.01716245283139], [13.081562382768242, 62.99643573508462], [13.088632290885965, 62.9848743981952], [13.082950618407569, 62.97818594326687], [13.089657345254553, 62.97204743501413], [13.094937593008678, 62.97202760349534], [13.099458526665865, 62.97411767370055]]], [[[12.99827721485358, 63.06175795242782], [12.97498219363319, 63.05647081724633], [12.948043555008107, 63.05560601667904], [12.928439943197908, 63.05073851597186], [12.86633525471345, 63.03921118511722], [12.855331953446868, 63.041843883790506], [12.810136968021013, 63.03793047901433], [12.809582885331386, 63.03346880130703], [12.809149134520489, 63.03269649061647], [12.868988378959855, 63.03471804671792], [12.885463132756238, 63.03824665992695], [12.901217739594914, 63.03982055892714], [12.908079794131515, 63.04309738669787], [12.927680563646415, 63.04621962461518], [12.949645547229897, 63.05138038301076], [12.971033618994051, 63.050073046041895], [12.999047899009643, 63.05724147497003], [13.010385092120618, 63.05488473502656], [13.016859918320788, 63.05510684870905], [13.022018134389027, 63.0577388968821], [13.016522825073285, 63.06195246635809], [13.011976958850214, 63.058990749590684], [12.99827721485358, 63.06175795242782]]]]}}, {"type": "Feature", "properties": {"_layer": "zonering", "_layer_id": 2, "_name": "Orörd zon", "_kind": "zone", "_camping_banned": false, "_camping_partial": false, "_access_banned": false, "_area_ha": 93912.0, "OBJECTID": 2, "Zon": "Orörd zon", "Beträda": "Inom Orörd zon finns inga beträdnadsförbud.", "Cykla": "Inte tillåtet att cykla, med undantag för väl snötäckt mark under perioden 1/10-19/4. Elcykel ej tillåtet.", "Slå_läger_Övernatta": "Tillåtet att slå läger och övernatta inom hela Orörd zon.", "Elda": "Tillåtet att göra upp eld med medhavd ved eller löst liggande, tunna grenar och kvistar.", "Rida": "Tillåtet att rida eller leda häst inom Orörd zon.", "Drönare": "Inte tillåtet att starta och landa drönare eller annan luftfarkost.", "Motorfordon": "Inte tillåtet att köra motorfordon.", "På_vatten": "Inte tillåtet att använda motordriven vattenfarkost. Inte tillåtet att använda vattenfarkost i Rekån.", "Tidszonering": "Undvik gärna att besöka Orörd zon under perioden 20/4 - 18/6, då naturen är en barnkammare. ", "Organiserad_verksamhet": "Inte tillåtet att genomföra tävling eller att organisera ridturer. För organiserad övernattning i tält, vindskydd eller motsvarande samt dagsturer med fler än 10 deltagare gäller särskilda regler, kontakta Länsstyrelsen.", "Anteckning": "Orörd zon", "Delområde": "ORORD", "Skötselområden": "E", "Areal__ha_": 8914, "ObjectID_1": null, "Shape__Area": 942368382.0154209, "Shape__Length": 476690.47315573884}, "geometry": {"type": "MultiPolygon", "coordinates": [[[[12.656138865369844, 63.284204072357774], [12.655882559588253, 63.284209538731304], [12.655696994916108, 63.284108736973465], [12.655611824816365, 63.284062470171065], [12.655502301494947, 63.2840076975637], [12.655335389699374, 63.28395272527252], [12.655249049917584, 63.283917774579], [12.65521433895327, 63.28389401822151], [12.655132637069471, 63.28387146356139], [12.65504053146214, 63.283911629278734], [12.65500741627839, 63.28392607059215], [12.654974299069565, 63.28394051186491], [12.654760335256471, 63.28398004451046], [12.654535615587736, 63.28398674158941], [12.654459263818882, 63.283986443016246], [12.65438269662984, 63.28398614444557], [12.65405168187551, 63.28394027540648], [12.654051017148518, 63.28394018364113], [12.653982007450082, 63.283883697692765], [12.653976152828372, 63.28383867726339], [12.654033231573473, 63.283798276403544], [12.654307313246411, 63.28375235406914], [12.654384432455247, 63.28374938699116], [12.654453471293374, 63.28370978100261], [12.653206991916395, 63.28325592236546], [12.653423171509637, 63.28244694425718], [12.653406178037688, 63.28240892285601], [12.653380964315001, 63.28232449956906], [12.65337375772117, 63.28230036626994], [12.653358282153365, 63.28220663556262], [12.653284557377205, 63.28212014311308], [12.65327018494053, 63.28202168045996], [12.653231179670428, 63.28191881600333], [12.653190349198129, 63.281832515405654], [12.652960760172668, 63.281615515200855], [12.652917846483117, 63.281573978468046], [12.652834681405414, 63.28151556141844], [12.652743388832143, 63.28147125169308], [12.65262587983552, 63.28134392604321], [12.65259709096657, 63.281304310180005], [12.652543890586786, 63.28126910483837], [12.652356991483435, 63.28115999460138], [12.651598267123829, 63.28087397929924], [12.65155394888971, 63.280856115639786], [12.651525472105934, 63.28084479883452], [12.651366511845746, 63.28079543553129], [12.651136309552895, 63.28072394877305], [12.650906106412394, 63.280652461613975], [12.650663640732489, 63.28049156386211], [12.650619315991129, 63.280460244121876], [12.650574040809795, 63.280428253186344], [12.65057329022153, 63.28020347682318], [12.650558296243613, 63.280176479715216], [12.65037344816838, 63.280132510338404], [12.650240036715555, 63.28008313089081], [12.649644283669936, 63.27972797640451], [12.649342632369018, 63.27963796160468], [12.649183024690334, 63.2795892531102], [12.64908407489466, 63.27956468684201], [12.649008676634976, 63.279545967069346], [12.648928355212401, 63.279490755266956], [12.648775316628921, 63.2793966739383], [12.648760288178257, 63.27937117830233], [12.648754290601545, 63.27936100164637], [12.648790657114588, 63.2793094586026], [12.648722408299816, 63.279211326786196], [12.6487071746124, 63.279133681491636], [12.648791745594536, 63.27909084535002], [12.648862579447552, 63.279054965873115], [12.64889560022446, 63.279052059431564], [12.64896445993774, 63.27904599853332], [12.649037193541233, 63.278999179271715], [12.649107131911615, 63.27895415999519], [12.649134338880511, 63.27892055021831], [12.649159991140086, 63.278859258118565], [12.649163530276843, 63.27881237208293], [12.649146610102763, 63.27875003586848], [12.649096474236977, 63.27867128547081], [12.64902153626688, 63.27855357503178], [12.64894268054745, 63.27851908768494], [12.648940798137714, 63.27851722479792], [12.648937173161862, 63.278516679154265], [12.648885276764867, 63.27849398244283], [12.648730173065704, 63.27847159460371], [12.648564116006265, 63.278460507702235], [12.648480535103106, 63.27845492766834], [12.648380752835017, 63.278432899059496], [12.648315018324158, 63.27841838641224], [12.648143228749145, 63.278349918224016], [12.648141329486386, 63.27813212654549], [12.648054885075485, 63.27801653407384], [12.64799391008366, 63.277988777093924], [12.647944321270609, 63.27794328612138], [12.64793011736216, 63.27793025488381], [12.647935282820068, 63.27791343462819], [12.64793940087676, 63.27790002182726], [12.647974931910692, 63.277877818966275], [12.648225976025639, 63.277814251879285], [12.648360808254052, 63.277774051075795], [12.648414871478868, 63.27771553605958], [12.648447603838685, 63.27767272305838], [12.648459087506762, 63.27765770245657], [12.648474121275685, 63.27762786515405], [12.648489155012934, 63.27759802784973], [12.648589705904934, 63.27754117848969], [12.648770216902236, 63.27749346164209], [12.648878855692395, 63.27746461781434], [12.649059961076768, 63.27742428254079], [12.649142606098778, 63.27739432687409], [12.649226166288603, 63.277377864400314], [12.64933151921444, 63.27737199912822], [12.649369218402986, 63.27736989986866], [12.649443578821934, 63.2773608640248], [12.649542495694403, 63.27733531628472], [12.64960904467706, 63.27729755191162], [12.649654019751306, 63.277261121303916], [12.649702705152604, 63.277221686353265], [12.649818088173454, 63.27719497353352], [12.649849084182483, 63.27719403229682], [12.64991983216317, 63.27719188486644], [12.650021576132598, 63.277188796126545], [12.650079362815038, 63.27718002517113], [12.650143735091918, 63.27714032548501], [12.650208107191245, 63.2771006257688], [12.65034574974167, 63.276970693207005], [12.650390805050932, 63.27674469718473], [12.650400406177036, 63.27669704914883], [12.65040089940653, 63.276581222651664], [12.650367802632305, 63.276517452297014], [12.650360912786024, 63.276352440348774], [12.650387843265534, 63.27624303942115], [12.6503951399087, 63.27612153346194], [12.650381412860062, 63.27601553821918], [12.650328887527749, 63.27577740789044], [12.650317927529038, 63.27565701937432], [12.650303431894237, 63.27557615383341], [12.650285778496862, 63.27550419764548], [12.650275897187818, 63.27539775401902], [12.650071827369299, 63.274960957670054], [12.650062513604018, 63.274823544335895], [12.650127448255581, 63.274716602535136], [12.650175315718723, 63.27466917305213], [12.650266764919246, 63.2745713519317], [12.650112742042326, 63.274431810564714], [12.650099494529718, 63.2743231293362], [12.650113225466603, 63.27427054793206], [12.650234329032545, 63.27410038413029], [12.650268593866212, 63.2740076623433], [12.650443030962776, 63.273843892007605], [12.650444556839998, 63.27378250685444], [12.650377236906227, 63.27361767382245], [12.65035794049619, 63.273564448532476], [12.650315648515253, 63.273511786546536], [12.650264725505005, 63.2734706104563], [12.650173046789714, 63.27339171250705], [12.650125509250035, 63.273334177836084], [12.650075270429719, 63.27320645121911], [12.650068103421864, 63.273047809985265], [12.650088030708929, 63.27301512153629], [12.650148474089097, 63.27293636389817], [12.65015316944788, 63.27288797939427], [12.65009647351178, 63.272802852378085], [12.650028131259408, 63.272736865811716], [12.6498360752531, 63.272607875556346], [12.64971100864152, 63.272557330871386], [12.649648435516267, 63.272544184557056], [12.649474776941462, 63.2725229930483], [12.649334058455155, 63.27250582117571], [12.649193338220703, 63.2724886482351], [12.649106106116967, 63.272473244717006], [12.649014777273111, 63.27242587852241], [12.64896561418695, 63.272386886045005], [12.648805141564734, 63.27234660297247], [12.648685690475448, 63.272266553858174], [12.648625075371198, 63.27223745601561], [12.648574630385015, 63.27222107040966], [12.648575753809958, 63.27216344993456], [12.64859434262208, 63.27210828198794], [12.64858662963518, 63.27205854317793], [12.648505779377615, 63.27197189404175], [12.648417438415255, 63.271922879668985], [12.648350703165471, 63.271893294483064], [12.648249029642477, 63.27188044445618], [12.648148595073078, 63.27185630072577], [12.648121351589342, 63.27184465327833], [12.64809198204614, 63.27178689717779], [12.648004594671912, 63.27174014314728], [12.647921734597796, 63.271704634289065], [12.647834845813964, 63.2716059961764], [12.647818522781707, 63.271534699065214], [12.647817892796919, 63.27148087664063], [12.647817597288862, 63.27145574547611], [12.647591036058955, 63.27119767695802], [12.64751416423636, 63.271135040211135], [12.64741329051992, 63.271052846418634], [12.64730021881074, 63.27096557421367], [12.647201921325577, 63.27090007880955], [12.647150143156692, 63.27080123929203], [12.647147279563612, 63.27076175422713], [12.647129672927225, 63.27069723233162], [12.64710446118905, 63.270604831053234], [12.647072976528943, 63.270557168551356], [12.646997356648741, 63.27047763579526], [12.646617853034813, 63.27006523078957], [12.646557960993448, 63.270009483940434], [12.646467463555606, 63.26992001606835], [12.646386183716244, 63.269832182143475], [12.646347195289424, 63.269778522823316], [12.646306876448454, 63.269752929219145], [12.646295750098437, 63.26974585801039], [12.646292256683163, 63.26974363889412], [12.64628174221123, 63.26973696122397], [12.64622267943847, 63.26969942927727], [12.646172147233207, 63.26968393924655], [12.64612063759792, 63.26965549364275], [12.646182550002273, 63.26961870762048], [12.646200167777769, 63.269608238858304], [12.646321987604942, 63.269562635096904], [12.646352934025748, 63.269531260740855], [12.646316604101967, 63.26948241345025], [12.646062892322346, 63.26925058907192], [12.646061057057661, 63.269247986109725], [12.6459952370728, 63.269154620308406], [12.64605590002061, 63.269072814053025], [12.646167387902725, 63.26892246577281], [12.646174173354042, 63.268902320328294], [12.646049292909217, 63.268848393542896], [12.646035207612108, 63.26884231140168], [12.64599507971342, 63.26880828015725], [12.645993629010455, 63.26877789663146], [12.645936308557658, 63.26873848610962], [12.64529225548564, 63.26829565591487], [12.644933202828, 63.26804648931548], [12.644866471008772, 63.267996967984374], [12.644422039082418, 63.267704596915166], [12.644386154482328, 63.26768090789456], [12.644067285162432, 63.267463517729674], [12.643986815543977, 63.26740282260342], [12.643981305128632, 63.267398673576366], [12.643662878188465, 63.26715892997835], [12.643567095247473, 63.26709438930453], [12.643387668053329, 63.26699441361945], [12.643231685153022, 63.26690078823474], [12.64319039910429, 63.266875134539525], [12.643026758239618, 63.26676680933621], [12.64295192707116, 63.266708520943986], [12.642889917489786, 63.26667229457331], [12.642842348786935, 63.26661520556616], [12.642766298105208, 63.26657247894328], [12.642697256616545, 63.266542304923156], [12.642595257191195, 63.26646532279395], [12.6424171109226, 63.26636097604159], [12.642333747471735, 63.26630308743227], [12.642307408275203, 63.26629061237285], [12.642130043555866, 63.266206605009266], [12.641802245207156, 63.266009130530236], [12.641725830809742, 63.26594233229378], [12.641681527033024, 63.265902914672935], [12.641680555454467, 63.26587563060633], [12.641675268128157, 63.265727136538814], [12.641595096574486, 63.26569122821441], [12.641498451137622, 63.265698148349856], [12.641381600076505, 63.2656777143556], [12.641337866218633, 63.265670066465056], [12.641222110490292, 63.26565689692513], [12.641134009326322, 63.26560581629839], [12.641111731858771, 63.265581795158866], [12.640818168050137, 63.265254063571774], [12.640729457917141, 63.26513041838838], [12.640727967637165, 63.26512633406373], [12.640709992916982, 63.26507709885839], [12.640598459836362, 63.265006533696734], [12.640585846134776, 63.26499855376176], [12.640575886854862, 63.264985653073396], [12.64045598856264, 63.26483034356468], [12.640410019399269, 63.264773289131426], [12.640321933543756, 63.264691327765824], [12.64023297956243, 63.26461194701571], [12.640205900077824, 63.26459158156224], [12.640025741199999, 63.26443501840592], [12.639903335428174, 63.264243764114795], [12.639894036083147, 63.264229233762045], [12.639805213694526, 63.264034109352146], [12.639751996277756, 63.263935772521286], [12.639681718313408, 63.26383327360321], [12.639662009578855, 63.263791263994854], [12.639592672127865, 63.263636529000166], [12.63949289657641, 63.26334498953986], [12.639451679534167, 63.26323739618981], [12.639445252150848, 63.26316187448145], [12.639440708335362, 63.26310847534243], [12.639402010638388, 63.26295981566705], [12.63938025543524, 63.262921884664856], [12.63934454070747, 63.262858678333764], [12.63930158970588, 63.26282255891129], [12.639295621714059, 63.26281754006107], [12.639215738196487, 63.26276458297958], [12.639113629456036, 63.26271408571529], [12.639033974536543, 63.26267540970078], [12.638994189489637, 63.262642019480936], [12.638974561879945, 63.26260098985902], [12.63895168284914, 63.26254975049372], [12.638907415051484, 63.262455378010664], [12.638706211827357, 63.26210931980639], [12.638622536842737, 63.26201622398129], [12.63860087110299, 63.261970392367395], [12.638584653779434, 63.26187700148559], [12.638575888495426, 63.261826526007205], [12.638550906121852, 63.261682659640975], [12.638571431181985, 63.261613705473465], [12.63857231151307, 63.26155661052027], [12.638517729819549, 63.261412895045346], [12.638520201477402, 63.26116151928659], [12.638576673598758, 63.26080835905895], [12.638568493176095, 63.260752146399476], [12.638578452804293, 63.26044329143382], [12.638614982300357, 63.2603501786029], [12.638630417010669, 63.26030032914091], [12.638615446327536, 63.26021137233903], [12.6386469259195, 63.259855498632355], [12.638643350560448, 63.25981536383438], [12.638656488619546, 63.25946662977913], [12.638659363713368, 63.25944047532568], [12.638664575704563, 63.259403772825856], [12.63864981008581, 63.25905701817813], [12.638656808055217, 63.25898407714022], [12.638664455932162, 63.25888709082375], [12.638677073176476, 63.258799283188985], [12.638653213354159, 63.25864987259357], [12.638646934977867, 63.258479930276394], [12.638656534571693, 63.25841611965204], [12.638662377712995, 63.25830463742038], [12.638561320742081, 63.25805958031797], [12.638547812163367, 63.25796103967158], [12.63856097083155, 63.257928294303426], [12.638605152057558, 63.25773810543196], [12.638587578586787, 63.25761127478153], [12.638584997113162, 63.25757117441854], [12.63855616924356, 63.25730896172466], [12.638393547366096, 63.25696214180426], [12.638341698354811, 63.256860684029185], [12.638286547228203, 63.25674038631882], [12.638283001859765, 63.25654922582516], [12.638300557381186, 63.25646000058061], [12.63830600730288, 63.25633944250763], [12.638316638034715, 63.25600823957338], [12.638305906976829, 63.2559279104791], [12.638290685698939, 63.25584693217126], [12.638227711548792, 63.25564537479346], [12.638213938851061, 63.255538388947194], [12.638251308184019, 63.255475649840946], [12.638283948218135, 63.25539421773421], [12.638322302010364, 63.25526262220069], [12.638330144810602, 63.25517470838636], [12.6383247912395, 63.25510733615289], [12.638343512350774, 63.255016513935864], [12.638349931018174, 63.25499259132759], [12.638364601598179, 63.25490061536312], [12.638394433119077, 63.25485377953001], [12.6384418845295, 63.2548059044568], [12.638707218796021, 63.25453819576322], [12.638993037841189, 63.254364794262415], [12.63929521732138, 63.25432572752308], [12.63943468065133, 63.25431933379515], [12.63945342334875, 63.25431847469684], [12.639527285372443, 63.25430997520585], [12.639601147353437, 63.25430147567637], [12.639692131596652, 63.2542911948446], [12.640030948239215, 63.254239740957935], [12.64036559973954, 63.25414240384307], [12.640494006207696, 63.25407620819923], [12.640823435838868, 63.253898472695845], [12.640909567863424, 63.253852002332785], [12.641028716878353, 63.253656554633494], [12.641133771343661, 63.2535744161406], [12.641331455149425, 63.25341985441426], [12.641391453524642, 63.25331764321428], [12.641451451468567, 63.253215431985886], [12.641669222959894, 63.25303096617427], [12.641523302720078, 63.25289314587106], [12.641282653464925, 63.25290628968208], [12.640993260097058, 63.25300837497031], [12.640724688714135, 63.253101888307846], [12.640513136815482, 63.25322351862987], [12.640282479024371, 63.253391167786674], [12.640212157700812, 63.25344227838008], [12.63998516989866, 63.25351863777349], [12.639710916480437, 63.253468158646605], [12.639365940690139, 63.25332631562969], [12.639181279738075, 63.25319378552917], [12.639030766300301, 63.253085761115294], [12.639007522832387, 63.25306421345593], [12.638683720720477, 63.25276402262388], [12.63848582464963, 63.252346379272495], [12.638514357120581, 63.25225391050149], [12.638574067259613, 63.252060392036604], [12.63832048338839, 63.25193535503608], [12.63826980983475, 63.25191036805053], [12.637967061228151, 63.252147079699014], [12.637926845109185, 63.25207086123212], [12.6378663443099, 63.25195620057535], [12.63792130673565, 63.25180443452866], [12.638013413048002, 63.25168038522143], [12.638055586226377, 63.25145641814624], [12.638136687534349, 63.25124222942437], [12.638405561644731, 63.250744055829486], [12.63846913525428, 63.25030469335821], [12.638519025057976, 63.249802112524286], [12.63890164744364, 63.249162342640815], [12.639066761892773, 63.248302377010305], [12.639048605167334, 63.247681511225146], [12.639076992880307, 63.24762222013049], [12.639300197890671, 63.247156012261655], [12.639093629979241, 63.24649419910388], [12.639088353410413, 63.24647729202797], [12.639079415085133, 63.24596453070009], [12.639113228372809, 63.24502097765862], [12.639128872729989, 63.244627745450366], [12.639130996340006, 63.24457434993656], [12.639153264772958, 63.2440145994253], [12.638737095578948, 63.243385726447286], [12.638801224185208, 63.24273953890029], [12.638617630589106, 63.24217828903364], [12.638278418978658, 63.24157793547689], [12.638076742616246, 63.24099834453927], [12.637853990683967, 63.240229474172295], [12.637453475804602, 63.23945954901667], [12.63745214531971, 63.23945699110162], [12.637108787641713, 63.239265774299426], [12.63704456905216, 63.239230010601084], [12.636564177716604, 63.238962472482605], [12.636038521679957, 63.2388349649033], [12.635462971404564, 63.23888431455124], [12.635274393973749, 63.238900483693804], [12.634798226258912, 63.238885749173996], [12.634672540576892, 63.23888185962811], [12.63443958808742, 63.23887465053021], [12.633976330957905, 63.238721413946905], [12.633392792248838, 63.23857474098249], [12.632598424463799, 63.23834286972159], [12.6315024097215, 63.23773620248363], [12.630807603485055, 63.237782913218304], [12.630679530683288, 63.237791522943944], [12.630662294278878, 63.237780492686596], [12.630628196102808, 63.23775867277213], [12.630229673065587, 63.23750365101229], [12.629641238561039, 63.23700614824759], [12.628794805063746, 63.236296590659585], [12.628287547293407, 63.235584898671846], [12.62818328055989, 63.23509042098754], [12.628165669447657, 63.235006899349436], [12.628217287506333, 63.23467574548447], [12.628276055950115, 63.23429870856579], [12.628526921559903, 63.23385276642788], [12.628736229526705, 63.2334806846841], [12.629176729441925, 63.23286008836902], [12.629287898416118, 63.23273314693099], [12.62931305719767, 63.23270441868861], [12.629896376137676, 63.23203832305703], [12.630371911475278, 63.2312655652125], [12.630425460503144, 63.23072708261238], [12.629763835123727, 63.23016515156484], [12.629596862212574, 63.230067839665836], [12.62950008076541, 63.23001143399917], [12.629330033302082, 63.22991232847596], [12.629236329202755, 63.22985771595323], [12.629137855491933, 63.22971892936037], [12.629099703186672, 63.22966515670926], [12.629061549033157, 63.229611384014994], [12.629095453333086, 63.22959662208847], [12.629099702201085, 63.22959477220118], [12.629436555115186, 63.229448101949664], [12.629636347285924, 63.22944315329823], [12.629550218682581, 63.229365152472475], [12.629544931060554, 63.22936036442752], [12.629525011300144, 63.22934232557415], [12.629505093552533, 63.229324286751186], [12.629494188476691, 63.22931441152736], [12.629463454750677, 63.229286577080515], [12.629453515354593, 63.22927757549944], [12.629080051338185, 63.229225068520726], [12.628597605171676, 63.22920119104113], [12.628465218269554, 63.229194638909775], [12.628308029118969, 63.22887611891745], [12.628299359882899, 63.22885855127591], [12.627944536055459, 63.22854442175691], [12.627914738468085, 63.22851804198472], [12.627224600281588, 63.228243291584725], [12.62690097882937, 63.22813843692964], [12.626336483858154, 63.227955535010636], [12.625469748332248, 63.22767128602686], [12.625313603855549, 63.22762007648467], [12.624786275483348, 63.22749988443239], [12.624144398424999, 63.22735358007314], [12.622959782876258, 63.22704181046594], [12.622109416045273, 63.226934907544894], [12.621936298861115, 63.226913143548956], [12.621059373263801, 63.22691334496007], [12.619572783461244, 63.22680212495879], [12.619357898380821, 63.22678889406108], [12.618486364392808, 63.22673523831781], [12.617675324480564, 63.226660141734165], [12.617242344930006, 63.22662004826323], [12.616174484300352, 63.22654729029131], [12.61611406164865, 63.22654317302999], [12.615715139021471, 63.22647092142539], [12.614096509810423, 63.22620180002496], [12.61231221163008, 63.225905106683804], [12.611973168461665, 63.225906184389046], [12.610631354110254, 63.22591044106409], [12.61039762623763, 63.225914312910994], [12.609234149066959, 63.225914860924156], [12.609102197436838, 63.22591492211869], [12.608547013407755, 63.22593970723213], [12.607580796949414, 63.225982836327645], [12.606825062382446, 63.22596743347005], [12.604828209309291, 63.22620549844203], [12.6042157731554, 63.226251460532914], [12.60451728384355, 63.22620171610124], [12.604444087599147, 63.22385908831882], [12.604493374364237, 63.22364893259108], [12.604621039706815, 63.22310455972502], [12.604215690957671, 63.222469340981675], [12.603669208310007, 63.2224116839706], [12.602759219215981, 63.222315668908806], [12.601302547678939, 63.22235549755654], [12.600617352138514, 63.22237422663271], [12.599389250645407, 63.2223284607685], [12.598700277069891, 63.222302781412516], [12.598505944953267, 63.222295537160676], [12.59711278058177, 63.222387949860206], [12.596345697045544, 63.222438826096386], [12.596252859756367, 63.22242749018765], [12.593577232569015, 63.22210075499182], [12.591624060807048, 63.222078078438464], [12.589670894663012, 63.222055375105136], [12.58430991923227, 63.22221518309871], [12.5820514484256, 63.222293358417744], [12.57646067711294, 63.22292087084079], [12.573164800757645, 63.22351530705794], [12.571995064929073, 63.22349718275272], [12.564648865209593, 63.22338314085921], [12.560141999511647, 63.223440373069536], [12.556925939378578, 63.2236583565602], [12.554086132414673, 63.22308412361899], [12.553639392115299, 63.22305938627908], [12.549681177096685, 63.22284014256636], [12.546481923705462, 63.22211244427039], [12.545439608076935, 63.21957249180679], [12.543240317257286, 63.217495913366406], [12.53962478759265, 63.21564698624124], [12.535789658774457, 63.214350721740814], [12.531704710175044, 63.21349209266119], [12.527013558861954, 63.212801070035084], [12.528465986643058, 63.21160737561615], [12.528622891606974, 63.21046567882158], [12.528649203696208, 63.21027421809348], [12.527177304745983, 63.209529076815414], [12.525235147291452, 63.208545788595806], [12.524437723399174, 63.207432198333215], [12.5233825463999, 63.20725473188552], [12.519678586636063, 63.20663169787869], [12.514850519706687, 63.206801935093196], [12.510265289814836, 63.2074530668057], [12.50578073895027, 63.20877155779563], [12.50529353534559, 63.20901001302309], [12.504451809208396, 63.20942196903088], [12.50608885892042, 63.21049713137438], [12.511312926074162, 63.213014347272754], [12.513496271461968, 63.21385710478349], [12.515679742241458, 63.214699828305775], [12.515512684957859, 63.215322423649084], [12.515144729889554, 63.216693624510306], [12.513079502328527, 63.21950114186959], [12.511498053047331, 63.2213252353033], [12.511449969333501, 63.22233541074549], [12.512273635778811, 63.22291803042911], [12.513123477930604, 63.2237257748961], [12.514331474338345, 63.224301245746744], [12.515873420664898, 63.22509488228322], [12.517172654513232, 63.22593806375597], [12.516295936503724, 63.2266334831634], [12.513909866740187, 63.22730628010811], [12.50878883186108, 63.22826687487225], [12.505484761899119, 63.22895788175251], [12.50343437569289, 63.22993769238524], [12.502377912556266, 63.23083055932901], [12.501032095521987, 63.23232749725544], [12.500985753470172, 63.23277412809605], [12.500489962550617, 63.237551294207755], [12.497582973861102, 63.24008467388786], [12.485505811404401, 63.23920264536828], [12.44999795549952, 63.23660088360473], [12.449074984530276, 63.228997302316635], [12.443975230706554, 63.22369826037942], [12.436676402454346, 63.21716290348456], [12.436206873457586, 63.216742375737034], [12.433978361227126, 63.21614909806804], [12.429443953872639, 63.21494176000949], [12.428433611908504, 63.21383992153483], [12.428043442509546, 63.21341439447179], [12.42765328255485, 63.21298886543513], [12.427516521407123, 63.21084429595423], [12.411204541443375, 63.200169928856766], [12.396638559229613, 63.192036989244585], [12.391591296416012, 63.18633052185903], [12.393078495341285, 63.18524982666293], [12.392739322880383, 63.18265826386814], [12.39157539126425, 63.17856670033966], [12.388198763766027, 63.17588987009066], [12.386802747595878, 63.17324190375347], [12.387378511255974, 63.170342773126784], [12.385498882195852, 63.16811406650495], [12.382356902459298, 63.1643372762883], [12.3858512116642, 63.16135521666774], [12.388494018952088, 63.15797555493246], [12.392645578669578, 63.154093968309645], [12.393175346739296, 63.15218962489124], [12.398160067261133, 63.151127476566444], [12.40081590984753, 63.14589326488205], [12.405058749417684, 63.141479529276815], [12.407082350439406, 63.1375873875652], [12.415095366749364, 63.13262601431005], [12.418031784237856, 63.129204998256476], [12.422649272229302, 63.129288989538864], [12.423917806379123, 63.12931203755687], [12.436518657742594, 63.12115139139822], [12.434620681756467, 63.11805132325989], [12.432989268648221, 63.11538610665933], [12.446681331306385, 63.09271140683756], [12.44741875487485, 63.08172549982568], [12.447169100656097, 63.078704232886786], [12.456024808932968, 63.07023459573483], [12.467766516955388, 63.06122826218198], [12.49199782652509, 63.05745538039801], [12.50335553283739, 63.05782962854868], [12.51684786130566, 63.05571982138784], [12.525274954214806, 63.06664220466281], [12.538839150950231, 63.06714311334411], [12.55417647775994, 63.06149897877436], [12.561372572494614, 63.06630313089087], [12.566214858715476, 63.07173316675915], [12.569339460833604, 63.07728852109673], [12.579434755072015, 63.08536520216359], [12.600944266608288, 63.094022228193865], [12.60803980588926, 63.0950720233213], [12.62615509896645, 63.10167841888227], [12.629185029249541, 63.1020911942054], [12.64292185353074, 63.10565219748442], [12.656201848603642, 63.110676497656], [12.6713166869679, 63.1163495200239], [12.672718478373817, 63.118077200947056], [12.677355019712817, 63.12162550438544], [12.668173123273236, 63.150649052066456], [12.685090760300538, 63.15705675393461], [12.735609563581534, 63.14950290091957], [12.764369797118299, 63.136452383450454], [12.806466725887432, 63.142249359305474], [12.821866135949707, 63.139240863283796], [12.83254429910632, 63.1395977056987], [12.846803017739854, 63.13788423413104], [12.859790629970512, 63.13534188495854], [12.873777454682761, 63.138795055414214], [12.881590004620463, 63.138734843242155], [12.896624232227722, 63.14168051834822], [12.89752468745663, 63.14421550030119], [12.892806593547414, 63.144746153565045], [12.89226416007912, 63.14764811780001], [12.889073204402086, 63.151511428449886], [12.881757039895525, 63.15880928097258], [12.887202176821127, 63.16257192964932], [12.894902742387645, 63.16193427347648], [12.894998920048248, 63.16192630605877], [12.894946360420693, 63.162048612604174], [12.894703690136572, 63.162306601443234], [12.894712462468013, 63.16233323655569], [12.894776164262531, 63.16244466277842], [12.894788139881804, 63.162465608913536], [12.89481223297, 63.16250650485555], [12.894836326125107, 63.16254740079346], [12.894899784443478, 63.162591978059154], [12.894904386669188, 63.16259216302127], [12.894959312473718, 63.162594369114764], [12.895094841782294, 63.16256590496062], [12.895143024535423, 63.16258834768884], [12.895157020977303, 63.16263496592175], [12.895133089160874, 63.16266562342742], [12.895160562087248, 63.16273810248591], [12.895169783391616, 63.16274924704155], [12.89526302098156, 63.16283726445269], [12.895346818932879, 63.16290264132553], [12.89535507053445, 63.16290963232778], [12.8953895028703, 63.16300774982133], [12.895363482552861, 63.16311073546604], [12.895362585548048, 63.16311924112601], [12.89534709652114, 63.16326599405459], [12.895422216781949, 63.1633644991978], [12.895485705238903, 63.163382957680156], [12.895624273450332, 63.163420258261006], [12.895702684528302, 63.1634413656574], [12.895794446608273, 63.16344324644356], [12.895858107124097, 63.163450026064446], [12.895905199742037, 63.16347164427296], [12.895944249768512, 63.163513924390024], [12.895983299907828, 63.1635562044965], [12.895968396395668, 63.16364532132284], [12.89595690778284, 63.1637539006228], [12.895970843875206, 63.16381890525583], [12.895979778251693, 63.163860582825244], [12.895954316106675, 63.16393808640328], [12.895885427277966, 63.164003112523524], [12.895883455959222, 63.16409410898468], [12.895925359763146, 63.16417524165336], [12.896024475070396, 63.16421461838333], [12.896037831682621, 63.16419038537614], [12.896537600815265, 63.1644707992222], [12.896782055258445, 63.1646079566586], [12.89689970939333, 63.16470015047522], [12.896769652661032, 63.164777128386305], [12.89663548161086, 63.16479386128499], [12.896531988994955, 63.16485153334093], [12.896502101206252, 63.164893927728535], [12.89641119633504, 63.164952755888514], [12.896430879361507, 63.16499221242121], [12.896385984419672, 63.16505557407928], [12.896255828957027, 63.1650760743169], [12.896156721818752, 63.16507790098044], [12.89608730806037, 63.16514821684563], [12.896040906421105, 63.16523453246943], [12.895985874962227, 63.16527030501892], [12.895860667705245, 63.165267201505415], [12.895734251496311, 63.16528596993988], [12.895684582246892, 63.16531763779238], [12.895675670876198, 63.165366834482775], [12.895708595825683, 63.165412943036294], [12.895653101706841, 63.16547096670873], [12.895526741221998, 63.16552099051644], [12.89523792786654, 63.16558052079586], [12.895021169566666, 63.16561467660643], [12.894970654403533, 63.16565305670047], [12.89491063924645, 63.16570273474637], [12.894950284320924, 63.16574107780781], [12.895045992783302, 63.16578092542174], [12.895055022825675, 63.16580347901557], [12.895119373566526, 63.16591388291058], [12.89513180016118, 63.16615491077196], [12.895250394585146, 63.16672177680854], [12.895316657403487, 63.167153283129686], [12.895355606272117, 63.16740690873363], [12.895578533424011, 63.168105547175834], [12.896072718916933, 63.16879609233916], [12.896175129110029, 63.16891072011217], [12.896942765774424, 63.16976991236086], [12.897509936334487, 63.17037883026659], [12.897868560188583, 63.17065880008351], [12.898416953920792, 63.17108690769529], [12.898769034195587, 63.17130238873076], [12.899436308203235, 63.17162484318461], [12.900509265980014, 63.17213791143812], [12.900589463869641, 63.17217625966562], [12.901456875968229, 63.17248480987292], [12.90236901067639, 63.17282299818844], [12.903185214277574, 63.17308739626468], [12.903746965863958, 63.17319341013271], [12.903824917537543, 63.17320812118086], [12.90456375426325, 63.17329135666907], [12.905337617719674, 63.17342197330198], [12.9057238920643, 63.17353397708441], [12.906162139476368, 63.17368292990164], [12.906671076216531, 63.173840510239245], [12.907183101451329, 63.173886808384204], [12.90782003072384, 63.17379554291143], [12.908449291911122, 63.173753023279325], [12.908556203769525, 63.17374579877348], [12.908964052517762, 63.1738007469587], [12.909582656971246, 63.17410289141174], [12.909636881748638, 63.17411963018354], [12.90972737440432, 63.17414756484272], [12.909756820370438, 63.174145790404026], [12.910036491610413, 63.17420678857786], [12.910526401744063, 63.17415563653113], [12.910943357465735, 63.1740742714198], [12.91096000889347, 63.17407102189106], [12.911120543846877, 63.174039694655846], [12.91139361353297, 63.17398640591688], [12.911587191084594, 63.17395799821276], [12.912027128770227, 63.17401000649653], [12.912430963346099, 63.174025352838854], [12.91276551914451, 63.17401775411409], [12.913123545169173, 63.17401421663025], [12.913382827880273, 63.17404460310652], [12.913589178023, 63.174127786711026], [12.914094830487308, 63.17423858503581], [12.914354719359252, 63.174271275329595], [12.91450303430981, 63.17428993089854], [12.915137968347763, 63.174299163618485], [12.91545964170572, 63.17428749783438], [12.917554924907828, 63.17421149269273], [12.917822352692747, 63.17420074284647], [12.91826757835022, 63.17418284541339], [12.91859703071338, 63.17416648124469], [12.91860798270261, 63.174169160247324], [12.918863587664493, 63.17415888342589], [12.919068772120687, 63.174173804655474], [12.919245329966063, 63.174317444960714], [12.919269504968858, 63.17433094737723], [12.919478828449865, 63.174447858760566], [12.919791871998289, 63.17449727442141], [12.919991458667807, 63.17450750808206], [12.920139090946726, 63.17451507803593], [12.920369161732612, 63.17452687363753], [12.92103562931731, 63.17446908570599], [12.921060320841194, 63.174466942137684], [12.921351281051042, 63.17444555830871], [12.921627294771223, 63.17446499616553], [12.922004846269688, 63.174428582115226], [12.922161347035233, 63.17439315300393], [12.922227593811844, 63.17437034700569], [12.922601656671123, 63.17432815831315], [12.922622213885552, 63.174325839972234], [12.92263866450594, 63.17432534885241], [12.922788611389313, 63.17432087554459], [12.922997280380734, 63.17431020824408], [12.923172147807852, 63.17428484943984], [12.931750290464572, 63.195203976603956], [12.91600958949133, 63.196607506791054], [12.892579010448413, 63.20763949736737], [12.891919838894808, 63.2131155103961], [12.87906308602872, 63.22219256754956], [12.884823209061368, 63.232718342733094], [12.906182449063563, 63.236610420348875], [12.908396059079614, 63.23856435285836], [12.912762897039995, 63.23976170314698], [12.912817510091186, 63.23987535276902], [12.912945470407807, 63.240000779054995], [12.91296683261488, 63.240018346478564], [12.91308257572165, 63.240111284186824], [12.913137412920243, 63.24016241323386], [12.913178306299757, 63.24022701289575], [12.913181620344401, 63.24023225109408], [12.913412120019935, 63.24045818087935], [12.913439821138454, 63.240740237897384], [12.913543823016404, 63.24087689624008], [12.91355904889862, 63.240959542334025], [12.91364807792564, 63.24131158479466], [12.913740977600757, 63.241392218499406], [12.913867967638371, 63.24145441634875], [12.913970204168672, 63.241499497207506], [12.914177709491836, 63.241569169289455], [12.91421066727494, 63.241595968525964], [12.914192664978614, 63.24163267810685], [12.914151353143108, 63.24166730409614], [12.914113381256898, 63.241679563286155], [12.91419071548065, 63.24171677281368], [12.91360480813989, 63.24214601415326], [12.913612910765265, 63.24215643223691], [12.913629185511008, 63.24219087905532], [12.91362130472037, 63.24223579073578], [12.91355564650946, 63.24227108306817], [12.913413627214203, 63.242265327962905], [12.913279854313524, 63.24223692415331], [12.913173082956508, 63.24218751868752], [12.913163568504292, 63.24218311612475], [12.913045024381097, 63.24212997519227], [12.91286824125837, 63.24208355763181], [12.912800003401106, 63.24208091345152], [12.912665651050721, 63.24208814526613], [12.912483827132405, 63.24213004678238], [12.91239575512711, 63.24217234515588], [12.912250658903535, 63.24234051153423], [12.91220589244471, 63.242391768385865], [12.912126400955941, 63.2424437456704], [12.912101868456164, 63.242474038303605], [12.912066392716758, 63.242573691011536], [12.91206218389237, 63.2426317023112], [12.912051447533905, 63.242663445424974], [12.912014599275373, 63.2427308558653], [12.911982702397394, 63.24278921319905], [12.911920991642255, 63.242902119204956], [12.911920002821768, 63.242939805499084], [12.911951180357917, 63.24296482921806], [12.911961661955342, 63.24297324239455], [12.912137483954593, 63.24302530339535], [12.912238126137272, 63.24304095292178], [12.912277690996035, 63.243047104691314], [12.912640248268577, 63.24301829721385], [12.9126833623307, 63.24301724630123], [12.912899520696465, 63.24304440363709], [12.91304991072309, 63.243077720351096], [12.913159316210544, 63.24311487112432], [12.913267400409413, 63.243184684226705], [12.91334692887478, 63.243213496429874], [12.91334908034032, 63.2432147032728], [12.913355488108808, 63.24321659654888], [12.91338241553589, 63.24322635248563], [12.913675006080272, 63.243311028134116], [12.913823029080865, 63.24334626660938], [12.913962704001344, 63.24341330113669], [12.913979011945091, 63.24344260998137], [12.913987933265735, 63.24345118328406], [12.913981415960173, 63.243525232283694], [12.913931136108964, 63.243556886837865], [12.913879537554232, 63.243589371406564], [12.913756912492408, 63.24362195203223], [12.913670740788302, 63.24363622122722], [12.913500665351417, 63.24365816658108], [12.9131155558963, 63.2437426570974], [12.91307179578492, 63.24375225789479], [12.91302803564469, 63.24376185867864], [12.91295045665206, 63.24379475821226], [12.912755120884707, 63.24390588385718], [12.912729168651262, 63.24392824569788], [12.912653808852056, 63.2440782664712], [12.912709379629332, 63.24419960936601], [12.912744007136618, 63.24418688574208], [12.91279144834922, 63.24416945321035], [12.912829517072604, 63.244155464697776], [12.912835644936822, 63.244171832643694], [12.912817980325515, 63.24423598716972], [12.912796544103637, 63.24431384414307], [12.912779954727077, 63.24434403704158], [12.912695196408107, 63.24439684783377], [12.912640671384686, 63.24442977029562], [12.912647526345273, 63.24442467230622], [12.912628248749835, 63.244434080887444], [12.912490150596012, 63.24450148289448], [12.912398867373955, 63.2445956031125], [12.912404148999789, 63.24460567639266], [12.912419944795854, 63.244635803930514], [12.912437028696507, 63.2446595118718], [12.912454110700004, 63.244683218885], [12.912470184446674, 63.24470552571705], [12.912470123181974, 63.24470618114767], [12.912433995032352, 63.244801744525624], [12.912362436285404, 63.244905689322955], [12.912323225863535, 63.24496711063534], [12.912303303620218, 63.24503282836209], [12.912283381283661, 63.245098546085195], [12.912228972509778, 63.24513074374975], [12.912047435473461, 63.24518935813952], [12.91185729505207, 63.2452145806279], [12.911739396909823, 63.24523839412112], [12.91156020808638, 63.24527964200245], [12.911483309605233, 63.245290495049225], [12.911430095368345, 63.24529800555985], [12.911109150569771, 63.2453486599139], [12.91103935101908, 63.24537937867332], [12.911008668802953, 63.24542526633058], [12.911028913510517, 63.245467601005195], [12.911090733864823, 63.245504593331425], [12.911123452231571, 63.245545755369655], [12.911128821665885, 63.245554113295036], [12.911143612310768, 63.2455771349876], [12.91125347041453, 63.24559984734528], [12.911552634886817, 63.24566545451183], [12.91159850048945, 63.24571846352937], [12.911601249044214, 63.24572480679312], [12.911718580085891, 63.24592147951119], [12.911732538267257, 63.24600095571128], [12.911719162643227, 63.24603309103637], [12.911737296195877, 63.246080682951884], [12.91184528971284, 63.24630490822959], [12.911860508701228, 63.24642732919993], [12.911868740348242, 63.246451494475856], [12.911892685473266, 63.24652179751576], [12.911889672477443, 63.24657937023339], [12.911889643039522, 63.24657991569517], [12.911907247292971, 63.24660329552668], [12.911962555939938, 63.246676745200865], [12.911991183496815, 63.2467147646471], [12.912078514298871, 63.24684019124372], [12.912126917791781, 63.246865185718924], [12.91213245241887, 63.24687027066089], [12.912139562630601, 63.24687171459062], [12.912146668669227, 63.24687316115228], [12.912276006731645, 63.24689957033576], [12.912275968257873, 63.24689941354508], [12.91236466175546, 63.246917423035114], [12.912420748688463, 63.24692881186811], [12.913032402773547, 63.24697275602976], [12.913520532097674, 63.24696634837484], [12.913911024117565, 63.24703557730009], [12.913969726339985, 63.24704598389839], [12.914377225101017, 63.2473452316301], [12.914577889100043, 63.247510637109286], [12.915203170448839, 63.24795605764355], [12.915634969540205, 63.248111547160015], [12.917240455638414, 63.24833112283909], [12.91728368258644, 63.24837417626955], [12.917466308785555, 63.24848975656586], [12.91764893637598, 63.248605337528375], [12.918097565872324, 63.248890801243434], [12.918016281028812, 63.249103819904974], [12.917945548825951, 63.24928917936112], [12.918288094416615, 63.2494031631027], [12.919065243581445, 63.249679584453915], [12.91942084768737, 63.250028516838306], [12.920166811893663, 63.250196078636115], [12.920549584852262, 63.25050572914839], [12.921137044939037, 63.250854866512725], [12.921500873111103, 63.251238880048696], [12.921505474319398, 63.25124373727439], [12.92144946066215, 63.2517412067083], [12.921372938236232, 63.25219500151329], [12.921126732261325, 63.25247265581431], [12.9208615835267, 63.25263309995118], [12.920758820952805, 63.2526952810681], [12.920656057871192, 63.25275746300558], [12.921352747367257, 63.25294224566081], [12.921864312165924, 63.253068496044804], [12.921901501482559, 63.25307767372345], [12.92190543417625, 63.25308044534546], [12.922363030526796, 63.253403058688924], [12.92301328263294, 63.25356902740712], [12.924446677860887, 63.25393923874792], [12.925366398482753, 63.254134894479755], [12.925914925914451, 63.25430952569347], [12.926418861469985, 63.25446995649724], [12.926563493164972, 63.25463436020371], [12.926660642817101, 63.25474479023459], [12.926950711404698, 63.254828293879314], [12.927285836015566, 63.25492476618777], [12.927315143527569, 63.25501081157691], [12.927369955732562, 63.25517173161892], [12.92788308056959, 63.255353484435645], [12.9281423938003, 63.255509408647725], [12.92812024895413, 63.25568600664514], [12.928085076682752, 63.25622355522014], [12.928087373847807, 63.25629409015281], [12.928033268003043, 63.256529244474635], [12.92809985748293, 63.256619509981014], [12.928974020417131, 63.25780441719749], [12.929605987272726, 63.25912291306325], [12.930065922436667, 63.25934019119419], [12.930429982605578, 63.25953107235472], [12.930549408733203, 63.259593688925676], [12.93079125220443, 63.259868506504446], [12.93084633166555, 63.26007887294099], [12.930849286259658, 63.260231873448156], [12.930849436075023, 63.26023963209793], [12.930852540502775, 63.26040039125153], [12.930833898151086, 63.260446749754585], [12.930762957771684, 63.26062315750888], [12.930762608672996, 63.26062402513785], [12.930726547740983, 63.26071369736842], [12.930722680335906, 63.26072331630778], [12.930712519724628, 63.26073961259966], [12.930566655637636, 63.260973566483365], [12.930556112126606, 63.261104966151294], [12.930553396720093, 63.26113878705201], [12.930550683361478, 63.26117260708449], [12.930549580812357, 63.26118635858994], [12.930617870913903, 63.2613319312165], [12.930685584842438, 63.261484723065074], [12.930696872964472, 63.26159325689689], [12.930708161163908, 63.261701790726555], [12.930695888272517, 63.261954391190734], [12.930725422555657, 63.26208489114667], [12.930711636141877, 63.26215689530473], [12.93062616013212, 63.262325237359306], [12.930801760422005, 63.26242922850466], [12.930937828614539, 63.262496151047436], [12.931394215239429, 63.26272061542513], [12.93155808257554, 63.26287136532995], [12.931558468342585, 63.26287958889437], [12.931572857589298, 63.26318580718071], [12.931750945059333, 63.26335845533769], [12.931836276638647, 63.2634964770601], [12.931931776009936, 63.26365094229264], [12.931920399128439, 63.263771641931335], [12.93191727910394, 63.263804729701086], [12.931902434326863, 63.263849341531945], [12.931857427431948, 63.26398459592567], [12.931808497583257, 63.26401039204238], [12.931710538140619, 63.264062037547035], [12.931604028870595, 63.2643609405438], [12.931555722739628, 63.26449650785094], [12.931515997696502, 63.26451186552862], [12.931242041545463, 63.264617773214376], [12.931005661303713, 63.26477281602294], [12.931126752256931, 63.26492201168507], [12.93115122626513, 63.264952165893035], [12.931049829930895, 63.26498759267566], [12.930953732055547, 63.265021167833545], [12.9306471907578, 63.265153381690126], [12.93049076572547, 63.26526308668523], [12.930486148989655, 63.26526632363056], [12.930259264682237, 63.26544475748216], [12.929105854964531, 63.267029888481616], [12.928687617625204, 63.267171839328576], [12.92701685399563, 63.26773887706324], [12.926323300732765, 63.26800104036919], [12.923824912705156, 63.268945365086786], [12.923194361749827, 63.269183679811235], [12.922122882770616, 63.27015955596107], [12.922096744321514, 63.27018336063399], [12.916852636278461, 63.27000517007406], [12.910470015806279, 63.26975004105085], [12.910081534662455, 63.26973683275595], [12.904927690499346, 63.269561528431666], [12.890387260275471, 63.26906594853868], [12.89018199367891, 63.26905893812954], [12.89007935046381, 63.26905543266655], [12.889428677372845, 63.26903322049046], [12.887892230343274, 63.26898075715248], [12.884912927454536, 63.26932344708238], [12.883366545189396, 63.269501289299406], [12.836721946852554, 63.27485677188817], [12.835535229647972, 63.27499279843803], [12.815665413574594, 63.2772687027898], [12.81262185613835, 63.27763184588899], [12.808580708895496, 63.27048081375524], [12.808565724474768, 63.270454290330555], [12.808565707965174, 63.27045424518217], [12.80878386157441, 63.270391734254], [12.808872182553298, 63.27037330874042], [12.808932805198474, 63.270360661265414], [12.809035767268718, 63.270352054887674], [12.80914814006437, 63.270313343519], [12.80926051255952, 63.270274632060264], [12.809561063795572, 63.27013685222335], [12.809605703598589, 63.27010275500516], [12.809632556149715, 63.27009285056348], [12.809656770565761, 63.270063083824994], [12.80968101275478, 63.270043306477305], [12.809893619305525, 63.26982726906051], [12.81002382456285, 63.26972909510833], [12.810067357459445, 63.269709185263544], [12.810141987979598, 63.26964880125113], [12.810286726180598, 63.269573737703524], [12.810765520894858, 63.26944544908165], [12.810845951944238, 63.269423439712334], [12.811247287408696, 63.269312848052806], [12.81127153818865, 63.26930616532739], [12.811364949303075, 63.2692859534703], [12.811763224776945, 63.26913810683578], [12.811813881602378, 63.26909544585554], [12.811849685905383, 63.26900596536457], [12.811881822509697, 63.26895752464353], [12.812003688792233, 63.26886455424885], [12.812136850522045, 63.2687953537453], [12.81220114805745, 63.268767340252396], [12.812252442265766, 63.26873927415082], [12.812496163830112, 63.268605917969985], [12.812712564124872, 63.26847992087663], [12.812726129695898, 63.26846925593612], [12.812739695256859, 63.268458590994264], [12.81286417869392, 63.26842286429715], [12.8129936735811, 63.26838518526787], [12.813058987167386, 63.26835505005244], [12.813154369821996, 63.268250295696205], [12.81320443921691, 63.26817171976544], [12.813228886947478, 63.26813335074048], [12.81336503087985, 63.268031520981], [12.813366155153894, 63.26803073105298], [12.813392367562662, 63.268012308656594], [12.813581108526625, 63.26787965864957], [12.81374317232818, 63.26774479845184], [12.813861557449183, 63.267604706066024], [12.814249523912654, 63.26743087141481], [12.814340423963538, 63.26740000615714], [12.814482854120667, 63.26733934110231], [12.81476528165618, 63.26723960324477], [12.814833469747816, 63.26722200094271], [12.815063635155855, 63.26717252287292], [12.815191988260505, 63.267134276701384], [12.815323909685262, 63.26709602232917], [12.81545166240885, 63.26705964329228], [12.815535657201323, 63.267026220108434], [12.815674373476911, 63.26697058791266], [12.815888054800354, 63.26689733107506], [12.816298909338851, 63.26666407917382], [12.816360200362826, 63.266622720132204], [12.81642055858652, 63.266567330808954], [12.81650854619374, 63.26651638778402], [12.81672899491324, 63.26643553869356], [12.816790327449107, 63.26640917475342], [12.816793830041616, 63.266407666156894], [12.816857720731573, 63.266380156218304], [12.817093200450572, 63.26629450896655], [12.817194483227942, 63.266267275980375], [12.81726033824273, 63.266220356835916], [12.817217486092447, 63.26606627857573], [12.817175037538352, 63.26597201443418], [12.81715077626732, 63.26593091445023], [12.817094374434431, 63.265838510417325], [12.816976113771767, 63.26569084479175], [12.816933441712237, 63.26562170886439], [12.816881170403727, 63.26554904068361], [12.81688039565266, 63.26554795134236], [12.816879601670417, 63.26554685272734], [12.81686254292865, 63.265523075555976], [12.816794082914999, 63.26539297290745], [12.816714431130219, 63.26528463383265], [12.816649836157247, 63.26521548478559], [12.816538991528821, 63.26509634149231], [12.816259813443693, 63.26486475977766], [12.816161190389067, 63.26479121856596], [12.816050530207631, 63.26472056335605], [12.815952309527297, 63.2646738748629], [12.815874423192854, 63.26462159922055], [12.815825744842972, 63.26458160581573], [12.81564777867466, 63.264427384058195], [12.815644787408212, 63.26441079914678], [12.815320939573136, 63.26430594852795], [12.815222504901376, 63.264294273665], [12.815208182065083, 63.26419771992115], [12.815168574881717, 63.264054941132514], [12.815103667676567, 63.264006078672125], [12.815030339272655, 63.263959726688746], [12.814741511205385, 63.26376959251376], [12.814664469037636, 63.263718864491494], [12.814593195137272, 63.263666186791575], [12.814534803525916, 63.26363344232994], [12.814501776634872, 63.263621343555066], [12.814440923427448, 63.263600853284366], [12.814139186569655, 63.263435229344786], [12.813863121408591, 63.2633183590399], [12.813694671383788, 63.2632514204061], [12.813375734183667, 63.26319623068354], [12.813126260229017, 63.26318021369077], [12.813011905413179, 63.263175992899995], [12.812954441372144, 63.26316678298436], [12.812882389009362, 63.2631431102362], [12.812826229430474, 63.26312541195979], [12.81278994239177, 63.263119799274], [12.81275334841158, 63.263119030437615], [12.812406627442487, 63.26305678517019], [12.812228238869409, 63.263016664446575], [12.812108690453247, 63.26297410782251], [12.811945654289556, 63.26298181060542], [12.811638578649438, 63.26303137589368], [12.811560921423403, 63.26304805881366], [12.811464168401317, 63.26306819226077], [12.81132225773772, 63.26307589591794], [12.810908284112356, 63.26309348531601], [12.81065829358768, 63.263071161851926], [12.81028329915549, 63.26307592560183], [12.810156735009993, 63.26307415805201], [12.809488229271615, 63.263147716099645], [12.809284765847474, 63.263189667563196], [12.809038200495202, 63.263238075524775], [12.80889068545865, 63.26325553133478], [12.808612111661665, 63.263280011018395], [12.80854583278561, 63.26329064514915], [12.808228166546675, 63.2633270477173], [12.807448931784426, 63.263357310105604], [12.807228976922667, 63.263366231797896], [12.807122547961086, 63.26337593247901], [12.806990711281873, 63.26339030570371], [12.806828849939214, 63.26340978308007], [12.806716780288737, 63.263427621188036], [12.80652923860774, 63.26347905785856], [12.806516144396555, 63.26348264964281], [12.806396715646965, 63.26350605412777], [12.80605777006291, 63.26357247612846], [12.805628565227963, 63.26364638238909], [12.805479134934052, 63.26367088951066], [12.805346769077559, 63.26369036205486], [12.805222260360328, 63.263714759325815], [12.805119508828893, 63.263717951680874], [12.805118933444293, 63.26371796974502], [12.804991712455402, 63.2637219250005], [12.80489311213467, 63.26372325973017], [12.804842426489323, 63.263733504115486], [12.804797084442193, 63.26374608099936], [12.804780450220301, 63.26375069459895], [12.8047232337478, 63.26375272132131], [12.8046968462378, 63.26375438487496], [12.80467208490584, 63.2637559460047], [12.804513524344403, 63.26376472398733], [12.80439117302596, 63.26377970804534], [12.804352819522457, 63.26378440498515], [12.804324487933348, 63.26381578818111], [12.804305962984381, 63.26383630736636], [12.804288562649468, 63.263859913774304], [12.804286124137807, 63.26386897265409], [12.804274999583525, 63.26391031127432], [12.804247981348984, 63.26401070747795], [12.80432426143553, 63.26411476408506], [12.804382572020147, 63.26415971389307], [12.804280466958142, 63.26426377530806], [12.804091713852, 63.2643439953092], [12.803907332373713, 63.26442235744791], [12.803813020804078, 63.26446243951232], [12.803718706982082, 63.26450252148231], [12.803255723734173, 63.2646575984046], [12.803126960842825, 63.26470928688943], [12.80299603928581, 63.26477808261978], [12.802511660964061, 63.26493944441985], [12.802319371601422, 63.26499455112006], [12.802282703664613, 63.26500598974904], [12.802187932412329, 63.26503002650847], [12.802134245008105, 63.26506893807326], [12.801853019842648, 63.26513213465501], [12.801645482874813, 63.26515087668775], [12.801614486515335, 63.26515603761256], [12.801532715954181, 63.26516105992583], [12.801356650317267, 63.26517695913418], [12.801247128608402, 63.2651785994834], [12.8010456153529, 63.26518161829189], [12.800984021696541, 63.26519475822798], [12.800613283265344, 63.265273850281915], [12.800244811861326, 63.265359265238416], [12.800208193741653, 63.26535987737658], [12.800141331982985, 63.26536099452261], [12.80007446822888, 63.26536211160643], [12.799943333133392, 63.26536430314223], [12.799909595893363, 63.265354595401014], [12.79979440539685, 63.265321449011374], [12.799702942526126, 63.2652951296087], [12.799637559287762, 63.26527631558817], [12.79955175083355, 63.265246759506624], [12.799470118331207, 63.26523577970298], [12.799453476197241, 63.26523354078657], [12.799141345072579, 63.26525074031422], [12.799006900810879, 63.26529000932429], [12.79858762375017, 63.265528335124344], [12.798488710492581, 63.26555748623737], [12.798330418171899, 63.26558664369956], [12.797895685785518, 63.26562126678635], [12.797779748049283, 63.265630041322865], [12.797542237169939, 63.26565797231216], [12.797377270303606, 63.26568419710637], [12.797190472343093, 63.265692188936264], [12.79703322010514, 63.26569200008165], [12.796922568351864, 63.26569967051851], [12.79691597591233, 63.265700125179], [12.796836792787419, 63.265721706038455], [12.79674791325558, 63.26574837147024], [12.796672928046142, 63.26574496609174], [12.796671160255642, 63.26574488485522], [12.796515609167438, 63.26573780801164], [12.796219635660277, 63.26574717032014], [12.795875023300557, 63.26576807100003], [12.795235467646565, 63.265765493270614], [12.794851260029223, 63.26573428417599], [12.794728281809638, 63.26572090396274], [12.794453027283451, 63.26567871244667], [12.794255503090644, 63.265663494362336], [12.794135468960846, 63.26566768607796], [12.794047844365487, 63.26569563532391], [12.793882243850678, 63.2657410701288], [12.793467867489712, 63.26578491131902], [12.793022159041792, 63.265787231913265], [12.792842867699427, 63.26579008178046], [12.79269382557034, 63.26579903924682], [12.792487092653564, 63.265828157445696], [12.792371132651173, 63.26583718764808], [12.792297673739778, 63.26583832900497], [12.792205273673614, 63.26583745259495], [12.792063431506632, 63.265823400373066], [12.7919921229604, 63.265813360261866], [12.79191601943978, 63.26577295985339], [12.79183571451537, 63.265717382711635], [12.791765743367888, 63.26563536130379], [12.791745612042305, 63.26559911537837], [12.791967187768604, 63.26544770492244], [12.792011968598745, 63.2654171053387], [12.792264319846796, 63.265352052448335], [12.792327835604539, 63.26533364310032], [12.792388178438726, 63.26529389551101], [12.792528483286592, 63.265221618281004], [12.792668030904855, 63.265154545926265], [12.792803977562686, 63.265095202321916], [12.793195059698883, 63.264949675009916], [12.793277543463482, 63.26490039621622], [12.793324526559427, 63.2648723265222], [12.793287854730417, 63.2648216736419], [12.793251183028472, 63.26477102075232], [12.793209184772918, 63.26471886660347], [12.79316168723757, 63.26469460546972], [12.792937404366436, 63.26469892174813], [12.792856378115166, 63.26469244863272], [12.792841237061383, 63.26467010507774], [12.792834776197008, 63.264660570750955], [12.792858268879327, 63.26464534763668], [12.792874765917333, 63.26463465814345], [12.792928435872314, 63.26461882547], [12.79299363063205, 63.26461858826281], [12.793098093434526, 63.26461649065365], [12.793103433737924, 63.26460849961338], [12.793110189996177, 63.264608115911216], [12.793114384134084, 63.264592116766316], [12.793127618839808, 63.26457231424926], [12.793129529987219, 63.26453433255334], [12.793129659973562, 63.26453177019136], [12.793130376289756, 63.2645311078788], [12.793317597800382, 63.26435796991717], [12.793350455518675, 63.26428764466847], [12.793352682266995, 63.26428114254133], [12.793371671066591, 63.26422569583357], [12.793624358147966, 63.26410570392939], [12.793637730776782, 63.264100293110744], [12.793718204977514, 63.2640677322034], [12.793746092092237, 63.2640507274112], [12.793727791092905, 63.26402207487737], [12.793661103384402, 63.26391766250512], [12.793519577806899, 63.26379938035434], [12.793130957791842, 63.26359443582963], [12.793050135651944, 63.26354865088248], [12.793032664176181, 63.26354259846259], [12.793022377692884, 63.26353717373342], [12.792945862211084, 63.26351252900974], [12.792836492067963, 63.26347730223723], [12.792659989265061, 63.26341932688507], [12.792535437122023, 63.263375302137526], [12.792377680105995, 63.263367222961314], [12.792179589594438, 63.263357077773264], [12.79183131117981, 63.263390284456165], [12.791556761452556, 63.26344480091303], [12.791307401721259, 63.263508201794004], [12.79125155673398, 63.263525464555], [12.791246222672898, 63.26352711381606], [12.791193808227371, 63.263541398506035], [12.791141393730245, 63.26355568317645], [12.790944490088027, 63.26358051592279], [12.790406288292049, 63.26367738518749], [12.790326370657182, 63.263691768779424], [12.790140168736517, 63.263722692655925], [12.79010323555024, 63.26372882650264], [12.79002862425414, 63.2637412172859], [12.789990902628485, 63.26374059209881], [12.789892746890292, 63.26373896389431], [12.789792046356133, 63.26372605090099], [12.789747354792254, 63.26372456678222], [12.789661877897283, 63.26370795283185], [12.789555521007589, 63.26368727933974], [12.78935341657286, 63.263672216583764], [12.788629852094958, 63.26372646038445], [12.787867932187202, 63.26378084700298], [12.78784930835563, 63.26378217646252], [12.787150525363424, 63.26377848874595], [12.786978331744418, 63.26377079241568], [12.786839544597061, 63.26374431598133], [12.786829542965458, 63.26374325180071], [12.78682423014292, 63.263741394057355], [12.786768081632966, 63.26373068278594], [12.786630693290043, 63.26367372914013], [12.786622354307971, 63.263670813303435], [12.786614410595181, 63.263666978782254], [12.786564243083788, 63.263646181911135], [12.786502592376998, 63.2636163199919], [12.78648229118069, 63.26360320301429], [12.786451394780764, 63.26358828979024], [12.786441984896971, 63.263577163110206], [12.78642830010807, 63.2635683215315], [12.786362240960283, 63.26350235851244], [12.78617478910956, 63.26339288107555], [12.78597100581097, 63.26331187296655], [12.785800537669513, 63.26326480242641], [12.785545476620483, 63.26318818581608], [12.785276437156783, 63.263108038000475], [12.784815560427415, 63.26301840522942], [12.78467834739297, 63.26299171946161], [12.784594529673129, 63.26297754805663], [12.784585904188509, 63.26297772357637], [12.784560284598891, 63.26297318551625], [12.78443968397046, 63.26298070119068], [12.784262165560838, 63.26298431649859], [12.78408755945408, 63.26299982554291], [12.783505110203995, 63.2630634142465], [12.7829071104368, 63.26313736251346], [12.782189587437133, 63.263219838232565], [12.781895847652013, 63.2632536011345], [12.781572277000825, 63.26330884845439], [12.781385451459496, 63.26334016427068], [12.781274454324112, 63.26335220422216], [12.781180629104291, 63.263362381966964], [12.780924646397342, 63.263374445697124], [12.78076256058709, 63.263382585622985], [12.780582664596707, 63.263393213174986], [12.78043376689238, 63.263400911882535], [12.780306829241384, 63.26341410682105], [12.780023491743536, 63.26341870912675], [12.780014954600022, 63.263418848037524], [12.779236357576536, 63.26339698705368], [12.779120661345111, 63.26339228167726], [12.778843562586953, 63.26337956247885], [12.778377786259616, 63.26335869910127], [12.77830508856508, 63.26336429143546], [12.778233309069675, 63.26336981366298], [12.778062948504159, 63.26343483780418], [12.777685629511838, 63.263578851049054], [12.77757768437403, 63.26361794812789], [12.777374202332215, 63.263658659152064], [12.777310378894343, 63.26367142817725], [12.777195868469471, 63.26368963613753], [12.777083868818792, 63.263706554331144], [12.776975150373833, 63.263715020598305], [12.776880061657208, 63.26373106421511], [12.776738061452926, 63.26375502268208], [12.776592888571331, 63.26377951687968], [12.776403313537683, 63.26382828601605], [12.775910174712362, 63.26395514654], [12.775880957274863, 63.26395988433879], [12.775785885425176, 63.263975301669554], [12.775232238365053, 63.26400812841788], [12.775001490953526, 63.264021809730714], [12.77479259291245, 63.264037292232615], [12.774598773256855, 63.26404384263792], [12.774468639547878, 63.26404179002883], [12.774389232216883, 63.26401980698553], [12.774293292352244, 63.264020452803535], [12.774240314280911, 63.26403908183875], [12.774082266929986, 63.26411131187513], [12.77392270242348, 63.26418423454007], [12.773702364839696, 63.26423071158256], [12.7734394491948, 63.26426326928354], [12.773356548162074, 63.26426328878345], [12.772881354109671, 63.26426340033906], [12.772432162209643, 63.26423074526786], [12.77205092967877, 63.26415995025117], [12.771826772202797, 63.26412903757461], [12.771580752087385, 63.26411257066062], [12.771400706602412, 63.26411133208922], [12.771235349218951, 63.26412638669677], [12.7710803490444, 63.26414049888545], [12.770548186749586, 63.26414037138547], [12.77041867605398, 63.264134374075624], [12.770144207603918, 63.264117477010245], [12.769373629816874, 63.26404193775236], [12.769371471632189, 63.26404172614645], [12.769155418778858, 63.26400011653417], [12.769062800112941, 63.26397865968737], [12.768945164614294, 63.263958274233616], [12.768231430878275, 63.263929755604245], [12.767975496876138, 63.26392994464329], [12.76783598352768, 63.263926248358494], [12.7674405396145, 63.26393584941513], [12.767241270271807, 63.26397136937753], [12.767137685435742, 63.26399923152519], [12.766910852541354, 63.264073134888754], [12.766452640769696, 63.26418482749315], [12.766255224758494, 63.264202785310395], [12.766024714248715, 63.26422084299899], [12.76576712457702, 63.264224620653295], [12.765658882679993, 63.26422144003883], [12.765068410411146, 63.2643136327771], [12.764874857116792, 63.264340376952475], [12.764492727562784, 63.26442586309458], [12.764292553683376, 63.26446988588884], [12.76384927731533, 63.26458539649382], [12.763201686357384, 63.26479161575354], [12.762995243161765, 63.26485167355561], [12.762814238330641, 63.264922619283595], [12.762388978034492, 63.26508930084784], [12.762019791651662, 63.26527603394816], [12.761950423204082, 63.26531111976858], [12.761711298099645, 63.265423988345475], [12.76166819856914, 63.26547164470404], [12.76158096364616, 63.26555408313265], [12.76152737842533, 63.265614351712344], [12.761491592996352, 63.26566638808097], [12.761461784715493, 63.26571279880122], [12.761444527135415, 63.265749781379], [12.761431854500865, 63.26577268960547], [12.76141448531317, 63.26580408996057], [12.761408667431416, 63.2658477801938], [12.761325231504772, 63.265937757757726], [12.761163457034245, 63.26601230104137], [12.761044963271646, 63.26606690099748], [12.761037157747271, 63.26607049823401], [12.761029708098313, 63.26607169019913], [12.760928004749776, 63.26608795960997], [12.76082630327881, 63.26610422897898], [12.76063300806647, 63.26613026228328], [12.760552802675761, 63.266147937241335], [12.760479575307857, 63.26616944823794], [12.760440782457243, 63.26617822996683], [12.760393858696371, 63.26618467491566], [12.760237695952423, 63.26617037448027], [12.75990858859636, 63.26606285268345], [12.759546133181772, 63.26581248754789], [12.759444686540302, 63.26575760918485], [12.759339623525378, 63.26571235321627], [12.759258468545282, 63.26566364845628], [12.759213893805919, 63.265642133360224], [12.75912779002347, 63.26561560066214], [12.758746008630105, 63.26556154302765], [12.758593404362477, 63.26554767388736], [12.758308767565266, 63.265526858680275], [12.758217112986179, 63.265507654684846], [12.758085151701666, 63.26547770540031], [12.757907403572725, 63.26542236039021], [12.75771334672621, 63.26534242504482], [12.757178322332663, 63.265087988096674], [12.756656586960629, 63.26481552202227], [12.756503330400694, 63.26475108827958], [12.756289867676358, 63.264685013952544], [12.75617001920215, 63.2646421263917], [12.75596258803609, 63.264586948429255], [12.755781153760555, 63.264553514260996], [12.755490317793612, 63.2645028389675], [12.755334299220657, 63.26447605440864], [12.754874280886703, 63.26445541144287], [12.754635722256948, 63.26446071725873], [12.754298162056196, 63.26449217009851], [12.75389633661582, 63.26453930909518], [12.753499242311282, 63.26454174309137], [12.75338700455413, 63.264538166829915], [12.753142316195826, 63.26452232649432], [12.752504770833548, 63.264591519361915], [12.751847367533127, 63.264588266962534], [12.751501111452084, 63.26456979594845], [12.751426888740488, 63.264564879174756], [12.751385870040258, 63.26456076526264], [12.750726087878146, 63.26445752410879], [12.750534668255105, 63.2644075296022], [12.750226782617279, 63.26427135364075], [12.750099460200403, 63.264188161374044], [12.75006303003559, 63.26415380626559], [12.749991431691386, 63.26410907212302], [12.749930540055386, 63.264074276422285], [12.749856582265178, 63.264027340952424], [12.749833636873095, 63.264008714787074], [12.749791225557463, 63.26395545389492], [12.749523033549728, 63.26384176786229], [12.74942707326074, 63.26379175463041], [12.749154722666644, 63.26368722361956], [12.749114483917731, 63.26367567771634], [12.748932334081255, 63.263628575144715], [12.748436974651428, 63.263550137552855], [12.748237937264374, 63.2635269116632], [12.7481292144294, 63.26351281843428], [12.747981209434961, 63.26345548890159], [12.747863328720008, 63.26336227059952], [12.747851292909225, 63.26322751071583], [12.74781902369315, 63.26315210562294], [12.747665876794292, 63.26305876009493], [12.747597782574363, 63.26301671098743], [12.747459394396127, 63.26295725236542], [12.747442491115821, 63.262949352636355], [12.74735296293816, 63.26292147438088], [12.747117201861398, 63.262840441956854], [12.746852854922535, 63.26275080359989], [12.746655627966607, 63.26268784469518], [12.74660742622508, 63.26267442106432], [12.746406778355816, 63.26262134748754], [12.746298099877421, 63.262584258074476], [12.746190809539423, 63.26258918304232], [12.746030329104247, 63.26259654836773], [12.7458201134249, 63.26256598564036], [12.745640180466662, 63.26254298674495], [12.745556224868208, 63.26253031636877], [12.745274385693243, 63.26247117643474], [12.745250140574143, 63.26246608910709], [12.745199871709582, 63.26245898943503], [12.745024163828177, 63.26242809222837], [12.744917759621003, 63.26242598437978], [12.744852826181427, 63.26242416719363], [12.744806888985382, 63.262422880835594], [12.744793708657511, 63.26241757366782], [12.744732900405966, 63.26239309212043], [12.743984717373456, 63.26229726245489], [12.743561318406716, 63.26232450961449], [12.743463535735172, 63.262340630231705], [12.743451708802088, 63.26234326036363], [12.743336159032673, 63.262368960050296], [12.742956429105748, 63.26237134868052], [12.742916554365458, 63.262371599890635], [12.742692621353784, 63.2623840133925], [12.74207827725535, 63.26253706881756], [12.742021455995442, 63.262555592781766], [12.74190464115289, 63.26259367499056], [12.74176846507267, 63.26262464645627], [12.741493514774376, 63.262687179010356], [12.74144949031109, 63.262700146616645], [12.741411350597929, 63.262828526201915], [12.741404875033044, 63.26287642572411], [12.741376472938642, 63.26291110126898], [12.741233775435067, 63.26303131172838], [12.741201593597646, 63.26309418449462], [12.741169442134376, 63.263162274595445], [12.741137098071313, 63.263191024184586], [12.741043550664578, 63.26326685858451], [12.741026561160938, 63.26327045444811], [12.740995012058232, 63.26327713252033], [12.740833649373798, 63.26334772415662], [12.740786750674452, 63.26335945352632], [12.740712651942097, 63.26337798469794], [12.740591060729988, 63.263378221260865], [12.740318018698677, 63.26337875248848], [12.740235006281107, 63.263378914316874], [12.740137315346736, 63.263373663894555], [12.740056451446353, 63.26336554687436], [12.739887153673346, 63.26335130258105], [12.739657532144813, 63.26336090041316], [12.739552338411155, 63.26336977130378], [12.739423139316473, 63.26339275314125], [12.738700266667678, 63.26352954250756], [12.73845647807376, 63.26359558052316], [12.738412471937307, 63.263608278138946], [12.738401988666517, 63.26361267385379], [12.738326722174323, 63.26364423280204], [12.738276495158464, 63.26366128516802], [12.738077511289147, 63.26372756759329], [12.737639062454562, 63.26378527582867], [12.73759858158016, 63.26378715732038], [12.737566721179027, 63.26379407662584], [12.737546634221163, 63.26378957127532], [12.737467604852258, 63.26379324459163], [12.73723752321667, 63.26377328996288], [12.737091749474477, 63.26373836029853], [12.736963997959592, 63.26369142461306], [12.736906551395945, 63.26365992835759], [12.736870660778171, 63.263637973029766], [12.73685770814795, 63.2636300504267], [12.736679671664843, 63.26358742404184], [12.736368249634149, 63.26348534448598], [12.736228559206987, 63.2634325883292], [12.736064727072558, 63.26339134537105], [12.735841150940377, 63.263375918617285], [12.735732881939404, 63.263368826774546], [12.735300249281233, 63.263221932209504], [12.73495157957819, 63.26306526529503], [12.734684593403715, 63.26294465576058], [12.73452788487231, 63.26289269552182], [12.734412072711336, 63.26286846713714], [12.73428679943044, 63.26286576366398], [12.734137886069986, 63.262873503590434], [12.733984169137841, 63.26288149911347], [12.73354647593975, 63.26290777976265], [12.733428231006439, 63.26291761457065], [12.733203506338818, 63.26295981135129], [12.732723886141004, 63.26308363102685], [12.73252147789317, 63.26313588419991], [12.732480878049358, 63.26315035826411], [12.732417163013617, 63.26317035436861], [12.732263886112365, 63.263196582713114], [12.732220023320231, 63.26320793385334], [12.732175131382224, 63.26323264749501], [12.73154031535277, 63.26343882082797], [12.7314532963527, 63.26346740628226], [12.731446960177689, 63.263469487224846], [12.73132936000319, 63.26352944317303], [12.731299295348874, 63.26354324977467], [12.73129923281201, 63.26354328469442], [12.731262716407034, 63.26356005931731], [12.73121611219824, 63.26357458099348], [12.731135960917879, 63.26360867219525], [12.730876140990329, 63.263733165466945], [12.73071969129891, 63.26383600551917], [12.730708275078314, 63.26384236570828], [12.7306165136169, 63.26389348813108], [12.730413115376956, 63.264034728368614], [12.730376415708319, 63.26405737221293], [12.730343571931153, 63.264126068697244], [12.730321472665201, 63.264200835803145], [12.73025039672954, 63.264280469792226], [12.730015771538369, 63.26439113142202], [12.729799427863233, 63.264485490810536], [12.729770620795895, 63.26449917529563], [12.729714689949482, 63.26452574411872], [12.729575418215115, 63.264591903325055], [12.729482713243536, 63.26464439819023], [12.729334770077159, 63.26475325385897], [12.729255258875098, 63.26480550112485], [12.729185134886238, 63.26485750302781], [12.729141552260286, 63.2649018022148], [12.729080738393524, 63.264963614164216], [12.729036320511009, 63.265015845642075], [12.728905956214213, 63.26516914170277], [12.728816662423956, 63.265285191114586], [12.72875080931522, 63.26538298278239], [12.728721204646028, 63.265440075698336], [12.728641083846473, 63.2655616319353], [12.728605826209659, 63.26563610804412], [12.728568081152671, 63.26574905601128], [12.728535797959449, 63.26580699508757], [12.728344664762249, 63.26605911428506], [12.728174087064396, 63.26640084996876], [12.728143064405401, 63.26645997637691], [12.7281047525003, 63.2665557650262], [12.728072223926086, 63.26662338859708], [12.728039998137715, 63.26668994847598], [12.728011935762002, 63.266769971689584], [12.727968153134603, 63.26695632646165], [12.727848952476334, 63.26730392814708], [12.727811434681803, 63.26742962996918], [12.727797821340348, 63.26749928839386], [12.727798219402551, 63.26752919530857], [12.727794874813574, 63.26759818617645], [12.727781268810428, 63.26764084082921], [12.72775875001539, 63.267686284004135], [12.72772898117495, 63.26774490058392], [12.72773455721779, 63.26778728496816], [12.727729712427648, 63.26780247128485], [12.727737019495942, 63.267806004490645], [12.727739546641601, 63.267825217105724], [12.727730542658298, 63.26783679116552], [12.727736229123805, 63.26783951282675], [12.727858381314704, 63.26788291936469], [12.728070629469832, 63.26797128569502], [12.728127616291207, 63.26802001813541], [12.728135711554263, 63.268172298954106], [12.728151303127884, 63.268214839564195], [12.728165631419115, 63.26831221360839], [12.72817113877377, 63.26845330101699], [12.728177137980733, 63.26862690975517], [12.72821166445468, 63.26869382562355], [12.728297085771361, 63.268790134301355], [12.728315043535874, 63.26883478682614], [12.728388978713049, 63.26891163391918], [12.728446446366373, 63.26898596442951], [12.72835161140186, 63.269164931888305], [12.728289169012353, 63.26925318812303], [12.728306072939711, 63.269269323126345], [12.728394476004304, 63.26935370201861], [12.728413837748509, 63.26939470445625], [12.728364021988549, 63.269416967966386], [12.728322070841402, 63.269421362759154], [12.72827377853615, 63.26940702462357], [12.728250162865946, 63.269394759371885], [12.728192096829869, 63.26937727158779], [12.728166326755781, 63.2693695099991], [12.72812417880309, 63.26935359974737], [12.728013132212265, 63.26935164789831], [12.727886582341347, 63.269360762239124], [12.727475986279112, 63.26933193986328], [12.727252430637998, 63.269315970678505], [12.727174936109627, 63.26934443464969], [12.726898059614957, 63.26944613115822], [12.726810007158745, 63.269486566160154], [12.726682650577605, 63.26956274529507], [12.726554348173853, 63.26969864031767], [12.726521083663863, 63.26983173677934], [12.726508427920312, 63.26988233869073], [12.726503563867492, 63.26990659450509], [12.726476460703557, 63.27004174681223], [12.726479698393351, 63.270145974612085], [12.726483500569591, 63.27034027229227], [12.726497696326645, 63.270562086443014], [12.726513219845296, 63.27060811005668], [12.726519662563652, 63.270627212826035], [12.726529883961335, 63.270642609187426], [12.726540105369768, 63.27065800554811], [12.72656106687928, 63.270760460155145], [12.726614999492275, 63.27082295430488], [12.726652371251623, 63.270919304734136], [12.726669882926156, 63.27097948427178], [12.726680988541139, 63.27101923271913], [12.726687917715717, 63.271073792920575], [12.726689606874302, 63.27110273274951], [12.726696022426138, 63.27121269506697], [12.726763203785973, 63.27136041527069], [12.726779941713847, 63.27142587114804], [12.726777851675612, 63.27144558291867], [12.726891244564897, 63.27151888548067], [12.727000632786892, 63.27154935633315], [12.72717311311807, 63.271577152931016], [12.727259509223263, 63.27156538675363], [12.727320206107825, 63.27155712068173], [12.727379661557988, 63.27154902332868], [12.727472163528509, 63.27156961656082], [12.727515663810445, 63.2715992866443], [12.727619363891918, 63.27169554080075], [12.727635207030366, 63.271710246515], [12.727821488897325, 63.271721757143375], [12.727923789296645, 63.2717280787719], [12.728041513748401, 63.27175702070348], [12.728144080443164, 63.271808766510695], [12.72820383880295, 63.27183891490869], [12.728304508430021, 63.27189128938903], [12.728465308424559, 63.271938858626406], [12.728676648316144, 63.272002417737525], [12.728778360683283, 63.27205067809705], [12.728874632602452, 63.272114627935174], [12.728974624717607, 63.2722471317079], [12.729034298929795, 63.27232620930484], [12.729045334058402, 63.27233282965985], [12.72909688102524, 63.272363752667225], [12.729115456534672, 63.27244191604547], [12.729101592832674, 63.27245975194956], [12.729084490916136, 63.272458806616534], [12.728992192105869, 63.27245370583723], [12.728701292563416, 63.27246878333228], [12.728562338212779, 63.272522883558274], [12.728526960054475, 63.272579767632585], [12.728585291454895, 63.27276563264896], [12.728639565676163, 63.27290930278205], [12.728687179107334, 63.273025623915835], [12.728745469008956, 63.27306279454734], [12.72874572924271, 63.273063592454754], [12.728749412375267, 63.2730653087619], [12.728806846115441, 63.27310193414263], [12.729069468989083, 63.2732211013452], [12.729166899697372, 63.27327214842963], [12.729168358804326, 63.27330531369414], [12.729166043431519, 63.27339433183434], [12.72927947177027, 63.27356595441185], [12.729322451148214, 63.27363098438348], [12.729346610374888, 63.27366985427149], [12.729362273347842, 63.273745519831785], [12.729359985962697, 63.27382125826982], [12.729339743778144, 63.27392704186739], [12.729292132033605, 63.27395599895482], [12.729280749055457, 63.274012232412296], [12.728774732554795, 63.274103994581836], [12.728522451269615, 63.274258041213464], [12.72854445365396, 63.27443036337803], [12.71002781162128, 63.27578429325044], [12.700497492946521, 63.27662497957614], [12.696283060111178, 63.27919284473225], [12.691821806473268, 63.281828811263516], [12.686706071519374, 63.282612427892886], [12.671186740070763, 63.2840927425277], [12.656138865369844, 63.284204072357774]]], [[[12.74285146600984, 63.30123820603571], [12.742735211670448, 63.301229440470024], [12.742724147897988, 63.301232543435226], [12.742701268842357, 63.3012268815108], [12.742654868342768, 63.30122338259709], [12.742591181783895, 63.30120862659983], [12.74255799421556, 63.3011914221606], [12.742534814430284, 63.3011794045568], [12.742467221057865, 63.30114113330233], [12.742366868846508, 63.301071365171204], [12.742339531554856, 63.30106009425798], [12.742054117359084, 63.30097960839141], [12.74198541462397, 63.30096699044255], [12.741697483914928, 63.30094032933597], [12.741486062036259, 63.300867893076806], [12.741207030897872, 63.30085120411301], [12.741190549024092, 63.30085297835706], [12.740975491981377, 63.30087612237578], [12.740797076656625, 63.3009474334543], [12.740500497800971, 63.300996272417215], [12.740289265932377, 63.3009949767034], [12.740115587513404, 63.30099391180007], [12.73986511210291, 63.30097343503907], [12.739717902147198, 63.30094735093778], [12.739612430157951, 63.30092866138456], [12.739488911247058, 63.300874882545415], [12.739402422767158, 63.30083722674392], [12.739232218753262, 63.300726346191546], [12.738882807216276, 63.300590963860834], [12.73847664434743, 63.30047895920531], [12.73798196306192, 63.30032767961166], [12.737735618320077, 63.30025234318872], [12.737682035177352, 63.30025335100445], [12.73738554768218, 63.3003595522359], [12.737065873633432, 63.300421171613294], [12.736988108258636, 63.30043736479126], [12.736928778208618, 63.300430067880555], [12.736549239492666, 63.30038338669721], [12.736263986421855, 63.30032963211296], [12.73591061160077, 63.30023734173784], [12.735592370386877, 63.30009615208521], [12.735504730387543, 63.300060952852725], [12.735362700274095, 63.300047211009385], [12.73520249986427, 63.300055806570484], [12.735058416386636, 63.300063537587654], [12.734980828759852, 63.30005764394708], [12.734898277160205, 63.29997281072159], [12.734889088325037, 63.29996336858016], [12.73483778957068, 63.299903533433906], [12.734621640786159, 63.299798848436986], [12.734090032029313, 63.29971995337823], [12.733961572284544, 63.29970065238745], [12.733595890283338, 63.29961748960537], [12.733429857196555, 63.29957973097895], [12.733207815641583, 63.299536151489875], [12.73292847962292, 63.299457036543465], [12.732714210123797, 63.29944154084261], [12.732618179596354, 63.299441808347105], [12.73241668727601, 63.29946178543556], [12.731959911582695, 63.299497272836355], [12.731687760393305, 63.29950243986371], [12.731401130459496, 63.29948520821584], [12.731389474386068, 63.299485685264465], [12.731380067357891, 63.29948382854133], [12.731258116255745, 63.29947053786678], [12.730864798786724, 63.29938210427865], [12.730678340510233, 63.29934529388853], [12.730685403399447, 63.29934044454028], [12.730646366267395, 63.29933117225105], [12.73060524411982, 63.29931636613941], [12.73058331259976, 63.29929936952456], [12.73086673446987, 63.29919962767998], [12.730929804358638, 63.299172629992846], [12.731065815246904, 63.29911440815169], [12.731180282878155, 63.299057076830145], [12.731236497819626, 63.29902677418339], [12.731292712642809, 63.29899647151385], [12.731521163319147, 63.29883592650167], [12.731626360898536, 63.298626206598726], [12.73165993630047, 63.298403040397254], [12.731666897969342, 63.29835676790704], [12.731693511148759, 63.29817987417932], [12.731697814239702, 63.298098259820875], [12.731782377274463, 63.29795650631445], [12.73183170879583, 63.29790369550134], [12.731889276696833, 63.2978260269702], [12.731937298960688, 63.297761235119346], [12.731967430600143, 63.297706933346944], [12.73173595622392, 63.29736837241264], [12.73153814413106, 63.297140520638465], [12.731401758413478, 63.29708540801243], [12.731291667669355, 63.297071721575456], [12.731057769555086, 63.29706271672045], [12.73090998613899, 63.29705479672542], [12.73070995050815, 63.29704407600793], [12.730564726820463, 63.2970138195992], [12.730441343484241, 63.29696949054648], [12.730348884387602, 63.29686360845178], [12.730086262781391, 63.2966450388894], [12.729695828858825, 63.296238474545824], [12.729679972137639, 63.29611593534094], [12.729784948519866, 63.295994255127624], [12.72980385352909, 63.2959723402947], [12.729882946144352, 63.29589772725465], [12.729962038347551, 63.29582311416829], [12.729924945526923, 63.29572193011516], [12.729864306263709, 63.295688207982685], [12.729814557943655, 63.2956740327134], [12.729814626063014, 63.29567329392038], [12.729802044274553, 63.29567046702079], [12.729714598881836, 63.29564555083954], [12.729625157589929, 63.2956180320731], [12.729602400599571, 63.2955993968842], [12.72955638441348, 63.295574339059634], [12.7295495297285, 63.29557320618857], [12.729490349379489, 63.29555011147019], [12.729348474924373, 63.29551265197195], [12.729225949859178, 63.295494024680124], [12.728817249618103, 63.29544424775846], [12.728611779645046, 63.29540305198394], [12.728571115528105, 63.29539391562987], [12.728536922433854, 63.29535809505528], [12.728494656710891, 63.29534649351419], [12.728420266819326, 63.295344256725016], [12.728232066581295, 63.295296108486234], [12.728090728995939, 63.29524249385183], [12.727945388057277, 63.295192846841516], [12.727605144249651, 63.29517688081683], [12.727508806500364, 63.29517236022265], [12.727390720353561, 63.2951551669597], [12.726974152151785, 63.29507999188282], [12.726846039002083, 63.29505584994588], [12.726657503583668, 63.29499960403351], [12.726464229830905, 63.29492044832765], [12.726300406090727, 63.29485144191145], [12.726199410007823, 63.29479186957937], [12.726198865589817, 63.29479194170135], [12.726198764536049, 63.294791958046545], [12.726114951085425, 63.294741996415745], [12.726019489992327, 63.29468509110515], [12.72588625702938, 63.2946013977955], [12.725770645467971, 63.29456298008447], [12.72570240741221, 63.294548035831276], [12.725604307980928, 63.29454842700655], [12.725432050946822, 63.29451076570776], [12.725335866594955, 63.29447725515319], [12.725323165383985, 63.29447337358531], [12.725120516991572, 63.294411447164414], [12.725000992592399, 63.29436675276122], [12.724952654678052, 63.29435223370866], [12.724797247584744, 63.29431295511288], [12.72474036228628, 63.294256413618584], [12.72457868133971, 63.294095706753296], [12.724170173360424, 63.293957842918594], [12.723480939865096, 63.293910984754035], [12.72286780860248, 63.29382265300244], [12.722494982575475, 63.29380486965914], [12.722462902160363, 63.2938033393951], [12.722180050846008, 63.293761463403605], [12.721744221614506, 63.29357992094764], [12.721420908352586, 63.29344914923222], [12.721222973208638, 63.293385867477305], [12.721150028455286, 63.29339066265412], [12.721109106995955, 63.293392930685144], [12.721000911670567, 63.29339892622366], [12.720896801846502, 63.29338553373087], [12.720812789206944, 63.29337257946006], [12.720451060344685, 63.293294257536715], [12.720289893217018, 63.29319495486554], [12.720224190015326, 63.29313588903194], [12.720207275803467, 63.29311792401094], [12.720186216256115, 63.29309555750796], [12.720078486014062, 63.29299292554887], [12.719953482236813, 63.292937956680404], [12.719901512020549, 63.292925784122225], [12.719780177927946, 63.29291678422888], [12.71975231922515, 63.29291231560084], [12.719706484754044, 63.292908088970165], [12.719491214818285, 63.29289129960436], [12.719476125391937, 63.2928949576643], [12.719009441764246, 63.29300809044362], [12.718938062547007, 63.293022616014824], [12.718746156281796, 63.29305401366552], [12.718700505962948, 63.29306307521725], [12.718692744550468, 63.29306461564792], [12.718677560339833, 63.2930702520109], [12.718311278100252, 63.29320620379698], [12.718238430199081, 63.29323802629194], [12.718050425918173, 63.29331314219194], [12.7179294547935, 63.293336112346346], [12.71771965833536, 63.293391088631], [12.717474888086985, 63.29347628474904], [12.717182952442858, 63.29360329478404], [12.717078683302937, 63.29363604981331], [12.716904697531836, 63.29365472145839], [12.716813588215397, 63.293653218922884], [12.716749750132626, 63.29365216603674], [12.716449683758531, 63.2936297657382], [12.716239213862483, 63.293541960422516], [12.71621733776595, 63.2935244235694], [12.715743821144375, 63.293448688043966], [12.715357424731394, 63.29334565982959], [12.715105088055287, 63.29330965551074], [12.714889950141872, 63.293291694020915], [12.714514508822287, 63.29330985146427], [12.71440797585452, 63.293335645300374], [12.71427120083489, 63.29336086398611], [12.714238166802058, 63.29337488015136], [12.714124260344441, 63.293423218885266], [12.714086840108381, 63.293519027726006], [12.714155128813477, 63.293566041280684], [12.714171943197243, 63.29357761767788], [12.714165762456188, 63.29366493969326], [12.714160491698847, 63.29371609923495], [12.714137766542164, 63.293764186157084], [12.713899332066967, 63.293834967623624], [12.713818319520554, 63.293877835965475], [12.71374313854891, 63.29391660458863], [12.71333445099295, 63.293964743827665], [12.713328664617311, 63.293965424943536], [12.712853068432318, 63.29414518475161], [12.712787243854793, 63.29423057843126], [12.712658375640826, 63.29439775853554], [12.712466671079461, 63.294550730982], [12.712411584899941, 63.294594686557055], [12.712379686918535, 63.29462605037008], [12.712347788867225, 63.294657414175546], [12.712333438161702, 63.29469445626607], [12.71223717242325, 63.29479750865279], [12.7120041843074, 63.2948248614759], [12.711886629186758, 63.29483631631482], [12.71181620185601, 63.29486414288347], [12.7117363756513, 63.29491260523351], [12.711632712014838, 63.29498613159677], [12.711571384408966, 63.29503174562518], [12.711529488502133, 63.29506290644435], [12.711342813337586, 63.29512717935102], [12.711195147942963, 63.29515521928667], [12.711192470261288, 63.29515557044888], [12.711094149984534, 63.29516846598356], [12.710896195686624, 63.29520034876719], [12.71052102168797, 63.29522685273854], [12.710281954985104, 63.29524374133473], [12.71024581315899, 63.29524959846334], [12.710141234686406, 63.29525163479403], [12.710021737230603, 63.2952225751479], [12.709974587484062, 63.29521110859718], [12.70988955358544, 63.29518537205223], [12.709813914133221, 63.295172501017205], [12.709714861479485, 63.29521994471618], [12.70960086151925, 63.295274547764144], [12.709195063061728, 63.29546891112553], [12.708921955014226, 63.29553397828861], [12.708876642673761, 63.2955447733963], [12.708674106516737, 63.2955521291273], [12.708519220255514, 63.29555998170862], [12.708416925999444, 63.295592575593204], [12.708358290093102, 63.295611259024696], [12.70819013725424, 63.2956311274862], [12.707894516789326, 63.295631488341265], [12.70770978246149, 63.29563171323648], [12.707520727287376, 63.295602999353534], [12.707467220466757, 63.295582797067034], [12.707250991105353, 63.29545966026448], [12.70706177146541, 63.29542123659621], [12.706668529708885, 63.29547086459455], [12.706581230733352, 63.29548917923324], [12.706525429224671, 63.29550088582375], [12.70627921218527, 63.29555092235682], [12.706047080694288, 63.295570108296765], [12.705738937399953, 63.29558010510869], [12.705694805755329, 63.29558228563267], [12.70546522473152, 63.29560000320415], [12.70527938179419, 63.29559515089973], [12.704973268221169, 63.29553047179487], [12.704886376565668, 63.295520352143484], [12.704859547959693, 63.29551722702289], [12.704801748597545, 63.295514886017806], [12.704758275181774, 63.295510800393835], [12.704750741109574, 63.295513477817565], [12.704479026936875, 63.29561003744188], [12.704326029605038, 63.29569317063433], [12.704116435584762, 63.29579393357191], [12.703983888818984, 63.295848240538454], [12.703843227127418, 63.295920509684315], [12.70372507570986, 63.29596517133112], [12.703409662791174, 63.2959979878553], [12.703184503785044, 63.29598391486573], [12.703063219108605, 63.29595389027403], [12.703027149504205, 63.29593938910017], [12.702985762852437, 63.295922749532636], [12.702856183031876, 63.2958758205296], [12.702499307405384, 63.29574657137361], [12.702341007520197, 63.29570630547011], [12.702076042347585, 63.29568948749738], [12.701862860906129, 63.29569767650336], [12.701075265379766, 63.29587562383073], [12.700849266153973, 63.29590265838038], [12.70058998257299, 63.295875630191766], [12.70053857200406, 63.295869484627445], [12.700338135723827, 63.295846431879674], [12.700063490286771, 63.2958081192627], [12.699892388742496, 63.29577753901295], [12.699781427561502, 63.29574997694529], [12.699593562667218, 63.29574345035442], [12.699321420919743, 63.29574882471872], [12.699058260237113, 63.29572440689806], [12.698986174040312, 63.29572131196716], [12.69852203975974, 63.29566960926795], [12.698386168100283, 63.295619411060315], [12.698339180900943, 63.29557034362099], [12.69833360038458, 63.29539620908926], [12.698294789304024, 63.29529344326707], [12.698083541930934, 63.29517264429003], [12.697955711803752, 63.29515898635392], [12.697851620285032, 63.29514540665706], [12.697759050146658, 63.29511572476872], [12.697529107722117, 63.29496470397539], [12.69746249121525, 63.294912607201454], [12.697416610197827, 63.29487371281202], [12.697335273805923, 63.29480630190233], [12.697241181192362, 63.29472047484431], [12.697135352048214, 63.294615709339645], [12.697025541630783, 63.29447934431164], [12.696939722309931, 63.29434089778664], [12.696920620956648, 63.29429774004934], [12.69681956692614, 63.2941321992055], [12.69672435306344, 63.29403996938857], [12.696722115663583, 63.294037004184005], [12.696692055977842, 63.29399715495334], [12.696617185298026, 63.29389404791483], [12.696543516259224, 63.29380013704007], [12.696490636738817, 63.29366501539365], [12.696473159346464, 63.29359953452209], [12.696456448577145, 63.293532449782035], [12.696455276669568, 63.29337771050321], [12.696454839564513, 63.293319966044734], [12.69645736646141, 63.29329281778073], [12.696442033633213, 63.29320548020108], [12.696411889809527, 63.29315570567878], [12.69618524313228, 63.29308686879678], [12.696145874193347, 63.29307491820213], [12.696120401667677, 63.29307059125478], [12.695950045904558, 63.2930776410861], [12.69583009679319, 63.29309323904234], [12.695778027592686, 63.29310000934029], [12.69573768761958, 63.29311335719518], [12.695712857274794, 63.29312157378596], [12.69567821559808, 63.29317259012975], [12.69565729485675, 63.29320339976952], [12.695643573797208, 63.2932236064642], [12.695571010785704, 63.293330470763294], [12.695520424597998, 63.293410986322606], [12.695422373424563, 63.293489476840584], [12.695236245419087, 63.293779574699094], [12.695041063399096, 63.29393172142614], [12.69492647051342, 63.2940451425909], [12.694894079678255, 63.29409193005252], [12.694842523587031, 63.29413884734265], [12.694792261338314, 63.294172217919765], [12.69476010521967, 63.2941935664705], [12.694677686538574, 63.29424828554899], [12.69462233230542, 63.29428604532436], [12.694337006599685, 63.294419079022965], [12.694133803422446, 63.29444602467607], [12.694064955768539, 63.29445515369335], [12.69361269031061, 63.29441549913019], [12.693541987341577, 63.294409299913426], [12.693061250814276, 63.294346658132504], [12.692688601672716, 63.29417984002309], [12.69264948230983, 63.29413732713929], [12.692683363120961, 63.29401208563265], [12.692873408149591, 63.29392283923456], [12.692873490008934, 63.29392281362265], [12.69289132827172, 63.29391831660472], [12.692941883240115, 63.29389068915753], [12.69326541161028, 63.29377896508294], [12.693320446638907, 63.2937312336885], [12.693352506568472, 63.293668898119996], [12.693360006615746, 63.29360504243033], [12.693237880230145, 63.29349246731554], [12.693097064530399, 63.29344395266032], [12.69287534765559, 63.2934110893275], [12.692730746514961, 63.29339769368842], [12.69252843202746, 63.29338294096202], [12.692515356367544, 63.29338202876102], [12.692420612630487, 63.293376588845476], [12.692358711311678, 63.29337303501069], [12.69233816669137, 63.293366819864524], [12.692317622079953, 63.29336060471544], [12.691909501978726, 63.29323713797709], [12.691727836116744, 63.29319375160571], [12.691523386375197, 63.293154341707215], [12.691296110914198, 63.29313788067387], [12.69121599972815, 63.293133430471144], [12.691151100325921, 63.29313012472131], [12.690805137826658, 63.29308215236421], [12.690618979303224, 63.293060026431114], [12.69029864159197, 63.293027697101394], [12.689972496746359, 63.29303824760979], [12.689880405447957, 63.293054344455555], [12.689869781849186, 63.293056201472446], [12.689775272033867, 63.29306335608898], [12.689578108191599, 63.29307828280234], [12.689426253666765, 63.29307863548674], [12.689369317435764, 63.29307876785116], [12.689103516720493, 63.293079383656014], [12.688960029347074, 63.293066819329276], [12.688891940614933, 63.29306173678011], [12.688598368105419, 63.29306616798319], [12.688235792296652, 63.29307394138717], [12.688139128626302, 63.29308035509444], [12.687892300855513, 63.29310448978419], [12.687690188901389, 63.293189322499565], [12.687655228868923, 63.29324512682625], [12.68764916100562, 63.293291953986326], [12.687651879166781, 63.29337578367919], [12.687747793031395, 63.29350171254826], [12.687769522632403, 63.29352410041029], [12.687807979066724, 63.29355960014386], [12.68784255490673, 63.29359771269685], [12.687855416128816, 63.29365034243466], [12.68780867309434, 63.293710014164084], [12.687703154215754, 63.29374298820612], [12.687615597227365, 63.293751758317036], [12.68758148434725, 63.29374993845272], [12.687539081758029, 63.29372682884237], [12.687391691039503, 63.29360462556132], [12.687263940290654, 63.293479616208806], [12.687166203618848, 63.293392627428666], [12.687080647623754, 63.2933075154851], [12.686820985445662, 63.29316246798852], [12.686755398370657, 63.29314360594048], [12.686546529026824, 63.29307554498501], [12.686534726466617, 63.2930716987269], [12.686506520379563, 63.29305855738334], [12.68647831431817, 63.29304541603426], [12.68640113816165, 63.29300636873969], [12.686388628768373, 63.29298297477944], [12.68635567455075, 63.2929213409274], [12.686343462024762, 63.29289850041779], [12.68633210309046, 63.29287725681817], [12.686367662145136, 63.29284921296817], [12.6864032211303, 63.29282116910891], [12.686631729287486, 63.29275775416753], [12.686769347975375, 63.29271956180633], [12.686916535451118, 63.2926573282585], [12.6870297489661, 63.292595782025], [12.687085702724348, 63.29255436232443], [12.687125582530443, 63.29241803108479], [12.687120621262219, 63.29232561666154], [12.687061225044529, 63.292258672478496], [12.686949848757619, 63.29222390993105], [12.686812478821247, 63.2922010536982], [12.686685338232355, 63.29220141326398], [12.686538651986421, 63.29220915049465], [12.686397679352988, 63.292219530496126], [12.686338086760914, 63.292233674639505], [12.686166036356013, 63.29234869692831], [12.68613517121785, 63.292408895442016], [12.686124371059423, 63.292494050059915], [12.68608753767262, 63.2925669650395], [12.686039976983555, 63.29261019086002], [12.68588353364054, 63.29266566439942], [12.68558290904753, 63.292715014832076], [12.685505645663333, 63.29271736906168], [12.685407730189095, 63.292705321618186], [12.685358159993543, 63.292699222818506], [12.68529027232863, 63.292670265892376], [12.685261349415528, 63.2926433420179], [12.68524749782839, 63.292630448051376], [12.685266128004118, 63.292528306207004], [12.685300435681649, 63.292439897030214], [12.685329819763345, 63.29235093193416], [12.685361832229834, 63.292289135949055], [12.68535775780392, 63.292221796975284], [12.685350673867353, 63.29220987410577], [12.68529742791285, 63.29218743161729], [12.685252124953207, 63.29213785709614], [12.685199466982171, 63.292100877689485], [12.685081961580368, 63.2920731615459], [12.684925240322958, 63.2920629909591], [12.684678228766526, 63.292057664975104], [12.68427005942599, 63.292029586982565], [12.68378333719785, 63.29196602834303], [12.683485648576317, 63.291916488266885], [12.683417492709301, 63.29189707910205], [12.683398166737293, 63.29189157565034], [12.683352246266653, 63.29184576173525], [12.683231099527429, 63.291647270576696], [12.683160300072252, 63.29148121433042], [12.683162331628598, 63.29139057451753], [12.683186156608189, 63.29138193607492], [12.683237289530679, 63.2913633976714], [12.68324851562065, 63.29135932767925], [12.68336096128252, 63.29136179415466], [12.68345951264856, 63.29141729071955], [12.683534502909637, 63.291453494546126], [12.683585969034716, 63.291478341272075], [12.683747643964617, 63.291527411389914], [12.683868586436528, 63.29153985692813], [12.68396729173278, 63.291564377088925], [12.684114423317334, 63.291581881569506], [12.684311569729822, 63.291609366893745], [12.68450146965254, 63.29159862605776], [12.684604826445662, 63.29156345527624], [12.684608774571831, 63.29150481290284], [12.684574459747461, 63.291445880757834], [12.68447075413968, 63.29135713172493], [12.684224760681209, 63.29121516569307], [12.684088414180794, 63.29111825325833], [12.68391611093466, 63.29103285109147], [12.683762470387677, 63.29097767118346], [12.683618356667177, 63.290924854943334], [12.683347145753006, 63.290855784087476], [12.683101211519736, 63.29081456458178], [12.68290212481719, 63.290803370284486], [12.682687461041835, 63.29079237123758], [12.68257271627721, 63.29080539199032], [12.682567645092368, 63.29081060456771], [12.682542184642381, 63.29083677619664], [12.682511652940583, 63.290868160396], [12.682469237957894, 63.29090737512984], [12.682441826978996, 63.29093271674613], [12.682284493437653, 63.291047973920456], [12.68221929913754, 63.29114153682095], [12.682108235536242, 63.29127361071268], [12.682002394356019, 63.29135730827366], [12.681916680217869, 63.29146165347032], [12.68184958668639, 63.291557968894196], [12.681778870215808, 63.29160104096744], [12.681715246803307, 63.29161940070803], [12.681621013622603, 63.291647498588844], [12.681460968979113, 63.29161839557385], [12.681436444133645, 63.29158320158751], [12.681442434220555, 63.29150593348771], [12.68144930696114, 63.29144250787013], [12.681495266237548, 63.29134429518319], [12.68152672715848, 63.291243520847516], [12.681587545444394, 63.29119600466472], [12.681621287866486, 63.29115149579412], [12.681629433105659, 63.29110947058482], [12.681583855432434, 63.291067881894534], [12.681519780908962, 63.29104618653574], [12.681388967008187, 63.29103819362858], [12.681362321051092, 63.291047721494095], [12.68131633358099, 63.291064164619975], [12.681201972057652, 63.291079345558636], [12.681042162620203, 63.29107565726792], [12.680802995635887, 63.291073370441175], [12.68064751762294, 63.291085043980196], [12.680558399006934, 63.29109638465889], [12.680509139061291, 63.291102652773645], [12.680404161149275, 63.291141565530125], [12.680309506774172, 63.291184830698676], [12.680236093270377, 63.291243562895836], [12.680182905286012, 63.29134403700777], [12.680138412718929, 63.2914122913308], [12.680085809042426, 63.2914392434382], [12.680003327806045, 63.29143258423494], [12.679947281712295, 63.29141401802105], [12.679951102609595, 63.291378908336554], [12.67998710167775, 63.291295206012805], [12.680108651258157, 63.29119164312223], [12.680170374897209, 63.29106962304876], [12.680197879017678, 63.290970472613374], [12.680217253924752, 63.290856050672325], [12.680216008911037, 63.29076632718153], [12.680262983681628, 63.290677110686524], [12.680319486896334, 63.290571859684846], [12.680327032170787, 63.290533596060996], [12.680274067222753, 63.290492111084646], [12.680195044905151, 63.29044817236019], [12.680091265267, 63.29042084611645], [12.679931925953897, 63.290390765042716], [12.679744513091126, 63.29036941228121], [12.679481047248673, 63.29035949897714], [12.67924456907516, 63.29037495147629], [12.679046090924212, 63.29037831710284], [12.678864193870405, 63.29038338936178], [12.67873092510287, 63.29038710787299], [12.678659212858031, 63.29037379729045], [12.67865190442711, 63.29037244082731], [12.678607389789251, 63.290337791485946], [12.678601630802017, 63.290311846196815], [12.678595734321123, 63.29028527909408], [12.678609092467076, 63.29023752935442], [12.678609480414346, 63.29020072051738], [12.678554594291938, 63.29017348064891], [12.678452900495303, 63.29013613035167], [12.678295363393788, 63.29012261666807], [12.678096204863039, 63.2901433807412], [12.67788668068895, 63.29016948883725], [12.677739689631906, 63.29020217442412], [12.677673505158939, 63.29026797319417], [12.677593737126406, 63.29031911171522], [12.677435035162333, 63.290424895186405], [12.677275606894998, 63.29050598252028], [12.6771196721524, 63.290615380068544], [12.677118627599723, 63.29061611280561], [12.67711797593899, 63.290616277274296], [12.677032460184984, 63.29063792798266], [12.676914444976745, 63.29062240847899], [12.67683663543346, 63.2905580147794], [12.676762818783777, 63.2904992892547], [12.676754514722273, 63.29040841783367], [12.676703370474282, 63.29037783511165], [12.676568311206436, 63.29037603603419], [12.676460316810482, 63.290409760543454], [12.676362069160804, 63.29041981288216], [12.676219314846087, 63.29044469119473], [12.676032174440413, 63.29050171842071], [12.675886751322123, 63.29058795343379], [12.675718643824931, 63.2906828513226], [12.67558877929484, 63.29077454795212], [12.675458148428115, 63.29085321195334], [12.675264267352372, 63.290937389420165], [12.675026393184572, 63.291022312151505], [12.674960491681961, 63.29105058081297], [12.674854047969106, 63.29116437831571], [12.674852598346018, 63.29116592782811], [12.674653052024302, 63.29128024539836], [12.674568690254013, 63.29131475843147], [12.674475026612685, 63.29133096066101], [12.67446234447549, 63.29133315376904], [12.67433446701735, 63.291353334535515], [12.674273360225415, 63.29135336489064], [12.674158889982031, 63.291353421766615], [12.674030549489594, 63.29133380732034], [12.67397834488513, 63.29131500602117], [12.67394663751701, 63.29130358641626], [12.673846446371803, 63.29125801433063], [12.673752925349648, 63.29122820207222], [12.673616645896836, 63.29121550635068], [12.673517298526836, 63.29122455108355], [12.673287861676998, 63.29126314080033], [12.673054286865272, 63.29128475447884], [12.672909095904775, 63.291313531674504], [12.672769113197331, 63.291399897442574], [12.672766049906416, 63.29140178692577], [12.672707462177442, 63.29143605554207], [12.672646910444355, 63.29149021717421], [12.672539410726554, 63.29147887066401], [12.672401823196799, 63.291478175735556], [12.672340270563414, 63.29147173465706], [12.672213814042335, 63.291458500433734], [12.672107224877672, 63.29147914387148], [12.672033459870265, 63.2915061602885], [12.67191592085586, 63.291513900906054], [12.671784818116148, 63.29150849845614], [12.671695268594938, 63.29152467005457], [12.671596138508685, 63.29154286695899], [12.671440952211265, 63.291562706484484], [12.671291825384946, 63.29158187269013], [12.671173074251762, 63.2916061058786], [12.671026358249314, 63.29161418583321], [12.670883509122275, 63.291595866769455], [12.670759512685606, 63.29156916386699], [12.67067615704282, 63.29152664841074], [12.670483629650178, 63.29151747458251], [12.67028795088033, 63.291506066967756], [12.670145468529952, 63.29152842955194], [12.669909792088456, 63.29153796245638], [12.669676388787385, 63.29153417090561], [12.669497511681385, 63.29152223792988], [12.669375014256774, 63.29150391809574], [12.66921914409137, 63.2914751568088], [12.669109311635937, 63.291448495658194], [12.668991162389986, 63.29143241964522], [12.668880501354966, 63.29143725326766], [12.668738253859715, 63.29144632886873], [12.668633988443464, 63.291467564490056], [12.668439397294886, 63.29153430140191], [12.668329722216136, 63.29157408039373], [12.66820574138673, 63.29160053321787], [12.668067790019007, 63.29163790057813], [12.668067006881103, 63.29163828374566], [12.667973807521172, 63.291683952388205], [12.66790723339917, 63.29174758549847], [12.667907166769288, 63.29174779272837], [12.667896097549944, 63.29178188026674], [12.667885026311142, 63.291815967771335], [12.667874709615008, 63.29190706492846], [12.66787844380299, 63.291988227524875], [12.667912288172591, 63.29205676429401], [12.66796143151803, 63.29212281014426], [12.668004538972735, 63.292180743984794], [12.668053556595815, 63.2922363294953], [12.668052605006901, 63.292277969098535], [12.668019336484008, 63.2923069574904], [12.667928812934335, 63.29233951339882], [12.667921953541063, 63.29234198085711], [12.667812118179949, 63.29238122708707], [12.667680296289578, 63.29246883515253], [12.667582016176635, 63.29253221834295], [12.667517878031218, 63.29260443054764], [12.667443907117141, 63.29269016623002], [12.667432023748894, 63.29272412008384], [12.667407275977181, 63.292769144020006], [12.667384769538875, 63.29281008672904], [12.667353798766335, 63.2928525906085], [12.667310641085253, 63.2928787590114], [12.667259024873239, 63.29289126597718], [12.667255937583212, 63.292892014577646], [12.667206935799518, 63.29286838924393], [12.667197174621872, 63.29286368313458], [12.66709519396762, 63.292797864422575], [12.666965662462209, 63.292728559347424], [12.666908668055054, 63.292680340548664], [12.666805010994505, 63.29260442830125], [12.666662079912205, 63.292474849540525], [12.666417163047877, 63.29233655098748], [12.666357178658608, 63.29229571786199], [12.666330999385156, 63.292213612757706], [12.666224051618112, 63.29214956172933], [12.666146632801578, 63.29212028661009], [12.666057939905205, 63.292106567515276], [12.66598464444912, 63.29210549218385], [12.665952420686436, 63.29211125956785], [12.665884128578334, 63.29212348288421], [12.665819482072962, 63.292150249609456], [12.665787166999424, 63.29216362995287], [12.665620556996208, 63.29225181542623], [12.665591325465353, 63.292283328888196], [12.665524247446589, 63.29235564561608], [12.665502648449674, 63.29237784954855], [12.665446947739078, 63.29243511205698], [12.665350351381159, 63.292504995478396], [12.665283960277444, 63.29255049215197], [12.665249991768425, 63.29255934482637], [12.665209162635644, 63.29256998596457], [12.665168333545461, 63.29258062619416], [12.665047678892211, 63.29256737028742], [12.664930322690207, 63.292545655920975], [12.664821093954926, 63.29250265893506], [12.664758298669408, 63.29243248836555], [12.664733618027851, 63.29237160774866], [12.66474671052391, 63.29230993666925], [12.664702833949057, 63.292201761320655], [12.664667940345963, 63.29206962365961], [12.664602966718306, 63.29199581656324], [12.664476428613568, 63.29197246066525], [12.66433408825588, 63.29197129392326], [12.66421362703991, 63.291989198824865], [12.664149362919757, 63.292035277601194], [12.664095067852504, 63.29210879016003], [12.6640342708494, 63.29219606917989], [12.663851118376792, 63.29226745932529], [12.663839395981592, 63.29230472177165], [12.663827609322805, 63.29234218609683], [12.663838682028908, 63.29243828524272], [12.66384975480224, 63.29253438438684], [12.663827716462078, 63.292624947935046], [12.66379400760566, 63.292683461291865], [12.663699560566151, 63.2927336422671], [12.663673996156618, 63.292747065531564], [12.663611935483463, 63.292779651928356], [12.66348703700995, 63.29279440355515], [12.6632949744421, 63.29280453334078], [12.66314032328219, 63.29278656963053], [12.663044018424383, 63.29273281949048], [12.663014466044158, 63.292679904116156], [12.662956206108337, 63.29261216868969], [12.662829110364008, 63.29260676092655], [12.662628139868808, 63.29258894351858], [12.662440127065917, 63.29258407121835], [12.662354042182496, 63.29263075191658], [12.662372809366525, 63.29270003941292], [12.662386061735747, 63.29272884720874], [12.662396050094758, 63.2927505616124], [12.662406044633471, 63.29277224917845], [12.662341403627826, 63.2928606434538], [12.66232210191397, 63.292887037596834], [12.662312038671914, 63.29293538795557], [12.662313719643384, 63.29294234402281], [12.662337068196795, 63.293038935739425], [12.662316330598976, 63.29306438413626], [12.66229559296418, 63.29308983252987], [12.662205382666233, 63.29314135716372], [12.662101145049554, 63.29319337883743], [12.662055442354141, 63.29318889148074], [12.662009741738485, 63.29318440324539], [12.661918338485437, 63.29317542759493], [12.661874944409915, 63.293148167786825], [12.66181433411314, 63.29311009255461], [12.661709733814488, 63.29304645372925], [12.66167786247815, 63.2929416800476], [12.661699085685475, 63.29283861306622], [12.661775576653167, 63.292750066085084], [12.661845675912465, 63.292604978814275], [12.66188460536897, 63.292523456632395], [12.66190978905505, 63.29247072114412], [12.661973257952491, 63.292371732813336], [12.661972265646687, 63.29229116261167], [12.661946604131, 63.29223187264347], [12.661891540222681, 63.292214772676836], [12.66189553775166, 63.292203901426284], [12.661872037381825, 63.292208715611885], [12.66184201528787, 63.292199392471595], [12.661685938030088, 63.29217421124451], [12.66159783449997, 63.29217711983745], [12.661416602421971, 63.29221809838613], [12.661274757255283, 63.29225264768909], [12.661153631971183, 63.292282149463155], [12.660836192157477, 63.292391962367525], [12.660640869342137, 63.29246094329172], [12.660593817803836, 63.292477559965064], [12.660566183789308, 63.292533294522755], [12.66053854966593, 63.29258902907423], [12.660426563314518, 63.292670159109214], [12.6602657908525, 63.292731882423084], [12.660088438976349, 63.29274807715208], [12.660081195345114, 63.292748654954956], [12.659926215218764, 63.2927610182449], [12.659878757384519, 63.29275144325951], [12.659806741381601, 63.292736912232456], [12.659769883276427, 63.29271037781211], [12.659717951684886, 63.29267299287126], [12.659675584308054, 63.292609647641314], [12.65964482193429, 63.29252573275796], [12.659642246871092, 63.292435977490875], [12.659497188288999, 63.292348271910924], [12.659504832458378, 63.29227642780735], [12.659468891227522, 63.29223518397914], [12.659436932723766, 63.29219851143877], [12.659430371242776, 63.292148801531525], [12.659448435505498, 63.29213670323995], [12.659467179103284, 63.292124150079566], [12.659485922684722, 63.29211159691665], [12.659448319592135, 63.29206110754174], [12.659352865152822, 63.29202182556127], [12.659246550021162, 63.29197574722699], [12.659148768487091, 63.29192482550063], [12.658945231773153, 63.29188118083195], [12.658777928266701, 63.29186014888907], [12.658676353624225, 63.291867781876036], [12.658584604310386, 63.29188218513199], [12.658445273011132, 63.29195776384398], [12.658274597576625, 63.29205545515347], [12.65814960430916, 63.29204900919282], [12.657969247629353, 63.29202876737958], [12.657720665570519, 63.291990225842], [12.657511046504418, 63.291934769961316], [12.657170017917542, 63.29182008831122], [12.657110004042515, 63.29178318000982], [12.657011197867757, 63.29171242598854], [12.656633481859199, 63.291451484807745], [12.656494352254175, 63.29134253850167], [12.656478168613456, 63.29126962895313], [12.656515233300851, 63.29121172011448], [12.656389049449368, 63.29114678815492], [12.656235236050055, 63.291110072617016], [12.65608920431453, 63.29109005194617], [12.655755911722862, 63.29105628161745], [12.655451222678721, 63.29103462762171], [12.655161498328447, 63.29101492541982], [12.65502708950797, 63.290961395319194], [12.654956512340327, 63.29093182250281], [12.654880801677075, 63.29090895355006], [12.654841585874777, 63.29090463527803], [12.654797907060109, 63.29089982596645], [12.654754228260265, 63.29089501664151], [12.654669723753791, 63.29085417866866], [12.654651413052788, 63.29082072341896], [12.654649920831478, 63.29081799784394], [12.654471260713374, 63.29071320245396], [12.654328137718688, 63.29067808048937], [12.654318820993755, 63.290675794443516], [12.65429793428011, 63.290670668026834], [12.654219543313522, 63.29064863454535], [12.654199232087471, 63.29062889733308], [12.65419591322549, 63.29062567114724], [12.654197012751283, 63.290620220801955], [12.654198022463998, 63.29061521255982], [12.654200187809396, 63.290604481024786], [12.65420116080374, 63.29059965445972], [12.654240885639485, 63.29058293358523], [12.654308130394327, 63.29058648347138], [12.654384292256623, 63.2905834186919], [12.654539856466615, 63.29061603370516], [12.65467781324501, 63.29064495721346], [12.65478237806399, 63.29064296153857], [12.654867359263886, 63.29061386677481], [12.65494838580218, 63.29057893309742], [12.655066073823928, 63.29047315391578], [12.655136561694631, 63.29039040195155], [12.655166892121029, 63.290330191595636], [12.655190389790787, 63.290288509972335], [12.655211434882899, 63.29028044274634], [12.655244397337496, 63.290216073350365], [12.65526522699981, 63.29017702365359], [12.655210724569308, 63.29011341427876], [12.655188480495617, 63.29008885757499], [12.655176405843108, 63.29007455394934], [12.65516322109009, 63.290058935421456], [12.655150591406763, 63.29004397434304], [12.655137961736399, 63.290029013263506], [12.655121592019622, 63.289961389299705], [12.655144341747325, 63.289894540488326], [12.655152073455048, 63.28987182150092], [12.655159805150213, 63.28984910251304], [12.655167620057265, 63.289722747387884], [12.6551710502589, 63.28967317473354], [12.65516719994094, 63.28964273404272], [12.655171204079132, 63.289627831310284], [12.654972431599013, 63.2895516836554], [12.654901033043798, 63.289524331313594], [12.654891205258986, 63.289488131575595], [12.654883253974443, 63.289458839157774], [12.654821449322265, 63.28943355286458], [12.654796928294536, 63.28942352048552], [12.654644257050208, 63.28940945895708], [12.654597841367192, 63.28941058925568], [12.654506294477093, 63.289390422460926], [12.654490736139318, 63.28937892941774], [12.654444640865204, 63.28934487826473], [12.654442801209834, 63.289335703346424], [12.654429267677738, 63.289268210387824], [12.654457125314984, 63.28925069241323], [12.654491972495284, 63.289240203679775], [12.654528291294778, 63.28922928122374], [12.654588134253634, 63.28920923697003], [12.654652223447123, 63.28920493705696], [12.654677758803853, 63.28920322405188], [12.654691142553297, 63.28918852966276], [12.65464820993415, 63.289168903081226], [12.654610266099994, 63.28916914025815], [12.654528018557388, 63.28917324527559], [12.654452241773084, 63.28916204816102], [12.654405440661279, 63.2891394574475], [12.654309765999939, 63.28915927964005], [12.654188868916886, 63.28918432540452], [12.654071763452196, 63.28919340529038], [12.653983811288844, 63.289184000804376], [12.653946156281595, 63.28915811250142], [12.653932130793791, 63.28913481338175], [12.653834070990136, 63.28914323702462], [12.653705458020601, 63.289180977865044], [12.653677800951057, 63.289192491780895], [12.653644626423768, 63.289206303315424], [12.653601262793531, 63.28922338609065], [12.653370384442457, 63.28922950446021], [12.6532946152661, 63.289218217057304], [12.653287731579857, 63.28919345516835], [12.653312091602482, 63.28916633467217], [12.653321578795278, 63.289155774071844], [12.653355425921449, 63.289118092966724], [12.653389813507747, 63.289068123464745], [12.653570302541855, 63.28899938763925], [12.653724667681617, 63.28889935901995], [12.653876209534056, 63.28887452215464], [12.653968158670194, 63.288871461803], [12.654009506361222, 63.28887008571225], [12.654020992538939, 63.28886970292565], [12.654073826328755, 63.288867944925386], [12.654169265771548, 63.28884536234984], [12.654178825273421, 63.2888435506214], [12.654350365595167, 63.28881103572025], [12.6545017589329, 63.28879292132639], [12.654689543620389, 63.28879059290804], [12.654847353803724, 63.288788636291386], [12.654908271162467, 63.2887953682167], [12.654989019475758, 63.288815832881326], [12.655027392727717, 63.288803580162806], [12.65515094643885, 63.28876412780553], [12.655160998508588, 63.288760917948196], [12.65518584188245, 63.288750776176556], [12.655186239999637, 63.288749363088264], [12.655189562838006, 63.28874797301], [12.655200186902539, 63.28869982080275], [12.65520021812063, 63.28869968213605], [12.655209141594897, 63.28866536163093], [12.65538998630981, 63.28857669517363], [12.65546350743697, 63.288530197962324], [12.65564752302122, 63.28843980547514], [12.65589631324648, 63.28838063980189], [12.655913508523152, 63.28837655075139], [12.655949422734473, 63.2883680098119], [12.655970149355669, 63.28832241505024], [12.655972167992772, 63.28831797294341], [12.655983574201771, 63.288292884572456], [12.655989574153066, 63.2882856740946], [12.656108725208854, 63.28814246520668], [12.656193995986472, 63.288108469072], [12.67067117966117, 63.28802051447958], [12.693567271472798, 63.286081905820744], [12.699316602183861, 63.28406261720731], [12.705393229184311, 63.280334438040995], [12.716322057961232, 63.279606005712864], [12.72209943727843, 63.27928320243942], [12.732740788292926, 63.27802108190602], [12.732883462595007, 63.278004153622675], [12.732860114003575, 63.27779386894866], [12.732867363126788, 63.277797697237595], [12.733258624448894, 63.27785365287316], [12.733526047953143, 63.277870283131115], [12.733667829169761, 63.27788529024307], [12.733768292423326, 63.277898768625214], [12.733769945702953, 63.2778989700316], [12.733880940687678, 63.27791246600488], [12.7339919338565, 63.277925960963586], [12.734113235697308, 63.277944017852484], [12.734218510507942, 63.27795742881526], [12.734384450361166, 63.27792150401088], [12.734401907801349, 63.27791897850885], [12.734454118801393, 63.277911424564714], [12.734654026493923, 63.27790487184385], [12.73478142825932, 63.277915259175586], [12.734872680376947, 63.27792269903745], [12.734985192960965, 63.27793536257579], [12.735134239722822, 63.277949532005174], [12.735184704618998, 63.27796436008031], [12.735249056412172, 63.27800247634701], [12.735298656534505, 63.27803290529452], [12.735350395648599, 63.27806581056121], [12.735454587090233, 63.27813422733864], [12.735493503796699, 63.27815358746156], [12.735508172614818, 63.278160885512705], [12.735541520019325, 63.27817175080869], [12.735540455465065, 63.27827315648638], [12.73553938897492, 63.27837456123421], [12.735549550823059, 63.278470129445076], [12.735576672857198, 63.278506619967146], [12.73559159058531, 63.27852523833361], [12.73563194445038, 63.2785756054684], [12.735611045516032, 63.27860890885125], [12.735601200506192, 63.27862459143171], [12.735565528831925, 63.2786474937345], [12.735561826687093, 63.278649869992584], [12.735471203998776, 63.27873412896794], [12.735435450756803, 63.27876737207894], [12.735429432005965, 63.278811760648864], [12.735424331057674, 63.27884938099778], [12.735433274968981, 63.27889653784549], [12.735435200034328, 63.27894866793331], [12.735439642897452, 63.279069064907986], [12.735411710785895, 63.279127191391524], [12.73538079198542, 63.279188994005246], [12.735375004807757, 63.27920055953914], [12.735273523839009, 63.27930522223942], [12.735213248661484, 63.279356180754874], [12.7351209122463, 63.27944442235067], [12.734712494228388, 63.279755444752716], [12.734698732738467, 63.279762091251904], [12.734625663020383, 63.27979738756001], [12.734570088003078, 63.27981917564352], [12.734382684109411, 63.27985427439992], [12.73423420987163, 63.279900273448284], [12.734172678720958, 63.27991053620088], [12.733703376189071, 63.279824962002145], [12.73349348128986, 63.27978668887926], [12.733273844457711, 63.279796777207316], [12.733216916251589, 63.27979939168119], [12.73300069729035, 63.27980549429591], [12.732835933584763, 63.279775143545], [12.732816833666194, 63.2797716249147], [12.732703762837435, 63.27968550168078], [12.732600216360533, 63.27959796764374], [12.732474877486249, 63.27955404824975], [12.732427960107922, 63.27954491730633], [12.732346639502124, 63.27952909046538], [12.732284387584958, 63.27951697483778], [12.732171273924774, 63.279509866706846], [12.732118593263618, 63.27950926561935], [12.73206591260506, 63.27950866451233], [12.73196184502698, 63.279517647209325], [12.7318881169896, 63.279532123449094], [12.731816278783487, 63.27955122706408], [12.731229114985442, 63.27979147448887], [12.731207913221391, 63.279821221223834], [12.731176429951267, 63.27986539251524], [12.731177215506394, 63.27987191579294], [12.731301403350864, 63.28015919886496], [12.731257045283995, 63.28025162356731], [12.731227233239624, 63.28028807610982], [12.731202923824435, 63.28031779937209], [12.73105745968054, 63.28039340242161], [12.730943507638516, 63.28044283948308], [12.73074329427782, 63.280526863188086], [12.730638321978812, 63.28056302831045], [12.73052973396208, 63.28062209535019], [12.730453707004243, 63.2806898612618], [12.730437229100886, 63.28073682074078], [12.730415589627283, 63.28079849375055], [12.730430387460114, 63.28082817214928], [12.730430136276205, 63.281088562718146], [12.730423936843302, 63.281120483463006], [12.730418794972337, 63.28122874360864], [12.73041604717264, 63.28127510392084], [12.730426424426028, 63.28135542594479], [12.730480959878987, 63.281438759387775], [12.730513273941511, 63.28150033242764], [12.73057376691355, 63.28157841819715], [12.7306586592709, 63.28167264215499], [12.73081730923988, 63.2818606790052], [12.73085731468421, 63.28192134191382], [12.731144922227543, 63.282242896497344], [12.731297933929214, 63.282530654771264], [12.731302548998531, 63.28256227193858], [12.731330845515894, 63.28262044051158], [12.731607315628358, 63.28277349403338], [12.731902458131799, 63.28288617796399], [12.731893733292912, 63.28295862617329], [12.731874307102029, 63.28301369995381], [12.731811637494163, 63.283075914761014], [12.731783474813994, 63.28311373518443], [12.731689607522288, 63.28323283855865], [12.731630799499275, 63.28335223994124], [12.731521957564013, 63.28354257845639], [12.731487771317774, 63.28360703370632], [12.731462257572302, 63.28368549085724], [12.73139438622453, 63.28377579012954], [12.731328903851297, 63.2838587825142], [12.731269063844612, 63.283899222037654], [12.731044110100857, 63.28405124709803], [12.73107541490367, 63.28410363618291], [12.731157556722682, 63.284150756331975], [12.731178845275684, 63.284162522319974], [12.731276415124483, 63.28421644653588], [12.731281430658802, 63.28422013604287], [12.731374791408989, 63.284288966705695], [12.73152495700772, 63.28437912965333], [12.731617077897958, 63.28447288437466], [12.731698108227366, 63.284554726677065], [12.731740864152696, 63.2845947766079], [12.731862107389155, 63.284675692437524], [12.731976036891067, 63.28470546786607], [12.732127554239486, 63.28471933817338], [12.732235451519463, 63.28471744676779], [12.732516999957374, 63.28471275321578], [12.732763601757345, 63.28472508385002], [12.733324429168407, 63.28474814439483], [12.73352085460317, 63.284763428344434], [12.73352475506215, 63.28476486332556], [12.733547772004899, 63.28476522963655], [12.733565930773862, 63.28478001360106], [12.73365099252376, 63.284811310828154], [12.733782367038343, 63.28487367820625], [12.733900757313931, 63.28500005741503], [12.73403574199153, 63.2851165541596], [12.73416228268513, 63.285181322479716], [12.734355700012562, 63.28523623603779], [12.734520000045237, 63.28525171682871], [12.734706526292927, 63.285260771746344], [12.734904335541462, 63.28530625450971], [12.734953988559907, 63.28531679733271], [12.735216423572888, 63.285372518248664], [12.735400955016294, 63.28538717939655], [12.735535130136274, 63.28537310923277], [12.73567256723503, 63.28535869752368], [12.73594417892747, 63.28533021513062], [12.736407905511717, 63.28532854460198], [12.736624883715507, 63.28531759968958], [12.736766899021132, 63.28529704077345], [12.73697631789451, 63.28526726276486], [12.737195134578936, 63.2852501596103], [12.737389182642737, 63.28523171980688], [12.737486402683876, 63.28523093877843], [12.737552898370819, 63.285241441177135], [12.7376288259004, 63.28527208083629], [12.737680532105584, 63.28531476275032], [12.737835210595579, 63.28536649706081], [12.737986135698776, 63.285408357434406], [12.738075130118181, 63.28545239557011], [12.738141324540361, 63.28548515116606], [12.738188768315517, 63.28550969925601], [12.738248987984305, 63.285584894752716], [12.738309207963447, 63.285660090224454], [12.738363516925384, 63.28569528872607], [12.738435465276156, 63.28574084185717], [12.738715744127969, 63.28589628474222], [12.738736023367252, 63.285904465230985], [12.738949652261692, 63.28599063971843], [12.739000520898868, 63.286011159102], [12.73958135391677, 63.2861708416809], [12.739693893291642, 63.28619301933363], [12.73996837421504, 63.286209703626966], [12.739985896980537, 63.28620767496903], [12.740209706952633, 63.286181765149216], [12.740257338022612, 63.28616786167195], [12.740451179252513, 63.28611127661914], [12.7406569355493, 63.28607072302388], [12.740774477906502, 63.286059065203006], [12.741187210279454, 63.28601073901311], [12.741200639892957, 63.286009166972775], [12.74137355924755, 63.28600529545876], [12.74145017385654, 63.286003579716905], [12.741751879791984, 63.28602130290988], [12.741833215900618, 63.28602547488197], [12.742022424590138, 63.28601868765761], [12.742224324726669, 63.28606154914574], [12.742241113416052, 63.28606617194659], [12.742256504025466, 63.286070409827005], [12.74237190421774, 63.28607873109053], [12.74249959142372, 63.28610477866553], [12.742615997366919, 63.28612852465773], [12.742627278861981, 63.286130826126886], [12.742695334601857, 63.28615662420584], [12.742779134109433, 63.28620900200977], [12.742803723447325, 63.286224371516454], [12.742864055890458, 63.28626208175225], [12.742902969322795, 63.28629757318601], [12.743040776938424, 63.286478234135586], [12.74313636248855, 63.286624401701005], [12.74346766680068, 63.28689506365559], [12.743508993538697, 63.28691611528889], [12.743610347274666, 63.286967743475174], [12.743983895820234, 63.28715802294657], [12.744124011418393, 63.28723044968381], [12.744235264634092, 63.287297730269714], [12.74427210407342, 63.28732000896738], [12.744372052102243, 63.28736653485509], [12.744392034826696, 63.28737583668227], [12.744480068318085, 63.28741932653166], [12.744541017408944, 63.28744943600505], [12.744571351711745, 63.28746661744648], [12.744751944939088, 63.28756890240315], [12.744765500887016, 63.28770046279411], [12.74473436709182, 63.28776650465407], [12.744701943853151, 63.28781815958895], [12.744473002537255, 63.28805827078465], [12.744421427884147, 63.28808331101798], [12.744337423009677, 63.28812409870754], [12.744253415975338, 63.28816488541804], [12.744132329918678, 63.288210044829256], [12.74407922591474, 63.288229200085894], [12.744049881652398, 63.28824540492443], [12.744020537357049, 63.28826160975676], [12.744008279736395, 63.288291760350006], [12.743999035573855, 63.28831449527607], [12.743990223217697, 63.28833617212432], [12.743986775424036, 63.288344652113096], [12.744047340168272, 63.28853702714554], [12.7440582189217, 63.288569856316506], [12.744171074914115, 63.28873767570941], [12.744234058053552, 63.28885269838235], [12.74427892138963, 63.28894866780421], [12.744367993957638, 63.28905303241021], [12.744431824261198, 63.289114336781154], [12.744448000128163, 63.28914423103883], [12.744496647237876, 63.28919216664186], [12.744556250016089, 63.28927535421744], [12.74467600413047, 63.28940067671697], [12.744799499312048, 63.289556506332325], [12.744992638755805, 63.28970468388258], [12.74503087402562, 63.28971856746272], [12.74511537585946, 63.289749250633555], [12.74515312179281, 63.289795946690354], [12.745165170798314, 63.289827097235516], [12.74521391935266, 63.28989970143887], [12.745316365764037, 63.289998431713364], [12.745321882556851, 63.29005726902319], [12.745301023849365, 63.29012782490729], [12.745284243232978, 63.29018458886228], [12.745279004622134, 63.29024320203989], [12.745278456206288, 63.29027398793714], [12.74527799751226, 63.29029974518609], [12.74526087636555, 63.29033515693494], [12.74524375517601, 63.290370568681354], [12.745150028085137, 63.29046786355283], [12.74490996833094, 63.29061695842232], [12.744586814024755, 63.29069333836623], [12.74457939468783, 63.29069645065095], [12.74457845814872, 63.29069531343849], [12.744396087084562, 63.29072577374845], [12.744157175830372, 63.29078873060654], [12.744084530807795, 63.29080787363602], [12.743753855166451, 63.290861466765264], [12.74370272255598, 63.2908646327188], [12.743621522984164, 63.290869660501635], [12.743538833435807, 63.29089200500291], [12.74351348360998, 63.29089885490074], [12.74346129146183, 63.290904955401736], [12.743442941017985, 63.29090710070297], [12.743424590641622, 63.29090924510499], [12.743416869593068, 63.29088986268823], [12.743435148925883, 63.29087372957508], [12.743516088240126, 63.29083111320783], [12.743582810363018, 63.29076176806931], [12.74359860603013, 63.290745350462906], [12.743608719243303, 63.29072904306908], [12.743418209563174, 63.29071381343818], [12.743093960393317, 63.29075426183145], [12.74304803387848, 63.29075999095601], [12.742929601477229, 63.29078177412484], [12.742697829307216, 63.29075335488669], [12.742353450735354, 63.29073498486546], [12.74225743598109, 63.29073364254178], [12.742009416056817, 63.290735933437354], [12.741939714138, 63.29074404097422], [12.741899404504208, 63.29075538898628], [12.74187335503842, 63.2907648529839], [12.741805625550565, 63.29078945934232], [12.741703678147102, 63.29083638386567], [12.741633182175452, 63.29088384111883], [12.741587869562354, 63.29091434468855], [12.741536578927729, 63.290965044362736], [12.741391179084625, 63.291144996021806], [12.741365761732466, 63.29116258703659], [12.741303967542246, 63.291172547243654], [12.74126305765144, 63.29117914102475], [12.741200225541712, 63.291201669796266], [12.741199055299537, 63.29138149307757], [12.741213035702867, 63.291442690762565], [12.741216083337523, 63.291456029016885], [12.741254095521326, 63.29150003664646], [12.741306223160834, 63.29153631982556], [12.741381941962736, 63.29161672669533], [12.74138697324271, 63.29164912215303], [12.741453212946295, 63.29192751533509], [12.741514739635955, 63.29197219473324], [12.741614293926206, 63.291985463959364], [12.741800690614198, 63.29206419712966], [12.74183940078988, 63.29208054754207], [12.741888101005328, 63.29212541580811], [12.741948393083364, 63.29218598544414], [12.741949935766796, 63.29218753454561], [12.74196988383438, 63.29222504656499], [12.741989831952916, 63.29226255858161], [12.74203708474331, 63.29242636751716], [12.742312240451612, 63.29257468499234], [12.742411844372455, 63.2926283745831], [12.742482347645476, 63.29264909328839], [12.742513025087286, 63.29265811857472], [12.742700706771574, 63.29269052629817], [12.743097059393378, 63.292777797963325], [12.743181341840959, 63.29279925901047], [12.743387084581494, 63.29285164843403], [12.743594741837452, 63.29291071597597], [12.743615619605984, 63.29291665501657], [12.743768201348162, 63.29296005595272], [12.743817175629447, 63.29298091334421], [12.743860786079662, 63.29299948589118], [12.743932502355843, 63.2930304861333], [12.744006190257771, 63.29305056311033], [12.744082198332478, 63.29307311909753], [12.744107434725981, 63.293072514014646], [12.744333042858454, 63.293067106860626], [12.74444773875164, 63.2930597913823], [12.744777812002546, 63.293055302279356], [12.744877053439366, 63.293067483129455], [12.744920593378898, 63.29307282717739], [12.745001015697161, 63.293077053564154], [12.745279308836283, 63.29309167796679], [12.74533677543501, 63.29309073879911], [12.745433613313548, 63.293089154931415], [12.7455768891782, 63.29308146482799], [12.745755114253678, 63.293047782899315], [12.745814066209862, 63.29303664170076], [12.745971360668207, 63.29297950092959], [12.746060195186622, 63.292947199260496], [12.746226314634065, 63.292876913352714], [12.746303548200135, 63.29284423493453], [12.746328803561308, 63.292831966870665], [12.746450115296167, 63.29277303782762], [12.746452056458425, 63.29277209431123], [12.746476993848386, 63.29274300163302], [12.746501931187565, 63.29271390895015], [12.74650346022317, 63.292654231428116], [12.746487258101116, 63.29257379217315], [12.746462256338026, 63.29250869358238], [12.746452689680284, 63.29248338113126], [12.746442928252945, 63.29245754840444], [12.74648188688255, 63.29241573874282], [12.746571650942247, 63.29222973910411], [12.746584824047082, 63.29221270952088], [12.746591840087877, 63.29219833820274], [12.746597457867383, 63.29219637715853], [12.746605404657776, 63.292186105134746], [12.746995299019812, 63.29204444161871], [12.747095606086372, 63.2920261305901], [12.747242661613756, 63.292003431814024], [12.747341989528671, 63.291994335591895], [12.747457012204519, 63.291983790459234], [12.747490603363149, 63.291973265764305], [12.747503661506084, 63.29196917399198], [12.747564849896792, 63.29190376846945], [12.74757645462551, 63.29188931343573], [12.747594751420074, 63.291866520326764], [12.747664973480497, 63.29182313955564], [12.747778088287564, 63.29178803055283], [12.747781898427107, 63.291786349760784], [12.747783886870268, 63.29178623035368], [12.747788346191212, 63.29178484625784], [12.74807265331713, 63.29175458348505], [12.748161015826543, 63.29174921024953], [12.748294737976758, 63.291741133006134], [12.748449063025003, 63.29173824795521], [12.748886419491116, 63.291775384102934], [12.749069509766036, 63.29181730047529], [12.749087632260292, 63.29182321851515], [12.749165735317606, 63.29184872128316], [12.7493576648168, 63.29192592990004], [12.749403200996143, 63.291944239337944], [12.749457449611796, 63.29197081244939], [12.749562767619015, 63.292006659639966], [12.749564533396793, 63.29200711853179], [12.749778492796308, 63.29206273881297], [12.749991470043367, 63.2920729676743], [12.750074377170383, 63.29207694942749], [12.750204447447606, 63.2920831962178], [12.750232403998266, 63.292079445466676], [12.750756560902849, 63.29200911990325], [12.751073849693212, 63.29195756187844], [12.751177138871707, 63.29192987608499], [12.751248557290236, 63.29190537744899], [12.75133690192772, 63.29185671403765], [12.751457045556274, 63.29174715392166], [12.751511002306428, 63.291710419437095], [12.75160112683996, 63.291613045774945], [12.751529938498518, 63.29150276482659], [12.751516665793739, 63.29148220253167], [12.751456134122947, 63.29138842711344], [12.75143589076007, 63.291338426548585], [12.751417057472656, 63.29124140707666], [12.751296722075093, 63.291141761573144], [12.751224938234184, 63.291115172709986], [12.751156199227971, 63.29110301629761], [12.75098856737104, 63.29110722954599], [12.750657370134016, 63.291111346878644], [12.750557718432786, 63.29109906116261], [12.750543305150376, 63.29109275562782], [12.750526771669755, 63.291085522295404], [12.750510240259938, 63.29107828809575], [12.750513041837415, 63.29106129012618], [12.750621841826376, 63.29101918167041], [12.750738042354648, 63.290986294744066], [12.750755318423565, 63.290981289677624], [12.750997162137015, 63.2909112271782], [12.751082603326157, 63.290892510780665], [12.751442722281405, 63.290828099606074], [12.752191209481056, 63.290767636897115], [12.752314104824029, 63.29075999476114], [12.7525110915756, 63.290746168699435], [12.7525688589518, 63.29073574507095], [12.752644778544196, 63.29072204674413], [12.752653865840053, 63.29072040688844], [12.752680365748597, 63.29071033749409], [12.752706865638652, 63.29070026809481], [12.75276291317414, 63.29066456283326], [12.752820081056278, 63.29062574154516], [12.752812198682744, 63.29054764328576], [12.752794077266001, 63.290494452935604], [12.752775425941731, 63.29045080791017], [12.75277266356555, 63.290444344320434], [12.75275757464016, 63.29042742411594], [12.752752334545573, 63.290421549067965], [12.752718527300313, 63.29042103991524], [12.752684722118808, 63.2904205298891], [12.752634326111005, 63.29041977065188], [12.752624865064124, 63.290419627657855], [12.752593119177604, 63.290428280879176], [12.752561373272135, 63.2904369340934], [12.75251024238553, 63.2904551619501], [12.752506236921942, 63.29045659016443], [12.752458408204609, 63.290437239884284], [12.752458352975728, 63.290433953585016], [12.752457922903321, 63.290407870792286], [12.752460965171649, 63.290402109364194], [12.752472649437237, 63.290379909009246], [12.752471833635838, 63.29035375817457], [12.752514226685042, 63.29032218250629], [12.752580762729936, 63.290293527941756], [12.752664920320028, 63.290261645071965], [12.752845142444698, 63.2901796726021], [12.75290738840857, 63.29015286543518], [12.753136414842574, 63.290114457518285], [12.753232904686177, 63.29011123597965], [12.753233250718074, 63.29011122437785], [12.75323935365619, 63.29011137362294], [12.753443757674916, 63.29011636754294], [12.753476382311607, 63.290116431371096], [12.753600338427518, 63.290116673214584], [12.754264314982894, 63.29021979821046], [12.754408673180928, 63.29024488992157], [12.754595432589001, 63.29027295753522], [12.754778345973218, 63.29030507666651], [12.754928278924933, 63.290311606285925], [12.755123601961825, 63.29031525953029], [12.755417757134328, 63.29034813437636], [12.755500340243353, 63.290363380177936], [12.755741340113953, 63.29041792710846], [12.755870901078392, 63.29043784569705], [12.75608724604271, 63.29048980371414], [12.756112913929668, 63.29049754573709], [12.756334315654936, 63.29056432478202], [12.756372329447622, 63.29057911222169], [12.756595484627365, 63.290680495760235], [12.756591764746943, 63.290705630495104], [12.756506759112865, 63.29085321846917], [12.75662397028944, 63.29096865184778], [12.75738577645254, 63.291314742075926], [12.757540876433595, 63.29139457945996], [12.757593192965137, 63.29143197460606], [12.757626167343204, 63.291482336212965], [12.757637934526684, 63.29151832078019], [12.75764593669105, 63.29156706810342], [12.75765682201828, 63.29161896934762], [12.75765774206225, 63.291623354814206], [12.757664151619991, 63.29169544404288], [12.757668865716624, 63.29174848185053], [12.757856483782511, 63.29193818073806], [12.757896458333851, 63.29197908981025], [12.758095056536662, 63.2922085316704], [12.758204381038668, 63.29227807794227], [12.758209276496133, 63.29228119168949], [12.75822683284847, 63.29228831179667], [12.758481316410418, 63.29239152394546], [12.758760296592925, 63.292449140463326], [12.758914195166577, 63.29248092412872], [12.75920353522564, 63.2925406790308], [12.759526040393753, 63.29260961972545], [12.759719458585487, 63.29281066682866], [12.759741462702754, 63.29284795251356], [12.759782580480413, 63.29291761179318], [12.759930231592401, 63.29299863118748], [12.760002750460021, 63.29303842350453], [12.760075269527315, 63.29307821578529], [12.76054542275928, 63.29336051813902], [12.760585115985062, 63.29338237750213], [12.760624809270874, 63.293404236854386], [12.760722871839388, 63.29349010022614], [12.760710839882929, 63.29352630475713], [12.76067010504405, 63.29362805460201], [12.76065680319613, 63.2936472535948], [12.760549983663942, 63.293740509243236], [12.76047392608461, 63.29378613359155], [12.76047180205041, 63.29378740754009], [12.76046679460312, 63.293789456836556], [12.76034144320208, 63.29375103847034], [12.760041636990413, 63.29365914905486], [12.760014483388485, 63.29365723334638], [12.75982615865756, 63.29364394415124], [12.759683535735732, 63.293645562102995], [12.759345541288361, 63.293611746564984], [12.759253926227514, 63.29360449603289], [12.759119923541064, 63.29361509333731], [12.759050413751824, 63.2936240706858], [12.758969633723558, 63.293634503075964], [12.758715747692284, 63.29362295456525], [12.758544720960423, 63.29361517508587], [12.758456136103215, 63.29361586785821], [12.7584079743475, 63.29361455327556], [12.758400745621453, 63.29361630086937], [12.758381973309195, 63.29361644812369], [12.758252687831956, 63.29363899807572], [12.758104383479424, 63.29376599768828], [12.758038579819633, 63.29382234686315], [12.758027817968971, 63.29382750293251], [12.757975505083392, 63.29385256425564], [12.757961549670586, 63.29385925036105], [12.757959995843546, 63.29385998912038], [12.757652880856288, 63.2938814113884], [12.757524177699924, 63.29389038911381], [12.757516789278883, 63.29389090402581], [12.75712385756975, 63.29385950467484], [12.756927660187296, 63.29380160746104], [12.756844353138764, 63.29377244272802], [12.75678596267697, 63.293749997836386], [12.756697892735405, 63.29371614549031], [12.756633394422188, 63.293680650322266], [12.756598254266107, 63.29366433963102], [12.756508262616576, 63.29362256973093], [12.756437402409269, 63.29359833272268], [12.75643487092556, 63.29359804503039], [12.756347951196409, 63.293588178255774], [12.756316542722448, 63.29358461271824], [12.756082984017652, 63.293584004542005], [12.756033615419765, 63.29358322684243], [12.75586189546182, 63.293580521618196], [12.755766834446336, 63.29356807854563], [12.755459269023271, 63.29352583491971], [12.755280444067749, 63.29351321194721], [12.755090766285354, 63.29347852686274], [12.7550160644757, 63.293466242513624], [12.75485939045592, 63.293432804559714], [12.754809780322542, 63.29342087966174], [12.754773402489981, 63.293427103396645], [12.754700561094925, 63.29342168123724], [12.754218776664722, 63.293400483061944], [12.75407008461679, 63.2933934426881], [12.753702221842419, 63.293392492599764], [12.753484454878777, 63.293391929837], [12.753436021005358, 63.293401033922514], [12.753342470760826, 63.29342147627232], [12.753085484621309, 63.293483233711626], [12.752909038979183, 63.293527913510836], [12.752851444415576, 63.293533691622144], [12.752711890900049, 63.29355440361094], [12.752482905985078, 63.293570662345566], [12.752328326587781, 63.29358163707129], [12.752190015016927, 63.293589627807755], [12.751903505530208, 63.29357270632922], [12.75173445210437, 63.29353378985823], [12.751659349316771, 63.293513865228036], [12.751618583682625, 63.29351002165618], [12.751578477986255, 63.29350085943392], [12.751552242071972, 63.2935037657584], [12.751510206874881, 63.29349980244839], [12.751372457436332, 63.293513637633396], [12.751060994808011, 63.29355346310583], [12.75070847784071, 63.293556849210994], [12.749917887898173, 63.293540870335896], [12.749811960588529, 63.29356903440323], [12.74976198572636, 63.293596340361475], [12.749653985881135, 63.29365516192934], [12.74954964487383, 63.293715415017644], [12.749497317326622, 63.29375164480041], [12.749231514757174, 63.29385188934247], [12.749134679261607, 63.29387213340559], [12.749099019684476, 63.29387894710753], [12.748761421850025, 63.293892543497094], [12.748727781297458, 63.29390592845231], [12.748693915914588, 63.29391281081611], [12.748619831429757, 63.2939488805032], [12.748486906200132, 63.29401359709767], [12.748376985139513, 63.29405684465355], [12.74831233504847, 63.29407377184119], [12.748271148234247, 63.294087614760635], [12.74825709418604, 63.29409233825853], [12.74825676270413, 63.29409333867149], [12.748221016425207, 63.29420102495371], [12.748211432873248, 63.29421271142985], [12.748211095261194, 63.29421703668556], [12.748179098773273, 63.2942521408762], [12.74816465276131, 63.2942697574637], [12.748162553878275, 63.294270292657764], [12.74814926026915, 63.29428487817807], [12.748035582944441, 63.29430634400439], [12.748012925443678, 63.294301019500885], [12.747995244090019, 63.294301855169685], [12.747913344049648, 63.29427827437668], [12.747856550826645, 63.29426636816305], [12.747818690966042, 63.294262482354874], [12.74781787347311, 63.29426239849543], [12.74767718852518, 63.2942700600483], [12.747591996105497, 63.29427945193833], [12.747490078154204, 63.294288399719925], [12.747482428184707, 63.29429057379613], [12.74736585394689, 63.29432370734934], [12.747349994777652, 63.29432821545091], [12.747346501950158, 63.294330657288754], [12.747319927044034, 63.29434923400382], [12.747297402132382, 63.2943649790191], [12.747216684047238, 63.29446296227792], [12.747021212422172, 63.294700243509105], [12.746976063669532, 63.29488872693604], [12.746988841638322, 63.294912332022875], [12.747013445633886, 63.29495778250753], [12.74702895782979, 63.294986438448575], [12.747044470126001, 63.29501509349116], [12.747079245327642, 63.2950483451681], [12.74719631159959, 63.295109135030835], [12.747322439677426, 63.295169125291906], [12.74744514718319, 63.29522923194777], [12.747628889949542, 63.295297289257384], [12.747750191026721, 63.29535753502074], [12.747910515913254, 63.29547510028114], [12.748003279984633, 63.29555611213475], [12.748061748254347, 63.29561839202371], [12.7481336130537, 63.2956949412431], [12.748180999193522, 63.29575045347934], [12.748245382612183, 63.29581316619283], [12.74834729968811, 63.295847496776], [12.748521602077147, 63.295898352443274], [12.748688128615163, 63.29594693901192], [12.74883364452006, 63.29598409526336], [12.748919317194073, 63.29600072334045], [12.74897304491081, 63.296011152077114], [12.748995506639586, 63.296020334301915], [12.749167535391646, 63.29609066377632], [12.749334861148494, 63.296405822861814], [12.749366021953582, 63.296437373656346], [12.749493108032391, 63.296465547213614], [12.749609539505373, 63.2964913596631], [12.749693588449421, 63.29650411767522], [12.749739155624654, 63.296507288744024], [12.74974764977854, 63.296507880849326], [12.749748828023794, 63.29650914754684], [12.74977006128249, 63.296531885639745], [12.749639577508411, 63.29659142963462], [12.749605249497057, 63.296607094517455], [12.749440436852261, 63.296682303200384], [12.749300914672212, 63.296771074538654], [12.74922557463151, 63.296871993821], [12.7492091717119, 63.29691751876945], [12.749223012024718, 63.2970165876562], [12.749235943798475, 63.297041376573894], [12.749273004009641, 63.29710780537355], [12.749281700487028, 63.297131584572895], [12.749298988324085, 63.29717885397935], [12.749333561011115, 63.297232924220786], [12.749362259618822, 63.29730294718773], [12.74941081692734, 63.29739261574087], [12.749609439637583, 63.29768555180083], [12.749602915691115, 63.29771315804535], [12.749512863590889, 63.297723076021896], [12.749355677403242, 63.29770749241813], [12.749332564614766, 63.29770558736829], [12.74929219004906, 63.29770226028417], [12.749237618375709, 63.297746436951776], [12.749225277248842, 63.297785677897345], [12.749227213837166, 63.29780801601039], [12.749222823226923, 63.29781331610566], [12.749227848418462, 63.297815329583955], [12.749229310471879, 63.29783219017102], [12.749668634654991, 63.297991908711126], [12.74967681956397, 63.29799488435357], [12.749678613589278, 63.297995906670955], [12.749794609280093, 63.29806196860449], [12.749884131777629, 63.298123057246535], [12.749940843524902, 63.298135859163146], [12.749973206903192, 63.298138928434376], [12.750039777546508, 63.29815176929252], [12.750250390459367, 63.29820491198266], [12.75052403855336, 63.29825324833289], [12.750706974980698, 63.29833500047861], [12.750864890180548, 63.29840557174792], [12.750936974972698, 63.29844285933373], [12.75114177861464, 63.29855903959678], [12.751284142568178, 63.298620449612685], [12.751614012720095, 63.298806745029935], [12.751767641104358, 63.29890108779336], [12.751902003161886, 63.29898352545878], [12.75192267407122, 63.29902627304406], [12.75193600700136, 63.29905384162346], [12.751947808442704, 63.29907824696807], [12.751959609903611, 63.29910265231173], [12.751952572806008, 63.299148388168284], [12.751919314693986, 63.29921177606416], [12.751865325321134, 63.29930507816916], [12.751833765954785, 63.299359980739226], [12.751772655546098, 63.29940338803593], [12.751740759801367, 63.29942604429554], [12.751647753220178, 63.299492107788865], [12.75130478688574, 63.299524004506026], [12.7511582117574, 63.299537635861235], [12.751020880621809, 63.299567999051284], [12.750930695532679, 63.29959938833176], [12.750893044050697, 63.299612492346974], [12.750737790561356, 63.299659501394615], [12.750689920650105, 63.29967399560717], [12.750440281275067, 63.2997495831036], [12.75035874276027, 63.299776920744], [12.750326716246548, 63.299791716192324], [12.750300793147124, 63.29980005421815], [12.750174556789386, 63.29979954861098], [12.749982884934559, 63.29974955234422], [12.749798476681843, 63.29969701274246], [12.749672082974893, 63.29966952490155], [12.749501486481165, 63.299644849504574], [12.749064943620958, 63.299643825270834], [12.748941680791473, 63.29965447530306], [12.748780620999433, 63.29970551728015], [12.74876483402556, 63.29972302476113], [12.748657511262358, 63.29984205467308], [12.748618685344361, 63.29988511605478], [12.748558835716354, 63.29996769325421], [12.748561410833032, 63.299984812074975], [12.748582898954126, 63.300019388712954], [12.748456557696956, 63.30005717821974], [12.748222927211648, 63.30000016828449], [12.748128295770819, 63.29998735898334], [12.748041473542663, 63.29997804917406], [12.747977394840667, 63.29997828437769], [12.747851515629106, 63.299968491754996], [12.747457235624914, 63.29994906823348], [12.747396949507857, 63.29994750447754], [12.747316429985998, 63.29993517814811], [12.747260013901599, 63.29993396644662], [12.747218069872451, 63.29993306616902], [12.747211132186886, 63.29993437964513], [12.74716634590463, 63.29994286150442], [12.747114621901963, 63.29995265682087], [12.746843086232179, 63.30017193189658], [12.746833944127063, 63.30019418104496], [12.746851925198774, 63.300224552388535], [12.746854077817204, 63.30022818882353], [12.746871591209304, 63.30025307734805], [12.74686968089576, 63.30029362342674], [12.746698715266016, 63.30038144625335], [12.746651724972383, 63.300386274547776], [12.746650549184515, 63.30038722389202], [12.745548126565081, 63.30053340411974], [12.745540316754385, 63.3005367572245], [12.745495912942353, 63.300540327701114], [12.745461249378682, 63.300543115784635], [12.745426585878601, 63.300545902962895], [12.745276388955242, 63.30056404317539], [12.745151588333181, 63.30060041756206], [12.745109097254595, 63.300620872762835], [12.744906682705578, 63.3006891601953], [12.744872720601666, 63.30072352957639], [12.74486305498321, 63.300733310104526], [12.744794699116445, 63.30080248647085], [12.744700082863158, 63.300898235442986], [12.74467154969826, 63.30094512131516], [12.744679877358083, 63.30099073202467], [12.744694738774617, 63.301028868741284], [12.744698543301459, 63.3010386344198], [12.744609072756615, 63.30110118484841], [12.744484206792274, 63.30113248448812], [12.744359340558471, 63.301163784017184], [12.744341200075134, 63.30116418281511], [12.744234963889879, 63.30116652075032], [12.744109703510611, 63.301169277503064], [12.743834216674243, 63.30112483275473], [12.743757624312767, 63.301107666756856], [12.743395053710769, 63.301026407995984], [12.743273352114073, 63.30104479993101], [12.743189181181446, 63.30106687505963], [12.743080730601351, 63.30112964470335], [12.743065721315636, 63.301136751807206], [12.74285146600984, 63.30123820603571]]], [[[12.916062402051212, 63.236874488082094], [12.9160964627921, 63.23695211698834], [12.916112838876288, 63.23698944264228], [12.916083432403099, 63.237034721449504], [12.916044262883037, 63.237062980310355], [12.915455421330895, 63.23741278370879], [12.910397512215443, 63.23323153019906], [12.891787729643843, 63.22939351756841], [12.889078272002228, 63.224230945778615], [12.897845940710024, 63.22246778162636], [12.913432097832834, 63.21778520095797], [12.920707687576925, 63.205560604276855], [12.928591450010574, 63.203085071938034], [12.933452293309646, 63.20385490497476], [12.96718850579523, 63.19593031811353], [12.9814815194319, 63.19144749979578], [13.016235667292959, 63.17445645623362], [13.029365275013223, 63.177800018318614], [13.03695309317024, 63.181406604215084], [13.027841379669377, 63.18528505818488], [13.023735047835201, 63.187168341155704], [13.016523444171803, 63.19031038431528], [13.003564178980987, 63.195953967442065], [12.999536963278526, 63.19772260852984], [13.002699696632313, 63.19995602675492], [13.007676697949766, 63.203469789864435], [13.007103306565789, 63.20360971261305], [13.007045920191537, 63.20362372205789], [13.007033840868237, 63.20362663132151], [13.006991764866141, 63.20363892690106], [13.006970540244689, 63.203641875812785], [13.006892978079412, 63.20366055557859], [13.00681541587639, 63.20367923440467], [13.00643462571645, 63.203730268246254], [13.005491069776054, 63.20385073461347], [13.005331579706592, 63.20388143762091], [13.005157260123124, 63.20394004323138], [13.005095983710616, 63.20396742608233], [13.004789563033789, 63.20410435557636], [13.004713319162393, 63.204154470294476], [13.00452136265431, 63.20428023630572], [13.004374915293889, 63.20440447729678], [13.004309945055736, 63.20444278208455], [13.004188277058361, 63.20449371320547], [13.00411017788254, 63.2045133140999], [13.00379691990868, 63.20459193410837], [13.0034489777711, 63.20463821406859], [13.002500789470608, 63.204748513349166], [13.002405203205548, 63.204758033675596], [13.002206001627272, 63.20477583002237], [13.001934284658487, 63.20482023911719], [13.000952183954196, 63.20512069058294], [13.000765622533462, 63.205189371076706], [13.00069116517884, 63.20519545250388], [13.000503616508059, 63.2052107708076], [13.000233031803639, 63.20522822461975], [12.99985070035432, 63.20526394742282], [12.999456464463162, 63.20533839552453], [12.99920294172429, 63.20541373702303], [12.99919971199462, 63.205415114615306], [12.999036966986363, 63.20548452858524], [12.998677772175718, 63.20566048242885], [12.998227584942088, 63.20593011716578], [12.998047060500292, 63.20604088947367], [12.998027465487956, 63.20604997603022], [12.997899552947015, 63.2061265852329], [12.997834293387651, 63.206139545515555], [12.997798403239937, 63.20615618756998], [12.997644856851593, 63.20619526181217], [12.997449065198953, 63.20624121962209], [12.997268882322144, 63.20629241595343], [12.99722585002173, 63.206331969458304], [12.997188606846775, 63.2064370830999], [12.997093529306854, 63.20660739009129], [12.997015868002439, 63.20666741177265], [12.997007083658781, 63.206688734398746], [12.996966622145393, 63.206698638282106], [12.996834058002506, 63.20676215534322], [12.996612671510144, 63.206836158619446], [12.996474707322472, 63.20686008943342], [12.996286779330097, 63.20688860400878], [12.996074918853553, 63.20691688777957], [12.996049000886977, 63.20692034802751], [12.995658454044328, 63.206984988751955], [12.99534708285386, 63.20702300218075], [12.99522643754765, 63.20704871134006], [12.995036472283587, 63.20712270647312], [12.994899654742499, 63.207192091054445], [12.994691541994607, 63.207291988878914], [12.994599863874623, 63.20733599451631], [12.994302595843573, 63.20744170343278], [12.993521488316237, 63.207662992728], [12.993397471586585, 63.20769288605027], [12.993266099405501, 63.20772455188795], [12.993113325210432, 63.207757437260454], [12.99266308863332, 63.20781140583129], [12.992547036676118, 63.20782531641953], [12.992153973318421, 63.2078425274452], [12.99199790740365, 63.20784936131217], [12.991560551914999, 63.20787158965744], [12.990934236511958, 63.20786734457169], [12.990574623087793, 63.20791289624848], [12.990568927934808, 63.20791361750078], [12.990296511689541, 63.20796387841897], [12.99011187350457, 63.20801157321049], [12.989905330405303, 63.20808397155079], [12.989815682121224, 63.20811002475809], [12.989707064247659, 63.20813884429908], [12.989558798831373, 63.208186630810545], [12.989505692999476, 63.2081968870918], [12.989408749126993, 63.20822630248521], [12.989187634639707, 63.2082979496235], [12.989091246506788, 63.20832470880643], [12.989081325193625, 63.208326734915524], [12.988891417934529, 63.20837118428333], [12.988580628480156, 63.20845201786898], [12.988303185458658, 63.20851295095235], [12.987851563785387, 63.20861405601098], [12.987437241874014, 63.208742838171766], [12.987331751858541, 63.208813018398516], [12.987031718303285, 63.20909983766136], [12.986934896995745, 63.209186756525845], [12.986870554681834, 63.20923347613847], [12.986721998276899, 63.20930214999075], [12.986624164295606, 63.20935686079482], [12.986527903371362, 63.20940181643832], [12.986360038275246, 63.20944436608259], [12.985847916445424, 63.20956814908632], [12.985715008656724, 63.209607431387624], [12.985597187289583, 63.20963858650589], [12.985419892564508, 63.209704551553536], [12.985207816337494, 63.20976786772005], [12.985133682824475, 63.20978999986323], [12.984994619930296, 63.209814793052885], [12.98450901678026, 63.209882635268016], [12.984293009625546, 63.20989683775011], [12.98424996987502, 63.20989704087524], [12.984179962850757, 63.209897371540855], [12.983836125347418, 63.20991900820471], [12.983712590062613, 63.20994761171532], [12.98369036217055, 63.2099694369625], [12.98368412212473, 63.20998026069929], [12.983656379626153, 63.210028373448154], [12.983558866146296, 63.21005122272078], [12.983327997864547, 63.21007284451753], [12.983182941128002, 63.21007140606652], [12.983134009123958, 63.210070634609316], [12.98305185301631, 63.210069339658844], [12.98282617041119, 63.21008676054336], [12.982480961645193, 63.21014687354599], [12.982360073142251, 63.21019312893648], [12.982287799955849, 63.21024484177066], [12.982246489655573, 63.21028159624724], [12.982173346649589, 63.21031541096536], [12.981881564356554, 63.21045030270228], [12.981700953149637, 63.21053379931164], [12.981600847171265, 63.21058608809771], [12.981469964789225, 63.210645246367385], [12.98142956781534, 63.210659258926], [12.981261394690765, 63.21071759478865], [12.981005451069189, 63.21079232271514], [12.980850159693027, 63.21084659970269], [12.980749220853653, 63.21086999999242], [12.980417941616771, 63.210937838802], [12.98030206836576, 63.210981685740094], [12.979855789531117, 63.211153082132775], [12.979762444832478, 63.211188932167985], [12.979647460038079, 63.211223723105824], [12.979113922983352, 63.21135217902771], [12.978882782157068, 63.21139488895072], [12.97870206496593, 63.2114100714399], [12.978568269432023, 63.21142131144705], [12.978436419541062, 63.21144346253306], [12.978354421885152, 63.21146221039132], [12.978253020389868, 63.211490181321345], [12.978055436013456, 63.21154972568172], [12.977721415019982, 63.211698485979895], [12.977605070101989, 63.21178971173544], [12.977597395034294, 63.211835796082354], [12.977655361289877, 63.21194495331498], [12.977675289477517, 63.212021938727155], [12.977730659057757, 63.212128976006134], [12.97779983536824, 63.21221314341861], [12.977893520358688, 63.21232712809758], [12.977881382049969, 63.21241262670136], [12.977840697256427, 63.21246676195296], [12.977827110231482, 63.21248489525908], [12.97773477435137, 63.2126081184676], [12.977673880831151, 63.21262458939684], [12.977672826016626, 63.212624823091296], [12.977564884075562, 63.21264872582586], [12.977430012274402, 63.212667053172495], [12.976777759547483, 63.21270308554468], [12.97625287038748, 63.21274281354126], [12.97625008637545, 63.21274313753197], [12.975483380508381, 63.212832262125325], [12.975155241262373, 63.212902486063875], [12.975091520800458, 63.212917246569745], [12.975014900785414, 63.212928760791684], [12.974987855075247, 63.21294126036405], [12.974962886548987, 63.21294704409112], [12.974737312056238, 63.21301598964744], [12.974538430985454, 63.21311087651924], [12.974459219050477, 63.2131681879681], [12.974296556851572, 63.21324072271842], [12.974076428689836, 63.2133147996784], [12.97387876503433, 63.2133677507985], [12.973647204572746, 63.21342978223654], [12.973359545146657, 63.21348061127759], [12.972929893551568, 63.21355035899342], [12.972445398103451, 63.21362900730587], [12.972093543521801, 63.213677122589665], [12.971526860033197, 63.213720672512004], [12.971339216953538, 63.213727072123596], [12.971119001735191, 63.21372699114651], [12.97059474568208, 63.21372550588313], [12.970338463966215, 63.21375630615662], [12.970134304674678, 63.21378748657688], [12.97009045941192, 63.2137941823873], [12.969902804602462, 63.21381889579505], [12.969798603796717, 63.21383689620857], [12.969679197612829, 63.21385752373751], [12.96932953085553, 63.21394269744251], [12.968795867669437, 63.214072686818426], [12.967961998308615, 63.21429673080081], [12.967950374322882, 63.21430161947376], [12.967843089429639, 63.214346791416766], [12.967547906596216, 63.21446397717474], [12.96736799990968, 63.2145394809487], [12.967284047830042, 63.21456599684022], [12.966845200877122, 63.21472583029562], [12.966692411409097, 63.214788183467306], [12.966635044336451, 63.2148115938055], [12.966350883348824, 63.21491561989163], [12.966232846860276, 63.21495474257118], [12.966114810053568, 63.2149938651514], [12.965376749039194, 63.21514322721927], [12.965140074271417, 63.215174765781796], [12.964984364779145, 63.21522884042081], [12.964880949630153, 63.215277661438904], [12.964876714364442, 63.21527966134905], [12.964544730710232, 63.215445637888116], [12.964427087592654, 63.2155044534246], [12.963779798740427, 63.21566334919681], [12.963626540741037, 63.21570031778936], [12.963457623602734, 63.21573276126883], [12.963279428062751, 63.21577462462588], [12.963049215191266, 63.21581743043758], [12.962889357811097, 63.21584269016769], [12.962729500154822, 63.215867949717], [12.962505248738882, 63.21589048610013], [12.962219828606651, 63.215982634677374], [12.962173999234606, 63.215997429585215], [12.962128901984222, 63.216015108055025], [12.962023323617524, 63.21604881687118], [12.961744899530528, 63.21610824882114], [12.96149238703866, 63.216126894854845], [12.961456336448906, 63.21613383449664], [12.961273961235369, 63.216168942079314], [12.961090846528961, 63.21622236820045], [12.960879315324119, 63.21630351581429], [12.960799465153944, 63.2163628758848], [12.960706520817089, 63.216423951513846], [12.960299326965844, 63.21657273607136], [12.959446759901239, 63.21679949795535], [12.959210920902237, 63.216868846851426], [12.95904004551201, 63.21691704110546], [12.958717039241987, 63.217010851988775], [12.958355908906487, 63.21712212536178], [12.957994096173595, 63.21724021162417], [12.957697304998206, 63.217352540311595], [12.95753137280788, 63.2174153416311], [12.957206933295726, 63.21749942295349], [12.957125327363581, 63.217529935187564], [12.957045170875546, 63.21757007508823], [12.956707851522337, 63.21769196681299], [12.956057460161654, 63.217853181002255], [12.95580185655053, 63.21792293161575], [12.955625366276557, 63.21798959951304], [12.955569676852686, 63.218027718327164], [12.955534612913898, 63.21806303436117], [12.955522495115897, 63.218102810408205], [12.955483013499409, 63.21822484274751], [12.955463838352092, 63.2183427856229], [12.955432883779823, 63.21839226040932], [12.955261845741, 63.21858338409374], [12.955123357369475, 63.21870046396963], [12.95499373030121, 63.21874589782467], [12.95478691163807, 63.21881610686274], [12.954749768878434, 63.218828716064884], [12.954709044362987, 63.218876469972685], [12.954716601904845, 63.21888691911425], [12.954751083343746, 63.21893459034495], [12.95475568241151, 63.21898074264309], [12.954752482351507, 63.219017301560186], [12.954772259677823, 63.21906492916559], [12.954724023177933, 63.219104090432985], [12.954650398024526, 63.21913448267965], [12.95452656924025, 63.21916935115826], [12.954254851242062, 63.219208699880404], [12.953996480344726, 63.219234036317175], [12.953881659287658, 63.219244208574665], [12.953601457203199, 63.21923831748065], [12.953400977835779, 63.21921516765187], [12.953350610493091, 63.21921390843841], [12.953183446425754, 63.21920972887974], [12.952758631526331, 63.219209547521], [12.95253643318666, 63.21920482168168], [12.952323273292835, 63.219199193145684], [12.952215780305778, 63.21919775277207], [12.952008222722995, 63.21919591253308], [12.95160910185877, 63.219213668582356], [12.951442595415221, 63.219235457531376], [12.950882359085071, 63.21932925374803], [12.950827574091186, 63.21935202534962], [12.950735867773375, 63.21939014402477], [12.950546371670207, 63.219513730082646], [12.950206660887915, 63.219790342375724], [12.950072239739892, 63.21986394886122], [12.949835123273541, 63.21995992119217], [12.949692507771344, 63.22000759622888], [12.94961675096055, 63.2200190915506], [12.94958022505523, 63.22002018543336], [12.949530541378204, 63.220021673156715], [12.949406843350918, 63.220037136800244], [12.949194341503919, 63.220067076645705], [12.948647665589615, 63.22016237971123], [12.948296282339733, 63.220254617970106], [12.94827481416127, 63.220268066727236], [12.948192554409056, 63.2203195974281], [12.948157243412323, 63.22037894702457], [12.948102324647701, 63.220573093139464], [12.948078958839915, 63.22065569054386], [12.948042132916925, 63.22076474974116], [12.947970298915273, 63.220833152201074], [12.947908477472462, 63.22087877721455], [12.9475094527785, 63.22118525159917], [12.947398194284654, 63.22127106579478], [12.947354150971373, 63.221305035543274], [12.947261905311871, 63.22142689684432], [12.947265289486541, 63.22148720888901], [12.947265935863198, 63.22148945923525], [12.947340099707997, 63.22174728049639], [12.947405704180659, 63.22182850362264], [12.94743921100188, 63.2218900495606], [12.947424840112179, 63.22192684220171], [12.947377630715502, 63.22195552016922], [12.947305502425206, 63.22196852120521], [12.947210962206563, 63.22196248761847], [12.94693676573702, 63.22192600005789], [12.946704356658572, 63.22186125872143], [12.946291550340318, 63.22176330504658], [12.946016047627603, 63.22169793026338], [12.945679100735484, 63.22165200427397], [12.945535158783118, 63.221642732879644], [12.945256238124903, 63.22163585645881], [12.944493816878836, 63.221662438754635], [12.944291559328546, 63.221713493162156], [12.944151233605744, 63.22175173534799], [12.943847366725421, 63.22183454651269], [12.943618909136298, 63.221880669057505], [12.94346718142036, 63.22193390757807], [12.943332200903475, 63.22199287399812], [12.943268602927922, 63.22203423357478], [12.943112690749352, 63.22213568826887], [12.942976032299752, 63.2221753982798], [12.942839192573294, 63.22220281405758], [12.942105768051993, 63.2223343751384], [12.941843546672887, 63.222392028388555], [12.94159258923961, 63.22248240903525], [12.941440709453133, 63.22256930344632], [12.94117705909261, 63.22280002126034], [12.941116966062005, 63.22290646154044], [12.941028183541754, 63.22305137202795], [12.940829980169125, 63.22315178999485], [12.940429349396325, 63.223182045315], [12.940376288803513, 63.2231792745895], [12.940131843697742, 63.223173803413225], [12.939728986697775, 63.22319449838828], [12.939554171740369, 63.22322742131966], [12.938839060425263, 63.223390763651295], [12.938451177558413, 63.223469125213626], [12.93826121541852, 63.223504260149014], [12.937895038100464, 63.223582827191414], [12.93764774226247, 63.22363588587621], [12.937602535637366, 63.22367035394128], [12.937572545046093, 63.22371924929307], [12.937556957432326, 63.22374466298728], [12.937521019216634, 63.2237909419372], [12.937485080884823, 63.22383722087735], [12.937302849134241, 63.223995049549025], [12.937086220736196, 63.224066365406074], [12.936842926797485, 63.22410131738566], [12.93625414568502, 63.22406420422656], [12.936057833902082, 63.22408502225464], [12.935965667458067, 63.22410730682268], [12.935823436139751, 63.22416683451267], [12.935689112244328, 63.224248869138385], [12.935508782974859, 63.224355303607105], [12.935301906791194, 63.22442456765733], [12.934879781197326, 63.22452476094689], [12.93470844530273, 63.224550572750395], [12.934430474366737, 63.224602237731226], [12.934218353842919, 63.22466600108], [12.933668703691206, 63.2248718015163], [12.933288917994277, 63.22512278826761], [12.933006576059997, 63.225194292287924], [12.932537743569195, 63.22524954503601], [12.932355930664498, 63.22528456629499], [12.931916094060151, 63.22539483311371], [12.931670937253342, 63.22545629329236], [12.931500057299312, 63.22550150145173], [12.931124588853166, 63.225632700816], [12.930888638491425, 63.225714832782984], [12.929872772255031, 63.22603120864277], [12.92953114002371, 63.22613331420275], [12.92930377036789, 63.22619012354547], [12.928963531714526, 63.22627489985258], [12.928324939840648, 63.22648597521982], [12.928036032071153, 63.226569919621554], [12.92767216191745, 63.2266207681837], [12.927602604355332, 63.22663362720694], [12.927570367985416, 63.22663822757861], [12.926961497147186, 63.226746477527975], [12.926822557905641, 63.22677783411754], [12.926484027554038, 63.22685423465658], [12.92620585544061, 63.22690917970761], [12.92594274046031, 63.22696114927862], [12.925263474049945, 63.22714239307336], [12.924972459962511, 63.227216574280284], [12.924684163084802, 63.22729531074252], [12.924205945588383, 63.22744237530297], [12.924038693272742, 63.227490788119994], [12.92378054264621, 63.227578743833945], [12.92352841112527, 63.22766601483035], [12.923266822541983, 63.22774635954976], [12.923110027979156, 63.2278164176514], [12.923027655171756, 63.22785322333579], [12.92280671847115, 63.227963593358034], [12.922550420263143, 63.228104149383775], [12.922372170678846, 63.228190854582884], [12.922081157082923, 63.22834071883843], [12.921800344976674, 63.22853591053133], [12.92173702412814, 63.228579923517714], [12.921400045315867, 63.22886908961352], [12.921307607715061, 63.228960574484226], [12.921208569007078, 63.22905859253992], [12.921111005293168, 63.229166686222925], [12.921009673430603, 63.229324438741905], [12.920997385263343, 63.22938380455273], [12.920962792567348, 63.22947100089593], [12.920851834500173, 63.229535810770486], [12.92080664152688, 63.229568069764504], [12.9207228101704, 63.22962791146592], [12.9206822954051, 63.22972270676965], [12.920642586301145, 63.22985531335005], [12.920512832908225, 63.230036461011245], [12.920558552187876, 63.23017476099304], [12.920629200140283, 63.23026779486833], [12.92065708255109, 63.230304513390394], [12.920628062310682, 63.23034406140515], [12.920570650933822, 63.230386704908646], [12.920484391885386, 63.23043325423675], [12.920256628723768, 63.230527484260044], [12.920089566209608, 63.23056377447203], [12.920069868098743, 63.2305648529297], [12.920030927602586, 63.230566984179056], [12.919986978952206, 63.23056938515284], [12.91984877750363, 63.230576934985294], [12.919324417208864, 63.23055317527871], [12.919194115372527, 63.23055039354837], [12.91906381356342, 63.23054761169876], [12.9184774277704, 63.23056695398378], [12.918430129708106, 63.23057813761944], [12.918301364663545, 63.230608582795995], [12.91828232187498, 63.23061308512718], [12.918152040478866, 63.230671845959115], [12.918079779822152, 63.23073349413677], [12.918042009777364, 63.230794128012946], [12.91797120220048, 63.230907802755254], [12.91790659063611, 63.23110601827213], [12.917749654682083, 63.23146480961541], [12.91761718227935, 63.23175666503118], [12.917573567488773, 63.23203594058583], [12.917530309507146, 63.23231162994573], [12.918357187608931, 63.234012834359106], [12.918313026900341, 63.234048483675984], [12.918257625186218, 63.234093205549364], [12.916994228401462, 63.235113022007695], [12.915352887966291, 63.23643777392445], [12.915473679011237, 63.23664098607669], [12.915476040665352, 63.236644962253486], [12.91549135311466, 63.23669938096472], [12.91556397295797, 63.2367954916941], [12.915588019661078, 63.23680751703244], [12.915634029898541, 63.23683052439476], [12.915649112916952, 63.23683806738703], [12.915693646738761, 63.236844677182646], [12.91573818058113, 63.2368512869644], [12.91583657992803, 63.236843049885415], [12.915896569154638, 63.23683744633453], [12.915923952716854, 63.23683488822016], [12.915956558358426, 63.23683184275835], [12.915976082414254, 63.23683567351974], [12.916011410000994, 63.236842603546776], [12.916028026273153, 63.236845863763655], [12.916062402051212, 63.236874488082094]]], [[[13.13682656281306, 63.09248325728587], [13.137077206774615, 63.09239849697561], [13.13792707596111, 63.09231078097947], [13.138068562013162, 63.09230661106744], [13.138639528060187, 63.092456414190494], [13.14623927063043, 63.094449978078124], [13.147509536222355, 63.097177809401344], [13.15042322307452, 63.09886842041472], [13.149569160331396, 63.10444827141863], [13.152956410458422, 63.10729503224146], [13.155739189780778, 63.11363462139825], [13.145988624087826, 63.11835719222192], [13.149305104016209, 63.12259378947085], [13.111097811775464, 63.131122193836745], [13.115267449923177, 63.13418183584014], [13.108959597316458, 63.136562724325294], [13.096057157409017, 63.13949404093231], [13.09363802330488, 63.13946156153986], [13.07767479755459, 63.13828765124096], [13.073875390301582, 63.136398047925674], [13.07641537567592, 63.13310908098631], [13.079136676751514, 63.12550626898212], [13.073546296304857, 63.12217016791308], [13.07152452456825, 63.11730298382061], [13.068837803121887, 63.1152694782123], [13.06667043447758, 63.11208601673467], [13.07706466224368, 63.106587515387766], [13.086273834316884, 63.10390984393388], [13.10200230966536, 63.10299106765792], [13.110287499947923, 63.10145267127298], [13.13682656281306, 63.09248325728587]]], [[[13.165862181040932, 63.01559147394049], [13.165835477478916, 63.015641960961204], [13.165783759094065, 63.01572233448824], [13.165807088849393, 63.01574413026019], [13.16591597417241, 63.0158181648949], [13.165864568223157, 63.01581836922745], [13.165807883273988, 63.015844424491284], [13.165714118052522, 63.015876337356346], [13.16565776494501, 63.01589207219886], [13.165645323703721, 63.01590297172483], [13.165638454076895, 63.01595697491534], [13.165675702333592, 63.01597329507702], [13.165849917057015, 63.01604378666945], [13.16585072103249, 63.01604577224741], [13.16580807161699, 63.01618969273381], [13.165728043093505, 63.01624448901974], [13.165627988791414, 63.016271436272525], [13.16557674150351, 63.01629426705144], [13.165576408791233, 63.016295788991805], [13.16559668561412, 63.0163205797573], [13.165586255320246, 63.01635073617002], [13.165527135092534, 63.01643850125497], [13.165462341840023, 63.01648854811435], [13.165447213132468, 63.01650290520251], [13.165468179965595, 63.016520172416726], [13.165481989583942, 63.01655543741887], [13.165457757918729, 63.016622224516624], [13.165494232250985, 63.01664490006163], [13.16559655234558, 63.01677850837822], [13.165591526179764, 63.016912627937955], [13.165558916029159, 63.01699137279154], [13.165497101104767, 63.01715503859436], [13.165485870279873, 63.01723536249191], [13.165519244297375, 63.01726399509866], [13.16562211681677, 63.017358646141815], [13.16580953273828, 63.01765229468031], [13.165811156649658, 63.01768023721734], [13.16584288021028, 63.01776001377879], [13.165939813727933, 63.01791371644982], [13.16601025258602, 63.01806988565969], [13.166010388259222, 63.01820616398239], [13.166008778602952, 63.01821071289943], [13.165980415056021, 63.01829923603301], [13.165982267941883, 63.01830277043996], [13.166050578705146, 63.01858754832676], [13.166021996277333, 63.018630469537015], [13.165987062286675, 63.018682331254546], [13.16598977628293, 63.018702674600284], [13.166032326232841, 63.018874391155606], [13.166100010627403, 63.01897377484328], [13.166114920067557, 63.018990299040865], [13.166109545779879, 63.01902773033532], [13.166092291873882, 63.01908755130061], [13.166104520431572, 63.01911624180038], [13.166128246876797, 63.01922521867024], [13.166125580771658, 63.019239351338626], [13.166142708750701, 63.01925107414526], [13.166260981822527, 63.01930013662882], [13.166261876878792, 63.01931640732553], [13.166279171302042, 63.01935883691232], [13.166337145182192, 63.01941494649446], [13.16638881264574, 63.019453162029485], [13.166413610746886, 63.0194673633758], [13.16650293780434, 63.01950727899697], [13.160498916172921, 63.02743057459041], [13.162987008909438, 63.030838087714166], [13.163396355728262, 63.03796966819948], [13.157271516285835, 63.047577335464965], [13.147863456543053, 63.056311620894995], [13.142604445204576, 63.05938679444789], [13.13881511962415, 63.059693357594895], [13.132407851262359, 63.05918142370328], [13.123354196618942, 63.05771691345291], [13.123020528546842, 63.04205400954226], [13.07311450061396, 63.025898630560754], [13.084974983146958, 63.01092983064699], [13.085312000079627, 63.00391926627391], [13.097978548799789, 62.98526145985484], [13.094025386520366, 62.97842274008403], [13.098833679544502, 62.97457898234737], [13.09929152364978, 62.974240974277635], [13.099458532405237, 62.97411767647122], [13.144233949883791, 62.9947939507238], [13.144876207419204, 62.995090207209586], [13.15244463588066, 62.998580765788084], [13.152997405155647, 62.99883449738792], [13.171601389126284, 63.00741037039728], [13.171601466391156, 63.007410398330094], [13.171600697847076, 63.00741068466684], [13.171596836511982, 63.007412098153885], [13.171567702824705, 63.00742279132689], [13.171507308681221, 63.00743334069058], [13.171372230601595, 63.00745169585595], [13.171344777096444, 63.00745542585304], [13.171317325558109, 63.00745915587036], [13.171213665972457, 63.007458749182554], [13.171193226310793, 63.00745109600893], [13.17111709485758, 63.00742588896455], [13.171098179146787, 63.00742544683371], [13.17104882360703, 63.00743825755307], [13.171014246816847, 63.00746679126191], [13.170982998827169, 63.0075481674239], [13.170954636562763, 63.007597646280175], [13.170826210938298, 63.00767918410785], [13.17063134302609, 63.00774827184702], [13.170621451409444, 63.00777690032074], [13.170595718567661, 63.007803618069126], [13.17053930747836, 63.00784233754054], [13.170539777230047, 63.00786101778567], [13.170542730972105, 63.00790722069365], [13.170488861973771, 63.00796779846527], [13.170336177527187, 63.00806854913276], [13.17018535070536, 63.008161701385006], [13.170120536787257, 63.00819263582079], [13.170053090199149, 63.008198110562134], [13.17000987410194, 63.00819550440244], [13.169635314227742, 63.0081764003163], [13.169506605531955, 63.00815138280808], [13.169290127299737, 63.008085761922565], [13.169201763073602, 63.00803195329431], [13.16915384709558, 63.0079807870375], [13.169131905973513, 63.00797660655778], [13.169027474363897, 63.0079736744588], [13.168992672345926, 63.00798495810003], [13.168940489980972, 63.00801163837841], [13.168956436086592, 63.00801660315616], [13.168958232900499, 63.00803836208493], [13.168982092729294, 63.00808252837678], [13.169070976104118, 63.00813939637498], [13.169074878754294, 63.00814646767111], [13.169062463674793, 63.008196421971135], [13.169017285529243, 63.00823741406117], [13.168739837373643, 63.008385298150934], [13.168661946512838, 63.00840359221087], [13.168519586276517, 63.00842050371779], [13.16844160834455, 63.00842883996091], [13.16831594008576, 63.00844669464777], [13.168293336078348, 63.0084389052886], [13.168193885129702, 63.0083962108126], [13.168133160517485, 63.008366613971276], [13.168011896414859, 63.00828777880052], [13.167886599681301, 63.008190100380766], [13.167840792152548, 63.00818125620621], [13.167807519461086, 63.00819302622888], [13.167746107557395, 63.008216920052966], [13.167699368214102, 63.00823805019235], [13.167660889200764, 63.00826605673003], [13.167544106142268, 63.00832554897497], [13.16732527051279, 63.00843673367357], [13.16730489457883, 63.008439405432206], [13.167237979883337, 63.008467240890724], [13.16713473418536, 63.00851244472309], [13.166983083540517, 63.008564374091556], [13.16696988893816, 63.00856404147628], [13.166843196585631, 63.008560415255346], [13.16676208682871, 63.00854876092405], [13.16658050629558, 63.00849904828815], [13.166528149673155, 63.008479668424954], [13.166423307385678, 63.00843982063006], [13.166260373054746, 63.00835427579737], [13.166223823258923, 63.008326033007485], [13.166165196166041, 63.008312461253865], [13.166134052643677, 63.008311698307125], [13.16607643117874, 63.00832427445052], [13.165864443212541, 63.00844491874635], [13.165860532178616, 63.00845750004162], [13.165883767313595, 63.00846718335603], [13.166073448797581, 63.00853195027986], [13.16606925314511, 63.00854560524667], [13.166012377512837, 63.00863943276371], [13.166002028472525, 63.008651355986466], [13.165901833540653, 63.00873917207648], [13.165773437194279, 63.00876110106659], [13.165653246634273, 63.00875993727368], [13.165311850813666, 63.008782640402835], [13.165322540095895, 63.008795500866036], [13.16534003314505, 63.00883999820977], [13.165334664566275, 63.008897172166634], [13.165286141715667, 63.008922749431704], [13.165253710228518, 63.00893399110417], [13.165268797321925, 63.008948542615094], [13.165341167140825, 63.009017588381376], [13.16546910596333, 63.00911432476502], [13.165579081955942, 63.009186946616175], [13.165575272588448, 63.00931650330718], [13.165587174655567, 63.00932893057789], [13.165617380114714, 63.00938400452202], [13.165619558521035, 63.009387976801996], [13.165628339196806, 63.00946364037512], [13.165577061754654, 63.00949047754005], [13.165575660534326, 63.00949121082253], [13.165495073216999, 63.009513041444414], [13.16535616290754, 63.009548507175246], [13.165345882601242, 63.0095508337863], [13.165352645709554, 63.00956110254497], [13.165341290149698, 63.00962112565649], [13.165345901053769, 63.009701206194606], [13.165413940378082, 63.009846441205134], [13.165429184283301, 63.00987898210572], [13.165493658819322, 63.00991304590324], [13.165523099386505, 63.00991968811128], [13.165635953204431, 63.0099451472853], [13.165647519620869, 63.00995254252642], [13.16569832455263, 63.01000232893353], [13.165733115385787, 63.010030891984606], [13.165794765849618, 63.01006353640354], [13.165933854930255, 63.01012612820962], [13.166012080911257, 63.010154516440565], [13.166065232032226, 63.01020030201699], [13.166072819016236, 63.0102107645701], [13.166111957912353, 63.01026473231798], [13.16611140535548, 63.010419227139515], [13.166106950018438, 63.01044069586294], [13.166098120278205, 63.01048325638599], [13.166112328454046, 63.01049420520575], [13.166259103565784, 63.01059030516166], [13.166298154552488, 63.0105998343226], [13.16632424826481, 63.010617194861865], [13.166441073084023, 63.010732024913516], [13.166461571140262, 63.010752172368974], [13.166507240918822, 63.0108129976374], [13.166505227456726, 63.01085703543316], [13.166516553908863, 63.010961111287884], [13.166559172126185, 63.01100320483437], [13.16657671586474, 63.011016728629706], [13.16657085110976, 63.01102927563725], [13.166430864407923, 63.01132130105897], [13.166434920674314, 63.01134417565231], [13.16647591279831, 63.01138668805822], [13.166543987969977, 63.01145977138492], [13.166544602580924, 63.01146382841794], [13.166558070246586, 63.01155079306309], [13.166580082306842, 63.01159133562834], [13.166602746331375, 63.0116095314878], [13.166627817417233, 63.01165327394291], [13.166631781406956, 63.01168171367472], [13.166619935402787, 63.01172754530115], [13.166636186064006, 63.01177049109462], [13.16663704294061, 63.011771947655085], [13.166622871077706, 63.01178684695175], [13.166599834794797, 63.01179692688615], [13.166590605491882, 63.01184639259595], [13.166603009549172, 63.011877599210884], [13.16662195714195, 63.01188639184346], [13.16674664247741, 63.011936390269526], [13.166767395763422, 63.01193183808541], [13.166850018394813, 63.01190725887581], [13.166967503969838, 63.011859806666635], [13.167038425903828, 63.01184443075828], [13.167073398205131, 63.011843427740416], [13.167131329181615, 63.011841765175326], [13.16718299671556, 63.01184704040148], [13.167217854943512, 63.011854782208914], [13.167261951363333, 63.01188720744068], [13.167283819304423, 63.01195557074613], [13.167181437598952, 63.011999717526564], [13.167191515793203, 63.01202171845763], [13.1672213550263, 63.0120826884589], [13.167233432270494, 63.01213265473366], [13.16722375126095, 63.01214808811225], [13.167212140578394, 63.01216615755621], [13.167196164031347, 63.012191022413674], [13.167169307177048, 63.01223900281611], [13.167195339530373, 63.012246037710895], [13.167240590806966, 63.012267623540794], [13.167242679647924, 63.01231021516423], [13.167241273239213, 63.012334518261845], [13.167233001087695, 63.01241282466595], [13.167253153877345, 63.01244775871762], [13.167274145638455, 63.01247562001835], [13.167306518854636, 63.012530535762075], [13.167379721739628, 63.01261233983286], [13.16740216095341, 63.012648309016086], [13.167417124623505, 63.012688176536535], [13.167409355471776, 63.012754378180304], [13.167376515129197, 63.01283159416603], [13.16730253055085, 63.01296155231564], [13.167254175996494, 63.01310527357027], [13.167164091384834, 63.01337622854362], [13.16716399539172, 63.01339372087281], [13.167163835394824, 63.01342281190881], [13.167149610300969, 63.01342800359015], [13.167135041493424, 63.01343332009897], [13.167054247804407, 63.013485674113475], [13.166945856690862, 63.0135832964854], [13.166946894376016, 63.013586910098894], [13.166964923108209, 63.01375045300229], [13.166877817049661, 63.01395999311221], [13.166867975742326, 63.013983665271134], [13.166859656543465, 63.01398809133111], [13.16685403454178, 63.013991852064066], [13.166694377661326, 63.01409865869222], [13.16661747807659, 63.01413205658655], [13.166509106413521, 63.014152827479585], [13.16645457943173, 63.014179189260645], [13.166456516712982, 63.01418830007883], [13.166438872742125, 63.01425879981769], [13.166417562400222, 63.01428919232444], [13.166408158775502, 63.01430365065082], [13.166389959807724, 63.01432350743689], [13.166254178905465, 63.01453158037832], [13.16625377883282, 63.0145360641771], [13.166252580855707, 63.01462374546299], [13.166241116111735, 63.014695887453684], [13.166206829163158, 63.014740673972135], [13.1661669271067, 63.014762547729454], [13.166132499260891, 63.014778423339195], [13.166122325170264, 63.014790357827906], [13.1661281349574, 63.014809224042665], [13.166177585177017, 63.014898037787674], [13.166190634672656, 63.01491551649137], [13.166174197138695, 63.01493342991326], [13.166104330728686, 63.01508321936135], [13.166110945836609, 63.01509303724429], [13.166173423963683, 63.01517041765459], [13.166171755545982, 63.01517606291954], [13.166113574133206, 63.01525413610612], [13.166101053883612, 63.01525937852325], [13.166018961807714, 63.015308384340194], [13.166032850704756, 63.01531879032118], [13.166076538054513, 63.01536439920508], [13.166099040845321, 63.01542227026191], [13.166103790496493, 63.01543448441969], [13.166128803924517, 63.01549428775808], [13.166097184757117, 63.01556202062141], [13.166087969345286, 63.01557441643666], [13.166059821910675, 63.01558843421861], [13.166049429600571, 63.01559024590689], [13.166004024670167, 63.01559816115934], [13.165924694926225, 63.01559057868568], [13.165868411426537, 63.015586024295516], [13.165862181040932, 63.01559147394049]]], [[[12.4622359145378, 63.05731444591025], [12.454080980306426, 63.058587327134695], [12.446346552155784, 63.06110923606217], [12.432067500254977, 63.06465271486371], [12.422792659738267, 63.06686030347478], [12.415584503445624, 63.06726618050838], [12.415559025389319, 63.067231185113], [12.415779535571788, 63.06671687371435], [12.416014324532428, 63.066169239731], [12.416017032893167, 63.06616292461659], [12.416906954858298, 63.06543059522831], [12.41842718049148, 63.06453840090571], [12.418476310084156, 63.06450956650142], [12.418678984455857, 63.06372256682688], [12.41764398718896, 63.063145118540355], [12.41730500612522, 63.06225335976222], [12.417132785185105, 63.062046112540294], [12.416925605032214, 63.06179679439274], [12.416654214952054, 63.06147019733625], [12.415394280896887, 63.06064348275718], [12.415582826745622, 63.05996416622585], [12.415583922234108, 63.0599315722977], [12.415596294117654, 63.05956327406412], [12.415446796777733, 63.05946120861308], [12.414062569236059, 63.058553993566896], [12.413612973560847, 63.0583383154563], [12.41264727574802, 63.057875038894295], [12.412570068658763, 63.057837998945836], [12.41286606474854, 63.056945455802214], [12.412855066566854, 63.05689914116303], [12.412687427882863, 63.056193118156926], [12.411910687321889, 63.055163363917515], [12.411796554949925, 63.05512498999822], [12.410220496289124, 63.05459506783849], [12.409316036349153, 63.05451272824286], [12.408809522231506, 63.054466614636134], [12.408281177095754, 63.05450608721163], [12.407307327174575, 63.05457883672192], [12.407800026363695, 63.05415096176303], [12.408056727404098, 63.05401936089868], [12.408650766162602, 63.053714813619244], [12.40855856552337, 63.05336107590777], [12.40768895590656, 63.05288712158945], [12.407397478549932, 63.05223977516645], [12.40704385467256, 63.051964533720714], [12.406821971285678, 63.05179183020676], [12.405997363458342, 63.05169329757066], [12.405650630551904, 63.05165186490406], [12.404267865192269, 63.0514610975043], [12.404115877136636, 63.05147911456417], [12.403908864029455, 63.051503654257985], [12.403341209816, 63.051570942524904], [12.403010758617434, 63.05174045138734], [12.402653940992717, 63.051834528504585], [12.402497781951134, 63.05132958738262], [12.402627070929505, 63.051272298885806], [12.402844147505379, 63.05112150168417], [12.403151015789037, 63.050908326809804], [12.404029014043791, 63.050819837722536], [12.404181830456125, 63.05080443589195], [12.404346561583727, 63.05078783256909], [12.404698451152715, 63.050752364866355], [12.405843249040577, 63.05079255313152], [12.406972548620404, 63.05085559215576], [12.407418008938226, 63.050880455809036], [12.407788067639117, 63.05087053090422], [12.408424130699412, 63.05085346980277], [12.408751285568332, 63.0508446930066], [12.409447717317583, 63.05022422661231], [12.409483514333898, 63.05012081518539], [12.409580629308898, 63.049840271336706], [12.409799789744545, 63.04920713913848], [12.40972393464882, 63.04827747695159], [12.408640691559782, 63.04777068949531], [12.4077006658048, 63.04765927598176], [12.406766556563873, 63.04754855726104], [12.404924279868258, 63.04663382133417], [12.40470043444532, 63.046457561762196], [12.404645878697107, 63.046414603632], [12.404367481686066, 63.04619538539598], [12.404779033563278, 63.04563021006306], [12.40482163746866, 63.04530715795389], [12.40456401501579, 63.045156048547376], [12.404015979804209, 63.04495199596516], [12.403160611006767, 63.04497372434109], [12.402292673195987, 63.045530972782295], [12.402272541729538, 63.045543898212244], [12.400483152970558, 63.04543206352828], [12.400485146383199, 63.04528993789526], [12.40049728891901, 63.04442379362209], [12.400108895658557, 63.04406196660731], [12.398268562224601, 63.04386531030705], [12.39795852565396, 63.043832177283974], [12.397880324554466, 63.04378842410456], [12.397850429069171, 63.043782503914755], [12.397742952483021, 63.04371156661461], [12.396943215876787, 63.043264110396734], [12.396459019255209, 63.042864100581845], [12.396210419410574, 63.04265871984218], [12.39557596776691, 63.042209109220735], [12.395246423813099, 63.04206366562102], [12.394901664816897, 63.041911505520204], [12.39492399431039, 63.04185082091897], [12.39505034730825, 63.04150741710359], [12.395118191215747, 63.0413230260431], [12.395637377601798, 63.040738693936895], [12.396329065669722, 63.03996017476987], [12.396033235145572, 63.03934870434428], [12.39518557344367, 63.03871314584714], [12.394659902692075, 63.03804134685297], [12.394870153388705, 63.037511747403684], [12.394957006265285, 63.037292968197434], [12.39536472108778, 63.03683146369985], [12.395399116948195, 63.036792527937166], [12.395562964016401, 63.036607059899296], [12.394987126701166, 63.036014948860476], [12.393739080258984, 63.03571066955502], [12.391958264004202, 63.03546386004735], [12.391958124264285, 63.03546405145486], [12.39195435478745, 63.03546331829145], [12.390177478348555, 63.03521702826606], [12.389956737293716, 63.03507492316641], [12.38993918106588, 63.03507150990379], [12.389944656447506, 63.035067146599026], [12.389812211381665, 63.034981882799485], [12.39084374567458, 63.034350700895864], [12.390868855089288, 63.03433533635479], [12.39128913939945, 63.03400460346822], [12.390875316272613, 63.03368708313032], [12.389413775279696, 63.0333499080164], [12.389167672201337, 63.033313163239534], [12.389044529142769, 63.033294777323235], [12.388675284421028, 63.03323964567282], [12.38861161471681, 63.033109163979375], [12.388583082052712, 63.03305069178603], [12.388550569124046, 63.03298405985631], [12.38899461587064, 63.03247386125178], [12.38944770619601, 63.032044969244076], [12.389872706622073, 63.031678350933745], [12.389881665515256, 63.03154905989297], [12.389916305178733, 63.03104912114538], [12.389725157124511, 63.03074084107178], [12.38965500639658, 63.030627701448594], [12.389909728863072, 63.0304497496944], [12.390200837956506, 63.030246374421566], [12.390289500758533, 63.03022110299676], [12.390437085813149, 63.03017903608043], [12.390489129007113, 63.030164202636456], [12.39157690462507, 63.030164520887666], [12.392153550640153, 63.03016468582262], [12.39216988390243, 63.0301384551846], [12.393154595153122, 63.02855688053646], [12.393360972148216, 63.02822538948043], [12.393344481679488, 63.0277080430773], [12.393374112414183, 63.02737635095272], [12.39356304116542, 63.02594652200354], [12.393577310752192, 63.02583851607369], [12.39358227657604, 63.0258009379453], [12.393582422531262, 63.0257998351081], [12.393585575354985, 63.025797829436925], [12.393782703146483, 63.02567245201786], [12.393787669246995, 63.025669292502926], [12.394858551820755, 63.02498816551159], [12.394759298236446, 63.02469186320612], [12.394688051542088, 63.02447916809341], [12.396396262886558, 63.02399937855044], [12.396687805420813, 63.02391748850544], [12.398834551411744, 63.023969250070174], [12.401160315831103, 63.02402529046409], [12.401698026141743, 63.02380439740984], [12.40187935289226, 63.023729906284295], [12.40203522857578, 63.02343712084398], [12.402247979708653, 63.023037494926285], [12.402705117625484, 63.022707457072656], [12.402860986220023, 63.02259492298977], [12.404004930420108, 63.02203173163172], [12.404440051671378, 63.02165073493078], [12.405022439970256, 63.021140772632315], [12.405102133710548, 63.02107098847266], [12.404737002821626, 63.0208529363107], [12.404703401657319, 63.020832870238706], [12.40442265746722, 63.02066521077675], [12.40446551767049, 63.02058948647752], [12.404469237159288, 63.02058291622128], [12.404507198046758, 63.020515845586324], [12.404603372168951, 63.020345927825815], [12.404784082843095, 63.02002664461219], [12.4052008693263, 63.01979326804607], [12.405966570520208, 63.0193645076005], [12.406302402753077, 63.01917644944478], [12.40714199412232, 63.01885839227211], [12.407344773314723, 63.018781572272125], [12.407034390894493, 63.01843088905229], [12.40639072069478, 63.01815327450746], [12.406209702047564, 63.01807520018632], [12.407632570188502, 63.01779876797577], [12.407827911030992, 63.01775973909613], [12.408425887741998, 63.01764026017307], [12.40844106405041, 63.01759183523847], [12.408465427091809, 63.01751409243314], [12.408502888576999, 63.01739456103852], [12.408596594670351, 63.01709554982498], [12.408601017510263, 63.01684628353843], [12.408605858563234, 63.01657346682156], [12.40867071039127, 63.016503019153284], [12.408929360140606, 63.016222045050135], [12.409494064076332, 63.01599425986455], [12.409945568607341, 63.01563165600121], [12.409955968612117, 63.01562330408454], [12.409981739926335, 63.015602606898824], [12.40999260388881, 63.01559388179949], [12.410025521350498, 63.0155674448363], [12.409986371610703, 63.015520589612414], [12.409717522564218, 63.01519882273916], [12.409459589942943, 63.01475050662211], [12.410022679005799, 63.01363110772839], [12.410622073260953, 63.01320191351404], [12.411028338639666, 63.01291099992255], [12.411114365985776, 63.012683592441356], [12.411218991879352, 63.012407020442495], [12.41127113243166, 63.01226918793117], [12.412666643734523, 63.01218670255203], [12.413566309992056, 63.012133517482276], [12.41435180024608, 63.01197146253828], [12.415031797498928, 63.01183116748467], [12.416401887119767, 63.01165227663256], [12.416666712710827, 63.01138458084928], [12.416731427890369, 63.0113191637076], [12.417703233838937, 63.01033677630544], [12.417700279826164, 63.01014394580679], [12.417690816122267, 63.00952591232396], [12.418263011822777, 63.00954146296985], [12.41865190899767, 63.009624768089836], [12.419514900556754, 63.00980962321136], [12.420866686210536, 63.010071484863566], [12.422655415124646, 63.010020987275226], [12.424374863779393, 63.00974343257192], [12.424833115295655, 63.00938785771516], [12.425014066454171, 63.00924744664402], [12.425799305002887, 63.00884547677612], [12.425855686678778, 63.00882807691836], [12.426872286513424, 63.00851433429941], [12.428097212860703, 63.008232341907025], [12.429073086890867, 63.00780611383935], [12.429126178341752, 63.00778292507571], [12.429518039356656, 63.007440267902815], [12.429746422376322, 63.007018848803824], [12.43089613333231, 63.004897173088835], [12.43093026002195, 63.00475577246813], [12.431054281362918, 63.004241876875405], [12.43133686118293, 63.00408376887837], [12.432036817733312, 63.00369211949536], [12.432294596495277, 63.00355524909311], [12.432972815652006, 63.00319513370459], [12.434997437831619, 63.00254748402122], [12.437441259637168, 63.001568937925526], [12.438403838806087, 63.00101859753427], [12.438935501545265, 63.00102720105173], [12.439084775120616, 63.00102961631493], [12.439233502309746, 63.00103202241998], [12.440930366142446, 63.00034300865467], [12.441132571044074, 63.00026089959639], [12.443309116620009, 62.99937702421336], [12.444063469910196, 62.99920827191722], [12.444538759152895, 62.99966238090436], [12.445553627509444, 62.999888456218855], [12.445596741953038, 62.99989806052311], [12.446462585037002, 62.999633251755405], [12.447107006996918, 62.99909229316667], [12.447253806660054, 62.99854996838198], [12.447307407325868, 62.99850776791244], [12.448044090063028, 62.998180850321184], [12.44833076783648, 62.99805362874619], [12.449285579250747, 62.99795211300519], [12.449937466516902, 62.99788280650663], [12.450357874285334, 62.99783810784931], [12.451843075816965, 62.99768000896422], [12.451929931401104, 62.997569129824754], [12.452269843586672, 62.997135191649846], [12.452388843450509, 62.99698326971417], [12.453012306414937, 62.99629762770851], [12.453086920162479, 62.99572327698169], [12.453707046748162, 62.99574543168083], [12.454111312581993, 62.995759873461914], [12.455021947411957, 62.99591046914002], [12.455644994124594, 62.99583719800057], [12.456157867370665, 62.99569790137404], [12.455965460621819, 62.99535051228437], [12.455386538956217, 62.99538896247323], [12.454243727867032, 62.99550228205325], [12.454089033518715, 62.99521604674763], [12.454036289979424, 62.99511845478406], [12.454015686665608, 62.9946676216482], [12.454222493768446, 62.99414186549362], [12.455192508105402, 62.9938347795387], [12.45634920627908, 62.993613757582715], [12.457894571453126, 62.99329512214718], [12.458542890649928, 62.993158376814925], [12.459257758082115, 62.99300759048608], [12.459281870065988, 62.99296946895042], [12.459705824224555, 62.99229919109333], [12.459799473551017, 62.99214419461762], [12.460134146114223, 62.99159026503972], [12.460243442085824, 62.990899771350364], [12.46120978119001, 62.990619575514046], [12.46137934261536, 62.99056546171768], [12.462406964935667, 62.99023749518871], [12.463973014293364, 62.989757250006676], [12.465703435490356, 62.98969297429864], [12.465802224772668, 62.989689303733954], [12.46591747942995, 62.989673987938566], [12.47279859842158, 63.0012801387327], [12.486209252086264, 63.013631370008525], [12.489456400634921, 63.015806922514976], [12.497816599401126, 63.021305466872796], [12.506939725488062, 63.02576947525765], [12.509757378998584, 63.029367308981676], [12.516546165306174, 63.030905927783756], [12.526335488208014, 63.041823325734235], [12.534722279094195, 63.046670615559755], [12.521693861070808, 63.04914258881384], [12.51271915079704, 63.05222921163136], [12.497429691788044, 63.05337899806061], [12.487409318118706, 63.05299872703567], [12.468898912684159, 63.055203404848335], [12.4622359145378, 63.05731444591025]]], [[[13.26912956723275, 63.11673860797895], [13.261286738479374, 63.117052235425916], [13.254909242271463, 63.11395528706758], [13.243237606198134, 63.11310523408252], [13.216800748115158, 63.11575380384102], [13.200837522530927, 63.111066697953305], [13.19422995350943, 63.10935953544736], [13.187137070395279, 63.10912551862008], [13.181232311633295, 63.106976386849944], [13.176151713326604, 63.101020152719045], [13.171628927435052, 63.09956832784691], [13.16566967231754, 63.09429712992586], [13.158683393461185, 63.093364805453795], [13.148619291404778, 63.08905349611479], [13.141952158550197, 63.0811169681335], [13.147770451215477, 63.06302773324757], [13.155218783531343, 63.0580647236071], [13.16456275850231, 63.049884855300355], [13.171563814058423, 63.040444266020664], [13.17256557083336, 63.032316837628954], [13.170909299022558, 63.02744562802991], [13.17637160003405, 63.01903365631569], [13.176507042996903, 63.019009599635275], [13.176697458275333, 63.019047615533914], [13.17695822583119, 63.019048246905975], [13.177034943650956, 63.01906968725472], [13.177085164636003, 63.01910437872287], [13.177260026716784, 63.01914623350523], [13.177425872334918, 63.01920686147456], [13.17741994582938, 63.019119133567266], [13.17743048543209, 63.019052536380435], [13.177306027046376, 63.01898863501178], [13.177255466041695, 63.01885017228915], [13.177264298331968, 63.01879826794428], [13.177470976387935, 63.018756498964045], [13.177613227166804, 63.018682216617364], [13.177677341591982, 63.01861302364079], [13.17757588512601, 63.018592198645194], [13.177599494685705, 63.018534011561265], [13.177795896423381, 63.01851216644449], [13.177931641137745, 63.01859342345762], [13.177963727217103, 63.01868028522206], [13.17799232514092, 63.018812602206154], [13.178095409874569, 63.018896661472944], [13.178278896194373, 63.01887978470887], [13.178683505770042, 63.018900319764114], [13.178800701935119, 63.01892861869752], [13.178995950321257, 63.01894589183945], [13.17912562599771, 63.01888815405429], [13.179369808408065, 63.018901845873124], [13.179627033696258, 63.01878588428795], [13.179693330240744, 63.01873423445523], [13.179861524554719, 63.01864372843165], [13.180142255625709, 63.018666094996775], [13.180252094003936, 63.01870592448382], [13.180306617743293, 63.01875882349084], [13.180355860809163, 63.01883748403891], [13.180418691910333, 63.018909927057784], [13.180302279631425, 63.0189432281226], [13.18041004783708, 63.01902359310479], [13.180425301245895, 63.01903104794855], [13.180497303388782, 63.01906623827729], [13.180648778823894, 63.019067082131514], [13.180740388864, 63.019011740642036], [13.180826397013446, 63.01895978176439], [13.180993537999356, 63.01886997012922], [13.18118063451481, 63.01873609087243], [13.18127295949018, 63.018638969612695], [13.181477895366243, 63.01858127254614], [13.181607852211565, 63.018432598798164], [13.181681157185896, 63.01836448287259], [13.18201101845396, 63.01830866006817], [13.18207073217097, 63.01816523307548], [13.18204438598017, 63.01796598868312], [13.182218689941926, 63.01787999356718], [13.182430746962346, 63.01772332432649], [13.182486598590813, 63.017855882661586], [13.182529632935177, 63.01795309183295], [13.182537139716969, 63.01804551719355], [13.182744992610273, 63.01806086425701], [13.18292896347321, 63.01800367690939], [13.183085124481085, 63.018011697879935], [13.183102267174238, 63.01792196830192], [13.18328173917851, 63.017965338240224], [13.18346919567449, 63.01799440091894], [13.183724566835332, 63.017890061625614], [13.183978116023708, 63.01785661504648], [13.18412883635605, 63.017874584377765], [13.184316786402196, 63.01790715365278], [13.184400729320226, 63.01796688374214], [13.18434071443998, 63.01803875377416], [13.184494904068435, 63.01811504286441], [13.184557188448801, 63.01815328726538], [13.184590777530715, 63.01817391143789], [13.18471003520366, 63.01816400395632], [13.18492055833478, 63.01821558100808], [13.185080849570404, 63.0181779031131], [13.185087302773528, 63.01817638604046], [13.185180914868154, 63.01813494192428], [13.185484502635745, 63.01808328993498], [13.18555743839242, 63.01815134429254], [13.18564780054559, 63.01817905093864], [13.185809066833055, 63.01812368748028], [13.185952776840528, 63.01814512019249], [13.186019324981146, 63.01819832372974], [13.18612879935295, 63.01821579791584], [13.186335234755848, 63.01816333829761], [13.186512925936476, 63.01812093325453], [13.186654680875359, 63.018111168894436], [13.186828439498527, 63.01799364877937], [13.186898031698037, 63.01795367061693], [13.187044477586204, 63.01786954185247], [13.187087412692563, 63.01777634479842], [13.18693114213968, 63.01778110599229], [13.18677773822415, 63.01778577986237], [13.186854429265281, 63.017741514189545], [13.186954652698427, 63.01762630141547], [13.186962128528888, 63.01761960813592], [13.187050040495146, 63.01754090507542], [13.187111818945311, 63.01754617677545], [13.187128956393567, 63.01761929699183], [13.187305560360857, 63.0176086588444], [13.187441389055843, 63.01750649798605], [13.187528556387655, 63.01744654712698], [13.187618055784087, 63.01738499211645], [13.187683539986388, 63.017326567924584], [13.187749023925308, 63.01726814370106], [13.188028892212055, 63.01724983168595], [13.188251058619642, 63.0172392103734], [13.188495181810787, 63.01725050663039], [13.188689860760531, 63.01728610100872], [13.188875766186918, 63.017351972982915], [13.18910465380825, 63.01743308278259], [13.189266957858587, 63.017534836621444], [13.189375335501085, 63.01760278237774], [13.18940266134833, 63.017630864857395], [13.18951390133081, 63.017745113838856], [13.189673310191589, 63.01786827922039], [13.18968489596339, 63.01787723031334], [13.1898430343281, 63.01797322557846], [13.18985647417567, 63.01809909709328], [13.18984594482324, 63.01822815430338], [13.189847328146904, 63.01823452835527], [13.189863183011202, 63.01830741628401], [13.190037135955455, 63.01830676010813], [13.190171662547176, 63.01826727268658], [13.190280083857616, 63.01823545946891], [13.190427996948895, 63.018184660330036], [13.19067560739023, 63.01823134331907], [13.190768872937237, 63.018250860027834], [13.190992511244731, 63.01822232431864], [13.191186333236496, 63.01817173438826], [13.191250063395131, 63.01816562729158], [13.191504085121903, 63.01824887694759], [13.19150881192488, 63.01832139973915], [13.191527992192569, 63.01832055861299], [13.191512358983118, 63.018375832257625], [13.191461473916203, 63.018555745104855], [13.191441751453537, 63.01862548012476], [13.191437701227562, 63.018674953988835], [13.191504368894844, 63.018729916030686], [13.191770989796987, 63.01875594851252], [13.192038789868544, 63.01867070563006], [13.192078492579068, 63.01866171442186], [13.192393124171057, 63.01859050927723], [13.19274128702794, 63.01848866832512], [13.193005851175782, 63.01844285809164], [13.193317509481492, 63.018401428516064], [13.193578229102021, 63.018394738645625], [13.193713636296033, 63.0183901382283], [13.194031684860319, 63.01836677139014], [13.19440472429669, 63.018347912350166], [13.194459507189201, 63.01834141129745], [13.194987351780053, 63.0182787212812], [13.195232368403367, 63.01827925272236], [13.19545423948313, 63.0182722074331], [13.195663844109246, 63.01831880977949], [13.195838398072391, 63.01840788804231], [13.195895693484813, 63.01848065724125], [13.195899566835973, 63.01851964190431], [13.195920268012046, 63.01872802391156], [13.195921764454516, 63.01874314378746], [13.19612435948194, 63.018972696998624], [13.196197469659564, 63.019142646742374], [13.196388529069967, 63.0193029344512], [13.196463820502707, 63.01936609934611], [13.19668076950852, 63.01942000295425], [13.196926360018512, 63.019510281525726], [13.196949438866461, 63.01952248033227], [13.197131027521584, 63.019617823316324], [13.197228392665247, 63.01968406389154], [13.197550216222961, 63.019916652311444], [13.197579273651463, 63.01993765277489], [13.197629860173059, 63.01994945227065], [13.198060224232343, 63.020049835105866], [13.198370138367423, 63.02012682611732], [13.198948553101456, 63.0203538165563], [13.198952278755796, 63.02035556978135], [13.199657479010801, 63.02064051631341], [13.199786473316609, 63.020692640319915], [13.200254586590356, 63.02086562030584], [13.200606634538422, 63.02100792651985], [13.201075621357521, 63.02107322535366], [13.201697528080595, 63.021202108441194], [13.20291886646086, 63.02144512642333], [13.203306857987316, 63.021534194708885], [13.203751310174216, 63.02160982966415], [13.204095786091711, 63.02174842170359], [13.204467479750768, 63.02194130620188], [13.204837719709982, 63.02215212692574], [13.205110853782877, 63.02229310601297], [13.205423191188732, 63.02244259903227], [13.205476120712744, 63.02246794151549], [13.20554225664669, 63.02248838797468], [13.205716981751817, 63.02254244205244], [13.206015931307398, 63.02263490722464], [13.20645545695944, 63.02277149338614], [13.20706663363593, 63.022936064778804], [13.207091092937649, 63.022942309089004], [13.207833371418895, 63.023131952591854], [13.208500981694074, 63.02328311032581], [13.209111239971906, 63.02336151870692], [13.209525268529351, 63.023530442678734], [13.209802684752535, 63.023706911023794], [13.210199615200311, 63.02397917587921], [13.2105291145627, 63.02440109106743], [13.210876911621316, 63.02459715706563], [13.211249841736585, 63.02477568300173], [13.211409517084975, 63.02480526798666], [13.211489353866474, 63.02482006084793], [13.211569192759352, 63.024834852792296], [13.211723433689855, 63.02483087694513], [13.21187767458101, 63.0248269009297], [13.2119223899162, 63.02482574767035], [13.2120762290726, 63.02482177893101], [13.212448146362552, 63.024817204044346], [13.212611074880751, 63.02485582004959], [13.212810724317894, 63.02497761237897], [13.213010375417106, 63.02509940443004], [13.21332043960187, 63.025273288218784], [13.213491798233948, 63.02535488230752], [13.2136173371611, 63.025414657972], [13.213784955491942, 63.02549283419281], [13.213952574720244, 63.025571010217156], [13.214144217236852, 63.02574292140007], [13.21420385236504, 63.02576952928886], [13.214495257190684, 63.02589954356149], [13.214730434349834, 63.02602191600895], [13.215028087612696, 63.026349958918026], [13.215137615410427, 63.02655999395853], [13.21539416878957, 63.02671144466202], [13.215712545078489, 63.026978796961465], [13.215896989884262, 63.02724033006284], [13.2160746724839, 63.027487395178774], [13.215914390810559, 63.027807803474424], [13.215775390732835, 63.02806036530287], [13.215613502602096, 63.028204850787304], [13.215317416224416, 63.028444020417254], [13.215110899989496, 63.028749309685], [13.214860745715471, 63.02900719297516], [13.21471317370955, 63.02916986759697], [13.214755777149483, 63.0294254467822], [13.214875819290162, 63.029603348245345], [13.21494217887732, 63.02970615983018], [13.214988242633357, 63.02977752644837], [13.21504249468618, 63.02979875650495], [13.215294843865536, 63.029897503666234], [13.215511886299119, 63.029951378441716], [13.215753651401227, 63.03018873882677], [13.215724230983028, 63.030356971113065], [13.215690958233267, 63.03039730005564], [13.21560152871312, 63.03050569448874], [13.215564124209745, 63.03057686573866], [13.215592047250727, 63.03072091664225], [13.215722648477449, 63.03096361755351], [13.215734753695394, 63.03110740612506], [13.215722006870791, 63.03126513810378], [13.215778392408625, 63.03154608229721], [13.216072760729537, 63.03171970735488], [13.21646631156075, 63.0319380523319], [13.216447186393479, 63.0321746547488], [13.216271957022554, 63.03248404783948], [13.21631630762352, 63.032718128498814], [13.2166232241549, 63.0328345063285], [13.216935716102677, 63.032979718591974], [13.216758948586996, 63.033210106169086], [13.216617238187691, 63.03339800347159], [13.21684521270251, 63.03390436916483], [13.217205467750318, 63.03414369525001], [13.217627320800993, 63.034208145515194], [13.218351094832501, 63.03435300324064], [13.218780555662306, 63.03442117281722], [13.219388771464782, 63.03452821062143], [13.219939185968148, 63.03476350270214], [13.220121017281272, 63.034960374217086], [13.22027331676745, 63.03509525055901], [13.22029682120107, 63.03517668739115], [13.220613064028665, 63.03525136385703], [13.220940234209435, 63.03531157907879], [13.221008201972326, 63.03530418285408], [13.221442837934404, 63.03570519507936], [13.221951089191787, 63.041404861624045], [13.222790812918682, 63.05081781554048], [13.22529343116592, 63.088045317878205], [13.2815492744274, 63.098061311964116], [13.291373409459057, 63.0998074467755], [13.285331215162334, 63.10358365137256], [13.282753000100941, 63.109846543425874], [13.26912956723275, 63.11673860797895]]], [[[12.933971989723155, 63.11950715982527], [12.928225192089966, 63.108463838763576], [12.918934940003252, 63.105353675878874], [12.903730344411478, 63.10850404013614], [12.903485056228964, 63.11130607070568], [12.91009279118514, 63.11232813466432], [12.91913767558109, 63.11013029869611], [12.921996163880083, 63.112209771018065], [12.923751084818976, 63.12051394249547], [12.924301057453922, 63.125128360987446], [12.932962520421954, 63.137139481012674], [12.933172961547005, 63.13912643062899], [12.932781121025588, 63.13901757659442], [12.932566550091682, 63.13892381166428], [12.932334081400727, 63.1387926861413], [12.93208905825481, 63.1386559182715], [12.93182209101982, 63.138504168087664], [12.931489619128852, 63.138421115467814], [12.931113294283767, 63.138360152772265], [12.930664390612193, 63.13837260512352], [12.930151347386289, 63.13842576302947], [12.929628155728057, 63.138539142963786], [12.929173058992443, 63.138684338321355], [12.929168282801667, 63.13868647734352], [12.928779582032336, 63.13886031248894], [12.928487375628062, 63.13903170361431], [12.928118511123765, 63.139243644414755], [12.927954791549068, 63.13937580668612], [12.92779864476321, 63.139461606241056], [12.92761292123395, 63.13952553279845], [12.927327615350201, 63.139605036874315], [12.927141995372654, 63.139651439949105], [12.927097072890867, 63.13966266952605], [12.926743687238474, 63.139826258921666], [12.926338566081466, 63.139943363468184], [12.926111413827051, 63.14006489981798], [12.92594492399916, 63.14020481282965], [12.925739548015903, 63.140350666686395], [12.925573003899327, 63.14041515836389], [12.92534692995361, 63.14041953874324], [12.925019931975017, 63.14049711786512], [12.92501972731991, 63.14049720465826], [12.924796502500724, 63.1405089164477], [12.924584369281165, 63.14047094098315], [12.924294072283804, 63.14052062006282], [12.923882587674797, 63.14066955258811], [12.923525895911384, 63.14082426892615], [12.92316562049258, 63.14103709529356], [12.922816417759494, 63.141164400145904], [12.92246267988324, 63.14128514624438], [12.922082843698323, 63.14143498605216], [12.921741856667355, 63.14149144181668], [12.92119013015953, 63.14159352746899], [12.920873929007577, 63.14164607946207], [12.920689515833642, 63.1416585780416], [12.920543427187893, 63.141638902031886], [12.920467606346579, 63.14163374961637], [12.920300164577391, 63.14162237179709], [12.919963394088546, 63.141618486069476], [12.919450587686269, 63.141582460978235], [12.919080072502574, 63.14152077688878], [12.918809215815928, 63.141472530997355], [12.918557745975617, 63.1414367978272], [12.918179450218446, 63.14137351574157], [12.918010097404233, 63.141333707805316], [12.918003981600856, 63.14132907399477], [12.917914259082286, 63.141306352486986], [12.91762867546798, 63.14119063838853], [12.917490939855483, 63.141097151861246], [12.917373266620475, 63.140977409887256], [12.917336520210402, 63.140816225168955], [12.917265995471922, 63.1406653010167], [12.917220544853574, 63.140570298259775], [12.917201275593438, 63.1405300219672], [12.917137943892023, 63.14048699968171], [12.917049773409449, 63.140427102861786], [12.916938588218864, 63.140390454044976], [12.916783279189424, 63.14033924945647], [12.916592781018998, 63.14029335513709], [12.91635807433406, 63.14029467639195], [12.916019336114223, 63.14033059934847], [12.915785792674034, 63.14041194523406], [12.915579566387013, 63.14045434054064], [12.913928422309816, 63.14054860951166], [12.912410591504097, 63.140364978389194], [12.90950899128906, 63.13871866436954], [12.907141134878447, 63.13800617914448], [12.907151965097196, 63.13734066785372], [12.908776395960611, 63.13633372756184], [12.9084772692006, 63.1358357223209], [12.90662966774149, 63.13561025663635], [12.905132091946177, 63.13553373942375], [12.90247913493117, 63.13217145695865], [12.893593077312596, 63.129208714302344], [12.87620420455611, 63.12751213859427], [12.86870772484586, 63.12212166800756], [12.866272669051922, 63.11558194312052], [12.846202034243792, 63.112690693630114], [12.841151082477907, 63.10997054102698], [12.826217537266825, 63.11025889955884], [12.819925559052782, 63.099184895312426], [12.829089167032102, 63.0938813495405], [12.834562340251692, 63.08417006033256], [12.827062424023902, 63.06880449765954], [12.812212349264046, 63.05549091510064], [12.810136968021013, 63.03793047901433], [12.855331953446868, 63.041843883790506], [12.86633525471345, 63.03921118511722], [12.920450952216575, 63.04925770074202], [12.928439943197908, 63.05073851597186], [12.948043555008107, 63.05560601667904], [12.97498219363319, 63.05647081724633], [12.99827721485358, 63.06175795242782], [13.011976958850214, 63.058990749590684], [13.016522825073285, 63.06195246635809], [13.002655198031968, 63.073020566482285], [12.965601932552449, 63.09183435730326], [12.9895919048548, 63.10510400253484], [12.97352988899494, 63.10994115862205], [12.973387149892435, 63.10977189636837], [12.973656031882562, 63.10951585421712], [12.973858910129552, 63.10917765550528], [12.973806472993425, 63.108900778912634], [12.97312802675959, 63.10885859575931], [12.972288176281669, 63.10907398641322], [12.971383449315821, 63.10919098717922], [12.970266019194227, 63.10927245057889], [12.969288490028948, 63.109404638848964], [12.968921152756382, 63.109529319945274], [12.968461754426764, 63.10994505087599], [12.967806745510078, 63.110189000122666], [12.967168459398774, 63.11043002758243], [12.966704720591439, 63.11053374520371], [12.966060334066496, 63.11065400501601], [12.965585934926354, 63.110618329539996], [12.965015234413288, 63.11059565657555], [12.96453778740469, 63.11060313293712], [12.963893390618631, 63.11072338196594], [12.96318546267874, 63.110842706518035], [12.962448823148149, 63.11091841226633], [12.961581054958902, 63.11104980734537], [12.961035997816484, 63.11111388810576], [12.960450004341904, 63.111306968297804], [12.959582215657205, 63.11143835195946], [12.95861097098974, 63.111683421760624], [12.957832328236227, 63.11190248843112], [12.95778117637242, 63.1121753368383], [12.95748509738889, 63.11231502463651], [12.956940009727354, 63.11237908955028], [12.956267863506266, 63.11244130314106], [12.955907224193497, 63.112594447067714], [12.955630636478606, 63.11290720997888], [12.955447296222895, 63.113250129927025], [12.955241380641741, 63.11346312459867], [12.954998099530222, 63.11358114854074], [12.953727433866852, 63.11389214865087], [12.953619387110772, 63.11391467519102], [12.953615741434975, 63.11391948534645], [12.95196864815454, 63.11432258879106], [12.951233937075742, 63.114369466708226], [12.950337323210725, 63.11445717487727], [12.949632324446075, 63.114533277178296], [12.949469395778214, 63.11458849518396], [12.948923221715795, 63.11466691397503], [12.94827354465553, 63.11485901524663], [12.94745989831885, 63.11512071411981], [12.946191131706454, 63.11536136021918], [12.946189476857432, 63.115361657683145], [12.945657356748077, 63.11542553927642], [12.944861128326906, 63.11544268386817], [12.944379488253865, 63.11550763079351], [12.94363137938603, 63.115741468537365], [12.943434430950091, 63.11585689316314], [12.943431862212181, 63.115857355116994], [12.940934876877915, 63.116306141850224], [12.933971989723155, 63.11950715982527]]], [[[12.795383138013825, 63.06684748365333], [12.796823170699735, 63.071819937718686], [12.804855107960918, 63.08042501356408], [12.808738358434432, 63.091492596233884], [12.806320321267062, 63.09489071822155], [12.79620659489726, 63.10071561698399], [12.788656106383073, 63.103152077205436], [12.780628623696188, 63.11129018264458], [12.761201735742187, 63.119477126831335], [12.747179081893078, 63.119985546838336], [12.729260003961711, 63.127088849729], [12.717139038397182, 63.125689603355895], [12.705257408844478, 63.120375035829085], [12.706848369834297, 63.117255759750094], [12.702911269545064, 63.11426761234239], [12.685567002614919, 63.105076210732626], [12.659771920926659, 63.095186399420996], [12.61168718441587, 63.089163663208595], [12.57851473797056, 63.07382986919883], [12.568754604270293, 63.06035360192807], [12.564484082684196, 63.057703604900986], [12.56972209217631, 63.05577424112736], [12.56650971785066, 63.053146336957596], [12.578032201407321, 63.053050654723535], [12.586856149427023, 63.056152718071026], [12.606624665912603, 63.05453931648419], [12.618298730363925, 63.052842906590506], [12.626499125638006, 63.04858151481959], [12.678234129513317, 63.03945823316644], [12.693060774192464, 63.038569640652156], [12.716771806099233, 63.036329664589886], [12.735320691160515, 63.05111600396263], [12.795383138013825, 63.06684748365333]]], [[[12.580225718207544, 63.04880032673969], [12.57516308816526, 63.04771132903549], [12.560107451338489, 63.04790730207161], [12.55717559760784, 63.04550741979906], [12.540584738216081, 63.04416207926951], [12.531958742174984, 63.03935564569328], [12.524511695576889, 63.030128147486614], [12.519332685501041, 63.026315248041186], [12.504050749589364, 63.01900337998551], [12.49899182003669, 63.0145592657801], [12.486174772404377, 63.00052364870627], [12.480495668759145, 62.98510676042948], [12.480674561466543, 62.98507373751392], [12.48068362378015, 62.985072064392966], [12.48073462200196, 62.98504847959877], [12.481419934632223, 62.984731542233156], [12.48205749466142, 62.98449213979123], [12.48205932602882, 62.98449136957833], [12.48205960022807, 62.98449134931941], [12.48229306208995, 62.984403683022634], [12.48400476309482, 62.98432336311626], [12.485401017355919, 62.98423459829858], [12.485742897781623, 62.98416514179706], [12.485949500934517, 62.98412316794278], [12.486018452897605, 62.983937195071654], [12.486131332258127, 62.98363273344494], [12.487087602418669, 62.98281175742072], [12.488264075041467, 62.98181655552627], [12.489719324673455, 62.98172932834809], [12.492025622223027, 62.98148467368881], [12.492208852055317, 62.98128656835738], [12.492553961216684, 62.98091341689691], [12.49290116935337, 62.98076946273796], [12.493431487580708, 62.98054958562291], [12.493769682417085, 62.97985941539361], [12.493779958156937, 62.97983844354729], [12.494062845835192, 62.97979195904829], [12.49472384994003, 62.97988161318316], [12.495361824354015, 62.98015075925453], [12.49547727181302, 62.98031344719042], [12.495713562105056, 62.9806464232282], [12.495954114343732, 62.980368562895414], [12.496201260166739, 62.980083081587026], [12.496651210177154, 62.9801220818146], [12.49753956375883, 62.98028982948357], [12.49918416207263, 62.980326665931806], [12.499669703659414, 62.98033753768571], [12.500650446879556, 62.98009348206794], [12.50107689835886, 62.97985268344259], [12.501022897184022, 62.97919384747775], [12.501150888333806, 62.978503853778875], [12.501223791606412, 62.97848752471584], [12.501761790544494, 62.978367021101725], [12.502517056041729, 62.97851039245508], [12.502534160765537, 62.97851363947215], [12.502630369558666, 62.97851239552005], [12.5028636307301, 62.97851651863619], [12.50289052278186, 62.978509031103734], [12.50298982209303, 62.9785077472386], [12.503463881742894, 62.978358251085155], [12.503494243143596, 62.978340941907454], [12.504082638808283, 62.97800548991635], [12.504832652233825, 62.977863333873735], [12.505106147817163, 62.97800327993202], [12.50525959014292, 62.97808179416832], [12.506115406812441, 62.97819459167614], [12.50675392121496, 62.97812555235756], [12.506917655804987, 62.97810784817225], [12.50722155475916, 62.97820597716416], [12.507417119159253, 62.9782717419662], [12.507657693534963, 62.97835264206685], [12.508046007106596, 62.97841036436631], [12.50839526435507, 62.97846227981342], [12.509210517052455, 62.978582990897785], [12.509277623763625, 62.97856182561876], [12.509684566305825, 62.97843347408525], [12.50978980298217, 62.97822915047753], [12.510228991944262, 62.97804269220388], [12.510155472419061, 62.977689539698986], [12.509030992253358, 62.97782177195779], [12.508749082398518, 62.977706235682916], [12.508244431644556, 62.9774766988731], [12.508170875304724, 62.97744142274188], [12.507946274331912, 62.97733370892844], [12.507977202749284, 62.97724910686169], [12.507939536403596, 62.97721170402688], [12.507996693898551, 62.97719578618623], [12.508037564193298, 62.97708398751718], [12.50873755350569, 62.97698946830743], [12.508762085557409, 62.976986155225525], [12.508827280322379, 62.97696447963088], [12.50946438406386, 62.97675265730892], [12.509792379316343, 62.97666230514414], [12.510267914382386, 62.9768100068021], [12.511374013079738, 62.97682135058861], [12.512394189416925, 62.9767313479336], [12.512852065203333, 62.976853588553844], [12.513293061522536, 62.97697132057273], [12.513803964260093, 62.97668769910272], [12.514052864389356, 62.976442149007816], [12.514155959351948, 62.9763420809558], [12.514278633828644, 62.97622300664206], [12.51504143119799, 62.976251161032955], [12.515144749349849, 62.976254973762266], [12.516306516271, 62.97629477386209], [12.517092547861582, 62.97600198203029], [12.51734474053778, 62.97590803987549], [12.525625113235183, 62.974713372581355], [12.526185546846449, 62.9743499693108], [12.526656856504143, 62.9740652599017], [12.52749803604424, 62.97382633865609], [12.528262968900982, 62.97372047652204], [12.528973335088974, 62.97357715122901], [12.532399007673463, 62.97245189633814], [12.533902182904418, 62.97229344172847], [12.53697717260716, 62.97194373773911], [12.537355632295403, 62.97190069187428], [12.537373221951785, 62.97189869151373], [12.537383692975116, 62.971882680082715], [12.537888447250259, 62.97111082468629], [12.538776410480972, 62.971125212660496], [12.538834099900221, 62.97112938333855], [12.539756104533366, 62.97119604369102], [12.540647498777844, 62.971183503158656], [12.541179229212728, 62.97104440739662], [12.54119776655572, 62.97102764798209], [12.541469567503105, 62.97078190564819], [12.541461604043938, 62.97084472705343], [12.541475242662164, 62.970841569926534], [12.54192067648871, 62.970738436563884], [12.542194952767177, 62.97067493114492], [12.541795497640985, 62.97039425542093], [12.542461024407336, 62.96997953814632], [12.542739573490998, 62.969653680359094], [12.543106057806956, 62.96925810299089], [12.543551711454784, 62.9690176870353], [12.54374344866733, 62.968752577231264], [12.543721859126455, 62.968454841466894], [12.543103396032302, 62.96818642594336], [12.542479260270365, 62.96796289055111], [12.542479460520388, 62.967957170970195], [12.54248684177498, 62.967746959466616], [12.542728612088192, 62.96755521845419], [12.543065470728761, 62.96751753906863], [12.543250050320616, 62.9674968930021], [12.544096235513424, 62.96752816825968], [12.54463167726849, 62.96751524249322], [12.544748381833777, 62.967374226173604], [12.543968149975385, 62.967290669631346], [12.54357593837395, 62.967109247540044], [12.543598569989284, 62.966930540612], [12.543636177567386, 62.966633564856], [12.543358405720818, 62.966329092320066], [12.543662702556443, 62.966111972884214], [12.544209478938086, 62.966009300795484], [12.544949156858792, 62.96610079045002], [12.54529399681218, 62.966343995219226], [12.545793093508399, 62.96661826583467], [12.545866232891418, 62.96665566029753], [12.546201597454361, 62.966827120743496], [12.546155029235027, 62.9671951089411], [12.546484333636116, 62.96724879270119], [12.547837888403922, 62.967176309898505], [12.55048460646617, 62.96782217222543], [12.551042924975583, 62.967663529924], [12.551434644952826, 62.96755222339444], [12.551674031634626, 62.96748419976523], [12.55197477901793, 62.96729587988574], [12.552060485516318, 62.96724221112056], [12.55174349467278, 62.96662155040251], [12.552516073170267, 62.966452724192195], [12.552544983376595, 62.9663581937679], [12.552617156864228, 62.966122192796256], [12.553066099820628, 62.96585482901773], [12.554078961159707, 62.96581837560312], [12.554745484638266, 62.96586287379493], [12.55520367784638, 62.96599195664266], [12.555116220078572, 62.96621479324539], [12.555597521476212, 62.966317460072275], [12.556310730641531, 62.966462231473905], [12.556486257115377, 62.96663792904311], [12.556625093420097, 62.966947747331105], [12.55705950428686, 62.96726530917678], [12.5573355975814, 62.967740803950534], [12.558194732220246, 62.96782635051152], [12.559091913652573, 62.96823708143529], [12.559353343858763, 62.96832101638918], [12.559947006235241, 62.968511614360004], [12.560622016239282, 62.968646363793695], [12.560714746134837, 62.96861537553422], [12.561950558991006, 62.96888256458634], [12.56165205186047, 62.96757369910092], [12.56167669442967, 62.96749433273766], [12.561754101249292, 62.96703711819925], [12.561628105760116, 62.96674766700977], [12.561524133419779, 62.9665088090234], [12.562336551092342, 62.96649406058443], [12.56281174356077, 62.966488494611426], [12.563294832918242, 62.966420085881026], [12.563562304347743, 62.96633704540246], [12.563409830102636, 62.966134949248485], [12.563148665048478, 62.966011044179346], [12.563200014358406, 62.96576025397803], [12.563345386566414, 62.96554793122519], [12.563683269712097, 62.96537668158246], [12.564590950952343, 62.965076254833185], [12.565924289921428, 62.96453482372425], [12.566691365473588, 62.964388022004094], [12.56687636453318, 62.96435261642753], [12.56695295899434, 62.96429180815347], [12.567110595423639, 62.96416665990814], [12.567337561332824, 62.963986468830974], [12.567370408473211, 62.96228610838045], [12.567370453790158, 62.96228411558273], [12.567370559263843, 62.96228334511244], [12.648785316747665, 62.97194987652719], [12.652412494164947, 62.97690884289184], [12.660379475143635, 62.98010356580838], [12.690227072057606, 62.99206217004722], [12.709102706754253, 62.99606935946834], [12.728491115894906, 62.99946866719514], [12.735004102065862, 63.00679454869702], [12.755260097060743, 63.01721000969378], [12.742771021985535, 63.02487562369331], [12.729010339533444, 63.02479538450892], [12.691950401985512, 63.03390542497163], [12.676290740944502, 63.03498553076701], [12.665466478113606, 63.033860720342844], [12.657817503359981, 63.035961687947875], [12.647027751787597, 63.03745321789909], [12.631361780597967, 63.04309446692361], [12.580225718207544, 63.04880032673969]]], [[[13.391805390396692, 63.185744299754255], [13.380067031085922, 63.19065919895868], [13.37976087470869, 63.19066336871878], [13.376755387919195, 63.190704269328194], [13.311059269132107, 63.19158240133544], [13.30023445535311, 63.191605138453845], [13.277838683134991, 63.18409421960696], [13.289717516571313, 63.18050382157153], [13.297943350785932, 63.18186040940063], [13.315426412000102, 63.182803110406454], [13.336246162378202, 63.182184449887714], [13.355142345668362, 63.18032525394511], [13.351133598862484, 63.175184797954444], [13.335631243878389, 63.178385014019135], [13.31317397982062, 63.178955172953046], [13.305339383694758, 63.17808253938546], [13.298311605791014, 63.178165536906846], [13.290581067592843, 63.175752097683926], [13.27087238848662, 63.18170787039148], [13.255970325419659, 63.17667348607668], [13.255803292980538, 63.17661704031897], [13.231403259133467, 63.168402931256885], [13.23136688710312, 63.16839067991549], [13.231232302858286, 63.168308783450684], [13.224524183320145, 63.16422605970192], [13.221266350568127, 63.162819032870466], [13.21561755956268, 63.160378875128266], [13.21373661980261, 63.15956620911342], [13.20761169899652, 63.15691942917955], [13.205995110218035, 63.15709029791585], [13.20608325005518, 63.157122034568175], [13.206136715180026, 63.157169968695484], [13.206109984604268, 63.1572047606396], [13.205999851007002, 63.15725067243575], [13.20590303449828, 63.15726551007702], [13.205640165004676, 63.15727209032016], [13.205536881248815, 63.15727944835707], [13.205429967790407, 63.15727165098328], [13.205244746890216, 63.157256139316694], [13.205155323436935, 63.157265719207906], [13.204959669813531, 63.15733126055101], [13.204589079334806, 63.15738352891492], [13.204401473870728, 63.15739436246141], [13.204340270420266, 63.15741057416764], [13.204302389847669, 63.157447756476415], [13.204229457686667, 63.157526133967984], [13.204117778214686, 63.15759150638656], [13.203988571603333, 63.157624058984005], [13.203902685912492, 63.15762104225901], [13.203263846056027, 63.157591825307435], [13.202765890895174, 63.157600910293304], [13.20262881953016, 63.15765719789887], [13.202508174872362, 63.157738382028256], [13.202326295222896, 63.157904527744215], [13.202191741676678, 63.157945773269056], [13.20203707621622, 63.15797256124919], [13.201630742921283, 63.158013757714016], [13.201374567522077, 63.15805412619785], [13.201223228076241, 63.15802818450138], [13.201256823887295, 63.15797691653677], [13.201298024909962, 63.15789167453534], [13.201255531154345, 63.157871861032184], [13.20111780768991, 63.157840247237004], [13.20088085028505, 63.157779437200304], [13.200856930315657, 63.15775179696669], [13.200785960138827, 63.157684327898906], [13.200642050660413, 63.157615440599784], [13.200503519853044, 63.15757734303172], [13.199984655056427, 63.15745677549618], [13.199872675947073, 63.15741925633468], [13.199650185845755, 63.15731031857279], [13.199486893739946, 63.157258214974696], [13.199230115323786, 63.15715314198916], [13.199072372080348, 63.15710571384586], [13.198978421249457, 63.15709959325798], [13.198758208007115, 63.15710667495411], [13.19823779964516, 63.15711389699322], [13.198126256593039, 63.157093717916936], [13.19809326026569, 63.157074167617935], [13.198104621531833, 63.157016208056525], [13.198247033007844, 63.156896376458434], [13.198265427239251, 63.15681978761122], [13.198249222528904, 63.15668869587433], [13.198189633424255, 63.156680146947544], [13.198080713752246, 63.156683621478315], [13.198011705928035, 63.15667615594326], [13.197964986431776, 63.15664388057613], [13.19793361769158, 63.15656646259053], [13.197910223625337, 63.15649107603249], [13.19781271092093, 63.156487037156595], [13.197684804325295, 63.15650309052617], [13.197604083419868, 63.15653526532106], [13.197499834169227, 63.15657096585156], [13.197437430904772, 63.15656937451501], [13.197395526546794, 63.15654525798987], [13.19732624755072, 63.15650987695399], [13.197010119157193, 63.156490779903905], [13.196839142439808, 63.15644714929171], [13.196643860893895, 63.156437450752605], [13.196307801935514, 63.156430461273985], [13.195978805045787, 63.156452962772036], [13.195886594040363, 63.156403239475935], [13.19576015663936, 63.156327925567396], [13.195707847737916, 63.156273825373326], [13.195809140696424, 63.15617837775436], [13.195816629817404, 63.15613039723439], [13.195783938268145, 63.156085542048515], [13.195690353647208, 63.15597393567222], [13.195603134102134, 63.15588642553326], [13.195463748682675, 63.15581823666602], [13.19535211797866, 63.155785844524225], [13.195105936166838, 63.15577709480602], [13.194806282484638, 63.15576044664161], [13.194584895544153, 63.15572333644682], [13.194397549866554, 63.15569179412522], [13.193858253033564, 63.15560250942831], [13.193709600137307, 63.15556018242266], [13.193505756634547, 63.15551334640781], [13.193149407284396, 63.15542742827851], [13.192967015190357, 63.15537855721861], [13.192599350346601, 63.155312442160984], [13.192255331748068, 63.1553034114043], [13.192072630223908, 63.15532616856373], [13.191946884078275, 63.15537322641843], [13.191847112562945, 63.155429745355505], [13.19180169313541, 63.15549084388102], [13.191779039892719, 63.1555593696709], [13.191756218934513, 63.155649709213705], [13.19180368317194, 63.15571218920927], [13.191823652711236, 63.15573847808796], [13.192007514600993, 63.15592760151158], [13.192116922693161, 63.15598032950508], [13.192261654173281, 63.156013253447725], [13.19250255067932, 63.156027830186744], [13.192868378800819, 63.1560591692334], [13.193585538919432, 63.156166270351584], [13.193799901179723, 63.1561998452628], [13.194255461659104, 63.15627686709364], [13.194486882526176, 63.156315993389654], [13.194779761431212, 63.15639920664948], [13.194839120636455, 63.15643023252383], [13.194931443119664, 63.156478487382685], [13.194945516798342, 63.15652515297481], [13.194933557287955, 63.156673411654374], [13.194858512235816, 63.15678155475798], [13.19474874826966, 63.15682540678176], [13.19459180295653, 63.15689387266571], [13.194577371638639, 63.15692092396555], [13.194592730580274, 63.15696616860451], [13.194698099035719, 63.157090368669515], [13.194763592193716, 63.15718978584946], [13.194719640461251, 63.15723915208602], [13.194615688357018, 63.15728912891116], [13.194463478910867, 63.15736766057291], [13.194310966697337, 63.15744753488628], [13.194296954018833, 63.157446591759886], [13.194092522112557, 63.15743282498235], [13.193929367817745, 63.15743449323087], [13.19377042288486, 63.1574291403983], [13.193695547151876, 63.15740747615456], [13.193659381236706, 63.157377003470096], [13.193556406966058, 63.15730563107887], [13.19339456392248, 63.15726423127996], [13.193283830797213, 63.157261385692735], [13.193088763295245, 63.15727592489348], [13.192834745986456, 63.157305451414494], [13.192699104368378, 63.15733688847168], [13.192585693577954, 63.15741020224134], [13.19250989097112, 63.15743627810517], [13.192380173126624, 63.15746790699467], [13.192355637315705, 63.157519791114076], [13.192300346550761, 63.157602808034035], [13.192276193594676, 63.15763907217539], [13.192175369528853, 63.15772464788162], [13.192074544865719, 63.15781022351337], [13.191990829788216, 63.15787341104423], [13.191857594798657, 63.15778998098039], [13.191796681051803, 63.15775427372158], [13.191788193057143, 63.1577492987872], [13.191754014110323, 63.15774974328327], [13.191642176918137, 63.1577591728838], [13.191438494268686, 63.15780515684795], [13.191316245672148, 63.157873006334434], [13.19129725222452, 63.157908975147365], [13.191287745492806, 63.15792697648318], [13.191245558507266, 63.1580976623287], [13.191179455002171, 63.15821880059428], [13.191199710042591, 63.158286948263516], [13.191260463381097, 63.158377203325095], [13.191277578605396, 63.158432014957384], [13.191109083626914, 63.15856993884149], [13.190835895260212, 63.158809969922885], [13.190710031714776, 63.15877677337268], [13.190604915830345, 63.158722590832035], [13.190505024496257, 63.15867442703478], [13.190325277018344, 63.1586223724293], [13.190280796416744, 63.158594813894304], [13.190237470617378, 63.1585679703281], [13.19024421464095, 63.158534964364975], [13.190281250461215, 63.15841706502757], [13.190206125965307, 63.15819543019486], [13.190131002590135, 63.157973795319556], [13.190109130288404, 63.15791252175309], [13.190021940384003, 63.15783362710706], [13.18997767267745, 63.15776978765331], [13.189985946084835, 63.15769570111978], [13.19009604633408, 63.15762179053333], [13.190247387624442, 63.157519820475386], [13.19051439943513, 63.15729753263677], [13.190562161916214, 63.15718619800836], [13.190540569633466, 63.157101954049374], [13.190481397449282, 63.15704915592919], [13.190376481877264, 63.15700619786719], [13.190158578430774, 63.156959007305176], [13.190050194362641, 63.156954492335345], [13.189971633071229, 63.156975755529174], [13.189707147776817, 63.15705786925294], [13.189599707673622, 63.15707132145512], [13.189340173111884, 63.1570807240931], [13.189099792053721, 63.15707040138743], [13.18883073012783, 63.157058846925835], [13.188678971369399, 63.1570090145355], [13.188235019001086, 63.156857551103506], [13.188043126966493, 63.15679202088035], [13.187952686759472, 63.15676113585633], [13.187701191172042, 63.15669015260841], [13.187558677037034, 63.15661283940716], [13.187317641320403, 63.156500933763866], [13.187135167950828, 63.15645277237033], [13.186856854391507, 63.15640625063519], [13.18651148183276, 63.156341796068254], [13.186395246373595, 63.15629234311008], [13.186105440577553, 63.15617082556518], [13.18544212483992, 63.15599331572632], [13.18529444125429, 63.15588546358987], [13.185129039600117, 63.15575394386851], [13.184985776841469, 63.155717996860616], [13.184895603133837, 63.15572270643087], [13.18473641502054, 63.15576204948275], [13.184684950164526, 63.15579987903535], [13.184587118715363, 63.15586099647728], [13.184437558053558, 63.155899079743754], [13.18430334704598, 63.15593870583892], [13.18423519936006, 63.15598771463683], [13.18411097055897, 63.15605310870013], [13.18401717556442, 63.15607157021365], [13.18396034307846, 63.15605902848874], [13.183962115422878, 63.156030699407715], [13.183947576252528, 63.15598509495224], [13.183856865316834, 63.155947601545066], [13.183674213168635, 63.15590148923088], [13.183197770762806, 63.155850764284345], [13.182888332182374, 63.15582367716883], [13.182470891017951, 63.15579019709519], [13.182303587707688, 63.155798325614455], [13.18217597445737, 63.15582639902018], [13.181974581822098, 63.155875729503165], [13.181835994134898, 63.15588025704164], [13.181753168401904, 63.15585448945028], [13.181695293990407, 63.155826590463434], [13.181247231342383, 63.155854706030425], [13.180970651684957, 63.15558019549809], [13.177613835331432, 63.155955404652936], [13.175664809274378, 63.15617321623257], [13.175375246950633, 63.15624086735236], [13.171721495134262, 63.15709442318849], [13.171711522473297, 63.15711184634053], [13.17166320424297, 63.157156463171894], [13.17157576309837, 63.15717063519314], [13.171256284076847, 63.157219013387895], [13.171108153932408, 63.15726519025595], [13.171018964463984, 63.157313715385406], [13.170852636782715, 63.15741171079974], [13.170606123067168, 63.15745030815328], [13.17046878238962, 63.15748025688596], [13.169925366460827, 63.15763354252653], [13.169807686684667, 63.15766781101395], [13.169784965442508, 63.157671064333414], [13.169447128431946, 63.15768328170609], [13.1692820680393, 63.15763829333081], [13.169028889538762, 63.157603695829124], [13.16890569260475, 63.15760706266343], [13.168806157432874, 63.1576253145386], [13.168359876189083, 63.15774504021215], [13.16826759334825, 63.15773362387529], [13.16804369289712, 63.15765890350166], [13.16796495992272, 63.157668750663795], [13.167734745728227, 63.15772237577245], [13.167459060570447, 63.15780872123638], [13.166885462779154, 63.1580314621536], [13.166740301143564, 63.1580449218637], [13.16637517529383, 63.158060298899144], [13.166284002120781, 63.15804765667002], [13.166173469984598, 63.15801426799412], [13.165953431888664, 63.15794068947746], [13.164967478920051, 63.15788194676434], [13.164306732786276, 63.157846938212536], [13.164172653946135, 63.15786724502691], [13.163977419946951, 63.1578985307594], [13.163882588027963, 63.157889134513866], [13.163813114636078, 63.15786054841629], [13.163721083455089, 63.157831365271925], [13.16360153310598, 63.15780750906249], [13.163070638860118, 63.157705152863464], [13.162999803921721, 63.157672059830375], [13.163003622683037, 63.15764968265813], [13.162981584747252, 63.15760385303857], [13.162950885679018, 63.157535502712534], [13.16304488098374, 63.1574495443626], [13.163055045517325, 63.15739685938971], [13.163017888289131, 63.15731447398636], [13.162934697715096, 63.15724038992429], [13.162795224295886, 63.157115077242956], [13.16270442961987, 63.15705261068015], [13.16258157115043, 63.15701081796649], [13.162122700130283, 63.15690891435972], [13.161885354634848, 63.15686876313649], [13.161704736900363, 63.1568267065967], [13.161470710822076, 63.15674576651726], [13.161411109157484, 63.156702466694256], [13.161351639509205, 63.15657747037221], [13.161255099189242, 63.156547482002594], [13.161188677894055, 63.156548848196245], [13.160946087952292, 63.15655518642367], [13.160869664867404, 63.15652889689525], [13.160780025704069, 63.15650155627854], [13.160669395199788, 63.15649638550491], [13.160668138130475, 63.1564963270223], [13.160539222133403, 63.1564862893711], [13.160456620331802, 63.156447224911766], [13.16039939959341, 63.15639552531522], [13.160385196650067, 63.15636029543216], [13.160343860811386, 63.15625776809773], [13.160252298319023, 63.15620597354611], [13.160054939985892, 63.15612554213184], [13.15999065092737, 63.15608169612196], [13.159990235675226, 63.15601652069447], [13.159941861543787, 63.15594838044315], [13.159872470645087, 63.15593209302061], [13.15964528959623, 63.15588054215999], [13.159494768842109, 63.15583302830863], [13.159407595312238, 63.15583104521108], [13.159303729544298, 63.155842412026594], [13.159219100960884, 63.155851674222426], [13.15916473176603, 63.15583176564997], [13.159110362645864, 63.155811857056875], [13.159003392380862, 63.15574854979615], [13.158986960808665, 63.155713053834894], [13.158986338265581, 63.15568909201261], [13.158983002238518, 63.15556072054035], [13.159030664780664, 63.155471299977584], [13.158997291399357, 63.15542588825427], [13.158853640767576, 63.15533146383563], [13.158538943426045, 63.1551620283487], [13.158361543483222, 63.155071995686896], [13.158255400667713, 63.15500385051901], [13.158134400105332, 63.1549549135928], [13.157951340607521, 63.1548812094644], [13.15787586802338, 63.154866332433414], [13.157791253900443, 63.1548494064974], [13.157645879451488, 63.15479569983091], [13.15739814413229, 63.1546562368495], [13.15735492117431, 63.15462311320279], [13.157280448746608, 63.15461032270774], [13.157195561005064, 63.15458333767649], [13.15717583553123, 63.15454723310965], [13.157130647692032, 63.15442466462438], [13.156941108277183, 63.15434804699097], [13.156662985567968, 63.154265475709316], [13.156641481347169, 63.15422925818256], [13.156628028282482, 63.15415691961922], [13.15666030867606, 63.15411003455718], [13.15672628625953, 63.15407867879054], [13.156816977810657, 63.15403548789302], [13.156852030543167, 63.15387113683483], [13.156800342395158, 63.153854736534534], [13.156550499168858, 63.15380805747791], [13.156285200474903, 63.15378936765805], [13.156156420219228, 63.15372582870119], [13.156101647400728, 63.1536517323771], [13.15603556040678, 63.15358854976062], [13.155944957213611, 63.153519715797025], [13.155756159386478, 63.15340468993068], [13.155612226525538, 63.15335064965832], [13.155550178579974, 63.15331591260254], [13.155500422968004, 63.15328805785054], [13.15547088562868, 63.153224577763915], [13.15549124542932, 63.153158163871716], [13.155625626322093, 63.152955996170306], [13.155877565996155, 63.152788551207905], [13.155905860750764, 63.152769746604456], [13.155954944473903, 63.152721472955704], [13.15600959250563, 63.15256871561749], [13.155996506599672, 63.152438124503284], [13.155938310884434, 63.152232000337555], [13.155977610122804, 63.152175546451225], [13.156214228262842, 63.15190390169143], [13.15625745641221, 63.15185427344803], [13.15635310127739, 63.151769525954435], [13.156361538511044, 63.15176204926155], [13.156471456549548, 63.151719216085844], [13.156547507386588, 63.15171452976934], [13.15688590143674, 63.15170631016557], [13.15697014184794, 63.15165329450882], [13.156985413306797, 63.151630689074814], [13.154536234335648, 63.14603498585555], [13.155288717295667, 63.14448380424453], [13.158383391090357, 63.14407776598916], [13.160996299124463, 63.14262421783756], [13.162223030006023, 63.14055770616575], [13.163665460597331, 63.14064918033146], [13.168923700982948, 63.13759200012774], [13.190717327381643, 63.13671645542263], [13.192169383813066, 63.13557774924279], [13.231249346755401, 63.13753040761194], [13.241240359026108, 63.13968420708717], [13.243162959565039, 63.13950046255775], [13.26198649966936, 63.139118401677464], [13.2712067994919, 63.12488751696741], [13.277545712699002, 63.11945391068553], [13.286783995693254, 63.11462516773096], [13.290062200083266, 63.11358792769166], [13.293284566467253, 63.111758624115915], [13.293392170212986, 63.11166445782102], [13.294056497043012, 63.10749192310238], [13.306359261292338, 63.10347897983804], [13.308099824371542, 63.102850648291025], [13.311300894810252, 63.10343275343676], [13.328731809164944, 63.1065968482733], [13.33584424515655, 63.107887098651844], [13.359263267300923, 63.112165404852085], [13.384007720714987, 63.116726891358475], [13.402002128318564, 63.11997225578397], [13.421556789441528, 63.12343521410791], [13.426366806483905, 63.12432099466559], [13.436917226572682, 63.12615067248153], [13.439225839545774, 63.12655080244605], [13.443700474171353, 63.12732622307087], [13.445261301589913, 63.127609053215124], [13.45262673635812, 63.12894345151072], [13.452626773615064, 63.128943496802336], [13.452690668839375, 63.12901894828386], [13.453449935406976, 63.12915395124107], [13.47256085649945, 63.15236546442359], [13.476089496251637, 63.159083054785995], [13.476094028817846, 63.15909168181661], [13.457971096096854, 63.15978846690846], [13.454933062691046, 63.16028800725404], [13.44979405054474, 63.161168783918335], [13.449751270009283, 63.1611761152102], [13.446193931191914, 63.162705793989645], [13.42677940043006, 63.171049735557546], [13.42269833479732, 63.172787833698116], [13.422723336027524, 63.172791997507076], [13.422596398445462, 63.17284651776129], [13.427570136512106, 63.173637058719876], [13.432662714661486, 63.174447083635094], [13.432700143298277, 63.174453033668385], [13.438857123636753, 63.175477664435626], [13.443364687259963, 63.18216943211812], [13.4427920393082, 63.18539971927633], [13.442563244050776, 63.186690128685996], [13.440741935348191, 63.18775458372048], [13.439434818451565, 63.18855776678057], [13.438809149282571, 63.18643992854111], [13.438765727530006, 63.18629293834458], [13.438141638385796, 63.18422973022918], [13.437994150442396, 63.183741670644146], [13.437829015666226, 63.18319470703317], [13.432230342334519, 63.18248143905443], [13.430068922334355, 63.18220904644303], [13.42790754336009, 63.18193662105735], [13.421124644065864, 63.181080738660604], [13.416484482680307, 63.18049558616242], [13.414141515225035, 63.180200057730545], [13.410350315429547, 63.17972118355056], [13.407443390183168, 63.17935359031109], [13.407148119622592, 63.17931624858538], [13.402136154405984, 63.18141657418587], [13.391805390396692, 63.185744299754255]]], [[[13.022018134389027, 63.0577388968821], [13.016859918320788, 63.05510684870905], [13.010385092120618, 63.05488473502656], [12.999064410421191, 63.05713754853551], [12.971033618994051, 63.050073046041895], [12.949645547229897, 63.05138038301076], [12.927680563646415, 63.04621962461518], [12.908079794131515, 63.04309738669787], [12.901217739594914, 63.03982055892714], [12.885463132756238, 63.03824665992695], [12.868988378959855, 63.03471804671792], [12.809149134520489, 63.03269649061647], [12.809582885331386, 63.03346880130703], [12.795710761343, 63.03576023269065], [12.775417924210037, 63.029099892960936], [12.76782331543233, 63.01819187240257], [12.762523065309175, 63.01488899581788], [12.79545124081142, 63.01375142772795], [12.79666606286007, 63.00096176093364], [12.789986078723516, 62.997550376964], [12.771675305546195, 62.97353759486085], [12.771580057836056, 62.97338513874137], [12.771390017491585, 62.97308094819798], [12.781441577355878, 62.973045802302494], [12.837745474604343, 62.97283572314871], [12.838015490782318, 62.97283465648876], [12.838028754441618, 62.97283460804341], [12.838044071251977, 62.972834546119635], [12.846846186199677, 62.972799656592535], [12.919257719788376, 62.97261533134901], [12.91977097927405, 62.97261389253136], [13.041731016667402, 62.97221909072403], [13.043583244763003, 62.972212284170865], [13.044206246121222, 62.972209982583436], [13.089657345254553, 62.97204743501413], [13.082950618407569, 62.97818594326687], [13.088632290885965, 62.9848743981952], [13.081562382768242, 62.99643573508462], [13.066032318363698, 63.01716245283139], [13.059912308982655, 63.0282247214614], [13.047142441245597, 63.04463227850943], [13.042084499646618, 63.048545057431724], [13.035470309017692, 63.047111030644906], [13.022018134389027, 63.0577388968821]]]]}}, {"type": "Feature", "properties": {"_layer": "zonering", "_layer_id": 2, "_name": "Aktiv zon", "_kind": "zone", "_camping_banned": false, "_camping_partial": true, "_access_banned": false, "_area_ha": 19839.2, "OBJECTID": 3, "Zon": "Aktiv zon", "Beträda": "Beträdnadsförbud vid Östra Blanktjärn och vid Pyramiderna. Se skyltning och anvisningar på plats. ", "Cykla": "Cykling tillåten 19/6-30/9 på särskilt markerad led. OBS sträckan Grönvallen-Pyramiderna-Issjödalen-Grönvallen endast 15/7-31/8. Cykling tillåten på väl snötäckt mark 1/10-19/4, samt på väg året om. Elcykel ej tillåtet.", "Slå_läger_Övernatta": "Inte tillåtet att slå läger/övernatta i områden kring Östra Blanktjärn och Pyramiderna. Vid Grönvallen endast tillåtet väster om leden. I Issjödalen inte tillåtet kring Issjön och längst söderut i dalen. Se skyltning på plats.", "Elda": "Tillåtet att göra upp eld med medhavd ved eller löst liggande, tunna grenar och kvistar.", "Rida": "Tillåtet att rida eller leda häst, förutom i områden med beträdnadsförbud vid Östra Blanktjärnarna och Pyramiderna. På del av sträckan Issjödalen-Pyramiderna hänvisas hästar till vinterled, följ skyltning på plats.", "Drönare": "Inte tillåtet att starta och landa drönare eller annan luftfarkost.", "Motorfordon": "Inte tillåtet att köra motorfordon. Undantag gäller för snöskoter på särskilt markerad led, dock endast på väl snötäckt mark och som längst till 19/4.", "På_vatten": "Inte tillåtet att använda motordriven vattenfarkost. Inte tillåtet att använda vattenfarkost inom område med beträdnadsförbud vid Östra Blanktjärn.", "Tidszonering": "Visa extra hänsyn under vår och försommar då naturen är en barnkammare.", "Organiserad_verksamhet": "För organiserade rid- och cykelturer, organiserad övernattning i tält, vindskydd eller motsvarande samt tävlingar och motsvarande arrangemang gäller särskilda regler, kontakta Länsstyrelsen.", "Anteckning": "Aktiv zon", "Delområde": "AKTIV", "Skötselområden": "C", "Areal__ha_": 3183, "ObjectID_1": null, "Shape__Area": 199074299.4769816, "Shape__Length": 286306.70251934853}, "geometry": {"type": "MultiPolygon", "coordinates": [[[[12.940934876877915, 63.116306141850224], [12.942245410107244, 63.116661421936854], [12.942800643255273, 63.11681193692135], [12.943244075745907, 63.1169693910356], [12.943339635962781, 63.11700332154564], [12.945429074471798, 63.11716612724361], [12.947341225856716, 63.116803577351774], [12.948084404514082, 63.1166415731362], [12.948823480802124, 63.11653712014447], [12.949756286005277, 63.11639227586558], [12.95033032734812, 63.11637183298391], [12.951039654225287, 63.116238127394574], [12.951839200140864, 63.116177751652344], [12.952578251413426, 63.11607327989142], [12.952841900027142, 63.11604421497048], [12.953155347328432, 63.11600965882639], [12.953733463374212, 63.115931645918366], [12.95429932855014, 63.11602629942639], [12.95463765319706, 63.116189661314365], [12.95498006357954, 63.116295467029616], [12.955489524621882, 63.11628846813659], [12.956226527245066, 63.116212754595], [12.956774898924317, 63.11610549039802], [12.957328362738144, 63.11592627815756], [12.957437960394635, 63.11572621658348], [12.957447601507925, 63.115590076051724], [12.957458013855502, 63.11544306826497], [12.957459360045453, 63.115424046032956], [12.957670397334494, 63.11513903353534], [12.958159266178196, 63.1149732849712], [12.958714735999406, 63.1147652898626], [12.959206646176787, 63.114556369845324], [12.960018340742849, 63.11432327924461], [12.960507182616936, 63.114157521572196], [12.961186670653804, 63.11399452688399], [12.961299367331835, 63.113784954972715], [12.96134907682818, 63.11369251594365], [12.9618197843468, 63.11360969693616], [12.961858610261494, 63.113602864807355], [12.967266329704797, 63.114051984149654], [12.974374496698148, 63.114961472912924], [12.975567587042242, 63.11569086465217], [12.978191348507949, 63.11531413793186], [12.978750199739762, 63.11464288397156], [12.979231587041017, 63.11350666561058], [12.979529059674281, 63.11238439233584], [12.979127323250788, 63.11184854329456], [12.977725111325254, 63.11149722354666], [12.976520621617738, 63.110933348858254], [12.975643907436348, 63.1103907106243], [12.974827305190104, 63.11016615118811], [12.973677156231279, 63.110115789899595], [12.97352988899494, 63.10994115862205], [12.974551342168068, 63.10963364557021], [12.9895919048548, 63.10510400253484], [12.965601932552449, 63.09183435730326], [13.002655198031968, 63.073020566482285], [13.035470309017692, 63.047111030644906], [13.042084499646618, 63.048545057431724], [13.047142441245597, 63.04463227850943], [13.059912308982655, 63.0282247214614], [13.061997556765434, 63.024456504416214], [13.07311450061396, 63.025898630560754], [13.123020528546842, 63.04205400954226], [13.123354196618942, 63.05771691345291], [13.127415997818954, 63.05837403617857], [13.132407851262359, 63.05918142370328], [13.13881511962415, 63.059693357594895], [13.142604443284508, 63.05938679352488], [13.147863456543053, 63.056311620894995], [13.157271516285835, 63.047577335464965], [13.163396355728262, 63.03796966819948], [13.162987008909438, 63.030838087714166], [13.160498916172921, 63.02743057459041], [13.166429294719478, 63.01960448959072], [13.16650293780434, 63.01950727899697], [13.166692043829602, 63.01959177938166], [13.166812366801652, 63.01962239129678], [13.166819805523236, 63.019625405527314], [13.167032949005762, 63.01971582814447], [13.167037050567227, 63.01973170943448], [13.167067658206607, 63.01976890666964], [13.167124845063425, 63.01980516441071], [13.167167938818418, 63.01981817515863], [13.167363203599617, 63.019885561599764], [13.16772283621636, 63.019992936756495], [13.167751285895324, 63.020001430278455], [13.167852419940125, 63.02004783636814], [13.16786181064818, 63.02005312928916], [13.168002637300333, 63.02016330800675], [13.168023930678977, 63.02020535818947], [13.16814017806103, 63.020383837000814], [13.168148267501417, 63.02039727401554], [13.168231148546617, 63.02052297919167], [13.168275208528607, 63.02053954479888], [13.168307024238194, 63.0205515059768], [13.168366833940562, 63.02055450687542], [13.168500376773768, 63.020537337183406], [13.168740941050583, 63.020501424147035], [13.168879938806956, 63.020524572887865], [13.168903600015373, 63.02053591753722], [13.168961188526069, 63.02056352943447], [13.169075971349264, 63.02062397322348], [13.1691907546471, 63.020684416920496], [13.16920008589147, 63.02071966123129], [13.16920991252068, 63.02075677577521], [13.169223706359654, 63.020795641183796], [13.169236213893878, 63.02083087901147], [13.169263886905036, 63.02088121738925], [13.16926111704729, 63.020977398282994], [13.169219136998418, 63.021035148893105], [13.169263629558865, 63.02109397362018], [13.169232356413492, 63.02115147673403], [13.169176211255031, 63.02121954823387], [13.16914941876799, 63.02124719297604], [13.16913587454739, 63.02126116874897], [13.169101966277506, 63.02132822619039], [13.169128558804742, 63.02137398980534], [13.169137195933287, 63.021388852359344], [13.169137920374892, 63.02146176272238], [13.169103897838326, 63.021523894278104], [13.169082302431294, 63.02156332878199], [13.169063410495433, 63.02164997293047], [13.16907036423771, 63.02169319301464], [13.169145241340706, 63.021743693394384], [13.169333813552024, 63.02160321355025], [13.169432465400128, 63.02149768831548], [13.169542214437953, 63.021396400543594], [13.169636440763599, 63.02132014889045], [13.169732007893296, 63.02126411491799], [13.169830963998097, 63.021247017214705], [13.169900554382549, 63.02114381808774], [13.169957956579427, 63.02102917598388], [13.170087000987463, 63.02100276214895], [13.170254719193215, 63.02085022336164], [13.170438581069144, 63.02083614463287], [13.170651187294506, 63.02071371437388], [13.170731112705381, 63.02062749114554], [13.170733296007203, 63.02056172895532], [13.170521539079475, 63.02049305666489], [13.170628134592052, 63.02036280934914], [13.170786984428936, 63.02015740984229], [13.170944539976468, 63.02018305894903], [13.171101789160048, 63.02005869135262], [13.171162364935544, 63.020028940441186], [13.17125736897256, 63.01989595718974], [13.171341829854066, 63.019757127622505], [13.171457323576094, 63.01975165357668], [13.171580546251391, 63.0196559809148], [13.171581412445164, 63.01965530799019], [13.171591326601948, 63.01965322844765], [13.171687562627532, 63.01963304094896], [13.171830825073306, 63.019657166654454], [13.172102654092917, 63.019600832168244], [13.172177274852354, 63.019538304266774], [13.172488056096897, 63.0195409456922], [13.172654986840069, 63.019462542915385], [13.172809902258884, 63.01947350385733], [13.173079320189892, 63.01934099443521], [13.173280552688688, 63.01929419635914], [13.173311008778878, 63.01928563591912], [13.173454285539254, 63.01924536407137], [13.17346711350192, 63.01930692087791], [13.173552927634162, 63.01935887989388], [13.173571517911784, 63.01943984059474], [13.173710592454754, 63.019525561857456], [13.173739918814412, 63.01955967955142], [13.173718004024408, 63.0196494005224], [13.173765926039028, 63.01971385232953], [13.173746804049431, 63.01980757760635], [13.173849170276782, 63.01983821200922], [13.173805468926686, 63.01992722799992], [13.173813898937992, 63.01993816601374], [13.173957591802168, 63.019958619520025], [13.173963516995165, 63.01995946271608], [13.174053728132096, 63.01996042957697], [13.174223455782336, 63.01989257423907], [13.174362580247605, 63.019782863650796], [13.17455003369847, 63.01962318945274], [13.174612919475974, 63.019587583667246], [13.174824917267697, 63.01950284596833], [13.174923139624761, 63.019434740622344], [13.17509893665074, 63.019312690937106], [13.175100713161497, 63.01931139499437], [13.17522266995123, 63.0192224426954], [13.175268330810262, 63.01921648854037], [13.175316649442617, 63.01921018798673], [13.175489897179219, 63.019197519091016], [13.175736823292324, 63.01918945412588], [13.175925001399348, 63.0191712313508], [13.176116826744423, 63.01914301801724], [13.176236156849834, 63.01905771286562], [13.17637160003405, 63.01903365631569], [13.170909299022558, 63.02744562802991], [13.17256557083336, 63.032316837628954], [13.171563814058423, 63.040444266020664], [13.16456275850231, 63.049884855300355], [13.155218783531343, 63.0580647236071], [13.14777045307892, 63.063027735067536], [13.141952158550197, 63.0811169681335], [13.148619291404778, 63.08905349611479], [13.158683393461185, 63.093364805453795], [13.16566967231754, 63.09429712992586], [13.171628927435052, 63.09956832784691], [13.176151713326604, 63.101020152719045], [13.181232311633295, 63.106976386849944], [13.187137070395279, 63.10912551862008], [13.19422995350943, 63.10935953544736], [13.200837522530927, 63.111066697953305], [13.216800748115158, 63.11575380384102], [13.243237606198134, 63.11310523408252], [13.254909242271463, 63.11395528706758], [13.261286738479374, 63.117052235425916], [13.26912956723275, 63.11673860797895], [13.282753000100941, 63.109846543425874], [13.285331215162334, 63.10358365137256], [13.291373409459057, 63.0998074467755], [13.308373254503664, 63.102791635230986], [13.294927040325316, 63.10717783695195], [13.293392170212986, 63.11166445782102], [13.290062200083266, 63.11358792769166], [13.286783995693254, 63.11462516773096], [13.277545712699002, 63.11945391068553], [13.2712067994919, 63.12488751696741], [13.26198649966936, 63.139118401677464], [13.241240359026108, 63.13968420708717], [13.231249346755401, 63.13753040761194], [13.192169383813066, 63.13557774924279], [13.189659109569046, 63.13675904683958], [13.168923700982948, 63.13759200012774], [13.163665460597331, 63.14064918033146], [13.162223030006023, 63.14055770616575], [13.160996299124463, 63.14262421783756], [13.158383391090357, 63.14407776598916], [13.155288717295667, 63.14448380424453], [13.154536234335648, 63.14603498585555], [13.154489191728223, 63.14592748561292], [13.15439736291396, 63.145729306589296], [13.154381059818634, 63.1457358091211], [13.154335284411607, 63.145754067342146], [13.154309176890242, 63.145762002715976], [13.154061460535145, 63.14583729239988], [13.153978338435527, 63.1458520113921], [13.153714230362619, 63.14593735256056], [13.153613765466101, 63.1460005739537], [13.153525285868664, 63.146118362412686], [13.153399725006519, 63.14616933995385], [13.15313475841806, 63.146227879882574], [13.152937226384202, 63.1462408176681], [13.15280809804166, 63.14622660133263], [13.152423232400574, 63.146177588582496], [13.152406491062798, 63.14618251406321], [13.152316678046882, 63.1463351167653], [13.152154241292461, 63.1464863339914], [13.152015233522192, 63.14650948794592], [13.15194181796985, 63.14648812354209], [13.151818574548564, 63.14645534130721], [13.151742328841825, 63.14645858327801], [13.151467393646156, 63.146587539280226], [13.151253379468077, 63.14672173686269], [13.15121557598585, 63.14673275405736], [13.15101565554156, 63.146791019654565], [13.150711011558556, 63.14684242336251], [13.1505720663462, 63.14687152996781], [13.15052802871069, 63.14688789735743], [13.150470199215553, 63.14694071380334], [13.150349628978102, 63.147054325895986], [13.150250366800432, 63.147130893710475], [13.150154994509942, 63.1471978008003], [13.150241864582021, 63.14721522781424], [13.150439348710169, 63.14727845590599], [13.150492015879413, 63.147323499161125], [13.150484085591811, 63.14737558504982], [13.150368073414, 63.14741680070147], [13.150274605254273, 63.14743193130245], [13.15012922209567, 63.14741482801776], [13.150041810799932, 63.14738862789719], [13.14994562421599, 63.14733218361587], [13.149926712928403, 63.14733214629322], [13.149924461910027, 63.147332990497674], [13.14991206390642, 63.147337641923734], [13.149911398906353, 63.147351350538344], [13.149908213685618, 63.147416983013066], [13.14985100430133, 63.147436231880356], [13.14983660103522, 63.14744107801629], [13.149759572058132, 63.14747002494132], [13.149750315008273, 63.14753842604142], [13.149770447835103, 63.147549448468396], [13.149789562166577, 63.14755991445438], [13.149931196371595, 63.147609605555246], [13.149983478817452, 63.14767937710829], [13.149997852453758, 63.14775571921087], [13.149893531497503, 63.14811527772542], [13.149825103618866, 63.148172070341616], [13.149689308535471, 63.148212835468364], [13.149583122706378, 63.148252562600646], [13.149547230069716, 63.14828609833175], [13.14947502730866, 63.14836177230466], [13.1493829508446, 63.14838908281211], [13.14917107269794, 63.14843325907684], [13.14913984852356, 63.14843567634944], [13.148800695117197, 63.14846192981146], [13.14850117613077, 63.1484572419328], [13.147941409651748, 63.148440779644815], [13.14716898484379, 63.14846624098095], [13.146531150525417, 63.14846667653579], [13.146145810963452, 63.14850607555424], [13.145696180256735, 63.14851992291384], [13.14555088707931, 63.148513889459416], [13.145445659458355, 63.148474889182694], [13.14532251958173, 63.14837293709474], [13.145266901693695, 63.1483119714401], [13.145207705624115, 63.14826582188186], [13.145186170729334, 63.14822562031969], [13.145120956663627, 63.148151754570854], [13.145027979982075, 63.148105977755705], [13.144925233745665, 63.1480362485857], [13.14476203662288, 63.1478744573452], [13.144703666021243, 63.14786207518397], [13.144596752847256, 63.14786264825995], [13.144575089612754, 63.147862370455016], [13.144382875180836, 63.14785990697391], [13.14421358633155, 63.147850610059486], [13.143926530062423, 63.1478771155454], [13.14379124507352, 63.14787420525653], [13.143625960709437, 63.147878431327726], [13.143579318918617, 63.147880988679894], [13.143440542541525, 63.14788121325564], [13.143312091624775, 63.14786625739192], [13.143243938898861, 63.147847002471266], [13.14323927026046, 63.14784700513943], [13.143159954374877, 63.147860997390474], [13.142766046156874, 63.14780709360425], [13.14232599453911, 63.147847759376816], [13.142194593738802, 63.14787336728858], [13.142174027938669, 63.14788258592866], [13.142074049502149, 63.1479274002417], [13.14168672084207, 63.14809906020523], [13.141436317566473, 63.14810608093731], [13.141411702155466, 63.14810677131289], [13.14119414123121, 63.14812644058892], [13.140712208820684, 63.14810578606287], [13.140586682648966, 63.14806933884749], [13.140524161502434, 63.14805697868713], [13.14039436583698, 63.14804858694628], [13.140107754902456, 63.14804372272584], [13.139910450681105, 63.148063156308744], [13.139795407615168, 63.148094568733214], [13.139694568565368, 63.14813158539806], [13.139569250618, 63.14820018049926], [13.139431201747495, 63.148210646406554], [13.13916619697487, 63.14823740806163], [13.13901998671487, 63.14821149945208], [13.138935764916436, 63.148203317868486], [13.138845710708546, 63.14821608240412], [13.13876417805293, 63.14823933887728], [13.138582868753192, 63.14827241580949], [13.13834759132275, 63.14829043887518], [13.138126196005167, 63.14833075263748], [13.137816179527627, 63.14839039902991], [13.137705227154093, 63.14841309295041], [13.137444735728318, 63.148520446024875], [13.137267293845676, 63.14867326456949], [13.137085197727817, 63.148731559907134], [13.136627019031376, 63.148820004785364], [13.136444756434644, 63.14881872514033], [13.13599448404734, 63.14880186130869], [13.135747408522928, 63.148810196925204], [13.135116491270978, 63.14879243348357], [13.134773012996384, 63.14882503751583], [13.134357670812316, 63.14887975052678], [13.134089012211042, 63.148934438034104], [13.133912489469038, 63.148996534763874], [13.133785119296805, 63.14902704954102], [13.13355178866549, 63.149060866331304], [13.133357700543305, 63.14908980580134], [13.133144629339409, 63.14912887559795], [13.133123474280708, 63.149129200666316], [13.132817488096775, 63.14913389869154], [13.13260197812302, 63.14915797031168], [13.1324531811743, 63.14918133480126], [13.131960174586984, 63.14918510266156], [13.131843693759729, 63.149200675236166], [13.131660301539455, 63.14921756027465], [13.131642579737305, 63.14921919171313], [13.131291039466895, 63.14925956030542], [13.131128007150165, 63.14926653803567], [13.13095177698204, 63.149275080812814], [13.130831250975989, 63.1492925466091], [13.130817825788505, 63.14932243507883], [13.130777284393028, 63.14940275275905], [13.130754728219388, 63.14944743869029], [13.130649850163765, 63.149484899550906], [13.130500881469725, 63.14953554277262], [13.130464644790228, 63.1495728176539], [13.13042202637421, 63.1496166557226], [13.130343905934742, 63.149630125168585], [13.129927156689075, 63.14971693706447], [13.129579221621663, 63.149799196003954], [13.129525599557017, 63.149856204875725], [13.12945043987128, 63.149889699514816], [13.129385456511631, 63.14992554847015], [13.12927010456796, 63.14998918460986], [13.129153401897756, 63.150053565980706], [13.12902692656755, 63.14999940587332], [13.128933200485438, 63.149959269040124], [13.122709692384902, 63.14729377882833], [13.11526799428548, 63.14841423575871], [13.107744394440473, 63.149546889614314], [13.100478833251596, 63.15064002100459], [13.100402795115954, 63.15070176959544], [13.100381496741154, 63.15070492583035], [13.099267353316774, 63.15042520678416], [13.095600764640992, 63.14965743851292], [13.088646328982389, 63.14813063969839], [13.083724523999033, 63.14527699936224], [13.073108378760278, 63.143292622926026], [13.059626266447554, 63.14413676648852], [13.05985838312454, 63.14125759694398], [13.059869630513528, 63.141118065066195], [13.055094629913794, 63.138997692023146], [13.050320326464838, 63.13687715929366], [13.049208467995564, 63.13668197014739], [13.046141857324631, 63.13614356283232], [13.04479559718697, 63.1366735731072], [13.040841493887507, 63.13823008198607], [13.04070383015953, 63.14027105320442], [13.04324944860196, 63.14269925535919], [13.04416490669082, 63.144723271716316], [13.012332097744812, 63.140594253176985], [12.964451351525925, 63.13823226183164], [12.944650263630551, 63.13710193123526], [12.932962520421954, 63.137139481012674], [12.925033367121035, 63.12614427757455], [12.924572685555956, 63.12550519316216], [12.924403334723326, 63.12527025261963], [12.924539014611804, 63.12516884038298], [12.924378972554955, 63.1250817924658], [12.924289719406737, 63.125033246271705], [12.923751084818976, 63.12051394249547], [12.921996163880083, 63.112209771018065], [12.91913767558109, 63.11013029869611], [12.91009279118514, 63.11232813466432], [12.903485056228964, 63.11130607070568], [12.903730344411478, 63.10850404013614], [12.918934940003252, 63.105353675878874], [12.928225192089966, 63.108463838763576], [12.933971989723155, 63.11950715982527], [12.940733386097422, 63.11639878653806], [12.940934876877915, 63.116306141850224]], [[13.068109959395551, 63.10811679001356], [13.070042535254446, 63.10831856669613], [13.069964423446239, 63.10820432389519], [13.069946049489936, 63.10804773894164], [13.070036214959462, 63.107844862290065], [13.070228580489767, 63.10769114582503], [13.070424764884434, 63.10762433306995], [13.070809940822135, 63.10759917633083], [13.07108701707904, 63.107565382459114], [13.071089657891779, 63.10744942782872], [13.071270203664799, 63.10736048640352], [13.071461536334109, 63.10725221607647], [13.070983039916305, 63.10702652836372], [13.069793991683719, 63.10646567840833], [13.068109959395551, 63.10811679001356]], [[13.122794396763911, 63.0870281865426], [13.122669489172115, 63.087014654845085], [13.122592170295212, 63.08699462765648], [13.12247712393982, 63.08699072786752], [13.122356996068099, 63.0869843850717], [13.12229431385034, 63.08698117894233], [13.1222060629107, 63.08696813253977], [13.122087006834223, 63.08694517552532], [13.122039879439594, 63.08694455099485], [13.122003990714003, 63.08693219836553], [13.121878167251019, 63.08693290643265], [13.121772981931407, 63.08693863909653], [13.121615281493106, 63.086946050284496], [13.121536123995512, 63.08695450245984], [13.121383813112445, 63.08695961014693], [13.121215486100928, 63.0869692556025], [13.121104453245884, 63.08698441168775], [13.121090075381364, 63.086986123497944], [13.121021301999404, 63.08698270945223], [13.12062364570413, 63.08702787029685], [13.120572524032571, 63.08702486699851], [13.120457633067428, 63.08701859204397], [13.120389407917873, 63.08702006272386], [13.120283149394979, 63.08704240735564], [13.120203071738288, 63.08706510010027], [13.120155946179498, 63.0870644749691], [13.12004044016434, 63.08706769296292], [13.119966673701684, 63.087073841099695], [13.119892752008129, 63.08708236182685], [13.119797885726898, 63.08709060552428], [13.119665905271336, 63.08710548166372], [13.119586900038268, 63.087111560092], [13.11949788344597, 63.087110378867756], [13.11943982470425, 63.087116734275554], [13.11934033486444, 63.08711541396751], [13.119218518607315, 63.08713517665402], [13.11905389310733, 63.08716862365133], [13.118942705094051, 63.08718615069009], [13.11874157789077, 63.08721673721871], [13.11860481979844, 63.087224423093346], [13.118462213390004, 63.08724153353446], [13.118298967067904, 63.08725361859534], [13.11823505550321, 63.08726939814646], [13.118077812664671, 63.08726968563641], [13.117899164961988, 63.08727681453407], [13.117773339970807, 63.087277518951595], [13.117642892129126, 63.087268660399616], [13.11749057706775, 63.087273762971314], [13.117364445112823, 63.08727921412343], [13.117259871688962, 63.08727544923571], [13.117054428543597, 63.08729172252422], [13.116986049091823, 63.08729556511122], [13.116896725020338, 63.08729912934793], [13.116776441658526, 63.08729515534386], [13.116650616577536, 63.08729585876429], [13.11657176581432, 63.08729956108936], [13.116466885309999, 63.08730054271175], [13.116341520855068, 63.087294126112496], [13.11621631009544, 63.08728533495841], [13.116064455442151, 63.08728331625217], [13.115964350881185, 63.08729148686333], [13.115869482849424, 63.08729972792487], [13.115732262795776, 63.087314531663424], [13.115690373598548, 63.08731397467562], [13.11558533944973, 63.08731732829472], [13.115486002726596, 63.08731363263019], [13.115271314214953, 63.08731077747834], [13.115182909913404, 63.08730009933308], [13.114612151913411, 63.087292506855356], [13.11452853962893, 63.08731008580057], [13.113830042148702, 63.087300790534655], [13.11382562778172, 63.087298668624825], [13.113697026475368, 63.087261324816296], [13.113646201924922, 63.087236894172996], [13.1135017374706, 63.08720171461258], [13.11335650628381, 63.087178402648455], [13.113237148808293, 63.08716018530814], [13.113075592948082, 63.08714615716767], [13.112933289482731, 63.08715851492399], [13.112818397762018, 63.08715223375445], [13.112702431070062, 63.08716256641771], [13.112638736663458, 63.08716297325288], [13.112581843132165, 63.087163335968626], [13.112444775991136, 63.087175762978916], [13.112302472123746, 63.08718812010042], [13.112195346335238, 63.08719544306488], [13.112071370496196, 63.08718785247855], [13.111986472899371, 63.087183752368645], [13.11181610059945, 63.087184451430176], [13.111658819817286, 63.08718532473667], [13.111573152558671, 63.08719309118682], [13.111513858757544, 63.087198240008924], [13.111443015014036, 63.08717947985471], [13.111352919968951, 63.08715452500953], [13.111280921633844, 63.087153565431535], [13.111202761532068, 63.08714658470752], [13.111124589120152, 63.087126971655486], [13.111019208886985, 63.08712830170259], [13.110799285697404, 63.08712536997943], [13.110710115484482, 63.087126556776646], [13.110484955752808, 63.087123554751145], [13.110344499918327, 63.08710742922742], [13.110198809632944, 63.08709123375794], [13.110099166331157, 63.087092280503555], [13.11000377228927, 63.08708132811777], [13.109687480496472, 63.08708374324251], [13.109658909885912, 63.08706208323333], [13.10954627944568, 63.0870516493805], [13.109357928645176, 63.08704676100108], [13.109211774801388, 63.0870376851067], [13.109070859661553, 63.087028678066574], [13.10900833109766, 63.08702309250225], [13.10887280678312, 63.08701178250274], [13.108717415575933, 63.08698357896078], [13.1085407700902, 63.0869598418486], [13.108363662242292, 63.086943225126646], [13.108191176203835, 63.08693617226316], [13.107997127170615, 63.08693833188247], [13.107897175827244, 63.08694412415344], [13.10773423553374, 63.086951449965206], [13.107425296640946, 63.08694732432066], [13.107326733823351, 63.08693175526928], [13.107150246051335, 63.08690564381726], [13.10703027641551, 63.086896914508685], [13.106811742479328, 63.08687261656136], [13.10641973080135, 63.08699351532572], [13.106389603722542, 63.08702161811636], [13.10635670434624, 63.08704398278242], [13.10632112534019, 63.08705918484301], [13.106280005744512, 63.087062911605805], [13.106229830491579, 63.08706081536869], [13.106192407426692, 63.08705603989573], [13.106120146335453, 63.087055074179915], [13.106075884045909, 63.08705875798524], [13.106037719896992, 63.08706537471378], [13.106012243284018, 63.087086412791265], [13.105889648231003, 63.08711803078602], [13.105788769360615, 63.087138061867414], [13.10567295476617, 63.087146015237764], [13.105583627910514, 63.087149572314914], [13.105447484645342, 63.08714775224963], [13.105300252395711, 63.08715528528328], [13.105184437605947, 63.087163238253694], [13.105058456521444, 63.087166304889415], [13.104905214991051, 63.08718563514763], [13.104821281004446, 63.0871868882674], [13.104721328271335, 63.08719267739638], [13.104637546802506, 63.0871915568494], [13.104521731696408, 63.08719950927712], [13.10440052533646, 63.08720976599024], [13.104217100047038, 63.087209686964584], [13.104080183764589, 63.08721973323861], [13.103959440965726, 63.08722286808518], [13.103880898018089, 63.087221817181224], [13.10379788940683, 63.08720882938362], [13.103702130324768, 63.08719852145523], [13.103543317835891, 63.087190695132286], [13.10328778793449, 63.087187275230946], [13.10316199411403, 63.08718749215047], [13.103056526098719, 63.08719748254258], [13.102967567274128, 63.08721149428215], [13.102857911419548, 63.08722142846642], [13.102764762759351, 63.087235383988904], [13.10265904691988, 63.08724917208879], [13.102582778552296, 63.087261452841375], [13.102480757181018, 63.08728289201642], [13.102392045319775, 63.087293106285706], [13.102298772428199, 63.087308960502156], [13.102146606281183, 63.087327826364955], [13.102003560026214, 63.087335412051296], [13.10189340820637, 63.08735294059538], [13.101771801384844, 63.08735321236966], [13.10166682952875, 63.08735560664229], [13.101539673062751, 63.087376707543434], [13.101430014137366, 63.08738664059239], [13.10132516394658, 63.08738713648112], [13.101160925061585, 63.087398237798496], [13.101063834940646, 63.08740833987802], [13.100933355117853, 63.087416092881476], [13.100794002354538, 63.08743132859454], [13.100704793972692, 63.08744913690745], [13.100632835824687, 63.087459574628994], [13.100556070535292, 63.08747944938853], [13.100466861862495, 63.08749725755054], [13.100394162156391, 63.08751908738123], [13.100317396548656, 63.08753896201019], [13.10024494242679, 63.087556994634724], [13.100158931820854, 63.08759004807269], [13.100099168571555, 63.087606350102604], [13.100057031528566, 63.08760958559554], [13.09999382393856, 63.087614439233406], [13.099895863308305, 63.08763783078541], [13.09984447925886, 63.08765424506052], [13.099800976886739, 63.08767836674884], [13.09974934486767, 63.08769857808986], [13.0996687623528, 63.08771270100642], [13.099634133014407, 63.08772933988468], [13.099603571447162, 63.08774793306821], [13.099547749371956, 63.0877680890461], [13.099462603054382, 63.08778785083244], [13.099407898438278, 63.08779091758787], [13.099357381514194, 63.08779404138554], [13.099282102039055, 63.08779113105464], [13.099211134268883, 63.0877863787532], [13.099132284935411, 63.0877739189481], [13.099027931256506, 63.087766818063095], [13.098894518746684, 63.08778331941984], [13.098766986450077, 63.08781011391561], [13.098608965833352, 63.08782224651294], [13.09844539839632, 63.0878390548137], [13.098276128887433, 63.08786291411472], [13.098138432406758, 63.08788482044756], [13.0979901092354, 63.08790895962471], [13.097772625124913, 63.08794879863337], [13.09764524612524, 63.08797321948852], [13.097503399635803, 63.08797844117667], [13.097414224431041, 63.08797961957108], [13.097288396217978, 63.08798030579021], [13.0971248270962, 63.08799711345792], [13.097014243546447, 63.08800513004873], [13.096840821359493, 63.08801230266294], [13.096672480626436, 63.088021918918585], [13.096487500460427, 63.0880455650985], [13.09633455917109, 63.08806013901228], [13.096275715665666, 63.088078351580144], [13.09370920470132, 63.087079171102516], [13.093220747886374, 63.08672471842667], [13.088946954214526, 63.08724694859596], [13.088060746862375, 63.088649532940224], [13.090170133942115, 63.08911088994791], [13.093240723930817, 63.08920984976093], [13.093745569008954, 63.09098917568461], [13.093858813732808, 63.0931427620429], [13.094378585312231, 63.09416174461843], [13.095144521073028, 63.09418860601919], [13.098241803259354, 63.09378292444505], [13.102810901286732, 63.09266799393572], [13.10325778100267, 63.09244790911508], [13.102790704872666, 63.09205810618], [13.102971582261992, 63.091795476691004], [13.1034294934709, 63.091589564651116], [13.103719641372201, 63.09144501804673], [13.103827626672924, 63.091223820163904], [13.10402910333804, 63.09100387296031], [13.104364282301626, 63.09090113507272], [13.10499469219548, 63.09111796197952], [13.10599205643533, 63.09110119443318], [13.106717129984261, 63.0911861330049], [13.107315985575731, 63.09130792060852], [13.107667626364323, 63.091379430911076], [13.108225833078723, 63.09147718434142], [13.108715725457445, 63.091604124646764], [13.109604771288046, 63.09172133789839], [13.110336704551745, 63.091700998049966], [13.110943721248955, 63.0915585875761], [13.111521452464684, 63.09135558383801], [13.112269953623336, 63.09107960124484], [13.112949157689442, 63.09084784273358], [13.113541526226323, 63.09093098012595], [13.114174871255118, 63.09089425846692], [13.114780876674743, 63.09076686922018], [13.11502871714431, 63.09052936227594], [13.115347778747992, 63.09021755085636], [13.11572637850551, 63.090011882249925], [13.116256271604474, 63.09003397641923], [13.116923746960744, 63.08998264647565], [13.11748487401374, 63.09003525169808], [13.118101264775836, 63.090036673977586], [13.118524119090393, 63.089883500299564], [13.118939758961634, 63.089618113846576], [13.119227534077321, 63.08927577826416], [13.11965788169001, 63.08929653959774], [13.120158469464037, 63.08925803010855], [13.121038097528485, 63.089056419744786], [13.121284409361008, 63.08879135467973], [13.121693216950806, 63.08863122160774], [13.122006366061525, 63.08840961857376], [13.122027305653235, 63.08809465718158], [13.12281680393232, 63.087624943321174], [13.123681599675974, 63.087110408366165], [13.123113594762673, 63.08706012876522], [13.12297105259593, 63.08705190590384], [13.122794396763911, 63.0870281865426]], [[13.086273834316884, 63.10390984393388], [13.07706466224368, 63.106587515387766], [13.06667043447758, 63.11208601673467], [13.068837803121887, 63.1152694782123], [13.071282457280347, 63.11711978432202], [13.072061144042852, 63.11837400526898], [13.073546296304857, 63.12217016791308], [13.079136676751514, 63.12550626898212], [13.07641537567592, 63.13310908098631], [13.073875390301582, 63.136398047925674], [13.07767479755459, 63.13828765124096], [13.096057157409017, 63.13949404093231], [13.108959597316458, 63.136562724325294], [13.115267449923177, 63.13418183584014], [13.111097811775464, 63.131122193836745], [13.149305104016209, 63.12259378947085], [13.145988624087826, 63.11835719222192], [13.155739189780778, 63.11363462139825], [13.152956410458422, 63.10729503224146], [13.149569160331396, 63.10444827141863], [13.15042322307452, 63.09886842041472], [13.147509536222355, 63.097177809401344], [13.14623927063043, 63.094449978078124], [13.138068562013162, 63.09230661106744], [13.139997179280902, 63.0922497555769], [13.142514161021056, 63.092459179860846], [13.14479743283474, 63.09257729361773], [13.144815458217975, 63.0920330423238], [13.144824385912633, 63.09191948043712], [13.14375393865569, 63.09156620416836], [13.143046436885966, 63.09115660832084], [13.142451706059045, 63.09085705094016], [13.141756168106665, 63.09049510115818], [13.141003648186835, 63.09032238742749], [13.140323533535305, 63.08995384795412], [13.139818171907637, 63.089662236294124], [13.13921981468686, 63.089186200949996], [13.13907239122126, 63.08896354189811], [13.141293064596809, 63.08861277946008], [13.13986793793001, 63.08801799900889], [13.13936513259896, 63.08832283682452], [13.138957690718767, 63.08839497025182], [13.138737388584438, 63.088533477334295], [13.1385908908394, 63.08862558125937], [13.13761646877811, 63.08850697199286], [13.136474021326515, 63.088580162387125], [13.135162253077185, 63.088725752281256], [13.133899875380939, 63.08903482675308], [13.13307108776097, 63.08911890447988], [13.132453630845271, 63.0890812692003], [13.131273902142217, 63.08921838150272], [13.131288891445873, 63.08937678299589], [13.13123096352342, 63.08939739753512], [13.131219616622682, 63.08942717873093], [13.131209401544153, 63.0894883304785], [13.131198148011038, 63.08951668719927], [13.131160933263054, 63.08955752842868], [13.13115245504254, 63.089591622767124], [13.131153495381177, 63.08962441781845], [13.131157494016556, 63.08966010149399], [13.131123513425203, 63.08969956145428], [13.131052285025133, 63.089731402579126], [13.1310316954102, 63.08975821136108], [13.130986243413599, 63.08978041604111], [13.130977582058422, 63.089817358467286], [13.130980174572517, 63.089825944192555], [13.130952752109232, 63.089861213489534], [13.13094814809333, 63.08988395686451], [13.13093643497408, 63.08991943423414], [13.130873170083639, 63.08997418529199], [13.130802123614771, 63.090003178186876], [13.130700296001072, 63.0900217887069], [13.130648099872623, 63.09005103105824], [13.130591789041866, 63.09009542154694], [13.130547332833583, 63.09013474230087], [13.130498200544304, 63.09018160302301], [13.130420350660959, 63.09021858258888], [13.130402006651744, 63.09024304533402], [13.13033635916664, 63.090285886853486], [13.130164143324109, 63.09035582838335], [13.13007213834081, 63.09041732574828], [13.129980742827755, 63.09046932968985], [13.129854611467156, 63.09053987803289], [13.129808933683123, 63.090598186166076], [13.129736898546687, 63.09062621563179], [13.129675549350777, 63.09065106063596], [13.1296506251845, 63.09069633991342], [13.129610448488084, 63.09073429206154], [13.129580797325257, 63.09075527913701], [13.129550961074363, 63.09077911517447], [13.129440374786922, 63.090836091598376], [13.129360173698512, 63.090860687653375], [13.129301600807649, 63.09089127017347], [13.129258646325479, 63.09092348363884], [13.129198974937017, 63.09097115469658], [13.129128107359037, 63.09099729953481], [13.129082285858624, 63.091025199782344], [13.12900726801818, 63.09106696714799], [13.128941952194374, 63.09110458724107], [13.128886613153293, 63.09113378658545], [13.128804944125008, 63.091181167064086], [13.128718302595633, 63.091256987874914], [13.128672205673402, 63.09128915968144], [13.128616497764805, 63.091324055979925], [13.128521986100353, 63.091375542048], [13.128474698473466, 63.09142622685757], [13.12846612494061, 63.091461745510344], [13.128394980847528, 63.091492161668484], [13.128327710416562, 63.09151122689407], [13.128329297006827, 63.09153547766164], [13.128302602242217, 63.091559354040875], [13.128272855712906, 63.09158176530428], [13.128255405472625, 63.09160861517466], [13.128238411107645, 63.09162834433067], [13.128202656628266, 63.09164640001517], [13.128154514097247, 63.09166144246226], [13.12811616566275, 63.0916709132229], [13.128061372216987, 63.09169156792613], [13.128025892268505, 63.09170535187178], [13.127929883549928, 63.09173116406383], [13.127862612263161, 63.09175022906513], [13.127791100457996, 63.09178634110298], [13.127779384729047, 63.09182181731601], [13.127755647308378, 63.09184858407651], [13.127707231425353, 63.091867898088054], [13.127687644819336, 63.09187904139547], [13.12764560304371, 63.091897014784095], [13.127612805976481, 63.09191795991009], [13.127577048715924, 63.09193601630443], [13.12754443476902, 63.09195411332041], [13.12746819479179, 63.09196593381402], [13.1274074841381, 63.09198080906607], [13.127362850413038, 63.09199019658435], [13.127317758597487, 63.09200670387321], [13.127279226255368, 63.092019021600784], [13.127212503619981, 63.09202954200947], [13.127167411658636, 63.09204604924994], [13.127125554556505, 63.09206117441513], [13.12710523456722, 63.092083710012396], [13.127040370207448, 63.09211420850104], [13.127003606384951, 63.09214792883612], [13.126973583315383, 63.09217461240723], [13.12693709428, 63.0922040601368], [13.126897645062606, 63.0922306191188], [13.12685505249891, 63.09225713564918], [13.12679711564393, 63.092277749235116], [13.126721149494438, 63.09228529673548], [13.12667355708642, 63.09229179352457], [13.126548346548187, 63.092331471404115], [13.126467311944111, 63.09236888263075], [13.126421944073739, 63.09238966131918], [13.126385820813338, 63.09241341361688], [13.126368824706166, 63.092433142540685], [13.126360798347699, 63.09246011587978], [13.126352588581637, 63.09248993820685], [13.126265270580094, 63.09252726536094], [13.126222310251597, 63.092559478776415], [13.126185911617558, 63.092587502709755], [13.126116161843337, 63.09264501654889], [13.126053796820337, 63.09268552400595], [13.125973129318826, 63.09271723878705], [13.125910672222606, 63.0927591706735], [13.125866350557631, 63.09277353118626], [13.12575644445565, 63.09280986625119], [13.1257314226103, 63.09285656842208], [13.126146044744909, 63.09292583141645], [13.131687121941303, 63.092954682955096], [13.137077204795167, 63.09239849694956], [13.135730210652628, 63.09285400095313], [13.110287499947923, 63.10145267127298], [13.10200230966536, 63.10299106765792], [13.086273834316884, 63.10390984393388]]], [[[12.89752468745663, 63.14421550030119], [12.896624232227722, 63.14168051834822], [12.881590004620463, 63.138734843242155], [12.873777454682761, 63.138795055414214], [12.859790629970512, 63.13534188495854], [12.846803017739854, 63.13788423413104], [12.83254429910632, 63.1395977056987], [12.821866135949707, 63.139240863283796], [12.806466725887432, 63.142249359305474], [12.724991181836375, 63.131016358639805], [12.729260003961711, 63.127088849729], [12.747179081893078, 63.119985546838336], [12.761201735742187, 63.119477126831335], [12.780628623696188, 63.11129018264458], [12.788656106383073, 63.103152077205436], [12.79620659489726, 63.10071561698399], [12.806320321267062, 63.09489071822155], [12.808738358434432, 63.091492596233884], [12.804855107960918, 63.08042501356408], [12.796823170699735, 63.071819937718686], [12.7942913699075, 63.0630764891437], [12.790619505633371, 63.04128800243744], [12.782543869315095, 63.03769104032269], [12.749971972349671, 63.02719753649619], [12.742771021985535, 63.02487562369331], [12.755260097060743, 63.01721000969378], [12.735004102065862, 63.00679454869702], [12.728491115894906, 62.99946866719514], [12.709102706754253, 62.99606935946834], [12.690227072057606, 62.99206217004722], [12.68588744855498, 62.99032447080101], [12.681198203264572, 62.98873145258193], [12.672816431856724, 62.9855388809299], [12.669667438267343, 62.983826555623466], [12.660379475143635, 62.98010356580838], [12.652412494164947, 62.97690884289184], [12.651060689933608, 62.97506090186934], [12.648785316747665, 62.97194987652719], [12.649602462470634, 62.97204662895425], [12.650978950194565, 62.972213776785864], [12.652948333202952, 62.97245289804847], [12.655527990309407, 62.9727660681048], [12.655922021758322, 62.97281389829298], [12.65988961953918, 62.97329544452909], [12.66042678382497, 62.97335903685413], [12.660847957339065, 62.97335817189211], [12.664158603628536, 62.97335137617598], [12.66451172238626, 62.97335065015404], [12.667233863274237, 62.97334499833896], [12.669457086388158, 62.973340340430404], [12.67678805168556, 62.97332474011506], [12.677361024076845, 62.97332350254419], [12.706076777721568, 62.973258620161694], [12.707695409295656, 62.97325478472261], [12.74092974020833, 62.97317202425241], [12.755399988970076, 62.97313354714499], [12.756502844835698, 62.97313055601674], [12.758290068940202, 62.9731256843639], [12.762357770583408, 62.973111914629605], [12.762945789766798, 62.97310992181355], [12.771390017423261, 62.973080949094836], [12.771580057836056, 62.97338513874137], [12.771675305546195, 62.97353759486085], [12.775351776393535, 62.978362241608046], [12.789986078723516, 62.997550376964], [12.79666606286007, 63.00096176093364], [12.79545124081142, 63.01375142772795], [12.762523065309175, 63.01488899581788], [12.76782331543233, 63.01819187240257], [12.775417924210037, 63.029099892960936], [12.795710761343, 63.03576023269065], [12.809582885331386, 63.03346880130703], [12.812212349264046, 63.05549091510064], [12.827062424023902, 63.06880449765954], [12.834562340251692, 63.08417006033256], [12.829120381234107, 63.09382598568009], [12.819925559052782, 63.099184895312426], [12.826217537266825, 63.11025889955884], [12.841151082477907, 63.10997054102698], [12.846202034243792, 63.112690693630114], [12.866272669051922, 63.11558194312052], [12.86870772484586, 63.12212166800756], [12.87620420455611, 63.12751213859427], [12.893593077312596, 63.129208714302344], [12.902529700704951, 63.132235549146515], [12.904153646154978, 63.1342937797446], [12.904671163195971, 63.13494963070505], [12.905132091946177, 63.13553373942375], [12.90662966774149, 63.13561025663635], [12.9084772692006, 63.1358357223209], [12.908776395960611, 63.13633372756184], [12.907151965097196, 63.13734066785372], [12.907141134878447, 63.13800617914448], [12.90950899128906, 63.13871866436954], [12.912410591504097, 63.140364978389194], [12.913928422309816, 63.14054860951166], [12.915579566387013, 63.14045434054064], [12.915785792674034, 63.14041194523406], [12.916019336114223, 63.14033059934847], [12.91635807433406, 63.14029467639195], [12.916592781018998, 63.14029335513709], [12.916783279189424, 63.14033924945647], [12.916938588218864, 63.140390454044976], [12.916676895151438, 63.14074441620533], [12.91653524163346, 63.140936011412926], [12.915508054785503, 63.14232525786978], [12.912407999345861, 63.14211149591116], [12.910342014583867, 63.142773018799595], [12.904750089025656, 63.1434025018143], [12.901190206018125, 63.143803109417625], [12.89752468745663, 63.14421550030119]], [[12.778549447068498, 63.03257500383479], [12.779377300853497, 63.03289294992117], [12.780116772361389, 63.033176231001626], [12.781389592749523, 63.033493699545886], [12.782705297628594, 63.03381944896677], [12.787218603504472, 63.035112537065096], [12.789840518030347, 63.03614063978887], [12.790900290793264, 63.03655443465128], [12.790918296191032, 63.03655146258193], [12.789826607864962, 63.036125684115014], [12.787205336198364, 63.03509898473245], [12.785992306069103, 63.03462733540408], [12.784008898153603, 63.034133138309365], [12.781378570258806, 63.03348278579164], [12.780106284043988, 63.0331658669678], [12.779367000660038, 63.03288297668237], [12.77849474120014, 63.03254835213801], [12.778549447068498, 63.03257500383479]]], [[[12.913092072339662, 63.2377444789103], [12.913047468739675, 63.237798981393105], [12.91302695206784, 63.237824051899], [12.912931944191861, 63.23785614787948], [12.912863685426514, 63.23788033742347], [12.912673911918679, 63.23794758805868], [12.912568603271874, 63.238010959283336], [12.91255819486314, 63.23801722439525], [12.912536814117257, 63.23803009111687], [12.912282082540823, 63.238191898853216], [12.91204942829454, 63.238306031016045], [12.91187118313893, 63.23840789774781], [12.911803827643034, 63.238465960778726], [12.911787370517368, 63.23853889417936], [12.911828711992552, 63.23865303450505], [12.911896300013357, 63.23874358113608], [12.911904388816357, 63.23875441753494], [12.911907799890516, 63.238757092925816], [12.911987838657442, 63.23881985685573], [12.912112579261542, 63.23895024226578], [12.912148743944382, 63.238994615189156], [12.912190606346213, 63.239025990015975], [12.91230571520795, 63.2391472104567], [12.912341975300349, 63.23918475206805], [12.912560453704932, 63.23943897071894], [12.912762897039995, 63.23976170314698], [12.908396059079614, 63.23856435285836], [12.906182449063563, 63.236610420348875], [12.884823209061368, 63.232718342733094], [12.87906308602872, 63.22219256754956], [12.891919838894808, 63.2131155103961], [12.892579010448413, 63.20763949736737], [12.91600958949133, 63.196607506791054], [12.931750290464572, 63.195203976603956], [12.923172147807852, 63.17428484943984], [12.923197669784514, 63.17428114819564], [12.923285070901228, 63.17424639174372], [12.92338197320715, 63.17420785772314], [12.92364614385656, 63.17419455326736], [12.923717646250692, 63.17423874061216], [12.92483841981663, 63.17439804872541], [12.926488858484095, 63.17454726329117], [12.926807583250334, 63.174568878681114], [12.927742585657978, 63.17463228389568], [12.928811471035893, 63.17468996962933], [12.92901548062063, 63.17470097873087], [12.930119263700822, 63.174709036296335], [12.930699280099343, 63.17471326694674], [12.931796626799473, 63.17462756085266], [12.933880722372372, 63.174529332495716], [12.934748342684212, 63.1744582454391], [12.934868570865094, 63.174426195924084], [12.936817831693062, 63.17380876843904], [12.9414464417226, 63.17187367014664], [12.94169687040579, 63.17176695256665], [12.943169566451537, 63.17113075936953], [12.943865231077808, 63.1708411495644], [12.944167425305565, 63.17072998955091], [12.944284606733634, 63.17068690662664], [12.944293739606989, 63.17068308740281], [12.944299910950157, 63.17068127958546], [12.944336663012837, 63.17066776745585], [12.944615452502418, 63.170572294321644], [12.945922265362412, 63.17018268203817], [12.94626228713394, 63.170076590043756], [12.947804895580498, 63.16963389630215], [12.949861254888143, 63.16904906803973], [12.950031907112315, 63.16900052504041], [12.9524040657254, 63.168297941862555], [12.95458420413389, 63.16766014417541], [12.956212756952644, 63.167175188867034], [12.957012908392441, 63.166943728741884], [12.958748939282328, 63.16643727977564], [12.959942398539079, 63.16608369395358], [12.960523258569907, 63.16592072070977], [12.960750345303238, 63.16584577919298], [12.960789474412865, 63.16583286541911], [12.960936831696715, 63.165747836904586], [12.960946107921618, 63.16574698248965], [12.960955384145999, 63.16574612807417], [12.961293045610477, 63.165556746110255], [12.962103567121824, 63.1650729154113], [12.962719995442441, 63.16471294533325], [12.963243820998036, 63.16435938377621], [12.963336549143177, 63.16428707819607], [12.963592307769884, 63.1641329219556], [12.963773405075212, 63.16391294118179], [12.964147777074524, 63.16352943493405], [12.964800020985848, 63.16269990412499], [12.965391702212823, 63.161963165725695], [12.965555971061603, 63.16174745609614], [12.965750043777053, 63.16149260719481], [12.96594411100203, 63.16123775887562], [12.966321651800397, 63.160771395901044], [12.992438382448956, 63.162986258605216], [12.992454800903948, 63.162984910569165], [12.992471199516505, 63.16298356225069], [12.992929939304096, 63.16302510829008], [12.994885673943184, 63.16319055005096], [13.00939996645474, 63.16749889322959], [13.013187405502437, 63.16859072009245], [13.019002667761209, 63.170347792706984], [13.025173769682665, 63.17217798041035], [13.025759333363775, 63.17235161747744], [13.041833712330641, 63.17711640835181], [13.044785195621907, 63.17799092463423], [13.03695309317024, 63.181406604215084], [13.029365275013223, 63.177800018318614], [13.016235667292959, 63.17445645623362], [12.987933267859201, 63.18829642588532], [12.9814815194319, 63.19144749979578], [12.96718850579523, 63.19593031811353], [12.933452293309646, 63.20385490497476], [12.928591450010574, 63.203085071938034], [12.920707687576925, 63.205560604276855], [12.913432097832834, 63.21778520095797], [12.897845940710024, 63.22246778162636], [12.889078272002228, 63.224230945778615], [12.891787729643843, 63.22939351756841], [12.910397512215443, 63.23323153019906], [12.915455419277155, 63.23741278457656], [12.915389630168656, 63.237441016805874], [12.915129254538003, 63.23755275254067], [12.914987873213073, 63.23757879205058], [12.914654418042339, 63.23758026981926], [12.914280590126408, 63.2375313689653], [12.91421615105834, 63.23752192056039], [12.914116339888617, 63.237507286412814], [12.913920135822536, 63.23749611306193], [12.913647858397937, 63.23750108041274], [12.913438078587436, 63.23754394652581], [12.913194780127702, 63.23764126019428], [12.913092072339662, 63.2377444789103]]], [[[12.42765328255485, 63.21298886543513], [12.429443953872639, 63.21494176000949], [12.436206873457586, 63.216742375737034], [12.443975230706554, 63.22369826037942], [12.449074984530276, 63.228997302316635], [12.44999795549952, 63.23660088360473], [12.443211630069058, 63.236105301946026], [12.443824156823375, 63.23510995936794], [12.44403217564323, 63.2347719737629], [12.444177448062835, 63.23453593425369], [12.444261106987815, 63.23447968640947], [12.444979598484887, 63.23399659686878], [12.4455430867872, 63.23345153146731], [12.445517438094504, 63.23282930217661], [12.445112273423618, 63.2320448594758], [12.444882616544733, 63.231796127668815], [12.444387438191299, 63.23143292024379], [12.444069179858298, 63.231056221927034], [12.444037872167772, 63.231019165018786], [12.444135550463155, 63.230923081296375], [12.44446703049503, 63.23059700961123], [12.444737976961147, 63.22982873801599], [12.445165868347015, 63.22891678154481], [12.445011522643949, 63.22873109649357], [12.44481435995974, 63.22849389590646], [12.444080610441775, 63.22716824890457], [12.444038407534075, 63.22709199818876], [12.44299284546925, 63.226419548354905], [12.442070818723568, 63.225672360456166], [12.441644619097584, 63.22523148131215], [12.441369549148073, 63.22436222941287], [12.440761168031448, 63.22383091601843], [12.44062421284574, 63.22371130580822], [12.440487256796478, 63.22359169543369], [12.440453313786719, 63.22351798449279], [12.440275289431519, 63.22313137324226], [12.439843932522793, 63.22298031572414], [12.43956153322431, 63.22290307290773], [12.438584117468928, 63.22257333631592], [12.437763602221146, 63.222265369189344], [12.437449041999662, 63.22208806175284], [12.437078113585839, 63.221878978779884], [12.436979043088712, 63.22182313369642], [12.436671501623117, 63.22105901016706], [12.436724767872128, 63.22064375423308], [12.436755105236307, 63.22040724446892], [12.436769735455012, 63.2202931786344], [12.436700917393226, 63.22026117287017], [12.436299495382382, 63.220023345572976], [12.436040680532061, 63.21979116416801], [12.435897126270925, 63.219659571254475], [12.43543912424565, 63.219284932442406], [12.434968235353764, 63.218901572108805], [12.434723749621213, 63.21870252632977], [12.433887543707677, 63.21812000936617], [12.433110890340298, 63.217758498647136], [12.433059332064717, 63.21773449882739], [12.432815534708531, 63.21762101327844], [12.432477971282273, 63.21748457889688], [12.431895661647912, 63.217284936536764], [12.43073018727507, 63.21684914341194], [12.43031999467089, 63.21676928367343], [12.429909804351656, 63.21668942276103], [12.429042717387569, 63.2164913189989], [12.428595187951695, 63.21638906873543], [12.427269358565331, 63.216129853892866], [12.426353573431374, 63.21582174541861], [12.426168935466801, 63.21575962451542], [12.425175189273409, 63.21527642357067], [12.425149404782527, 63.215250797890135], [12.42440721402742, 63.214513157764834], [12.424224114344169, 63.21414056556167], [12.424150348437394, 63.21399047733206], [12.424029256878809, 63.21263332310049], [12.424096751359958, 63.21265001784582], [12.424007004096941, 63.21238390933814], [12.424001007424902, 63.21231670625343], [12.42389051597221, 63.21213976435891], [12.423529215786603, 63.211561163978736], [12.423430088498003, 63.21145848098952], [12.42282765796644, 63.21138528775246], [12.42241272948709, 63.21128372901179], [12.420971388286647, 63.21067240733987], [12.419655135895656, 63.21051453593062], [12.41711422300918, 63.21040071934664], [12.417038722950636, 63.21039733642761], [12.416918331445608, 63.21038216254101], [12.416882866911813, 63.21037769226974], [12.416879179639317, 63.21037845324532], [12.416874069336851, 63.21037950805896], [12.416865271760777, 63.210381323847706], [12.416587941396049, 63.21035086360597], [12.415110836209212, 63.210188620003095], [12.413068549013802, 63.21010322460253], [12.411328185293815, 63.21002919626092], [12.411105750945628, 63.210019732709796], [12.40967486670328, 63.2094896212946], [12.409222010258445, 63.20922494953541], [12.408259831139963, 63.208662583970614], [12.407475893875564, 63.20772467833475], [12.407284798910537, 63.20682815508544], [12.406862690848314, 63.20536748267542], [12.406795305001559, 63.205145059124334], [12.40643891394556, 63.20396865417958], [12.406406279363646, 63.20386092938104], [12.406265836992455, 63.20376516630857], [12.40597198901248, 63.20356477638868], [12.405283091051713, 63.203094970622345], [12.403558347272972, 63.202692811800205], [12.403330129610199, 63.20263271157336], [12.402013516939878, 63.20228597341198], [12.4009996522643, 63.2016744124021], [12.400861979422482, 63.20159136573994], [12.400506819380656, 63.200735895356146], [12.40050737685073, 63.20073391726974], [12.400715775980316, 63.19999322203987], [12.399896231828562, 63.199189539008664], [12.399730267076029, 63.19904939147925], [12.399465418726148, 63.19882573796798], [12.398996202825327, 63.19839290856837], [12.399138344428158, 63.1973783318319], [12.398336220535066, 63.19643091819143], [12.397272738213813, 63.19550417978223], [12.395389318265323, 63.194440382464194], [12.39374326064569, 63.193391339728635], [12.392526717251279, 63.1925412889327], [12.391882142109429, 63.19211296495556], [12.391508063640439, 63.19193601943322], [12.390981029311694, 63.19168671982781], [12.390454002060954, 63.19143741826566], [12.389274393078134, 63.190156423572745], [12.389014731137012, 63.189843883691815], [12.388266006297444, 63.188942642441006], [12.388367968149053, 63.187801855399705], [12.388365209198577, 63.18766939770209], [12.388257219413397, 63.187369691360225], [12.387782964341628, 63.186183088023675], [12.387698884150169, 63.18582229572985], [12.387533811715176, 63.18511393769418], [12.38707313795612, 63.18414773704198], [12.385760443696148, 63.18281842030007], [12.384765773586874, 63.18165900434928], [12.384616471629936, 63.180923393600615], [12.384528723522504, 63.18049104890565], [12.384383843206095, 63.17981013822827], [12.384312908760878, 63.17947674681924], [12.383190622407282, 63.17838628119292], [12.382169855157857, 63.17728026368426], [12.382361446297024, 63.17651915926765], [12.382378731782604, 63.17571776034395], [12.382319620867667, 63.17472530917931], [12.381996164023969, 63.17419907827696], [12.381920456566178, 63.174075906853716], [12.38181600050097, 63.17399139307827], [12.381629136008073, 63.173840202362534], [12.380887145645847, 63.17323984561655], [12.380450677929206, 63.17258436716846], [12.380179767967846, 63.172177506759404], [12.380048306941456, 63.17189904680217], [12.380034538187129, 63.171869881367805], [12.379831238810162, 63.171439243252195], [12.380045788824148, 63.17080932197939], [12.380047305844828, 63.17080486953823], [12.380058779143381, 63.170795479181365], [12.380709966086192, 63.17026248039165], [12.381344552869407, 63.169458144555534], [12.381267285445663, 63.16878056775445], [12.380303752130965, 63.16802728536669], [12.379707688314737, 63.16764243657454], [12.379491623465455, 63.16750293215869], [12.37821362967816, 63.167013739374475], [12.378008252663571, 63.16693512201733], [12.376280599747108, 63.16657755291232], [12.375853685219036, 63.16650845658386], [12.375385371351092, 63.16646068680545], [12.375290341636584, 63.166431332161025], [12.375194745809429, 63.16640180263625], [12.374641295227375, 63.16631222003254], [12.374313803032651, 63.16612967299087], [12.374268266433797, 63.166115605760034], [12.374222868493096, 63.16607898345382], [12.373914385269874, 63.16590702858791], [12.37389475059354, 63.16581429383516], [12.373787829683824, 63.16530932311677], [12.37374347964449, 63.164790209574086], [12.37371378578288, 63.16444262124082], [12.373941638550752, 63.16354727062683], [12.37439710159771, 63.162807011782284], [12.375078548149308, 63.161881363805975], [12.375163907806034, 63.16150505412888], [12.37532863899586, 63.16138961772107], [12.37551173557448, 63.16126131198057], [12.375523497023204, 63.16126028204872], [12.375758911472625, 63.16123967316781], [12.375994325677475, 63.16121906299829], [12.37650760088426, 63.16129386498547], [12.377108647037371, 63.16138145543731], [12.378324079765314, 63.161366138564254], [12.378358437959141, 63.16135700674302], [12.37957385977795, 63.16103396981284], [12.379845152503052, 63.16096186243526], [12.380890061573442, 63.160511668392665], [12.381230331560799, 63.16036505990217], [12.382101319941539, 63.159413338962075], [12.382199755360286, 63.159146149600105], [12.382515174198765, 63.15828994217073], [12.382515779904008, 63.15828829192456], [12.382339053619901, 63.157446124368406], [12.382034665835452, 63.15667290767964], [12.382052150956032, 63.15593624137109], [12.382054112871371, 63.155853540739415], [12.382417813471488, 63.15531287084384], [12.383087936360862, 63.15486975897511], [12.384272876581916, 63.15461039468086], [12.385399395844509, 63.15434058658867], [12.386198872023582, 63.15413722447233], [12.386692108240029, 63.15401175643465], [12.386887631456801, 63.15391853872749], [12.387254643749657, 63.15374356115823], [12.38745874528243, 63.15364625192321], [12.387662843463433, 63.153548942350504], [12.388140306663978, 63.15321822801958], [12.388446208914186, 63.1524959523516], [12.388478785634904, 63.151730963456735], [12.388425568160248, 63.151017937938974], [12.388645610426357, 63.150347615231574], [12.38875501325426, 63.149440359199026], [12.389034246035527, 63.14927126480764], [12.389312769986645, 63.149102596915945], [12.390146959477967, 63.149276091690226], [12.390430362413163, 63.149322523391014], [12.3911805298458, 63.14944542530137], [12.39207926508831, 63.14941325391757], [12.392381182670704, 63.14939412410024], [12.393083412880644, 63.149349628253184], [12.393722465358968, 63.149309132348776], [12.394828860070989, 63.14903875785607], [12.394962369602066, 63.148943872978734], [12.395361527605496, 63.14866018305735], [12.395502963289584, 63.14855966151249], [12.395789522466137, 63.14766572199447], [12.395863344671184, 63.1467215556742], [12.395701061577052, 63.145501509403616], [12.395664978940369, 63.14523022592406], [12.395707213691933, 63.14518300712453], [12.39573252810189, 63.145154704271725], [12.396193366620317, 63.144639473097435], [12.396860981978616, 63.14433440783309], [12.398060673505976, 63.14378618959842], [12.398066261029049, 63.14377966440498], [12.399768953803157, 63.142698871106624], [12.401108935481723, 63.14142592091961], [12.400904226918025, 63.14101534158088], [12.40113399353796, 63.140676897312034], [12.401618789067703, 63.13989386220184], [12.40170766043542, 63.13972032847525], [12.401980257170111, 63.13918802714756], [12.402506147280633, 63.13863712653896], [12.402619041077303, 63.13817917665414], [12.402468709474501, 63.13695059577328], [12.402322273328338, 63.13681540037674], [12.402420795902925, 63.13655901320048], [12.402521954822117, 63.13629576369985], [12.402524639847373, 63.13628877659103], [12.40267089924672, 63.13617487178315], [12.403489391409513, 63.1355374251162], [12.404567606883273, 63.134833864022184], [12.404717089509782, 63.134767132803184], [12.406079619997787, 63.13415885777909], [12.406745225053715, 63.1335804046923], [12.40670167703032, 63.13300639118171], [12.406683598944804, 63.13276809112676], [12.406980830857677, 63.13194647018041], [12.407484786906242, 63.131224486225165], [12.407580647873848, 63.13108714765518], [12.407961845228446, 63.13039367673226], [12.408511210379396, 63.12962321639857], [12.408725241540058, 63.12899777013878], [12.411365326345402, 63.12802573253567], [12.412751493038806, 63.12740165483441], [12.414148818540292, 63.12684991742011], [12.415066271557533, 63.12632257651687], [12.415457863759473, 63.12587259624938], [12.415921153655818, 63.12548741391504], [12.416655958454324, 63.124991678359216], [12.416747192302969, 63.12422811896365], [12.417112457366825, 63.12383154724925], [12.418272805465469, 63.12359835910528], [12.419345825765292, 63.1235972813042], [12.419831633542614, 63.12347312233597], [12.420039574630502, 63.12341997754441], [12.42024751298213, 63.123366832408074], [12.420408601593811, 63.123263425719834], [12.42072087764146, 63.123062966850966], [12.420968850008151, 63.122483367057306], [12.420897713014071, 63.12191407393627], [12.42095132623854, 63.12113158947998], [12.421438618332012, 63.12037760288452], [12.422196214107892, 63.11985537717793], [12.42314437029164, 63.11940080388762], [12.424003621840386, 63.11902516445089], [12.424588214437486, 63.1187870247843], [12.424593836121796, 63.118777662354724], [12.424674508190284, 63.11874820247549], [12.424657308298022, 63.11867197252635], [12.425009515516098, 63.118085487235724], [12.424866029933714, 63.117289229754796], [12.424308768570468, 63.1167982998864], [12.423532036795969, 63.11614890555975], [12.42319449023125, 63.11592301871505], [12.422777852904376, 63.11564419719876], [12.4222581182545, 63.11483884130245], [12.422255131897188, 63.11474441261005], [12.42224232544763, 63.114339507143846], [12.422237311571847, 63.1141806764557], [12.422075154282563, 63.11370828945853], [12.421564050378866, 63.1131644110797], [12.421382648186224, 63.11252037859197], [12.420965749500724, 63.11218597544161], [12.419959556452946, 63.11196344871671], [12.418995639702395, 63.11188607330636], [12.417759782724024, 63.112090405389516], [12.416934499875554, 63.11201637643306], [12.416596742812382, 63.11186898363517], [12.416557980833865, 63.11185206824433], [12.416519217000332, 63.1118351519104], [12.416203608665073, 63.111151835875155], [12.416405515205694, 63.11062518820297], [12.416868150440179, 63.109744492443724], [12.417261934443026, 63.10947226284583], [12.41879449433002, 63.10841272021672], [12.42036963602221, 63.10702740275329], [12.42108949821972, 63.10581958219121], [12.421754156317736, 63.10490772232602], [12.422084917008993, 63.10413192157586], [12.421641947251475, 63.10318427620927], [12.420749625580665, 63.10167621193694], [12.419933585891119, 63.10112009653298], [12.419776482988409, 63.10101303061704], [12.419789579602785, 63.10097893288849], [12.419833743822066, 63.10086394465172], [12.419877905703144, 63.10074895636184], [12.419920466435002, 63.100638137310696], [12.420665224506777, 63.10038587976318], [12.420918704243133, 63.100313573078125], [12.421713325183099, 63.10008689799236], [12.42215098682956, 63.09974612821828], [12.422407805009323, 63.09925683487888], [12.422374167148014, 63.09896331687808], [12.422359146135634, 63.098832239587956], [12.42272134448911, 63.0982914374638], [12.422108822060057, 63.09760096382873], [12.421876956333124, 63.09726959468156], [12.421583015236763, 63.09684949764962], [12.421553657978727, 63.09626319925795], [12.421812231390895, 63.095584078900465], [12.421887500296142, 63.09543746810141], [12.422276952710156, 63.094857264537154], [12.422673241424945, 63.09471613385765], [12.42376931600962, 63.094325772467315], [12.424704502998717, 63.09407924842499], [12.42489632720761, 63.09402868102223], [12.42511386301847, 63.09382959019483], [12.425873195436193, 63.09317146580737], [12.42633133081077, 63.09281109587996], [12.426771994755656, 63.09211001615117], [12.426771563914594, 63.09210437844142], [12.426791209863351, 63.09207594371305], [12.426760886243724, 63.09196482308507], [12.426709851040806, 63.09129770445427], [12.426427625566518, 63.09071454273559], [12.426423101862518, 63.09070519715908], [12.426694730068249, 63.090090134035066], [12.42733108181215, 63.089411807609565], [12.428399944617075, 63.08826644070259], [12.428818080061294, 63.08785133180529], [12.429817375964069, 63.08685921513101], [12.430061963964617, 63.08640385941055], [12.430428837466593, 63.085720811562005], [12.431289523872698, 63.08520191651263], [12.432138633315542, 63.08468997858524], [12.434875129145302, 63.082864062676194], [12.434967385035154, 63.08279484218901], [12.436748013381012, 63.0814587355236], [12.437499434293354, 63.08081017348379], [12.438068665165064, 63.08057246902807], [12.438232796716175, 63.08050392875295], [12.438396925517612, 63.080435388247736], [12.438723268724303, 63.07985765750855], [12.438681311937124, 63.0797704015288], [12.43868328144164, 63.079765689165], [12.43865921259545, 63.07972444213599], [12.438420867783199, 63.079228755018654], [12.438243716263207, 63.0790123885729], [12.437849018608047, 63.07853031192175], [12.439890229403003, 63.07642182419584], [12.438569395520041, 63.07441803490614], [12.439729669971335, 63.07257224571866], [12.442837745676343, 63.07127075362031], [12.44509858252822, 63.06967106987991], [12.447697298829986, 63.06705920846678], [12.451008012627572, 63.06485610486494], [12.455792533003411, 63.06290569656608], [12.46153091130817, 63.0593676455954], [12.466287001152343, 63.05806951133943], [12.468759461794159, 63.06107375889736], [12.467766516955388, 63.06122826218198], [12.456024808932968, 63.07023459573483], [12.447169100656097, 63.078704232886786], [12.44741875487485, 63.08172549982568], [12.446681331306385, 63.09271140683756], [12.432989268648221, 63.11538610665933], [12.436518657742594, 63.12115139139822], [12.423917806379123, 63.12931203755687], [12.418031784237856, 63.129204998256476], [12.415095366749364, 63.13262601431005], [12.407082350439406, 63.1375873875652], [12.405058749417684, 63.141479529276815], [12.40081590984753, 63.14589326488205], [12.398160067261133, 63.151127476566444], [12.393175346739296, 63.15218962489124], [12.392645578669578, 63.154093968309645], [12.388494018952088, 63.15797555493246], [12.3858512116642, 63.16135521666774], [12.382356902459298, 63.1643372762883], [12.385498882195852, 63.16811406650495], [12.387378511255974, 63.170342773126784], [12.386802747595878, 63.17324190375347], [12.388198763766027, 63.17588987009066], [12.39157539126425, 63.17856670033966], [12.392739322880383, 63.18265826386814], [12.393078495341285, 63.18524982666293], [12.391591296416012, 63.18633052185903], [12.396638559229613, 63.192036989244585], [12.411204541443375, 63.200169928856766], [12.427516521407123, 63.21084429595423], [12.42765328255485, 63.21298886543513]]], [[[12.520033298313159, 63.23841065304448], [12.519912525102134, 63.23842891549296], [12.519555416261268, 63.23850592428232], [12.51934206846701, 63.23850875151811], [12.519239802754926, 63.23851779317493], [12.518634675629277, 63.23854054652878], [12.517668573495067, 63.238628179248366], [12.517546817841303, 63.23884146619995], [12.517604428189117, 63.238962090599884], [12.517620573715934, 63.238995898296885], [12.51769433036107, 63.239150330356054], [12.517477755815499, 63.23949692805267], [12.517383712710968, 63.239647429177765], [12.51712787543434, 63.23979528736023], [12.517067183047702, 63.23982248790077], [12.51696072572537, 63.239881364717675], [12.516928990655192, 63.23997625814065], [12.51687411255002, 63.24014034426604], [12.5170802919581, 63.24060053044801], [12.51714274663503, 63.24082048193078], [12.51712061150766, 63.24084825230051], [12.51708681729512, 63.24089064869991], [12.51695943249132, 63.241050456344816], [12.516658603433228, 63.2412599788756], [12.516141678800498, 63.24143797018811], [12.515719224790153, 63.241407163512136], [12.497582973861102, 63.24008467388786], [12.500489962550617, 63.237551294207755], [12.501032095521987, 63.23232749725544], [12.502377912556266, 63.23083055932901], [12.50343437569289, 63.22993769238524], [12.505484761899119, 63.22895788175251], [12.50878883186108, 63.22826687487225], [12.513909866740187, 63.22730628010811], [12.516295936503724, 63.2266334831634], [12.517172654513232, 63.22593806375597], [12.515873420664898, 63.22509488228322], [12.514331474338345, 63.224301245746744], [12.513123477930604, 63.2237257748961], [12.512273635778811, 63.22291803042911], [12.511449969333501, 63.22233541074549], [12.511498053047331, 63.2213252353033], [12.513079502328527, 63.21950114186959], [12.515144729889554, 63.216693624510306], [12.515679742241458, 63.214699828305775], [12.511312926074162, 63.213014347272754], [12.50608885892042, 63.21049713137438], [12.504451809208396, 63.20942196903088], [12.50578073895027, 63.20877155779563], [12.510265289814836, 63.2074530668057], [12.514850519706687, 63.206801935093196], [12.519678586636063, 63.20663169787869], [12.524437723399174, 63.207432198333215], [12.525235147291452, 63.208545788595806], [12.528649203696208, 63.21027421809348], [12.528465986643058, 63.21160737561615], [12.527013558861954, 63.212801070035084], [12.531704710175044, 63.21349209266119], [12.535789658774457, 63.214350721740814], [12.53962478759265, 63.21564698624124], [12.543240317257286, 63.217495913366406], [12.545439608076935, 63.21957249180679], [12.546481923705462, 63.22211244427039], [12.549681177096685, 63.22284014256636], [12.554086132414673, 63.22308412361899], [12.556925939378578, 63.2236583565602], [12.560141999511647, 63.223440373069536], [12.564648865209593, 63.22338314085921], [12.573164800757645, 63.22351530705794], [12.57646067711294, 63.22292087084079], [12.5820514484256, 63.222293358417744], [12.58430991923227, 63.22221518309871], [12.589670894663012, 63.222055375105136], [12.593577232569015, 63.22210075499182], [12.596345697045544, 63.222438826096386], [12.598505944953267, 63.222295537160676], [12.600617352138514, 63.22237422663271], [12.602759219215981, 63.222315668908806], [12.604215690957671, 63.222469340981675], [12.604621039706815, 63.22310455972502], [12.604444087599147, 63.22385908831882], [12.60451728384355, 63.22620171610124], [12.6042157731554, 63.226251460532914], [12.603724841640926, 63.226296133622384], [12.602791235829587, 63.226310835826936], [12.602385637505746, 63.22631753391129], [12.60106670642723, 63.22635354761692], [12.599821921606335, 63.22644502903818], [12.599210851451366, 63.22656047935057], [12.598318597373657, 63.22672904841116], [12.59755470815168, 63.22679437467379], [12.596434644891664, 63.22683440613225], [12.59560020661, 63.226808346335886], [12.594739599369982, 63.22684468785301], [12.594352585122959, 63.226821490449865], [12.594321521377019, 63.22681962781118], [12.594283962317814, 63.22681737689982], [12.594209754572914, 63.22677774839672], [12.593811161309413, 63.226564886385056], [12.593193701567523, 63.22636340178729], [12.593011723143245, 63.22621854973495], [12.592794185195073, 63.226045391217966], [12.591817320602274, 63.225849648646424], [12.590114648007798, 63.22578094024527], [12.58830560003125, 63.22628174466897], [12.587305526303153, 63.226264778382564], [12.585775818025121, 63.22593639552908], [12.58563056660889, 63.225905213768556], [12.585637724168338, 63.22589818743917], [12.585276603051877, 63.22582332857006], [12.585238886420923, 63.22582112734394], [12.584563377908733, 63.225781697645886], [12.583676595144217, 63.2256825438341], [12.582497857740211, 63.22551443101687], [12.582285998356578, 63.22551167276429], [12.582122765412887, 63.22550954805061], [12.58130371205671, 63.22549888150699], [12.5797090945144, 63.22550205293516], [12.578524850431998, 63.22558559660763], [12.577724986997268, 63.22559442603161], [12.57576920353313, 63.22560170692201], [12.574382578699177, 63.225747149099476], [12.572619849627403, 63.22576236938659], [12.571903174974372, 63.22563799726402], [12.571230297631558, 63.225472899132996], [12.570348486329845, 63.22544404652189], [12.569497895914296, 63.22538152076511], [12.569112762845007, 63.22544550889075], [12.568551360127444, 63.22547887781433], [12.566446987054151, 63.22539942209488], [12.565561194008158, 63.225291191466965], [12.564986300669254, 63.22526131294892], [12.563984652924136, 63.22531253635738], [12.563245190215248, 63.22538659669006], [12.562368344902636, 63.225333056295035], [12.561756149904989, 63.22525036582073], [12.560874310650336, 63.225131249542265], [12.560850770465864, 63.2251341637524], [12.56050091954545, 63.225177478756606], [12.560127527267108, 63.22522370698508], [12.559975644280085, 63.22523383753089], [12.559862261623492, 63.22523715565358], [12.559427677302937, 63.22525918812391], [12.559336887512313, 63.22526379072723], [12.558633050633237, 63.22541757450021], [12.558198144909795, 63.2256749683967], [12.558140888325616, 63.22570669864035], [12.558083612817184, 63.225738439313204], [12.558080872927752, 63.2257377636678], [12.557958135737334, 63.22580129292266], [12.557832658111844, 63.225864146418466], [12.557618991424402, 63.225981100717426], [12.556821182121533, 63.22637824889016], [12.5563172971789, 63.226623180598345], [12.55613269613326, 63.22671564231495], [12.556096324724797, 63.226735865680865], [12.555856660332172, 63.22689083493142], [12.55561708812193, 63.22704574253382], [12.555299001571619, 63.227358550345684], [12.555196154379482, 63.22745968753075], [12.554883133735695, 63.227791332449094], [12.55477157740395, 63.22790952409844], [12.554747146162693, 63.227945721104824], [12.554244995867856, 63.22883570063487], [12.554247910628991, 63.229237405306435], [12.554248162400663, 63.229272104203005], [12.554250406358877, 63.22927403305847], [12.554582514868308, 63.229559439514524], [12.554675225138874, 63.229634199014676], [12.555162139905288, 63.22994107077449], [12.555407673738875, 63.23009123170019], [12.555928424681236, 63.230409700577916], [12.555968870696447, 63.2304344356915], [12.556654441016907, 63.230943269477876], [12.557104924714855, 63.23121559205493], [12.557255249508746, 63.23130646330131], [12.557268411437454, 63.23131701441578], [12.557531637472858, 63.23152802004061], [12.557531578698736, 63.231528055848486], [12.557521147828776, 63.231535383834334], [12.557270590784873, 63.231711438351205], [12.557059084465934, 63.23186005013428], [12.55658682378266, 63.23219190690341], [12.55658668040238, 63.23219181284545], [12.556583110267246, 63.23218955054314], [12.556571818542993, 63.23218238547385], [12.55656612422942, 63.23218622349697], [12.556261825967365, 63.23199391213313], [12.556144475828907, 63.23187537121401], [12.556014169096972, 63.23174836400909], [12.555634033148722, 63.23137179776792], [12.555633996416018, 63.23137176121711], [12.554946340436427, 63.23107871726888], [12.55420019453924, 63.23057759737518], [12.55417844170339, 63.230573628594776], [12.553145557665346, 63.23038517378217], [12.55314354003295, 63.23038480591149], [12.552580206453001, 63.230436066645154], [12.552569004670062, 63.230439741474065], [12.552488433656464, 63.23046617342867], [12.552270835538978, 63.230537557104924], [12.552067971374823, 63.23076716423937], [12.551627376817772, 63.23098283622232], [12.551564232959954, 63.231017384707144], [12.55088010903674, 63.231391685885335], [12.550867260743544, 63.231398714945286], [12.55073769476454, 63.231424653230846], [12.550134684166009, 63.231545371925186], [12.54932619513006, 63.231654474238894], [12.548944275152504, 63.23188035384722], [12.54815842890982, 63.231962936258505], [12.547679814322818, 63.23215982864347], [12.547000429270552, 63.23237052472756], [12.546435205649265, 63.23243970686144], [12.545549296608389, 63.23233133348271], [12.544790059210463, 63.232153661656156], [12.54386805836151, 63.23200855529374], [12.5433927981699, 63.2320750990055], [12.542674410358162, 63.232188878718965], [12.542165004073976, 63.23228785012982], [12.541393354625678, 63.232436081053365], [12.541392905232934, 63.23243616757272], [12.541066951160413, 63.23249877991398], [12.540232451637024, 63.23275467355787], [12.539687835285337, 63.232989372836144], [12.539443236952284, 63.23309477927724], [12.53933149753297, 63.233103376599345], [12.538583626911198, 63.233193428204935], [12.538409016412187, 63.23318562134725], [12.538256067736697, 63.23317878193449], [12.537928506921746, 63.23316413487675], [12.537829595409768, 63.2331597122326], [12.537811961663808, 63.23316422105633], [12.537304731830085, 63.23329392987012], [12.5372768244786, 63.23330106604249], [12.536886365203088, 63.23352760196394], [12.536768097844064, 63.23359621647396], [12.536740830404232, 63.23359169602032], [12.536704489534046, 63.23358567140735], [12.536395657300528, 63.23353447551489], [12.535916809306169, 63.23334462315318], [12.535836706966986, 63.233154091039154], [12.535951244413184, 63.23303530559024], [12.535983233917252, 63.23300213128015], [12.536015221435385, 63.23296895603131], [12.535732129912693, 63.23300800743243], [12.535679912802859, 63.23302948054111], [12.535658128338545, 63.233038438565224], [12.535614497429126, 63.233056380469584], [12.53556217492253, 63.2330778966103], [12.535527619249832, 63.23309210655601], [12.535440740856128, 63.23312783258827], [12.535300167191073, 63.233331746002335], [12.53509294210157, 63.23340835403679], [12.534586417777128, 63.23348770255913], [12.534150689326639, 63.23365827645658], [12.534133987193428, 63.23366135342424], [12.53295537991285, 63.23384032750653], [12.532448857262994, 63.23400759746039], [12.532132002701054, 63.23409291605498], [12.531111086632249, 63.23452122956961], [12.531304732283527, 63.2346449826047], [12.531372957199238, 63.23468858186623], [12.530970978923712, 63.23491400440003], [12.529999928255803, 63.23485772035414], [12.529070951860461, 63.23509566222898], [12.527337694908361, 63.235958441738454], [12.525122809549805, 63.23642742705728], [12.524408550416064, 63.236311587919076], [12.523160125449452, 63.236423258534685], [12.522936296880868, 63.236590732231875], [12.522909380349525, 63.23666726488727], [12.522785775270075, 63.23701872263555], [12.5229670423943, 63.23747220116637], [12.523469934943815, 63.23766152725547], [12.525511367413955, 63.23778177055968], [12.52607834618683, 63.23789369303427], [12.526697524697669, 63.23791340330407], [12.52668298209782, 63.23802584346414], [12.526589570267403, 63.23821415044681], [12.52630723449952, 63.238304596511384], [12.523393958255944, 63.23862806710533], [12.523103242293537, 63.23851741269012], [12.52310854300401, 63.23849721925102], [12.523124979383052, 63.23843460978362], [12.5231361157934, 63.23839218478775], [12.523185923681403, 63.23835439969818], [12.523309156418547, 63.238260911718925], [12.52325411607699, 63.238214792981026], [12.522944129236533, 63.23812735345642], [12.522755808210654, 63.2382133433491], [12.52270540848627, 63.2382586836102], [12.522579961201874, 63.238371533746026], [12.52231128913288, 63.2383373067204], [12.522199236725358, 63.23830141931524], [12.521836936927189, 63.23823004080894], [12.521467368011738, 63.238242070013186], [12.521060593865954, 63.238255308648064], [12.520391516942546, 63.23832561996362], [12.520033298313159, 63.23841065304448]]], [[[13.270863266192874, 63.18171062586732], [13.279061858965362, 63.179233722863806], [13.287172872012038, 63.176782393667274], [13.290581067592843, 63.175752097683926], [13.298311605791014, 63.178165536906846], [13.305339383694758, 63.17808253938546], [13.31317397982062, 63.178955172953046], [13.335631243878389, 63.178385014019135], [13.351133598862484, 63.175184797954444], [13.355142345668362, 63.18032525394511], [13.336246162378202, 63.182184449887714], [13.315426412000102, 63.182803110406454], [13.297943350785932, 63.18186040940063], [13.289717516571313, 63.18050382157153], [13.277838683134991, 63.18409421960696], [13.270863266192874, 63.18171062586732]]], [[[12.73224172064278, 63.276816046028934], [12.732306032556435, 63.276829761414206], [12.732424251898195, 63.27686185895715], [12.732579822628134, 63.27694953036681], [12.732744246377584, 63.27704763263677], [12.732852222909791, 63.2771309541988], [12.732834053708626, 63.27723408637807], [12.732843285830711, 63.277304683541345], [12.732847019054407, 63.27736887184638], [12.732862125505099, 63.277427386857646], [12.73288189415806, 63.277464623757666], [12.73282752522365, 63.27750034617023], [12.732719804703923, 63.27757112113257], [12.732686328158955, 63.27763073019827], [12.73274388122049, 63.27771575404792], [12.732772010970848, 63.27774733256642], [12.73281968700731, 63.277772514909884], [12.732860114003575, 63.27779386894866], [12.732883462595007, 63.278004153622675], [12.72209943727843, 63.27928320243942], [12.705393229184311, 63.280334438040995], [12.699316602183861, 63.28406261720731], [12.693567271472798, 63.286081905820744], [12.67067117966117, 63.28802051447958], [12.656193995986472, 63.288108469072], [12.656247413852293, 63.288087171753894], [12.656302829666904, 63.28806559032294], [12.656435644139535, 63.287976431220436], [12.656568459853494, 63.28788727112567], [12.656593662925259, 63.287870351109504], [12.656643366217168, 63.28785054416939], [12.656659500272887, 63.2878441155012], [12.656675632402012, 63.28783768590166], [12.656802426777228, 63.28778733244343], [12.656867111088152, 63.28775576107423], [12.656931795257453, 63.28772418967494], [12.656986389730902, 63.28769747622557], [12.657044584629093, 63.28762297978688], [12.657001692602105, 63.28729060232944], [12.656975274415798, 63.28725849738278], [12.657024854521488, 63.287226457466815], [12.65721184187554, 63.28717644742596], [12.657217754475782, 63.28713922454117], [12.657218861361992, 63.287132249599324], [12.657257815944416, 63.287100609495155], [12.657460074254171, 63.28706492823949], [12.6574839977395, 63.28706070813521], [12.6575388846127, 63.287045852099084], [12.657642344736942, 63.28702092989079], [12.657700551161883, 63.28699761593017], [12.65772794714223, 63.286964106454896], [12.657762734395439, 63.28689384916033], [12.657798942990157, 63.286781501894964], [12.657792637439576, 63.28663455822244], [12.657795266857908, 63.286581272867785], [12.657786258682142, 63.28647745765161], [12.657785051139413, 63.28646672627665], [12.657774101343412, 63.2863694331815], [12.657765741045118, 63.28634734107133], [12.657732011649921, 63.2863356384129], [12.657698282282144, 63.28632393574657], [12.657656847480908, 63.28631242510476], [12.657603258563372, 63.28630270796542], [12.657810471960879, 63.286298114517535], [12.65785881063859, 63.28629704269643], [12.657931653306543, 63.286282131634586], [12.657997116116114, 63.286235994566454], [12.657989775639544, 63.28619371561431], [12.657734665593622, 63.28611677797916], [12.657724705552823, 63.286098421918346], [12.657618851425402, 63.286028284849486], [12.657610444721694, 63.28602537014812], [12.657487967918117, 63.28598291420674], [12.657388143741683, 63.285950805093776], [12.657438511438777, 63.28592426442646], [12.6574498643659, 63.28588913971282], [12.657461217337305, 63.28585401410127], [12.65747585711605, 63.285808721311554], [12.657418968806864, 63.28574505550323], [12.65737009950084, 63.285714071879816], [12.657297258491496, 63.28568695910841], [12.65713410370151, 63.28563198804638], [12.657091333993682, 63.28562157858503], [12.656964081406564, 63.28559060635635], [12.656841222117395, 63.28553562445648], [12.656695603589656, 63.28545850818026], [12.656344170470483, 63.28527239447725], [12.65623968895844, 63.28521539778754], [12.656184886680707, 63.285196581941385], [12.656137287529074, 63.285175774469224], [12.656132248755119, 63.285145224439006], [12.656165022510901, 63.28512089989839], [12.656224319063796, 63.284840982292145], [12.656225729872617, 63.28479512078658], [12.656209208580542, 63.284729119677294], [12.656190400741412, 63.284561595768295], [12.656136218606548, 63.28443495649112], [12.656092043607675, 63.28437740776656], [12.656056368974163, 63.284335048412736], [12.6560065716774, 63.28429981969718], [12.65594905690899, 63.28424566106625], [12.655882559588253, 63.284209538731304], [12.671186740070763, 63.2840927425277], [12.68512602701247, 63.28276322497172], [12.691821806473268, 63.281828811263516], [12.700497492946521, 63.27662497957614], [12.71002781162128, 63.27578429325044], [12.72854445365396, 63.27443036337803], [12.728567649247564, 63.27453546250622], [12.728577644917785, 63.2745650376294], [12.728621340351342, 63.27462093846879], [12.728650469506182, 63.274659995509396], [12.72873141095053, 63.2747161582767], [12.728858443112404, 63.2747653135255], [12.728985324890514, 63.27481440879028], [12.72920254327685, 63.274938885257086], [12.729239552757413, 63.27500325431927], [12.729221834253323, 63.27507789631207], [12.729183900559672, 63.27517728742199], [12.729171963336952, 63.27520856440507], [12.729151651834716, 63.27522923994661], [12.729022416181694, 63.275218181536374], [12.72877761396403, 63.275223309611555], [12.728741746523625, 63.275230612142735], [12.728691693076241, 63.27547932587751], [12.728698931851643, 63.27554242999075], [12.728697190400295, 63.2755438837673], [12.72861574047744, 63.27557690894158], [12.728413602635074, 63.27560593081748], [12.728288263234173, 63.27562566950673], [12.728115791239777, 63.27568182964258], [12.728054977317226, 63.27570789542294], [12.728071454864116, 63.275758989253774], [12.728097272211869, 63.27578712699895], [12.728119864656788, 63.27581175092492], [12.728076325727045, 63.27582733535994], [12.727985683265127, 63.27583237009764], [12.727930906034926, 63.275835412676045], [12.727681369497647, 63.2759054364288], [12.727553050190801, 63.27598302442278], [12.727494002344645, 63.276017037764575], [12.727343736534088, 63.27604790701464], [12.727249084769243, 63.27605672216434], [12.727166488895902, 63.27607576838225], [12.727012534280075, 63.27617703772463], [12.727027943997799, 63.2762206781206], [12.727067041992706, 63.27633139732031], [12.727115718665475, 63.276383544039504], [12.727150665680828, 63.2763960621249], [12.727397695795998, 63.276501074492245], [12.727595998774419, 63.27658042754004], [12.727709336228322, 63.2766433124557], [12.727748451138956, 63.27666938805762], [12.72778548198787, 63.27669407453941], [12.727840566439996, 63.27671043363289], [12.728067449163149, 63.27669397674635], [12.728749375112882, 63.276522139950345], [12.72878819468551, 63.27650300868799], [12.728821981522946, 63.276486357985455], [12.728832475790158, 63.276475894088904], [12.72884922131167, 63.27648532889707], [12.728959931311854, 63.27646985487722], [12.729112970981177, 63.276457722713296], [12.729188790741956, 63.27645738756011], [12.729368614368928, 63.276472583773334], [12.729417953477423, 63.27649278348656], [12.729460511099969, 63.27651021721532], [12.72981167404519, 63.27663903555315], [12.7298446883531, 63.27665114681576], [12.729991481086786, 63.27665278685344], [12.730327622680674, 63.276679363281026], [12.73045729420027, 63.27667507306003], [12.730481026983773, 63.276668610157365], [12.730529998328153, 63.27665527464979], [12.73062188819181, 63.27662376792836], [12.730888957435475, 63.27659882429531], [12.731137230837701, 63.276593056377045], [12.731273097955446, 63.27659796897872], [12.731512333730185, 63.27662271112912], [12.73163102741655, 63.27664938453994], [12.731749721323656, 63.276676057852576], [12.731833588739702, 63.27670121551066], [12.731914618128513, 63.276731939860376], [12.732001085012927, 63.27676472618227], [12.73224172064278, 63.276816046028934]]], [[[12.940934876877915, 63.116306141850224], [12.943431862212181, 63.115857355116994], [12.943199902428782, 63.11599434095795], [12.942547839523217, 63.11612217372269], [12.941716997879366, 63.116275000748445], [12.940934876877915, 63.116306141850224]]], [[[12.953479028698984, 63.11409982391722], [12.953500567875768, 63.11424413414009], [12.953341739641566, 63.11424181844727], [12.952545549375449, 63.114259006348135], [12.95196864815454, 63.11432258879106], [12.953615741434975, 63.11391948534645], [12.953578905312904, 63.11396807434222], [12.953479028698984, 63.11409982391722]]], [[[12.946191131706454, 63.11536136021918], [12.94745989831885, 63.11512071411981], [12.947061256820488, 63.115359678725596], [12.946298852256277, 63.115348526840556], [12.946191131706454, 63.11536136021918]]], [[[12.954071258650501, 63.11382046476122], [12.953943446390449, 63.11384711211712], [12.953727433866852, 63.11389214865087], [12.954998101510897, 63.113581148569295], [12.954948928596284, 63.11360500372113], [12.95478031754327, 63.11368680114909], [12.954650345737452, 63.11371130174402], [12.954071258650501, 63.11382046476122]]]]}}, {"type": "Feature", "properties": {"_layer": "zonering", "_layer_id": 2, "_name": "Högaktiv", "_kind": "zone", "_camping_banned": false, "_camping_partial": false, "_access_banned": false, "_area_ha": 797.6, "OBJECTID": 4, "Zon": "Högaktiv", "Beträda": "Inga beträdnadsförbud inom Högaktiv zon.", "Cykla": "Cykling tillåten 19/6 - 30/9 på väg och särskilt markerad led. Cykling tillåten på väl snötäckt mark 1/10-19/4, samt på väg året om. Elcykel ej tillåtet.", "Slå_läger_Övernatta": "Tillåtet att slå läger och övernatta inom hela Högaktiv zon.", "Elda": "Inte tillåtet att ta bränsle från naturen eller göra egna eldstäder. Tillåtet att elda på iordningställda eldstäder med medhavd eller tillhandahållen ved. ", "Rida": "Tillåtet att rida eller leda häst på särskilt markerade ledsträckor genom Högaktiv zon, med start från Vallbo eller Nulltjärn.", "Drönare": "Inte tillåtet att starta och landa drönare eller annan luftfarkost.", "Motorfordon": "Inte tillåtet att köra motorfordon. Undantag gäller för snöskoter på särskilt markerad led, dock endast på väl snötäckt mark och som längst till 19/4.", "På_vatten": "Inte tillåtet att använda motordriven vattenfarkost.", "Tidszonering": "Visa extra hänsyn under vår och försommar då naturen är en barnkammare.", "Organiserad_verksamhet": "För tävlingar och motsvarande arrangemang gäller särskilda regler, kontakta Länsstyrelsen.", "Anteckning": "Högaktiv", "Delområde": "HOG", "Skötselområden": null, "Areal__ha_": 197, "ObjectID_1": null, "Shape__Area": 8002795.197787505, "Shape__Length": 29510.305946666376}, "geometry": {"type": "MultiPolygon", "coordinates": [[[[13.038951601844621, 63.15496518833949], [13.038036519604038, 63.15564356195077], [13.037995553187, 63.15567392925063], [13.037865111671826, 63.155770623504026], [13.037826979227216, 63.155798890424016], [13.037820383774692, 63.15579629972712], [13.037610076181446, 63.15571372451421], [13.036894532264784, 63.15555590344522], [13.03673476861163, 63.15552213019156], [13.035975919747345, 63.15536171140558], [13.034565420804311, 63.155161343825874], [13.033900813905975, 63.15499621569365], [13.033626694563045, 63.15484857605904], [13.033426174453222, 63.15476754409265], [13.03326339392178, 63.15472584755739], [13.033122564327053, 63.15470361450395], [13.032696751463794, 63.15468451584269], [13.032571547529496, 63.15469445138278], [13.032117624327606, 63.1545992219804], [13.031313407095308, 63.15453655372817], [13.030406453572606, 63.15446823566928], [13.029365569848723, 63.15455167009156], [13.028431935275483, 63.1545941464533], [13.027754265060269, 63.15462979979781], [13.027497452593593, 63.15461998709666], [13.026860977981977, 63.154576080530006], [13.026071836079998, 63.154521654465604], [13.025281350531108, 63.15441064234725], [13.024524114282544, 63.15428601059463], [13.02400998559608, 63.15414501412421], [13.023868280339157, 63.15410615162855], [13.023156864574666, 63.153853186694114], [13.02267712389032, 63.153515548364794], [13.022391949347906, 63.15327790302889], [13.022349321927242, 63.153242379228864], [13.021766545281375, 63.15290245535428], [13.02134220013973, 63.15271336632059], [13.021336915390057, 63.15271246126581], [13.020811791199174, 63.15262250966567], [13.020251677832215, 63.152503526182954], [13.020244881391653, 63.152502081956655], [13.019527765231688, 63.152374729524524], [13.018833106563898, 63.152405952173666], [13.01840790653122, 63.15241096221125], [13.017989771716486, 63.152415888270426], [13.017743027148525, 63.15237757732841], [13.017341283820993, 63.15231519940584], [13.016845256709672, 63.15217610620923], [13.016840149172904, 63.152174673742216], [13.016449488303996, 63.15196835303864], [13.016427182303358, 63.15193859437196], [13.015915431571145, 63.15125582468078], [13.015423989219512, 63.150953838128295], [13.015030223383082, 63.15077618234307], [13.014449186103501, 63.15071291077937], [13.013745348963447, 63.150682825977455], [13.013249891471375, 63.150750319889255], [13.01302178371953, 63.15078139331019], [13.012793675485302, 63.15081246636264], [13.011889813865524, 63.15086772959659], [13.011031102544608, 63.15087369151311], [13.010204773046379, 63.150798609783656], [13.009929709710955, 63.15077361491884], [13.0091724403492, 63.15079620605345], [13.008506988214913, 63.15070587745166], [13.008234982140825, 63.15057763935491], [13.008039822442628, 63.15040081751864], [13.008288864463967, 63.15023032457363], [13.008660311780913, 63.15003024128363], [13.009037230759446, 63.14984830983997], [13.009222282522636, 63.149758986576394], [13.00956125511684, 63.14956535614103], [13.00956769724543, 63.14955234804138], [13.009754917661805, 63.14917447219431], [13.009984002187458, 63.148895756783], [13.009957503165635, 63.14862928635937], [13.009844596035682, 63.14849980729187], [13.00965395376666, 63.148281178823275], [13.009138865899901, 63.1483370000901], [13.009123246134859, 63.14830541079211], [13.00902404917034, 63.148138172040944], [13.008852831031572, 63.14803442294726], [13.008662244827946, 63.14799978623053], [13.008344279528524, 63.14794000921502], [13.008085118976267, 63.14793103904389], [13.007934700447096, 63.14792336938366], [13.00776928034882, 63.147914934125374], [13.007510399592855, 63.14786197311146], [13.007261856800874, 63.14773272441152], [13.006904364314764, 63.14744062296651], [13.00664190906003, 63.14723972831363], [13.006639920893376, 63.14723731754489], [13.006478326820123, 63.147041407129834], [13.006377839688051, 63.14691957844619], [13.006223375210608, 63.14671632123366], [13.006122499610479, 63.14651314334564], [13.005945318339275, 63.14618348412414], [13.005743626749531, 63.145912225335906], [13.005437438469313, 63.1456400812029], [13.004769274683564, 63.14520313235306], [13.004048187244221, 63.14477411782678], [13.003282089001143, 63.14442070106761], [13.002678074796773, 63.144168480936656], [13.002658081203606, 63.14416013161072], [13.00248457041339, 63.14408056556536], [13.001966961282605, 63.14394311998529], [13.001272005991773, 63.14379265214443], [13.00042614050228, 63.1436675551532], [12.999258451693565, 63.1435705703294], [12.998189001809292, 63.14350253413226], [12.997330233718598, 63.14345374992147], [12.996303765621372, 63.14340289798406], [12.995762369894676, 63.14338840216006], [12.995269730654373, 63.143411682633705], [12.994845640842927, 63.14341773089175], [12.994301025256718, 63.14346537707177], [12.993529822076631, 63.143510329370955], [12.992351705958407, 63.14355393866317], [12.991558450221458, 63.143570430116014], [12.990724667687905, 63.143587465630304], [12.990011147086165, 63.14361038360956], [12.989448140433048, 63.14362649707724], [12.989120814454385, 63.143621158865216], [12.988857151699676, 63.14365488922181], [12.98856754121706, 63.1436514669068], [12.98827069700001, 63.143663078996326], [12.987970119786773, 63.14369705654871], [12.98773159181977, 63.143700848152335], [12.987539575740232, 63.143677286421216], [12.9874294382715, 63.14362409880018], [12.987058529803136, 63.14355459772705], [12.986805163140392, 63.14354570630602], [12.98657030171397, 63.143515807200856], [12.98628114873754, 63.14341364243299], [12.98603456350708, 63.14331671403096], [12.985752810692173, 63.14315884352344], [12.985476735807135, 63.14296894631567], [12.98512886959556, 63.14265418132192], [12.98491483387054, 63.142369454155926], [12.984753773252182, 63.14210929862042], [12.984505363603422, 63.14178007947092], [12.98439967494096, 63.14159347977139], [12.984376422224667, 63.14142638483402], [12.984347380154471, 63.14130039153495], [12.984279671720588, 63.14118851965865], [12.984147201837535, 63.141085603975], [12.983937443198581, 63.141018311710305], [12.983691202004847, 63.140944557034125], [12.983441540344232, 63.140901791620855], [12.983023959288534, 63.14089231018781], [12.982603913663928, 63.14091402833111], [12.982137504545513, 63.1409515164072], [12.981681240787852, 63.14101119822006], [12.981304690564368, 63.14107749843714], [12.980969066071605, 63.14115969715044], [12.980599379865096, 63.14120628683691], [12.98026692029697, 63.141204966945764], [12.979816453888056, 63.141190599631614], [12.979545660513438, 63.141183772311024], [12.979339844207827, 63.1412248268428], [12.979069399496144, 63.14126917153551], [12.978668684742416, 63.1413146948174], [12.978284317191035, 63.141283873012895], [12.977989997529349, 63.141251514109626], [12.977554109165922, 63.141207628787456], [12.977226360994015, 63.14116401773462], [12.976838716704817, 63.14112216466233], [12.97648332430028, 63.14108939870277], [12.976133529482077, 63.141078556175394], [12.97580325322745, 63.1410792411784], [12.975489309205027, 63.14106911497205], [12.975096131585145, 63.1410352317977], [12.97476738517969, 63.14100999754938], [12.97450643277116, 63.14104051660449], [12.974359916876908, 63.141065513036196], [12.97406395676175, 63.141164018972304], [12.973811810367595, 63.14127309803254], [12.973512621456962, 63.1414371621233], [12.973313826959458, 63.14153015872231], [12.973186329573302, 63.1416002315559], [12.973100560543545, 63.14164736966567], [12.972782761752564, 63.141812944200296], [12.972610159504622, 63.14191417914744], [12.972363330855915, 63.14207426636242], [12.972184022282113, 63.142223753843915], [12.971976181493169, 63.14237681079315], [12.971774648616616, 63.142473330647164], [12.971508988188218, 63.142562208705584], [12.971264944130812, 63.14265697990845], [12.970954402657762, 63.1426891090774], [12.970761636892863, 63.14269387658045], [12.970358566564364, 63.14262494878966], [12.970077346826006, 63.14256608595801], [12.969684862184717, 63.14251469887922], [12.969334900438586, 63.142452660252395], [12.968979717613431, 63.1423668249767], [12.968669293847817, 63.142375427305566], [12.968426057594488, 63.14237881370216], [12.968221135416938, 63.14235963775671], [12.967889580959351, 63.14239339869856], [12.967489929378363, 63.142429756942654], [12.966953597952035, 63.1424734306658], [12.966525300480967, 63.14251836323301], [12.96649077049455, 63.142526030723246], [12.966123229439658, 63.142607637893235], [12.965821297405249, 63.14266524340479], [12.965540758326936, 63.14276591936272], [12.965546602582778, 63.142841996768844], [12.965479975771393, 63.14291652338836], [12.965346315901302, 63.14297022853082], [12.965229776525383, 63.14298420427707], [12.965142282889788, 63.142994696194535], [12.964977519171802, 63.1430073723709], [12.964830629887077, 63.143011658457716], [12.964683740561721, 63.143015944392346], [12.964548425907275, 63.142956035041976], [12.964539946510868, 63.142952280732395], [12.964311675926973, 63.142851374546744], [12.964142572386192, 63.14278468976303], [12.963840395844281, 63.142706991232544], [12.963709992410763, 63.14271110866622], [12.9636914708059, 63.14271876098683], [12.96338147858978, 63.14268099413024], [12.963314581590005, 63.1426551546915], [12.963261477594527, 63.14261800280545], [12.96318220778036, 63.142584363001674], [12.963080481644317, 63.142579446129076], [12.963030699916477, 63.14258123653163], [12.962834867808446, 63.14259490078175], [12.96268298494626, 63.14262597649629], [12.962452677894666, 63.14270188675709], [12.96226653641597, 63.14274232847754], [12.962122851921793, 63.142762612501265], [12.961949765977723, 63.14280959805619], [12.961743698986604, 63.14289129628635], [12.961524836433963, 63.14299608260177], [12.961489062333651, 63.14300942965458], [12.961295574020703, 63.14308162198772], [12.961124113948499, 63.1431240598872], [12.960876862989558, 63.1431014100089], [12.960571858203823, 63.143082993539494], [12.960165510308501, 63.14298892160479], [12.960141187819636, 63.14295702253066], [12.960135616130204, 63.14294971387247], [12.960159483946612, 63.142856016475605], [12.960168565290715, 63.14276444541619], [12.960177646572353, 63.14267287435482], [12.960093235497522, 63.14238612763293], [12.959899538997911, 63.142210040586356], [12.95974136177692, 63.14206231516732], [12.959567064736449, 63.141969763916975], [12.959371398716947, 63.1419192386433], [12.958927725506637, 63.141837519255986], [12.958358294789054, 63.14174331371953], [12.957913014246953, 63.14163767624075], [12.957462696685342, 63.141498448157975], [12.957299815602108, 63.1414090840745], [12.956995504130715, 63.14132297192625], [12.956861452370275, 63.14126533035193], [12.956810958412271, 63.141195460005974], [12.956761464750558, 63.141050723494416], [12.95674394223907, 63.140942100888594], [12.956766710036415, 63.14078490124482], [12.95677348850642, 63.14071788468813], [12.956894801789511, 63.140535375047925], [12.956936116185753, 63.14042172769402], [12.957044842854703, 63.14028834654308], [12.957131835671639, 63.14016431326202], [12.95712516397689, 63.140104833523395], [12.956981705224713, 63.140013701496095], [12.956692066979327, 63.13992600408657], [12.956376403067093, 63.13989910165507], [12.956088919998848, 63.13992887262542], [12.955744519344298, 63.139996735786774], [12.955441405574039, 63.14008473920922], [12.955188828984104, 63.14020158194256], [12.955038778782997, 63.14037157308058], [12.95491274983442, 63.14055353743019], [12.95481788350136, 63.140697073976405], [12.954798379267961, 63.1407481722646], [12.954778874964372, 63.140799270549486], [12.954586884344689, 63.14091940074771], [12.95448560447177, 63.141041529709256], [12.954444248388072, 63.1411311045188], [12.95446596877393, 63.141241431075244], [12.95449986626333, 63.141360893694426], [12.954518860512797, 63.1414534349523], [12.954537854878009, 63.141545976206956], [12.954452802384886, 63.141672110041036], [12.954380457182157, 63.14173914923036], [12.954308086335917, 63.14180620956448], [12.95406562751279, 63.14196930987316], [12.953845416085022, 63.14205744594124], [12.953597076821877, 63.142098604604364], [12.953266815316935, 63.14209886937175], [12.95312716572848, 63.14205988160953], [12.952898288840874, 63.14197976893552], [12.952693609188998, 63.14190382983096], [12.952466471350242, 63.1418463763128], [12.952302335623255, 63.14180657558953], [12.952261394433487, 63.141796648040554], [12.95200276185876, 63.14173047904305], [12.951709380075382, 63.14165868124485], [12.951532960872246, 63.14159407517115], [12.951317020250055, 63.14149133223376], [12.951069284328806, 63.14134278841572], [12.950970060117777, 63.14123385603705], [12.950829448409287, 63.14108962398816], [12.950682065455924, 63.14092971628692], [12.95046317100786, 63.1407561697046], [12.950429254223927, 63.140665347076855], [12.950296095705793, 63.140602863632175], [12.950096169780325, 63.14055933881475], [12.949873976319294, 63.140538611639855], [12.949719117620258, 63.14057158783753], [12.949579034272787, 63.14059148020811], [12.949248333186999, 63.140511919124386], [12.949148413179632, 63.140472558744925], [12.949029280230281, 63.14039052406535], [12.948931473776353, 63.140309722337854], [12.94877637421549, 63.14021600724321], [12.948429460539534, 63.14008539143058], [12.948043239374025, 63.140023565316625], [12.947560996955522, 63.139973439923466], [12.947233380596836, 63.139949244236526], [12.947158542310214, 63.13988892128225], [12.94702216806365, 63.13981901675898], [12.946851297747639, 63.139782892930235], [12.946696476416212, 63.13979934589341], [12.946426945969773, 63.13985433540944], [12.946186114724428, 63.139914031562824], [12.945753114987957, 63.140010612446936], [12.945315510751724, 63.14012595332492], [12.94492223040469, 63.14023437493058], [12.944398155391378, 63.14036511581562], [12.943927196506312, 63.14046424791647], [12.943512275082774, 63.14052249436821], [12.94306796890359, 63.14055652953816], [12.942676010646835, 63.14057491854997], [12.942442615045673, 63.1406154573504], [12.94226536859743, 63.14067410269897], [12.942146598572023, 63.14073957560689], [12.942083266188515, 63.14080015107589], [12.941818955309413, 63.14092068816446], [12.941532163418637, 63.141031614852956], [12.941290528297008, 63.141141562053384], [12.940949940459054, 63.14124646363772], [12.94068563954975, 63.14130459802169], [12.940453809589302, 63.141341124998625], [12.940087685283016, 63.14132079837315], [12.939795193705287, 63.141250335278116], [12.93947395447471, 63.14116941610664], [12.939221867661287, 63.14106348967656], [12.93906372417369, 63.14096270723047], [12.938891734575995, 63.14084367660342], [12.93873154806184, 63.140709356159334], [12.93855828437314, 63.140575043060196], [12.938518449798314, 63.140456001426976], [12.938465931507741, 63.14035070122276], [12.938471364353584, 63.140295687805], [12.938469299404819, 63.14019616655006], [12.938390116771904, 63.14016206484519], [12.93822856158633, 63.14010609759585], [12.937941600535787, 63.14003986791646], [12.937421566497184, 63.13993472172243], [12.93661257447171, 63.13978152959379], [12.935929130051067, 63.139677467135314], [12.935226821811458, 63.139579492624925], [12.934567775643886, 63.139463433020794], [12.933800924803249, 63.13929177648567], [12.933172961547005, 63.13912643062899], [12.933144642553145, 63.138859055783975], [12.932962520421954, 63.137139481012674], [12.937030784514114, 63.13712651964762], [12.944650263630551, 63.13710193123526], [12.945460656804652, 63.1371482474893], [12.964451351525925, 63.13823226183164], [12.965716325642742, 63.13829487672073], [13.012332097744812, 63.140594253176985], [13.023728896519453, 63.14207348034919], [13.04416490669082, 63.144723271716316], [13.04324944860196, 63.14269925535919], [13.041563129126386, 63.14109076660282], [13.04070383015953, 63.14027105320442], [13.040841493887507, 63.13823008198607], [13.04479559718697, 63.1366735731072], [13.046141857324631, 63.13614356283232], [13.049208467995564, 63.13668197014739], [13.050320326464838, 63.13687715929366], [13.055094629913794, 63.138997692023146], [13.059869630513528, 63.141118065066195], [13.05985838312454, 63.14125759694398], [13.059856819077906, 63.1412770006859], [13.059626266447554, 63.14413676648852], [13.073108378760278, 63.143292622926026], [13.083724523999033, 63.14527699936224], [13.088646328982389, 63.14813063969839], [13.095600764640992, 63.14965743851292], [13.099267353316774, 63.15042520678416], [13.100381496741154, 63.15070492583035], [13.100402795115954, 63.15070176959544], [13.095852721724475, 63.154396229284615], [13.088081827513088, 63.15352872758098], [13.086787449870798, 63.15338418376325], [13.078795080684182, 63.15249110389351], [13.070809829550765, 63.1515986442773], [13.062743420318775, 63.150696326877444], [13.054863898215075, 63.14981490738756], [13.047075599678061, 63.148942758132414], [13.040479328445297, 63.149123029134884], [13.033878844268846, 63.14930281033053], [13.030785913682463, 63.15190201249092], [13.031855790895628, 63.15208945501695], [13.035778158913486, 63.15277656304878], [13.040732900166716, 63.15364455710311], [13.039866641209345, 63.154286807720474], [13.038951601844621, 63.15496518833949]]], [[[12.899359021438944, 63.16013364301306], [12.89913360604795, 63.160229036654854], [12.898618151438699, 63.1602889721269], [12.897728849335206, 63.160351037929324], [12.896886727183826, 63.16041778367512], [12.896580850998815, 63.160662221357875], [12.896490211379051, 63.160900860098124], [12.8962063179495, 63.16123204240795], [12.895963098538036, 63.16157246539214], [12.8959512488486, 63.161589052043404], [12.895672582835411, 63.16173350076266], [12.895264395222894, 63.16182825335256], [12.894998920048248, 63.16192630605877], [12.894902742387645, 63.16193427347648], [12.887202176821127, 63.16257192964932], [12.88697760291276, 63.162416770262546], [12.881757039895525, 63.15880928097258], [12.88789949092715, 63.15268247891012], [12.888404109491592, 63.152179019099016], [12.889073204402086, 63.151511428449886], [12.889176550344397, 63.15138632360388], [12.891697843500529, 63.14833384060858], [12.89226416007912, 63.14764811780001], [12.892806593547414, 63.144746153565045], [12.89752468745663, 63.14421550030119], [12.901190206018125, 63.143803109417625], [12.904750089025656, 63.1434025018143], [12.910342014583867, 63.142773018799595], [12.912407999345861, 63.14211149591116], [12.915508054785503, 63.14232525786978], [12.912336239922446, 63.146614166652995], [12.908066433575131, 63.152288962931536], [12.908057391571793, 63.15233977443216], [12.907908586954576, 63.15241637766982], [12.907768677324183, 63.152505358734565], [12.90756441143596, 63.15257463457493], [12.907381967936297, 63.152654045515376], [12.907341233774964, 63.15273796085188], [12.907302430932189, 63.15285209082623], [12.90717514143213, 63.15295956485036], [12.907005949522922, 63.15307129629155], [12.906845338524283, 63.15314082879162], [12.906600977426757, 63.15317435168445], [12.906210157123304, 63.153222925820735], [12.90584386155746, 63.15325683048873], [12.905580787804354, 63.15326294210935], [12.905247563164304, 63.153235838513936], [12.904846472201754, 63.153168917698125], [12.904562340172554, 63.15311552935752], [12.904276636107964, 63.15302645404452], [12.903998215405464, 63.15288437699439], [12.903875204787205, 63.15282189171746], [12.903712612509697, 63.152772235847046], [12.903580419628735, 63.15267086284082], [12.903484125268088, 63.15262911742107], [12.903255440798656, 63.15258331527046], [12.902995182256747, 63.152513701771746], [12.902722196184792, 63.152452366585734], [12.90232644824952, 63.15243124568823], [12.902039023760342, 63.15237714805963], [12.901724211213612, 63.152319080427496], [12.901566150647017, 63.15226394918662], [12.901442343608052, 63.15219226476984], [12.901308779734629, 63.152415755658595], [12.901284400195133, 63.15245655064371], [12.901286916315703, 63.152715307830135], [12.901345573288603, 63.15289451817576], [12.901575849398114, 63.152997945010526], [12.902268178849145, 63.15335077721747], [12.903107577067656, 63.15381507566537], [12.903833449034522, 63.15433108835935], [12.904343403551957, 63.15474886149143], [12.90457600068684, 63.15493660443059], [12.904785984643416, 63.15510609179917], [12.904875176753599, 63.155230881681874], [12.905002649634726, 63.15540923022304], [12.905235606641016, 63.15574035267732], [12.90538190405142, 63.156171519883216], [12.905389168961163, 63.15654381857466], [12.905327926923931, 63.15681460847112], [12.905184760382763, 63.15708668546255], [12.905020511221107, 63.15734324137776], [12.904823859314149, 63.15753863226441], [12.904661531863184, 63.157698354617], [12.90404369554272, 63.158050776611645], [12.903467616558759, 63.158297209351005], [12.903050250564204, 63.15845764350702], [12.90243945363357, 63.158620129825515], [12.902210171024153, 63.158669608062574], [12.90216595411657, 63.15867915438469], [12.90198768484025, 63.158717633076236], [12.901656931432653, 63.15875055357047], [12.901501066979632, 63.158744487547175], [12.901356976220153, 63.1587774460237], [12.901314290308232, 63.1588369090731], [12.901176734532458, 63.15889784269221], [12.901116852545714, 63.158958380288865], [12.900991731243451, 63.159002233433554], [12.900902408164065, 63.159033539301554], [12.900692889322235, 63.15904361276907], [12.900576623755644, 63.15905452634731], [12.90056174192857, 63.15908016477846], [12.900620077430107, 63.15912831804271], [12.900636682211415, 63.159196352418604], [12.900633434301463, 63.15932799426415], [12.900640387690073, 63.15934338145067], [12.900665290613452, 63.15939849883956], [12.900620803379788, 63.15946196647778], [12.900598513659133, 63.15955568821703], [12.9006877534291, 63.159606543125456], [12.900729928263061, 63.15965328114239], [12.900655739116695, 63.15969414128389], [12.900595156004487, 63.15968033406624], [12.90047980213461, 63.159692060175374], [12.900408457113441, 63.15978774998565], [12.90035730022639, 63.159846494903064], [12.900382060271353, 63.15987097776142], [12.900447966613164, 63.15985732627095], [12.900533888141455, 63.15985002236386], [12.900551306329387, 63.15990407105419], [12.900418396893025, 63.160007739266824], [12.900171792655378, 63.160096598928874], [12.899987751466885, 63.16010603369873], [12.899881176763538, 63.160080529931804], [12.899747233840577, 63.16004847799718], [12.899359021438944, 63.16013364301306]]]]}}, {"type": "Feature", "properties": {"_layer": "restriktionsomrade", "_layer_id": 1, "_name": "Blanktjärn beträdnadsförbud", "_kind": "restriction", "_camping_banned": true, "_camping_partial": false, "_access_banned": true, "_area_ha": 34.1, "OBJECTID": 1, "omr": "Förbudsområde Blanktjärn", "beträda": "Beträdnadsförbud utanför markerad led och inhägnad, iordningställd rastplats. Följ skyltning och anvisningar på plats. Tillåtet att beträda väl snötäckt mark.", "cykla": "Inte tillåtet att cykla.", "slå_läger_övernatta": "Inte tillåtet att övernatta i tält, vindskydd eller liknande.", "elda": "Tillåtet att göra upp eld på iordningställd eldstad, dock endast med medhavd eller tillhandahållen ved.", "rida": "Inte tillåtet att rida eller leda häst.", "drönare": "Inte tillåtet att starta och landa drönare eller annan luftfarkost.", "motorfordon": "Inte tillåtet att köra motorfordon.", "på_vatten": "Inte tillåtet att använda vattenfarkost inom område med beträdnadsförbud, inklusive flytring och motsvarande.", "tidszonering": "Ledsträcka vid sydostligaste Östra Blanktjärnarna är avstängd under perioden 1/5-18/6, följ anvisning på plats.", "organiserad_verksamhet": "För tävlingar och motsvarande arrangemang gäller särskilda regler, kontakta Länsstyrelsen.", "namn": "Blanktjärn beträdnadsförbud", "nummer": 2, "zon": "Blanktjärn Beträdnadsförbud", "nummer_1": null, "objectid_1": null, "Shape__Area": 342531.81905987, "Shape__Length": 4115.103299181506}, "geometry": {"type": "Polygon", "coordinates": [[[12.961186670653804, 63.11399452688399], [12.960507182616936, 63.114157521572196], [12.960018340742849, 63.11432327924461], [12.959206646176787, 63.114556369845324], [12.958714735999406, 63.1147652898626], [12.958159266178196, 63.1149732849712], [12.957670397334494, 63.11513903353534], [12.957459360045453, 63.115424046032956], [12.957437960394635, 63.11572621658348], [12.957328362738144, 63.11592627815756], [12.956774898924317, 63.11610549039802], [12.956226527245066, 63.116212754595], [12.955489524621882, 63.11628846813659], [12.95498006357954, 63.116295467029616], [12.95463765319706, 63.116189661314365], [12.95429932855014, 63.11602629942639], [12.953733463374212, 63.115931645918366], [12.953155347328432, 63.11600965882639], [12.952578251413426, 63.11607327989142], [12.951839200140864, 63.116177751652344], [12.951039654225287, 63.116238127394574], [12.95033032734812, 63.11637183298391], [12.949756286005277, 63.11639227586558], [12.948823480802124, 63.11653712014447], [12.948084404514082, 63.1166415731362], [12.947341225856716, 63.116803577351774], [12.945429074471798, 63.11716612724361], [12.943339635962781, 63.11700332154564], [12.942800643255273, 63.11681193692135], [12.940934876877915, 63.116306141850224], [12.941716997879366, 63.116275000748445], [12.94258706755051, 63.116114958464166], [12.943199902428782, 63.11599434095795], [12.94363137938603, 63.115741468537365], [12.944379488253865, 63.11550763079351], [12.944861128326906, 63.11544268386817], [12.945657356748077, 63.11542553927642], [12.946298852256277, 63.115348526840556], [12.947061256820488, 63.115359678725596], [12.94745989831885, 63.11512071411981], [12.94827354465553, 63.11485901524663], [12.948923221715795, 63.11466691397503], [12.949469395778214, 63.11458849518396], [12.949632324446075, 63.114533277178296], [12.950337323210725, 63.11445717487727], [12.951233937075742, 63.114369466708226], [12.95196864815454, 63.11432258879106], [12.952545549375449, 63.114259006348135], [12.953341739641566, 63.11424181844727], [12.953500567875768, 63.11424413414009], [12.953479028698984, 63.11409982391722], [12.953619387110772, 63.11391467519102], [12.954071258650501, 63.11382046476122], [12.95478031754327, 63.11368680114909], [12.955241380641741, 63.11346312459867], [12.955447296222895, 63.113250129927025], [12.955630636478606, 63.11290720997888], [12.955907224193497, 63.112594447067714], [12.956267863506266, 63.11244130314106], [12.956940009727354, 63.11237908955028], [12.95748509738889, 63.11231502463651], [12.95778117637242, 63.1121753368383], [12.957832328236227, 63.11190248843112], [12.95861097098974, 63.111683421760624], [12.959582215657205, 63.11143835195946], [12.960450004341904, 63.111306968297804], [12.961035997816484, 63.11111388810576], [12.961581054958902, 63.11104980734537], [12.962448823148149, 63.11091841226633], [12.96318546267874, 63.110842706518035], [12.963893390618631, 63.11072338196594], [12.96453778740469, 63.11060313293712], [12.965015234413288, 63.11059565657555], [12.965585934926354, 63.110618329539996], [12.966060334066496, 63.11065400501601], [12.966704720591439, 63.11053374520371], [12.967168459398774, 63.11043002758243], [12.967806745510078, 63.110189000122666], [12.968461754426764, 63.10994505087599], [12.968921152756382, 63.109529319945274], [12.969288490028948, 63.109404638848964], [12.970266019194227, 63.10927245057889], [12.971383449315821, 63.10919098717922], [12.972288176281669, 63.10907398641322], [12.97312802675959, 63.10885859575931], [12.973806472993425, 63.108900778912634], [12.973858910129552, 63.10917765550528], [12.973656031882562, 63.10951585421712], [12.973387149892435, 63.10977189636837], [12.972942470062355, 63.11001233962813], [12.972327174167042, 63.11012237521575], [12.97190937395504, 63.11017269016182], [12.971520035850133, 63.110210901390275], [12.97120447298783, 63.110181368793704], [12.970730614436954, 63.11024338606304], [12.970239905397298, 63.110348941374845], [12.969743088142408, 63.11054197013165], [12.969174663653751, 63.11077149804008], [12.968677393787228, 63.11097077023093], [12.967958065635163, 63.111185622635915], [12.967465147235021, 63.111322409891216], [12.96697091586255, 63.1114779389886], [12.96666459771888, 63.111510079138775], [12.96663028603205, 63.11151367948364], [12.966275354796931, 63.11182773021967], [12.966059760087001, 63.112050155761935], [12.96583213438815, 63.11220109050532], [12.965474374275141, 63.11226534784742], [12.965019917849041, 63.11241615368264], [12.964973270544302, 63.11243163291574], [12.964278150265182, 63.11287654553706], [12.964070735061567, 63.1130547571004], [12.96402819602458, 63.11309130738535], [12.964011284830553, 63.11309653516015], [12.963833259517896, 63.11315157408495], [12.963309245949821, 63.11321922081825], [12.962908465245443, 63.11332106640931], [12.962528015769593, 63.113373762953415], [12.961961210555357, 63.113567751230924], [12.961858610261494, 63.113602864807355], [12.9618197843468, 63.11360969693616], [12.96134907682818, 63.11369251594365], [12.961186670653804, 63.11399452688399]]]}}, {"type": "Feature", "properties": {"_layer": "restriktionsomrade", "_layer_id": 1, "_name": "Grönvallen övernattningsförbud", "_kind": "restriction", "_camping_banned": true, "_camping_partial": true, "_access_banned": false, "_area_ha": 1.6, "OBJECTID": 2, "omr": "Övernattning förbjuden", "beträda": "Inget beträdnadsförbud vid Grönvallen. Kåtor och andra byggnader öster om leden är privata, vänligen respektera.", "cykla": "Cykling på sträckan Grönvallen-Pyramiderna-Issjödalen-Grönvallen tillåten endast på särskilt markerad led mellan 15/7-31/8. Cykling tillåten på väl snötäckt mark 1/10-19/4. ", "slå_läger_övernatta": "Övernattning  i tält, vindskydd eller liknande endast tillåten väster om leden. Kåtor och andra byggnader öster om leden är privata, vänligen respektera.", "elda": "Tillåtet att göra upp eld, dock endast med medhavd ved eller löst liggande, tunna grenar och kvistar. ", "rida": "Tillåtet att rida eller leda häst. ", "drönare": "Inte tillåtet att starta och landa drönare eller annan luftfarkost.", "motorfordon": "Inte tillåtet att köra motorfordon.", "på_vatten": "Inte tillåtet att använda motordriven vattenfarkost. ", "tidszonering": "Visa extra hänsyn under vår och försommar då naturen är en barnkammare.", "organiserad_verksamhet": "För organiserade rid- och cykelturer, organiserad övernattning i tält, vindskydd eller motsvarande samt tävlingar och motsvarande arrangemang gäller särskilda regler, kontakta Länsstyrelsen.", "namn": "Grönvallen övernattningsförbud", "nummer": 5, "zon": "Grönvallen Övernattning", "nummer_1": null, "objectid_1": null, "Shape__Area": 16146.506684675, "Shape__Length": 586.1825734172929}, "geometry": {"type": "Polygon", "coordinates": [[[13.068109959395551, 63.10811679001356], [13.069793991683719, 63.10646567840833], [13.070397833684583, 63.106750502420354], [13.071461536334109, 63.10725221607647], [13.071270203664799, 63.10736048640352], [13.071089657891779, 63.10744942782872], [13.07108701707904, 63.107565382459114], [13.070809940822135, 63.10759917633083], [13.070424764884434, 63.10762433306995], [13.070228580489767, 63.10769114582503], [13.070036214959462, 63.107844862290065], [13.069946049489936, 63.10804773894164], [13.069964423446239, 63.10820432389519], [13.070042535254446, 63.10831856669613], [13.068109959395551, 63.10811679001356]]]}}, {"type": "Feature", "properties": {"_layer": "restriktionsomrade", "_layer_id": 1, "_name": "Isjödalen övernattningsförbud", "_kind": "restriction", "_camping_banned": true, "_camping_partial": false, "_access_banned": false, "_area_ha": 27.9, "OBJECTID": 3, "omr": "Övernattning förbjuden", "beträda": "Inget beträdnadsförbud i Issjödalen. Byggnader förutom dass är privata, vänligen respektera.", "cykla": "Cykling på sträckan Grönvallen-Pyramiderna-Issjödalen-Grönvallen tillåten endast på särskilt markerad led mellan 15/7-31/8. Led cykeln upp/ned i brant slänt mellan Pyramiderna och Issjödalen. Cykling tillåten på väl snötäckt mark 1/10-19/4.", "slå_läger_övernatta": "Inte tillåtet att övernatta i tält, vindskydd eller liknande i området kring Issjön, längst söderut i dalen. Följ skyltning och anvisningar på plats. ", "elda": "Tillåtet att göra upp eld, dock endast med medhavd ved eller löst liggande, tunna grenar och kvistar.", "rida": "Tillåtet att rida eller leda häst. På del av sträckan Issjödalen-Pyramiderna hänvisas hästar till vinterled, följ skyltning på plats.", "drönare": "Inte tillåtet att starta och landa drönare eller annan luftfarkost.", "motorfordon": "Inte tillåtet att köra motorfordon.", "på_vatten": "Inte tillåtet att använda motordriven vattenfarkost. ", "tidszonering": "Visa extra hänsyn under vår och försommar då naturen är en barnkammare.", "organiserad_verksamhet": "För organiserade rid- och cykelturer, organiserad övernattning i tält, vindskydd eller motsvarande samt tävlingar och motsvarande arrangemang gäller särskilda regler, kontakta Länsstyrelsen.", "namn": "Isjödalen övernattningsförbud", "nummer": 6, "zon": "Issjödalen Övernattning", "nummer_1": null, "objectid_1": null, "Shape__Area": 279867.93107858, "Shape__Length": 2711.747106784468}, "geometry": {"type": "Polygon", "coordinates": [[[13.13792707596111, 63.09231078097947], [13.131687121941303, 63.092954682955096], [13.126146044744909, 63.09292583141645], [13.1257314226103, 63.09285656842208], [13.12575644445565, 63.09280986625119], [13.125866350557631, 63.09277353118626], [13.125910672222606, 63.0927591706735], [13.125973129318826, 63.09271723878705], [13.126053796820337, 63.09268552400595], [13.126116161843337, 63.09264501654889], [13.126185911617558, 63.092587502709755], [13.126222310251597, 63.092559478776415], [13.126265270580094, 63.09252726536094], [13.126352588581637, 63.09248993820685], [13.126360798347699, 63.09246011587978], [13.126368824706166, 63.092433142540685], [13.126385820813338, 63.09241341361688], [13.126421944073739, 63.09238966131918], [13.126467311944111, 63.09236888263075], [13.126548346548187, 63.092331471404115], [13.12667355708642, 63.09229179352457], [13.126721149494438, 63.09228529673548], [13.12679711564393, 63.092277749235116], [13.12685505249891, 63.09225713564918], [13.126897645062606, 63.0922306191188], [13.12693709428, 63.0922040601368], [13.126973583315383, 63.09217461240723], [13.127003606384951, 63.09214792883612], [13.127040370207448, 63.09211420850104], [13.12710523456722, 63.092083710012396], [13.127125554556505, 63.09206117441513], [13.127167411658636, 63.09204604924994], [13.127212503619981, 63.09202954200947], [13.127279226255368, 63.092019021600784], [13.127317758597487, 63.09200670387321], [13.127362850413038, 63.09199019658435], [13.1274074841381, 63.09198080906607], [13.12746819479179, 63.09196593381402], [13.12754443476902, 63.09195411332041], [13.127577048715924, 63.09193601630443], [13.127612805976481, 63.09191795991009], [13.12764560304371, 63.091897014784095], [13.127687644819336, 63.09187904139547], [13.127707231425353, 63.091867898088054], [13.127755647308378, 63.09184858407651], [13.127779384729047, 63.09182181731601], [13.127791100457996, 63.09178634110298], [13.127862612263161, 63.09175022906513], [13.127929883549928, 63.09173116406383], [13.128025892268505, 63.09170535187178], [13.128061372216987, 63.09169156792613], [13.12811616566275, 63.0916709132229], [13.128154514097247, 63.09166144246226], [13.128202656628266, 63.09164640001517], [13.128238411107645, 63.09162834433067], [13.128255405472625, 63.09160861517466], [13.128272855712906, 63.09158176530428], [13.128302602242217, 63.091559354040875], [13.128329297006827, 63.09153547766164], [13.128327710416562, 63.09151122689407], [13.128394980847528, 63.091492161668484], [13.12846612494061, 63.091461745510344], [13.128474698473466, 63.09142622685757], [13.128521986100353, 63.091375542048], [13.128616497764805, 63.091324055979925], [13.128672205673402, 63.09128915968144], [13.128718302595633, 63.091256987874914], [13.128804944125008, 63.091181167064086], [13.128886613153293, 63.09113378658545], [13.128941952194374, 63.09110458724107], [13.12900726801818, 63.09106696714799], [13.129082285858624, 63.091025199782344], [13.129128107359037, 63.09099729953481], [13.129198974937017, 63.09097115469658], [13.129258646325479, 63.09092348363884], [13.129301600807649, 63.09089127017347], [13.129360173698512, 63.090860687653375], [13.129440374786922, 63.090836091598376], [13.129550961074363, 63.09077911517447], [13.129580797325257, 63.09075527913701], [13.129610448488084, 63.09073429206154], [13.1296506251845, 63.09069633991342], [13.129675549350777, 63.09065106063596], [13.129736898546687, 63.09062621563179], [13.129808933683123, 63.090598186166076], [13.129854611467156, 63.09053987803289], [13.129980742827755, 63.09046932968985], [13.13007213834081, 63.09041732574828], [13.130164143324109, 63.09035582838335], [13.13033635916664, 63.090285886853486], [13.130402006651744, 63.09024304533402], [13.130420350660959, 63.09021858258888], [13.130498200544304, 63.09018160302301], [13.130547332833583, 63.09013474230087], [13.130591789041866, 63.09009542154694], [13.130648099872623, 63.09005103105824], [13.130700296001072, 63.0900217887069], [13.130802123614771, 63.090003178186876], [13.130873170083639, 63.08997418529199], [13.13093643497408, 63.08991943423414], [13.13094814809333, 63.08988395686451], [13.130952752109232, 63.089861213489534], [13.130980174572517, 63.089825944192555], [13.130977582058422, 63.089817358467286], [13.130986243413599, 63.08978041604111], [13.1310316954102, 63.08975821136108], [13.131052285025133, 63.089731402579126], [13.131123513425203, 63.08969956145428], [13.131157494016556, 63.08966010149399], [13.131153495381177, 63.08962441781845], [13.13115245504254, 63.089591622767124], [13.131160933263054, 63.08955752842868], [13.131198148011038, 63.08951668719927], [13.131209401544153, 63.0894883304785], [13.131219616622682, 63.08942717873093], [13.13123096352342, 63.08939739753512], [13.131288891445873, 63.08937678299589], [13.131273902142217, 63.08921838150272], [13.132453630845271, 63.0890812692003], [13.13307108776097, 63.08911890447988], [13.133899875380939, 63.08903482675308], [13.135162253077185, 63.088725752281256], [13.136474021326515, 63.088580162387125], [13.13761646877811, 63.08850697199286], [13.1385908908394, 63.08862558125937], [13.138737388584438, 63.088533477334295], [13.138957690718767, 63.08839497025182], [13.13936513259896, 63.08832283682452], [13.13986793793001, 63.08801799900889], [13.141293064596809, 63.08861277946008], [13.13907239122126, 63.08896354189811], [13.13921981468686, 63.089186200949996], [13.139818171907637, 63.089662236294124], [13.140323533535305, 63.08995384795412], [13.141003648186835, 63.09032238742749], [13.141756168106665, 63.09049510115818], [13.142451706059045, 63.09085705094016], [13.143046436885966, 63.09115660832084], [13.14375393865569, 63.09156620416836], [13.144824385912633, 63.09191948043712], [13.144815458217975, 63.0920330423238], [13.14479743283474, 63.09257729361773], [13.142514161021056, 63.092459179860846], [13.139997179280902, 63.0922497555769], [13.13792707596111, 63.09231078097947]]]}}, {"type": "Feature", "properties": {"_layer": "restriktionsomrade", "_layer_id": 1, "_name": "Pyramiderna beträdnadsförbud", "_kind": "restriction", "_camping_banned": true, "_camping_partial": false, "_access_banned": true, "_area_ha": 5.2, "OBJECTID": 4, "omr": "Beträdesförbud året om, Pyramiderna", "beträda": "Beträdnadsförbud på Pyramiderna samt närliggande slänter. Förbudet gäller hela året.", "cykla": "Inte tillåtet att cykla.", "slå_läger_övernatta": "Inte tillåtet att övernatta i tält, vindskydd eller liknande.", "elda": "Inte tillåtet att göra upp eld.", "rida": "Inte tillåtet att rida eller leda häst.", "drönare": "Inte tillåtet att starta och landa drönare eller annan luftfarkost.", "motorfordon": "Inte tillåtet att köra motorfordon.", "på_vatten": "Inte tillåtet att använda motordriven vattenfarkost. ", "tidszonering": "Visa extra hänsyn under vår och försommar då naturen är en barnkammare.", "organiserad_verksamhet": "Beträdnadsförbud på Pyramiderna samt närliggande slänter. Förbudet gäller hela året.", "namn": "Pyramiderna beträdnadsförbud", "nummer": 4, "zon": "Pyramiderna Beträdnadsförbud", "nummer_1": null, "objectid_1": null, "Shape__Area": 52064.33589715, "Shape__Length": 2236.8672209255315}, "geometry": {"type": "Polygon", "coordinates": [[[13.111521452464684, 63.09135558383801], [13.110943721248955, 63.0915585875761], [13.110336704551745, 63.091700998049966], [13.109604771288046, 63.09172133789839], [13.108715725457445, 63.091604124646764], [13.108225833078723, 63.09147718434142], [13.107667626364323, 63.091379430911076], [13.106717129984261, 63.0911861330049], [13.10599205643533, 63.09110119443318], [13.10499469219548, 63.09111796197952], [13.104364282301626, 63.09090113507272], [13.104866135886233, 63.09054923041662], [13.105452979592327, 63.09049101506388], [13.105895538280073, 63.09054304455301], [13.106485923672402, 63.090656285950395], [13.107248077719683, 63.090681516730626], [13.108855323249333, 63.090988927524684], [13.109439869507693, 63.09119237975135], [13.109867308722325, 63.09125828153057], [13.110414192150596, 63.0910863865241], [13.111047164984127, 63.090988057460734], [13.111361396000866, 63.09075144148521], [13.112310154422808, 63.09039377053121], [13.112913992008746, 63.09036576710456], [13.113968915837876, 63.09048516183114], [13.114246042609315, 63.09030824639512], [13.114733927327391, 63.089953532911935], [13.11504165760617, 63.08969402114984], [13.115519435842156, 63.089617824732194], [13.116980270226842, 63.08962219241748], [13.117436522271264, 63.08956604061349], [13.117812355119895, 63.08967422246464], [13.118532732353872, 63.08923645597207], [13.118748038747105, 63.08902922301151], [13.119111210855664, 63.088908175193005], [13.119964794429587, 63.08891006380294], [13.120533207585858, 63.08881379401427], [13.120731064855983, 63.08861846596936], [13.122027305653235, 63.08809465718158], [13.122006366061525, 63.08840961857376], [13.121693216950806, 63.08863122160774], [13.121284409361008, 63.08879135467973], [13.121038097528485, 63.089056419744786], [13.120158469464037, 63.08925803010855], [13.11965788169001, 63.08929653959774], [13.119227534077321, 63.08927577826416], [13.118939758961634, 63.089618113846576], [13.118524119090393, 63.089883500299564], [13.118101264775836, 63.090036673977586], [13.11748487401374, 63.09003525169808], [13.116923746960744, 63.08998264647565], [13.116256271604474, 63.09003397641923], [13.11572637850551, 63.090011882249925], [13.115347778747992, 63.09021755085636], [13.11502871714431, 63.09052936227594], [13.114780876674743, 63.09076686922018], [13.114174871255118, 63.09089425846692], [13.113541526226323, 63.09093098012595], [13.112949157689442, 63.09084784273358], [13.112269953623336, 63.09107960124484], [13.111521452464684, 63.09135558383801]]]}}, {"type": "Feature", "properties": {"_layer": "restriktionsomrade", "_layer_id": 1, "_name": "Blanktjärn övernattningsförbud", "_kind": "restriction", "_camping_banned": true, "_camping_partial": false, "_access_banned": false, "_area_ha": 65.6, "OBJECTID": 5, "omr": "Övernattning förbjuden", "beträda": "Beträdnadsförbud utanför markerad led och inhägnad, iordningställd rastplats. Följ skyltning och anvisningar på plats. Tillåtet att beträda väl snötäckt mark.", "cykla": "Cykling tillåten endast på väl snötäckt mark 1/10-19/4. \n", "slå_läger_övernatta": "Inte tillåtet att övernatta i tält, vindskydd eller liknande.", "elda": "Tillåtet att göra upp eld, dock endast med medhavd ved eller löst liggande, tunna grenar och kvistar.", "rida": "Tillåtet att rida eller leda häst, dock ej i område med beträdnadsförbud vid Östra Blanktjärnarna.", "drönare": "Inte tillåtet att starta och landa drönare eller annan luftfarkost.", "motorfordon": "Inte tillåtet att köra motorfordon.", "på_vatten": "Inte tillåtet att använda vattenfarkost inom område med beträdnadsförbud, inklusive flytring och motsvarande.", "tidszonering": "Ledsträcka vid sydostligaste Östra Blanktjärnarna är avstängd under perioden 1/5-18/6, följ anvisning på plats.", "organiserad_verksamhet": "För organiserade rid- och cykelturer samt tävlingar och motsvarande arrangemang gäller särskilda regler, kontakta Länsstyrelsen.", "namn": "Blanktjärn övernattningsförbud", "nummer": 1, "zon": "Blanktjärn Övernattning", "nummer_1": null, "objectid_1": null, "Shape__Area": 658629.389305665, "Shape__Length": 5039.13441297614}, "geometry": {"type": "Polygon", "coordinates": [[[12.957447601507925, 63.115590076051724], [12.957437960394635, 63.11572621658348], [12.957328362738144, 63.11592627815756], [12.956774898924317, 63.11610549039802], [12.956226527245066, 63.116212754595], [12.955489524621882, 63.11628846813659], [12.95498006357954, 63.116295467029616], [12.95463765319706, 63.116189661314365], [12.95429932855014, 63.11602629942639], [12.953733463374212, 63.115931645918366], [12.953155347328432, 63.11600965882639], [12.952841900027142, 63.11604421497048], [12.952578251413426, 63.11607327989142], [12.951839200140864, 63.116177751652344], [12.951039654225287, 63.116238127394574], [12.95033032734812, 63.11637183298391], [12.949756286005277, 63.11639227586558], [12.948823480802124, 63.11653712014447], [12.948084404514082, 63.1166415731362], [12.947341225856716, 63.116803577351774], [12.945429074471798, 63.11716612724361], [12.943339635962781, 63.11700332154564], [12.943244075745907, 63.1169693910356], [12.942800643255273, 63.11681193692135], [12.942245410107244, 63.116661421936854], [12.940934876877915, 63.116306141850224], [12.941716997879366, 63.116275000748445], [12.94258706755051, 63.116114958464166], [12.943199902428782, 63.11599434095795], [12.94363137938603, 63.115741468537365], [12.944379488253865, 63.11550763079351], [12.944861128326906, 63.11544268386817], [12.945657356748077, 63.11542553927642], [12.946298852256277, 63.115348526840556], [12.947061256820488, 63.115359678725596], [12.94745989831885, 63.11512071411981], [12.94827354465553, 63.11485901524663], [12.948923221715795, 63.11466691397503], [12.949469395778214, 63.11458849518396], [12.949632324446075, 63.114533277178296], [12.950337323210725, 63.11445717487727], [12.951233937075742, 63.114369466708226], [12.95196864815454, 63.11432258879106], [12.952545549375449, 63.114259006348135], [12.953341739641566, 63.11424181844727], [12.953500567875768, 63.11424413414009], [12.953479028698984, 63.11409982391722], [12.953619387110772, 63.11391467519102], [12.954071258650501, 63.11382046476122], [12.95478031754327, 63.11368680114909], [12.955241380641741, 63.11346312459867], [12.955447296222895, 63.113250129927025], [12.955630636478606, 63.11290720997888], [12.955907224193497, 63.112594447067714], [12.956267863506266, 63.11244130314106], [12.956940009727354, 63.11237908955028], [12.95748509738889, 63.11231502463651], [12.95778117637242, 63.1121753368383], [12.957832328236227, 63.11190248843112], [12.95861097098974, 63.111683421760624], [12.959582215657205, 63.11143835195946], [12.960450004341904, 63.111306968297804], [12.961035997816484, 63.11111388810576], [12.961581054958902, 63.11104980734537], [12.962448823148149, 63.11091841226633], [12.96318546267874, 63.110842706518035], [12.963893390618631, 63.11072338196594], [12.96453778740469, 63.11060313293712], [12.965015234413288, 63.11059565657555], [12.965585934926354, 63.110618329539996], [12.966060334066496, 63.11065400501601], [12.966704720591439, 63.11053374520371], [12.967168459398774, 63.11043002758243], [12.967806745510078, 63.110189000122666], [12.968461754426764, 63.10994505087599], [12.968921152756382, 63.109529319945274], [12.969288490028948, 63.109404638848964], [12.970266019194227, 63.10927245057889], [12.971383449315821, 63.10919098717922], [12.972288176281669, 63.10907398641322], [12.97312802675959, 63.10885859575931], [12.973806472993425, 63.108900778912634], [12.973858910129552, 63.10917765550528], [12.973656031882562, 63.10951585421712], [12.973387149892435, 63.10977189636837], [12.973677156231279, 63.110115789899595], [12.974827305190104, 63.11016615118811], [12.975643907436348, 63.1103907106243], [12.976520621617738, 63.110933348858254], [12.977725111325254, 63.11149722354666], [12.979127323250788, 63.11184854329456], [12.979529059674281, 63.11238439233584], [12.979231587041017, 63.11350666561058], [12.978750199739762, 63.11464288397156], [12.978191348507949, 63.11531413793186], [12.975567587042242, 63.11569086465217], [12.974374496698148, 63.114961472912924], [12.967266329704797, 63.114051984149654], [12.961858610261494, 63.113602864807355], [12.9618197843468, 63.11360969693616], [12.96134907682818, 63.11369251594365], [12.961299367331835, 63.113784954972715], [12.961186670653804, 63.11399452688399], [12.960507182616936, 63.114157521572196], [12.960018340742849, 63.11432327924461], [12.959206646176787, 63.114556369845324], [12.958714735999406, 63.1147652898626], [12.958159266178196, 63.1149732849712], [12.957670397334494, 63.11513903353534], [12.957459360045453, 63.115424046032956], [12.957458013855502, 63.11544306826497], [12.957447601507925, 63.115590076051724]]]}}, {"type": "Feature", "properties": {"_layer": "restriktionsomrade", "_layer_id": 1, "_name": "Pyramiderna beträdnadsförbud", "_kind": "restriction", "_camping_banned": true, "_camping_partial": false, "_access_banned": true, "_area_ha": 4.9, "OBJECTID": 6, "omr": "Beträdesförbud året om, Pyramiderna", "beträda": "Beträdnadsförbud på Pyramiderna samt närliggande slänter. Förbudet gäller hela året.", "cykla": "Inte tillåtet att cykla.", "slå_läger_övernatta": "Inte tillåtet att övernatta i tält, vindskydd eller liknande.", "elda": "Inte tillåtet att göra upp eld.", "rida": "Inte tillåtet att rida eller leda häst.", "drönare": "Inte tillåtet att starta och landa drönare eller annan luftfarkost.", "motorfordon": "Inte tillåtet att köra motorfordon.", "på_vatten": "Inte tillåtet att använda motordriven vattenfarkost. ", "tidszonering": "Visa extra hänsyn under vår och försommar då naturen är en barnkammare.", "organiserad_verksamhet": "Beträdnadsförbud på Pyramiderna samt närliggande slänter. Förbudet gäller hela året.", "namn": "Pyramiderna beträdnadsförbud", "nummer": 4, "zon": "Pyramiderna Beträdnadsförbud", "nummer_1": null, "objectid_1": null, "Shape__Area": 49077.2326405, "Shape__Length": 1746.1354094898097}, "geometry": {"type": "Polygon", "coordinates": [[[13.103289056137719, 63.09028243061848], [13.102663762430858, 63.09079344411357], [13.102171002250406, 63.09132477226496], [13.10002914103313, 63.09111035392165], [13.100268297267675, 63.09020181498762], [13.100656290112166, 63.090176824810854], [13.101131747703759, 63.09021887320148], [13.102430799772097, 63.089974023184176], [13.103165804788615, 63.089799811255254], [13.103688461195945, 63.08959178090807], [13.104682122663782, 63.08939983474136], [13.10536524430312, 63.08934055529287], [13.10633006774346, 63.08917207950602], [13.10711029085631, 63.08906986954408], [13.107897745476242, 63.089079771152264], [13.108743117965764, 63.08884977280248], [13.109282804716129, 63.088674539983714], [13.109786443191997, 63.08829053705941], [13.110282128149986, 63.08813413769365], [13.110884079802842, 63.08803456940991], [13.111323199743609, 63.08785798842815], [13.111889111461757, 63.08775618132448], [13.112282257108781, 63.087516903503165], [13.113059189575068, 63.08761350914102], [13.113385104811364, 63.08770814961263], [13.112751828217275, 63.08774486799306], [13.11241031516629, 63.087890822113536], [13.11098372226801, 63.08838352065928], [13.110410926859853, 63.088511336196696], [13.109739529453542, 63.089255345835056], [13.108613617544904, 63.089598940572415], [13.107528098870956, 63.08964107277339], [13.106487866500464, 63.08962717801479], [13.105389397099879, 63.09018817163774], [13.1041245911703, 63.09010519665563], [13.103289056137719, 63.09028243061848]]]}}, {"type": "Feature", "properties": {"_layer": "restriktionsomrade", "_layer_id": 1, "_name": "Pyramiderna övernattningsförbud", "_kind": "restriction", "_camping_banned": true, "_camping_partial": false, "_access_banned": false, "_area_ha": 75.1, "OBJECTID": 7, "omr": "Övernattning förbjuden", "beträda": "Beträdnadsförbud på Pyramiderna samt närliggande slänter. Förbudet gäller hela året.", "cykla": "Cykling Grönvallen-Pyramiderna-Issjödalen-Grönvallen tillåten 15/7-31/8 på särskilt markerad led. Led cykeln upp/ned i brant slänt mellan Pyramiderna och Issjödalen. Cykling tillåten på väl snötäckt mark 1/10-19/4 utanför område med beträdnadsförbud.", "slå_läger_övernatta": "Inte tillåtet att övernatta i tält, vindskydd eller liknande.", "elda": "Tillåtet att göra upp eld, dock endast med medhavd ved eller löst liggande, tunna grenar och kvistar. ", "rida": "Tillåtet att rida eller leda häst, förutom i område med beträdnadsförbud på Pyramiderna. På del av sträckan Issjödalen-Pyramiderna hänvisas hästar till vinterled, följ skyltning på plats.", "drönare": "Inte tillåtet att starta och landa drönare eller annan luftfarkost.", "motorfordon": "Inte tillåtet att köra motorfordon.", "på_vatten": "Inte tillåtet att använda motordriven vattenfarkost. ", "tidszonering": "Visa extra hänsyn under vår och försommar då naturen är en barnkammare.", "organiserad_verksamhet": "För organiserade rid- och cykelturer samt tävlingar och motsvarande arrangemang gäller särskilda regler, kontakta Länsstyrelsen.", "namn": "Pyramiderna övernattningsförbud", "nummer": 3, "zon": "Pyramiderna Övernattning", "nummer_1": null, "objectid_1": null, "Shape__Area": 753385.12947959, "Shape__Length": 4844.182097695575}, "geometry": {"type": "Polygon", "coordinates": [[[13.102810901286732, 63.09266799393572], [13.098241803259354, 63.09378292444505], [13.095144521073028, 63.09418860601919], [13.094378585312231, 63.09416174461843], [13.093858813732808, 63.0931427620429], [13.093745569008954, 63.09098917568461], [13.093240723930817, 63.08920984976093], [13.090170133942115, 63.08911088994791], [13.088060746862375, 63.088649532940224], [13.088946954214526, 63.08724694859596], [13.093220747886374, 63.08672471842667], [13.09370920470132, 63.087079171102516], [13.096275715665666, 63.088078351580144], [13.09633455917109, 63.08806013901228], [13.096487500460427, 63.0880455650985], [13.096672480626436, 63.088021918918585], [13.096840821359493, 63.08801230266294], [13.097014243546447, 63.08800513004873], [13.0971248270962, 63.08799711345792], [13.097288396217978, 63.08798030579021], [13.097414224431041, 63.08797961957108], [13.097503399635803, 63.08797844117667], [13.09764524612524, 63.08797321948852], [13.097772625124913, 63.08794879863337], [13.0979901092354, 63.08790895962471], [13.098138432406758, 63.08788482044756], [13.098276128887433, 63.08786291411472], [13.09844539839632, 63.0878390548137], [13.098608965833352, 63.08782224651294], [13.098766986450077, 63.08781011391561], [13.098894518746684, 63.08778331941984], [13.099027931256506, 63.087766818063095], [13.099132284935411, 63.0877739189481], [13.099211134268883, 63.0877863787532], [13.099282102039055, 63.08779113105464], [13.099357381514194, 63.08779404138554], [13.099407898438278, 63.08779091758787], [13.099462603054382, 63.08778785083244], [13.099547749371956, 63.0877680890461], [13.099603571447162, 63.08774793306821], [13.099634133014407, 63.08772933988468], [13.0996687623528, 63.08771270100642], [13.09974934486767, 63.08769857808986], [13.099800976886739, 63.08767836674884], [13.09984447925886, 63.08765424506052], [13.099895863308305, 63.08763783078541], [13.09999382393856, 63.087614439233406], [13.100057031528566, 63.08760958559554], [13.100099168571555, 63.087606350102604], [13.100158931820854, 63.08759004807269], [13.10024494242679, 63.087556994634724], [13.100317396548656, 63.08753896201019], [13.100394162156391, 63.08751908738123], [13.100466861862495, 63.08749725755054], [13.100556070535292, 63.08747944938853], [13.100632835824687, 63.087459574628994], [13.100704793972692, 63.08744913690745], [13.100794002354538, 63.08743132859454], [13.100933355117853, 63.087416092881476], [13.101063834940646, 63.08740833987802], [13.101160925061585, 63.087398237798496], [13.10132516394658, 63.08738713648112], [13.101430014137366, 63.08738664059239], [13.101539673062751, 63.087376707543434], [13.10166682952875, 63.08735560664229], [13.101771801384844, 63.08735321236966], [13.10189340820637, 63.08735294059538], [13.102003560026214, 63.087335412051296], [13.102146606281183, 63.087327826364955], [13.102298772428199, 63.087308960502156], [13.102392045319775, 63.087293106285706], [13.102480757181018, 63.08728289201642], [13.102582778552296, 63.087261452841375], [13.10265904691988, 63.08724917208879], [13.102764762759351, 63.087235383988904], [13.102857911419548, 63.08722142846642], [13.102967567274128, 63.08721149428215], [13.103056526098719, 63.08719748254258], [13.10316199411403, 63.08718749215047], [13.10328778793449, 63.087187275230946], [13.103543317835891, 63.087190695132286], [13.103702130324768, 63.08719852145523], [13.10379788940683, 63.08720882938362], [13.103880898018089, 63.087221817181224], [13.103959440965726, 63.08722286808518], [13.104080183764589, 63.08721973323861], [13.104217100047038, 63.087209686964584], [13.10440052533646, 63.08720976599024], [13.104521731696408, 63.08719950927712], [13.104637546802506, 63.0871915568494], [13.104721328271335, 63.08719267739638], [13.104821281004446, 63.0871868882674], [13.104905214991051, 63.08718563514763], [13.105058456521444, 63.087166304889415], [13.105184437605947, 63.087163238253694], [13.105300252395711, 63.08715528528328], [13.105447484645342, 63.08714775224963], [13.105583627910514, 63.087149572314914], [13.10567295476617, 63.087146015237764], [13.105788769360615, 63.087138061867414], [13.105889648231003, 63.08711803078602], [13.106012243284018, 63.087086412791265], [13.106037719896992, 63.08706537471378], [13.106075884045909, 63.08705875798524], [13.106120146335453, 63.087055074179915], [13.106192407426692, 63.08705603989573], [13.106229830491579, 63.08706081536869], [13.106280005744512, 63.087062911605805], [13.10632112534019, 63.08705918484301], [13.10635670434624, 63.08704398278242], [13.106389603722542, 63.08702161811636], [13.10641973080135, 63.08699351532572], [13.106811742479328, 63.08687261656136], [13.10703027641551, 63.086896914508685], [13.107150246051335, 63.08690564381726], [13.107326733823351, 63.08693175526928], [13.107425296640946, 63.08694732432066], [13.10773423553374, 63.086951449965206], [13.107897175827244, 63.08694412415344], [13.107997127170615, 63.08693833188247], [13.108191176203835, 63.08693617226316], [13.108363662242292, 63.086943225126646], [13.1085407700902, 63.0869598418486], [13.108717415575933, 63.08698357896078], [13.10887280678312, 63.08701178250274], [13.10900833109766, 63.08702309250225], [13.109070859661553, 63.087028678066574], [13.109211774801388, 63.0870376851067], [13.109357928645176, 63.08704676100108], [13.10954627944568, 63.0870516493805], [13.109658909885912, 63.08706208323333], [13.109687480496472, 63.08708374324251], [13.11000377228927, 63.08708132811777], [13.110099166331157, 63.087092280503555], [13.110198809632944, 63.08709123375794], [13.110344499918327, 63.08710742922742], [13.110484955752808, 63.087123554751145], [13.110710115484482, 63.087126556776646], [13.110799285697404, 63.08712536997943], [13.111019208886985, 63.08712830170259], [13.111124589120152, 63.087126971655486], [13.111202761532068, 63.08714658470752], [13.111280921633844, 63.087153565431535], [13.111352919968951, 63.08715452500953], [13.111443015014036, 63.08717947985471], [13.111513858757544, 63.087198240008924], [13.111573152558671, 63.08719309118682], [13.111658819817286, 63.08718532473667], [13.11181610059945, 63.087184451430176], [13.111986472899371, 63.087183752368645], [13.112071370496196, 63.08718785247855], [13.112195346335238, 63.08719544306488], [13.112302472123746, 63.08718812010042], [13.112444775991136, 63.087175762978916], [13.112581843132165, 63.087163335968626], [13.112638736663458, 63.08716297325288], [13.112702431070062, 63.08716256641771], [13.112818397762018, 63.08715223375445], [13.112933289482731, 63.08715851492399], [13.113075592948082, 63.08714615716767], [13.113237148808293, 63.08716018530814], [13.11335650628381, 63.087178402648455], [13.1135017374706, 63.08720171461258], [13.113646201924922, 63.087236894172996], [13.113697026475368, 63.087261324816296], [13.11382562778172, 63.087298668624825], [13.113830042148702, 63.087300790534655], [13.11452853962893, 63.08731008580057], [13.114612151913411, 63.087292506855356], [13.115182909913404, 63.08730009933308], [13.115271314214953, 63.08731077747834], [13.115486002726596, 63.08731363263019], [13.11558533944973, 63.08731732829472], [13.115690373598548, 63.08731397467562], [13.115732262795776, 63.087314531663424], [13.115869482849424, 63.08729972792487], [13.115964350881185, 63.08729148686333], [13.116064455442151, 63.08728331625217], [13.11621631009544, 63.08728533495841], [13.116341520855068, 63.087294126112496], [13.116466885309999, 63.08730054271175], [13.11657176581432, 63.08729956108936], [13.116650616577536, 63.08729585876429], [13.116776441658526, 63.08729515534386], [13.116896725020338, 63.08729912934793], [13.116986049091823, 63.08729556511122], [13.117054428543597, 63.08729172252422], [13.117259871688962, 63.08727544923571], [13.117364445112823, 63.08727921412343], [13.11749057706775, 63.087273762971314], [13.117642892129126, 63.087268660399616], [13.117773339970807, 63.087277518951595], [13.117899164961988, 63.08727681453407], [13.118077812664671, 63.08726968563641], [13.11823505550321, 63.08726939814646], [13.118298967067904, 63.08725361859534], [13.118462213390004, 63.08724153353446], [13.11860481979844, 63.087224423093346], [13.11874157789077, 63.08721673721871], [13.118942705094051, 63.08718615069009], [13.11905389310733, 63.08716862365133], [13.119218518607315, 63.08713517665402], [13.11934033486444, 63.08711541396751], [13.11943982470425, 63.087116734275554], [13.11949788344597, 63.087110378867756], [13.119586900038268, 63.087111560092], [13.119665905271336, 63.08710548166372], [13.119797885726898, 63.08709060552428], [13.119892752008129, 63.08708236182685], [13.119966673701684, 63.087073841099695], [13.12004044016434, 63.08706769296292], [13.120155946179498, 63.0870644749691], [13.120203071738288, 63.08706510010027], [13.120283149394979, 63.08704240735564], [13.120389407917873, 63.08702006272386], [13.120457633067428, 63.08701859204397], [13.120572524032571, 63.08702486699851], [13.12062364570413, 63.08702787029685], [13.121021301999404, 63.08698270945223], [13.121090075381364, 63.086986123497944], [13.121104453245884, 63.08698441168775], [13.121215486100928, 63.0869692556025], [13.121383813112445, 63.08695961014693], [13.121536123995512, 63.08695450245984], [13.121615281493106, 63.086946050284496], [13.121772981931407, 63.08693863909653], [13.121878167251019, 63.08693290643265], [13.122003990714003, 63.08693219836553], [13.122039879439594, 63.08694455099485], [13.122087006834223, 63.08694517552532], [13.1222060629107, 63.08696813253977], [13.12229431385034, 63.08698117894233], [13.122356996068099, 63.0869843850717], [13.12247712393982, 63.08699072786752], [13.122592170295212, 63.08699462765648], [13.122669489172115, 63.087014654845085], [13.122794396763911, 63.0870281865426], [13.12297105259593, 63.08705190590384], [13.123113594762673, 63.08706012876522], [13.123681599675974, 63.087110408366165], [13.122027305653235, 63.08809465718158], [13.122006366061525, 63.08840961857376], [13.121693216950806, 63.08863122160774], [13.121284409361008, 63.08879135467973], [13.121038097528485, 63.089056419744786], [13.120158469464037, 63.08925803010855], [13.11965788169001, 63.08929653959774], [13.119227534077321, 63.08927577826416], [13.118939758961634, 63.089618113846576], [13.118524119090393, 63.089883500299564], [13.118101264775836, 63.090036673977586], [13.11748487401374, 63.09003525169808], [13.116923746960744, 63.08998264647565], [13.116256271604474, 63.09003397641923], [13.11572637850551, 63.090011882249925], [13.115347778747992, 63.09021755085636], [13.11502871714431, 63.09052936227594], [13.114780876674743, 63.09076686922018], [13.114174871255118, 63.09089425846692], [13.113541526226323, 63.09093098012595], [13.112949157689442, 63.09084784273358], [13.112269953623336, 63.09107960124484], [13.111521452464684, 63.09135558383801], [13.110943721248955, 63.0915585875761], [13.110336704551745, 63.091700998049966], [13.109604771288046, 63.09172133789839], [13.108715725457445, 63.091604124646764], [13.108225833078723, 63.09147718434142], [13.107667626364323, 63.091379430911076], [13.10731598755507, 63.09130792063495], [13.10599205643533, 63.09110119443318], [13.10499469219548, 63.09111796197952], [13.104364282301626, 63.09090113507272], [13.10402910333804, 63.09100387296031], [13.103827626672924, 63.091223820163904], [13.103719641372201, 63.09144501804673], [13.1034294934709, 63.091589564651116], [13.102971582261992, 63.091795476691004], [13.102790704872666, 63.09205810618], [13.10325778100267, 63.09244790911508], [13.102810901286732, 63.09266799393572]]]}}]}